"no-underline href","mb-2 src","p-0","p-0 3","m-0","text-xs","text-xs 2","m-0 2"
"https://www.visaovip.com/es/prod/notebook/notebook-lenovo-ideapad-5-2-en-1-16ahp9-amd-ryzen-7-8845hs-pantalla-touch-wuxga-16-0-16gb-de-ram-1tb-ssd-win11home-luna-gris-83ds0056us-ingles/55944/","https://cdn.visaovip.com/img/prod/notebook-lenovo-ideapad-5-2-en-1-16ahp9-amd-ryzen-7-8845hs-pantalla-touch-wuxga-160-16gb-de-ram-1tb-ssd-win11home-luna-gris-83ds0056us-ingles/55944/726070.jpg","Notebook Lenovo IdeaPad 5 2-en-1 16AHP9 AMD Ryzen 7 8845HS Pantalla Touch WUXGA 16.0"" / 16GB de RAM / 1TB SSD / Win11Home - Luna Gris (83DS0056US) (Inglés)","LENOVO","U$ 779,00","G$ 5.569.850","R$ 4.066,38","55944"
"https://www.visaovip.com/es/prod/notebook/notebook-gamer-gigabyte-a16-3vhk3us894sh-amd-ryzen-7-260-pantalla-full-hd-16-0-16gb-de-ram-1tb-ssd-win11home-geforce-rtx5060-8gb-negro-ingles/59971/","https://www.visaovip.com/sem-imagem.png","Notebook Gamer Gigabyte A16 3VHK3US894SH AMD Ryzen 7 260 Pantalla Full HD+ 16.0"" / 16GB de RAM / 1TB SSD / Win11Home / GeForce RTX5060 8GB - Negro (Inglés)","GIGABYTE","U$ 1.150,00","G$ 8.222.500","R$ 6.003,00","59971"
"https://www.visaovip.com/es/prod/notebook/notebook-gamer-gigabyte-aero-x16-2wha3usc64ah-amd-ryzen-ai-9-hx-370-pantalla-qhd-16-32gb-de-ram-1tb-ssd-win11home-geforce-rtx5070-8gb-gris-ingles/59970/","https://www.visaovip.com/sem-imagem.png","Notebook Gamer Gigabyte Aero X16 2WHA3USC64AH AMD Ryzen AI 9 HX 370 Pantalla QHD+ 16"" / 32GB de RAM / 1TB SSD / Win11Home / GeForce RTX5070 8GB - Gris (Inglés)","GIGABYTE","U$ 1.545,00","G$ 11.046.750","R$ 8.064,90","59970"
"https://www.visaovip.com/es/prod/notebook/notebook-hp-omnibook-5-ai-16-ag1070wm-amd-ryzen-ai-7-350-pantalla-2k-16-0-16gb-de-ram-512gb-ssd-win11-plata-ingles/55426/","https://cdn.visaovip.com/img/prod/notebook-hp-omnibook-5-ai-16-ag1070wm-amd-ryzen-ai-7-350-pantalla-2k-160-16gb-de-ram-512gb-ssd-win11-plata-ingles/55426/739742.jpg","Notebook HP Omnibook 5 AI 16-AG1070WM AMD Ryzen AI 7 350 Pantalla 2K 16.0"" / 16GB de RAM / 512GB SSD / Win11 - Plata (Inglés)","HP","U$ 699,00","G$ 4.997.850","R$ 3.648,78","55426"
"https://www.visaovip.com/es/prod/notebook/notebook-gamer-msi-vector-a16-hx-a8whg-004us-amd-ryzen-9-8940hx-pantalla-qhd-16-16gb-de-ram-1tb-ssd-win11home-geforce-rtx5070ti-12gb-cosmos-gris-9s7-15mm72-040-ingles/56258/","https://cdn.visaovip.com/img/prod/notebook-gamer-msi-vector-a16-hx-a8whg-004us-amd-ryzen-9-8940hx-pantalla-qhd-16-16gb-de-ram-1tb-ssd-win11home-geforce-rtx5070ti-12gb-cosmos-gris-9s7-15mm72-040-ingles/56258/727007.jpg","Notebook Gamer MSI Vector A16 HX A8WHG-004US AMD Ryzen 9 8940HX Pantalla QHD+ 16"" / 16GB de RAM / 1TB SSD / Win11Home / GeForce RTX5070TI 12GB - Cosmos Gris (9S7-15MM72-040) (Inglés)","MSI","U$ 1.789,00","G$ 12.791.350","R$ 9.338,58","56258"
"https://www.visaovip.com/es/prod/notebook/notebook-gamer-hp-omen-16-16-am0073dx-intel-core-ultra-7-255h-pantalla-2k-16-0-16gb-de-ram-1tb-ssd-win11home-geforce-rtx5060-8gb-negro-ingles/55621/","https://cdn.visaovip.com/img/prod/notebook-gamer-hp-omen-16-16-am0073dx-intel-core-ultra-7-255h-pantalla-2k-160-16gb-de-ram-1tb-ssd-win11home-geforce-rtx5060-8gb-negro-ingles/55621/724484.jpg","Notebook Gamer HP OMEN 16 16-AM0073DX Intel Core Ultra 7 255H Pantalla 2K 16.0"" / 16GB de RAM / 1TB SSD / Win11Home / GeForce RTX5060 8GB - Negro (Inglés)","HP","U$ 1.329,00","G$ 9.502.350","R$ 6.937,38","55621"
"https://www.visaovip.com/es/prod/notebook/notebook-gamer-asus-tuf-a16-fa607nuq-ws73-amd-ryzen-7-170-pantalla-wuxga-16-0-16gb-de-ram-512gb-ssd-win11home-geforce-rtx4050-6gb-mecha-gris-ingles/59384/","https://cdn.visaovip.com/img/prod/notebook-gamer-asus-tuf-a16-fa607nuq-ws73-amd-ryzen-7-170-pantalla-wuxga-160-16gb-de-ram-512gb-ssd-win11home-geforce-rtx4050-6gb-mecha-gris-ingles/59384/740256.jpg","Notebook Gamer ASUS TUF A16 FA607NUQ-WS73 AMD Ryzen 7 170 Pantalla WUXGA 16.0"" / 16GB de RAM / 512GB SSD / Win11Home / GeForce RTX4050 6GB - Mecha Gris (Inglés)","ASUS","U$ 965,00","G$ 6.899.750","R$ 5.037,30","59384"
"https://www.visaovip.com/es/prod/notebook/notebook-gamer-asus-tuf-a16-fa608uh-rv017w-amd-ryzen-7-260-pantalla-wuxga-16-0-16gb-de-ram-512gb-ssd-win11home-geforce-rtx5050-8gb-jaeger-gris-espanol/59441/","https://cdn.visaovip.com/img/prod/notebook-gamer-asus-tuf-a16-fa608uh-rv017w-amd-ryzen-7-260-pantalla-wuxga-160-16gb-de-ram-512gb-ssd-win11home-geforce-rtx5050-8gb-jaeger-gris-espanol/59441/740512.jpg","Notebook Gamer ASUS TUF A16 FA608UH-RV017W AMD Ryzen 7 260 Pantalla WUXGA 16.0"" / 16GB de RAM / 512GB SSD / Win11Home / GeForce RTX5050 8GB - Jaeger Gris (Español)","ASUS","U$ 1.135,00","G$ 8.115.250","R$ 5.924,70","59441"
"https://www.visaovip.com/es/prod/notebook/notebook-gamer-msi-cyborg-15-b2rwfkg-071us-intel-core-7-240h-pantalla-full-hd-15-6-16gb-de-ram-512gb-ssd-win11home-geforce-rtx5060-8gb-translucent-negro-ingles/55436/","https://cdn.visaovip.com/img/prod/notebook-gamer-msi-cyborg-15-b2rwfkg-071us-intel-core-7-240h-pantalla-full-hd-156-16gb-de-ram-512gb-ssd-win11home-geforce-rtx5060-8gb-translucent-negro-ingles/55436/723653.jpg","Notebook Gamer MSI Cyborg 15 B2RWFKG-071US Intel Core 7 240H Pantalla Full HD 15.6"" / 16GB de RAM / 512GB SSD / Win11Home / GeForce RTX5060 8GB - Translucent Negro (Inglés)","MSI","U$ 1.175,00","G$ 8.401.250","R$ 6.133,50","55436"
"https://www.visaovip.com/es/prod/notebook/notebook-gamer-acer-predator-helios-neo-16s-ai-phn16s-71-98rf-intel-core-ultra-9-275hx-pantalla-oled-16-32gb-de-ram-1tb-ssd-win11home-geforce-rtx5070ti-12gb-obsidian-negro-ingles/53734/","https://cdn.visaovip.com/img/prod/notebook-gamer-acer-predator-helios-neo-16s-ai-phn16s-71-98rf-intel-core-ultra-9-275hx-pantalla-oled-16-32gb-de-ram-1tb-ssd-win11home-geforce-rtx5070ti-12gb-obsidian-negro-ingles/53734/716315.jpg","Notebook Gamer Acer Predator Helios Neo 16S AI PHN16S-71-98RF Intel Core Ultra 9 275HX Pantalla OLED 16"" / 32GB de RAM / 1TB SSD / Win11Home / GeForce RTX5070TI 12GB - Obsidian Negro (Inglés)","ACER","U$ 2.085,00","G$ 14.907.750","R$ 10.883,70","53734"
"https://www.visaovip.com/es/prod/notebook/notebook-hp-omnibook-5-ai-16-cd0070wm-intel-core-ultra-7-355u-pantalla-touch-2k-16-0-16gb-de-ram-1tb-ssd-win11home-gris-ingles/59041/","https://cdn.visaovip.com/img/prod/notebook-hp-omnibook-5-ai-16-cd0070wm-intel-core-ultra-7-355u-pantalla-touch-2k-160-16gb-de-ram-1tb-ssd-win11home-gris-ingles/59041/738591.jpg","Notebook HP Omnibook 5 AI 16-CD0070WM Intel Core Ultra 7 355U Pantalla Touch 2K 16.0"" / 16GB de RAM / 1TB SSD / Win11Home - Gris (Inglés)","HP","U$ 999,00","G$ 7.142.850","R$ 5.214,78","59041"
"https://www.visaovip.com/es/prod/notebook/notebook-asus-vivobook-x1404vap-v14-c58256-intel-core-5-120u-pantalla-full-hd-14-0-8gb-de-ram-256gb-ssd-win11home-quiet-azul-ingles/55308/","https://cdn.visaovip.com/img/prod/notebook-asus-vivobook-x1404vap-v14c58256-intel-core-5-120u-pantalla-full-hd-140-8gb-de-ram-256gb-ssd-win11home-quiet-azul-ingles/55308/723140.jpg","Notebook ASUS Vivobook X1404VAP-V14.C58256 Intel Core 5 120U Pantalla Full HD 14.0"" / 8GB de RAM / 256GB SSD / Win11Home - Quiet Azul (Inglés)","ASUS","U$ 405,00","G$ 2.895.750","R$ 2.114,10","55308"
"https://www.visaovip.com/es/prod/notebook/notebook-gamer-acer-nitro-v-16s-ai-anv16s-41-r2dx-amd-ryzen-7-260-pantalla-wqxga-16-16gb-de-ram-1tb-ssd-win11home-geforce-rtx5070-8gb-obsidian-negro-ingles/57553/","https://cdn.visaovip.com/img/prod/notebook-gamer-acer-nitro-v-16s-ai-anv16s-41-r2dx-amd-ryzen-7-260-pantalla-wqxga-16-16gb-de-ram-1tb-ssd-win11home-geforce-rtx5070-8gb-obsidian-negro-ingles/57553/731393.jpg","Notebook Gamer Acer Nitro V 16S AI ANV16S-41-R2DX AMD Ryzen 7 260 Pantalla WQXGA 16"" / 16GB de RAM / 1TB SSD / Win11Home / GeForce RTX5070 8GB - Obsidian Negro (Inglés)","ACER","U$ 1.395,00","G$ 9.974.250","R$ 7.281,90","57553"
"https://www.visaovip.com/es/prod/notebook/notebook-gamer-acer-nitro-v-16s-ai-anv16s-41-r2aj-amd-ryzen-7-260-pantalla-wuxga-16-32gb-de-ram-1tb-ssd-win11home-geforce-rtx5060-8gb-obsidian-negro-ingles/56747/","https://cdn.visaovip.com/img/prod/notebook-gamer-acer-nitro-v-16s-ai-anv16s-41-r2aj-amd-ryzen-7-260-pantalla-wuxga-16-32gb-de-ram-1tb-ssd-win11home-geforce-rtx5060-8gb-obsidian-negro-ingles/56747/740270.jpg","Notebook Gamer Acer Nitro V 16S AI ANV16S-41-R2AJ AMD Ryzen 7 260 Pantalla WUXGA 16"" / 32GB de RAM / 1TB SSD / Win11Home / GeForce RTX5060 8GB - Obsidian Negro (Inglés)","ACER","U$ 1.335,00","G$ 9.545.250","R$ 6.968,70","56747"
"https://www.visaovip.com/es/prod/notebook/notebook-gamer-hp-victus-15-fa2082wm-intel-core-i5-13420h-pantalla-full-hd-15-6-16gb-de-ram-512gb-ssd-geforce-rtx4050-6gb-negro-ingles/54697/","https://cdn.visaovip.com/img/prod/notebook-gamer-hp-victus-15-fa2082wm-intel-core-i5-13420h-pantalla-full-hd-156-16gb-de-ram-512gb-ssd-geforce-rtx4050-6gb-negro-ingles/54697/720289.jpg","Notebook Gamer HP Victus 15-FA2082WM Intel Core i5 13420H Pantalla Full HD 15.6"" / 16GB de RAM / 512GB SSD / GeForce RTX4050 6GB - Negro (Inglés)","HP","U$ 819,00","G$ 5.855.850","R$ 4.275,18","54697"
"https://www.visaovip.com/es/prod/notebook/notebook-gamer-acer-nitro-v-16-anv16-72-72zy-intel-core-7-240h-tela-wuxga-16-16gb-de-ram-512gb-ssd-win11-geforce-rtx5070-8gb-obsidian-negro-ingles/57601/","https://cdn.visaovip.com/img/prod/notebook-gamer-acer-nitro-v-16-anv16-72-72zy-intel-core-7-240h-tela-wuxga-16-16gb-de-ram-512gb-ssd-win11-geforce-rtx5070-8gb-obsidian-negro-ingles/57601/731252.jpg","Notebook Gamer Acer Nitro V 16 ANV16-72-72ZY Intel Core 7 240H Tela WUXGA 16"" / 16GB de RAM / 512GB SSD / Win11 / GeForce RTX5070 8GB - Obsidian Negro (Inglés)","ACER","U$ 1.368,00","G$ 9.781.200","R$ 7.140,96","57601"
"https://www.visaovip.com/es/prod/notebook/notebook-gamer-acer-nitro-v-15-anv15-52-778v-intel-core-i7-13620h-pantalla-full-hd-15-6-16gb-de-ram-512gb-ssd-win11home-geforce-rtx5050-8gb-obsidian-negro-ingles/55260/","https://cdn.visaovip.com/img/prod/notebook-gamer-acer-nitro-v-15-anv15-52-778v-intel-core-i7-13620h-pantalla-full-hd-156-16gb-de-ram-512gb-ssd-win11home-geforce-rtx5050-8gb-obsidian-negro-ingles/55260/722820.jpg","Notebook Gamer Acer Nitro V 15 ANV15-52-778V Intel Core i7 13620H Pantalla Full HD 15.6"" / 16GB de RAM / 512GB SSD / Win11Home / GeForce RTX5050 8GB - Obsidian Negro (Inglés)","ACER","U$ 1.100,00","G$ 7.865.000","R$ 5.742,00","55260"
"https://www.visaovip.com/es/prod/notebook/notebook-acer-aspire-16-ai-a16-52mt-91b0-intel-core-ultra-9-288v-pantalla-touch-wuxga-16-32gb-de-ram-1tb-ssd-win11home-steel-gris-ingles/57428/","https://cdn.visaovip.com/img/prod/notebook-acer-aspire-16-ai-a16-52mt-91b0-intel-core-ultra-9-288v-pantalla-touch-wuxga-16-32gb-de-ram-1tb-ssd-win11home-steel-gris-ingles/57428/730729.jpg","Notebook Acer Aspire 16 AI A16-52MT-91B0 Intel Core Ultra 9 288V Pantalla Touch WUXGA 16"" / 32GB de RAM / 1TB SSD / Win11Home - Steel Gris (Inglés)","ACER","U$ 1.130,00","G$ 8.079.500","R$ 5.898,60","57428"
"https://www.visaovip.com/es/prod/notebook/notebook-gamer-msi-vector-16-hx-ai-a2xwig-400us-intel-core-ultra-9-275hx-tela-qhd-16-16gb-de-ram-1tb-ssd-geforce-rtx5080-16gb-cosmos-gris-ingles/51649/","https://cdn.visaovip.com/img/prod/notebook-gamer-msi-vector-16-hx-ai-a2xwig-400us-intel-core-ultra-9-275hx-tela-qhd-16-16gb-de-ram-1tb-ssd-geforce-rtx5080-16gb-cosmos-gris-ingles/51649/707050.jpg","Notebook Gamer MSI Vector 16 HX AI A2XWIG-400US Intel Core Ultra 9 275HX Tela QHD+ 16"" / 16GB de RAM / 1TB SSD / GeForce RTX5080 16GB - Cosmos Gris (Inglés)","MSI","U$ 2.389,00","G$ 17.081.350","R$ 12.470,58","51649"
"https://www.visaovip.com/es/prod/notebook/notebook-lenovo-ideapad-slim-3-15arp10-amd-ryzen-7-170-pantalla-touch-full-hd-15-3-16gb-de-ram-512gb-ssd-win11home-luna-gris-83k700tuus-ingles/58594/","https://cdn.visaovip.com/img/prod/notebook-lenovo-ideapad-slim-3-15arp10-amd-ryzen-7-170-pantalla-touch-full-hd-153-16gb-de-ram-512gb-ssd-win11home-luna-gris-83k700tuus-ingles/58594/736423.jpg","Notebook Lenovo IdeaPad Slim 3 15ARP10 AMD Ryzen 7 170 Pantalla Touch Full HD 15.3"" / 16GB de RAM / 512GB SSD / Win11Home - Luna Gris (83K700TUUS) (Inglés)","LENOVO","U$ 629,00","G$ 4.497.350","R$ 3.283,38","58594"
"https://www.visaovip.com/es/prod/notebook/notebook-hp-omnibook-5-ai-16-cd0075cl-intel-core-ultra-7-355-pantalla-touch-2k-16-0-24gb-de-ram-1tb-ssd-win11home-gris-ingles/59889/","https://cdn.visaovip.com/img/prod/notebook-hp-omnibook-5-ai-16-cd0075cl-intel-core-ultra-7-355-pantalla-touch-2k-160-24gb-de-ram-1tb-ssd-win11home-gris-ingles/59889/742095.jpg","Notebook HP Omnibook 5 AI 16-CD0075CL Intel Core Ultra 7 355 Pantalla Touch 2K 16.0"" / 24GB de RAM / 1TB SSD / Win11Home - Gris (Inglés)","HP","U$ 1.099,00","G$ 7.857.850","R$ 5.736,78","59889"
"https://www.visaovip.com/es/prod/notebook/notebook-hp-omnibook-3-16-by0015dx-amd-ryzen-5-40-pantalla-touch-2k-16-0-8gb-de-ram-256gb-ssd-win11home-plata-ingles/59465/","https://cdn.visaovip.com/img/prod/notebook-hp-omnibook-3-16-by0015dx-amd-ryzen-5-40-pantalla-touch-2k-160-8gb-de-ram-256gb-ssd-win11home-plata-ingles/59465/740419.jpg","Notebook HP Omnibook 3 16-BY0015DX AMD Ryzen 5 40 Pantalla Touch 2K 16.0"" / 8GB de RAM / 256GB SSD / Win11Home - Plata (Inglés)","HP","U$ 499,00","G$ 3.567.850","R$ 2.604,78","59465"
"https://www.visaovip.com/es/prod/notebook/notebook-hp-15-fd0183wm-intel-core-i7-1355u-pantalla-full-hd-15-6-16gb-de-ram-1tb-ssd-win11home-plata-ingles/57161/","https://cdn.visaovip.com/img/prod/notebook-hp-15-fd0183wm-intel-core-i7-1355u-pantalla-full-hd-156-16gb-de-ram-1tb-ssd-win11home-plata-ingles/57161/729329.jpg","Notebook HP 15-FD0183WM Intel Core i7 1355U Pantalla Full HD 15.6"" / 16GB de RAM / 1TB SSD / Win11Home - Plata (Inglés)","HP","U$ 718,00","G$ 5.133.700","R$ 3.747,96","57161"
"https://www.visaovip.com/es/prod/notebook/notebook-dell-15-ldc15255-a117blk-pus-amd-ryzen-7-7730u-pantalla-touch-full-hd-15-6-16gb-de-ram-512gb-negro-ingles/55036/","https://cdn.visaovip.com/img/prod/notebook-dell-15-ldc15255-a117blk-pus-amd-ryzen-7-7730u-pantalla-touch-full-hd-156-16gb-de-ram-512gb-negro-ingles/55036/721858.jpg","Notebook Dell 15 LDC15255-A117BLK-PUS AMD Ryzen 7 7730U Pantalla Touch Full HD 15.6"" / 16GB de RAM / 512GB - Negro (Inglés)","DELL","U$ 597,00","G$ 4.268.550","R$ 3.116,34","55036"
"https://www.visaovip.com/es/prod/notebook/notebook-asus-vivobook-go-e1504fa-ws51-amd-ryzen-5-40-pantalla-full-hd-15-6-8gb-de-ram-512gb-ssd-win11home-mixed-negro-ingles/57431/","https://cdn.visaovip.com/img/prod/notebook-asus-vivobook-go-e1504fa-ws51-amd-ryzen-5-40-pantalla-full-hd-156-8gb-de-ram-512gb-ssd-win11home-mixed-negro-ingles/57431/730721.jpg","Notebook ASUS VivoBook GO E1504FA-WS51 AMD Ryzen 5 40 Pantalla Full HD 15.6"" / 8GB de RAM / 512GB SSD / Win11Home - Mixed Negro (Inglés)","ASUS","U$ 412,00","G$ 2.945.800","R$ 2.150,64","57431"
"https://www.visaovip.com/es/prod/notebook/notebook-asus-vivobook-f1504vap-nb71t-intel-core-7-150u-pantalla-touch-full-hd-15-6-8gb-de-ram-512gb-ssd-win11home-cool-plata-ingles/58931/","https://cdn.visaovip.com/img/prod/notebook-asus-vivobook-f1504vap-nb71t-intel-core-7-150u-pantalla-touch-full-hd-156-8gb-de-ram-512gb-ssd-win11home-cool-plata-ingles/58931/737886.jpg","Notebook ASUS Vivobook F1504VAP-NB71T Intel Core 7 150U Pantalla Touch Full HD 15.6"" / 8GB de RAM / 512GB SSD / Win11Home - Cool Plata (Inglés)","ASUS","U$ 638,00","G$ 4.561.700","R$ 3.330,36","58931"
"https://www.visaovip.com/es/prod/notebook/notebook-gamer-asus-tuf-a18-fa808uh-rs74-amd-ryzen-7-260-pantalla-wuxga-18-0-16gb-de-ram-1tb-ssd-geforce-rtx5050-8gb-win11-jaeger-gris-ingles-90nr0nm1-m00050/58110/","https://cdn.visaovip.com/img/prod/notebook-gamer-asus-tuf-a18-fa808uh-rs74-amd-ryzen-7-260-pantalla-wuxga-180-16gb-de-ram-1tb-ssd-geforce-rtx5050-8gb-win11-jaeger-gris-ingles-90nr0nm1-m00050/58110/733691.jpg","Notebook Gamer ASUS TUF A18 FA808UH-RS74 AMD Ryzen 7 260 Pantalla WUXGA 18.0"" / 16GB de RAM / 1TB SSD / GeForce RTX5050 8GB / Win11 - Jaeger Gris (Inglés) (90NR0NM1-M00050)","ASUS","U$ 1.488,00","G$ 10.639.200","R$ 7.767,36","58110"
"https://www.visaovip.com/es/prod/notebook/notebook-gamer-asus-v16-v3607vm-es74-intel-core-7-240h-pantalla-wuxga-16-0-16gb-de-ram-512gb-ssd-win11home-geforce-rtx5060-8gb-matte-negro-ingles/55505/","https://cdn.visaovip.com/img/prod/notebook-gamer-asus-v16-v3607vm-es74-intel-core-7-240h-pantalla-wuxga-160-16gb-de-ram-512gb-ssd-win11home-geforce-rtx5060-8gb-matte-negro-ingles/55505/724010.jpg","Notebook Gamer ASUS V16 V3607VM-ES74 Intel Core 7 240H Pantalla WUXGA 16.0"" / 16GB de RAM / 512GB SSD / Win11Home / GeForce RTX5060 8GB - Matte Negro (Inglés)","ASUS","U$ 1.277,00","G$ 9.130.550","R$ 6.665,94","55505"
"https://www.visaovip.com/es/prod/notebook/notebook-gamer-rog-zephyrus-gu605cr-xs97-intel-core-ultra-9-285h-pantalla-oled-wqxga-16-0-32gb-de-ram-2tb-ssd-win11home-geforce-rtx5070ti-12gb-platinum-blanco-ingles/59837/","https://cdn.visaovip.com/img/prod/notebook-gamer-rog-zephyrus-gu605cr-xs97-intel-core-ultra-9-285h-pantalla-oled-wqxga-160-32gb-de-ram-2tb-ssd-win11home-geforce-rtx5070ti-12gb-platinum-blanco-ingles/59837/741775.jpg","Notebook Gamer ROG Zephyrus GU605CR-XS97 Intel Core Ultra 9 285H Pantalla OLED WQXGA 16.0"" / 32GB de RAM / 2TB SSD / Win11Home / GeForce RTX5070TI 12GB - Platinum Blanco (Inglés)","ASUS","U$ 3.333,00","G$ 23.830.950","R$ 17.398,26","59837"
"https://www.visaovip.com/es/prod/notebook/notebook-gamer-alienware-x16-r2-intel-core-ultra-9-185h-pantalla-full-hd-16-0-32gb-de-ram-1tb-ssd-win11home-geforce-rtx4070-8gb-plata-ingles/59429/","https://cdn.visaovip.com/img/prod/notebook-gamer-alienware-x16-r2-intel-core-ultra-9-185h-pantalla-full-hd-160-32gb-de-ram-1tb-ssd-win11home-geforce-rtx4070-8gb-plata-ingles/59429/740679.jpg","Notebook Gamer Alienware X16 R2 Intel Core Ultra 9 185H Pantalla Full HD+ 16.0"" / 32GB de RAM / 1TB SSD / Win11Home / GeForce RTX4070 8GB - Plata (Inglés)","ALIENWARE","U$ 1.829,00","G$ 13.077.350","R$ 9.547,38","59429"
"https://www.visaovip.com/es/prod/notebook/notebook-gamer-alienware-15-lda15265-5263blk-pus-amd-ryzen-5-220-pantalla-wuxga-15-3-16gb-de-ram-512gb-ssd-win11home-geforce-rtx4050-6gb-negro-ingles/59034/","https://cdn.visaovip.com/img/prod/notebook-gamer-alienware-15-lda15265-5263blk-pus-amd-ryzen-5-220-pantalla-wuxga-153-16gb-de-ram-512gb-ssd-win11home-geforce-rtx4050-6gb-negro-ingles/59034/738533.jpg","Notebook Gamer Alienware 15 LDA15265-5263BLK-PUS AMD Ryzen 5 220 Pantalla WUXGA 15.3"" / 16GB de RAM / 512GB SSD / Win11Home / GeForce RTX4050 6GB - Negro (Inglés)","ALIENWARE","U$ 1.008,00","G$ 7.207.200","R$ 5.261,76","59034"
"https://www.visaovip.com/es/prod/notebook/notebook-gamer-acer-nitro-v-16-anv16-72-933f-intel-core-9-270h-pantalla-wuxga-16-32gb-de-ram-1tb-ssd-win11home-geforce-rtx5070-8gb-obsidian-negro-ingles/55782/","https://cdn.visaovip.com/img/prod/notebook-gamer-acer-nitro-v-16-anv16-72-933f-intel-core-9-270h-pantalla-wuxga-16-32gb-de-ram-1tb-ssd-win11home-geforce-rtx5070-8gb-obsidian-negro-ingles/55782/725211.jpg","Notebook Gamer Acer Nitro V 16 ANV16-72-933F Intel Core 9 270H Pantalla WUXGA 16"" / 32GB de RAM / 1TB SSD / Win11Home / GeForce RTX5070 8GB - Obsidian Negro (Inglés)","ACER","U$ 1.670,00","G$ 11.940.500","R$ 8.717,40","55782"
"https://www.visaovip.com/es/prod/notebook/notebook-asus-vivobook-go-15-e1504ga-ws35-intel-core-i3-n350-pantalla-full-hd-15-6-8gb-de-ram-256gb-ssd-win11home-plata-ingles/53826/","https://cdn.visaovip.com/img/prod/notebook-asus-vivobook-go-15-e1504ga-ws35-intel-core-i3-n350-pantalla-full-hd-156-8gb-de-ram-256gb-ssd-win11home-plata-ingles/53826/716747.jpg","Notebook ASUS Vivobook Go 15 E1504GA-WS35 Intel Core i3 N350 Pantalla Full HD 15.6"" / 8GB de RAM / 256GB SSD / Win11Home - Plata (Inglés)","ASUS","U$ 409,00","G$ 2.924.350","R$ 2.134,98","53826"
"https://www.visaovip.com/es/prod/notebook/notebook-gamer-msi-katana-15-hx-b14wgk-293us-intel-core-i7-14650hx-pantalla-qhd-15-6-16gb-de-ram-1tb-ssd-geforce-rtx5070-8gb-negro-ingles/54054/","https://cdn.visaovip.com/img/prod/notebook-gamer-msi-katana-15-hx-b14wgk-293us-intel-core-i7-14650hx-pantalla-qhd-156-16gb-de-ram-1tb-ssd-geforce-rtx5070-8gb-negro-ingles/54054/717617.jpg","Notebook Gamer MSI Katana 15 HX B14WGK-293US Intel Core i7 14650HX Pantalla QHD 15.6"" / 16GB de RAM / 1TB SSD / GeForce RTX5070 8GB - Negro (Inglés)","MSI","U$ 1.530,00","G$ 10.939.500","R$ 7.986,60","54054"
"https://www.visaovip.com/es/prod/notebook/notebook-asus-vivobook-16-f1605va-ws74-intel-core-i7-1355u-pantalla-wuxga-16-0-16gb-de-ram-512gb-ssd-win11home-indie-negro-ingles/53558/","https://cdn.visaovip.com/img/prod/notebook-asus-vivobook-16-f1605va-ws74-intel-core-i7-1355u-pantalla-wuxga-160-16gb-de-ram-512gb-ssd-win11home-indie-negro-ingles/53558/715636.jpg","Notebook ASUS Vivobook 16 F1605VA-WS74 Intel Core i7 1355U Pantalla WUXGA 16.0"" / 16GB de RAM / 512GB SSD / Win11Home - Indie Negro (Inglés)","ASUS","U$ 652,00","G$ 4.661.800","R$ 3.403,44","53558"
"https://www.visaovip.com/es/prod/notebook/notebook-asus-vivobook-15-f1504va-ws51-intel-core-i5-1334u-pantalla-full-hd-15-6-8gb-de-ram-512gb-ssd-win11home-cool-plata-ingles/52945/","https://cdn.visaovip.com/img/prod/notebook-asus-vivobook-15-f1504va-ws51-intel-core-i5-1334u-pantalla-full-hd-156-8gb-de-ram-512gb-ssd-win11home-cool-plata-ingles/52945/713142.jpg","Notebook ASUS Vivobook 15 F1504VA-WS51 Intel Core i5 1334U Pantalla Full HD 15.6"" / 8GB de RAM / 512GB SSD / Win11Home - Cool Plata (Inglés)","ASUS","U$ 483,00","G$ 3.453.450","R$ 2.521,26","52945"
"https://www.visaovip.com/es/prod/notebook/notebook-gamer-hp-victus-15-fb3093dx-amd-ryzen-7-7445hs-tela-fhd-15-6-16gb-de-ram-512gb-ssd-win11home-geforce-rtx4050-6gb-negro-ingles/52478/","https://cdn.visaovip.com/img/prod/notebook-gamer-hp-victus-15-fb3093dx-amd-ryzen-7-7445hs-tela-fhd-156-16gb-de-ram-512gb-ssd-win11home-geforce-rtx4050-6gb-negro-ingles/52478/711243.jpg","Notebook Gamer HP Victus 15-FB3093DX AMD Ryzen 7 7445HS Tela FHD 15.6"" / 16GB de RAM / 512GB SSD / Win11Home / GeForce RTX4050 6GB - Negro (Inglés)","HP","U$ 938,00","G$ 6.706.700","R$ 4.896,36","52478"
"https://www.visaovip.com/es/prod/notebook/notebook-acer-aspire-14-ai-a14-52mt-59dp-intel-core-ultra-5-226v-pantalla-touch-wuxga-14-16gb-de-ram-1tb-ssd-steel-gris-ingles/52665/","https://cdn.visaovip.com/img/prod/notebook-acer-aspire-14-ai-a14-52mt-59dp-intel-core-ultra-5-226v-pantalla-touch-wuxga-14-16gb-de-ram-1tb-ssd-steel-gris-ingles/52665/711948.jpg","Notebook Acer Aspire 14 AI A14-52MT-59DP Intel Core Ultra 5 226V Pantalla Touch WUXGA 14"" / 16GB de RAM / 1TB SSD - Steel Gris (Inglés)","ACER","U$ 605,00","G$ 4.325.750","R$ 3.158,10","52665"
"https://www.visaovip.com/es/prod/notebook/notebook-lenovo-ideapad-slim-3-15abr8-amd-ryzen-7-5825u-pantalla-touch-fhd-15-6-16gb-de-ram-512gb-ssd-win11home-arctic-gris-82xm00lmus-ingles/51965/","https://cdn.visaovip.com/img/prod/notebook-lenovo-ideapad-slim-3-15abr8-amd-ryzen-7-5825u-pantalla-touch-fhd-156-16gb-de-ram-512gb-ssd-win11home-arctic-gris-82xm00lmus-ingles/51965/708489.jpg","Notebook Lenovo IdeaPad Slim 3 15ABR8 AMD Ryzen 7 5825U Pantalla Touch FHD 15.6"" / 16GB de RAM / 512GB SSD / Win11Home - Arctic Gris (82XM00LMUS) (Inglés)","LENOVO","U$ 565,00","G$ 4.039.750","R$ 2.949,30","51965"
"https://www.visaovip.com/es/prod/notebook/notebook-acer-aspire-14-ai-a14-52mt-94h5-intel-core-ultra-9-288v-pantalla-touch-wuxga-14-32gb-de-ram-1tb-ssd-win11home-steel-gris-ingles/55352/","https://cdn.visaovip.com/img/prod/notebook-acer-aspire-14-ai-a14-52mt-94h5-intel-core-ultra-9-288v-pantalla-touch-wuxga-14-32gb-de-ram-1tb-ssd-win11home-steel-gris-ingles/55352/723417.jpg","Notebook Acer Aspire 14 AI A14-52MT-94H5 Intel Core Ultra 9 288V Pantalla Touch WUXGA 14"" / 32GB de RAM / 1TB SSD / Win11Home - Steel Gris (Inglés)","ACER","U$ 929,00","G$ 6.642.350","R$ 4.849,38","55352"
"https://www.visaovip.com/es/prod/notebook/notebook-gamer-acer-predator-triton-14-ai-pt14-52t-972d-intel-core-ultra-9-288v-pantalla-oled-2-8k-14-5-32gb-de-ram-1tb-ssd-win11home-geforce-rtx5070-8gb-charcoal-negro-ingles/59914/","https://cdn.visaovip.com/img/prod/notebook-gamer-acer-predator-triton-14-ai-pt14-52t-972d-intel-core-ultra-9-288v-pantalla-oled-28k-145-32gb-de-ram-1tb-ssd-win11home-geforce-rtx5070-8gb-charcoal-negro-ingles/59914/742356.jpg","Notebook Gamer Acer Predator Triton 14 AI PT14-52T-972D Intel Core Ultra 9 288V Pantalla OLED 2.8K 14.5"" / 32GB de RAM / 1TB SSD / Win11Home / GeForce RTX5070 8GB - Charcoal Negro (Inglés)","ACER","U$ 2.690,00","G$ 19.233.500","R$ 14.041,80","59914"
"https://www.visaovip.com/es/prod/notebook/notebook-asus-vivobook-go-e1404ga-nk027w-intel-core-i3-n305-tela-full-hd-14-0-8gb-de-ram-256gb-ufs-win11-mixed-negro-espanol/57676/","https://cdn.visaovip.com/img/prod/notebook-asus-vivobook-go-e1404ga-nk027w-intel-core-i3-n305-tela-full-hd-140-8gb-de-ram-256gb-ufs-win11-mixed-negro-espanol/57676/731766.jpg","Notebook ASUS Vivobook Go E1404GA-NK027W Intel Core i3 N305 Tela Full HD 14.0"" / 8GB de RAM / 256GB UFS / Win11 - Mixed Negro (Español)","ASUS","U$ 359,00","G$ 2.566.850","R$ 1.873,98","57676"
"https://www.visaovip.com/es/prod/notebook/notebook-gamer-gigabyte-a16-3whk3la894pd-amd-ryzen-7-260-pantalla-full-hd-16-0-16gb-de-ram-1tb-ssd-geforce-rtx5070-8gb-efi-shell-negro-espanol/57789/","https://cdn.visaovip.com/img/prod/notebook-gamer-gigabyte-a16-3whk3la894pd-amd-ryzen-7-260-pantalla-full-hd-160-16gb-de-ram-1tb-ssd-geforce-rtx5070-8gb-efi-shell-negro-espanol/57789/732164.jpg","Notebook Gamer Gigabyte A16 3WHK3LA894PD AMD Ryzen 7 260 Pantalla Full HD+ 16.0"" / 16GB de RAM / 1TB SSD / GeForce RTX5070 8GB / EFI SHELL - Negro (Español)","GIGABYTE","U$ 1.369,00","G$ 9.788.350","R$ 7.146,18","57789"
"https://www.visaovip.com/es/prod/notebook/notebook-acer-aspire-go-15-ag15-32p-352z-intel-core-3-n355-pantalla-full-hd-15-6-8gb-de-ram-128gb-ufs-win11home-pure-plata-ingles/59921/","https://cdn.visaovip.com/img/prod/notebook-acer-aspire-go-15-ag15-32p-352z-intel-core-3-n355-pantalla-full-hd-156-8gb-de-ram-128gb-ufs-win11home-pure-plata-ingles/59921/742350.jpg","Notebook Acer Aspire Go 15 AG15-32P-352Z Intel Core 3 N355 Pantalla Full HD 15.6"" / 8GB de RAM / 128GB UFS / Win11Home - Pure Plata (Inglés)","ACER","U$ 360,00","G$ 2.574.000","R$ 1.879,20","59921"
"https://www.visaovip.com/es/prod/notebook/notebook-acer-aspire-go-16-ag16-71pt-5388-intel-core-5-120u-pantalla-touch-wuxga-16-16gb-de-ram-1tb-ssd-win11home-pure-plata-ingles/58826/","https://cdn.visaovip.com/img/prod/notebook-acer-aspire-go-16-ag16-71pt-5388-intel-core-5-120u-pantalla-touch-wuxga-16-16gb-de-ram-1tb-ssd-win11home-pure-plata-ingles/58826/737570.jpg","Notebook Acer Aspire Go 16 AG16-71PT-5388 Intel Core 5 120U Pantalla Touch WUXGA 16"" / 16GB de RAM / 1TB SSD / Win11Home - Pure Plata (Inglês)","ACER","U$ 670,00","G$ 4.790.500","R$ 3.497,40","58826"
"https://www.visaovip.com/es/prod/notebook/notebook-acer-swift-go-16-ai-sfg16-i71t-79q6-intel-core-ultra-7-355-pantalla-touch-oled-wuxga-16-32gb-de-ram-1tb-ssd-win11home-vapor-plata-ingles/58930/","https://cdn.visaovip.com/img/prod/notebook-acer-swift-go-16-ai-sfg16-i71t-79q6-intel-core-ultra-7-355-pantalla-touch-oled-wuxga-16-32gb-de-ram-1tb-ssd-win11home-vapor-plata-ingles/58930/737900.jpg","Notebook Acer Swift GO 16 AI SFG16-I71T-79Q6 Intel Core Ultra 7 355 Pantalla Touch OLED WUXGA 16"" / 32GB de RAM / 1TB SSD / Win11Home - Vapor Plata (Inglés)","ACER","U$ 1.112,00","G$ 7.950.800","R$ 5.804,64","58930"
"https://www.visaovip.com/es/prod/notebook/notebook-hp-15-fc0146dx-amd-ryzen-5-7520u-pantalla-touch-full-hd-15-6-8gb-de-ram-512gb-ssd-win11home-plata-ingles/54695/","https://cdn.visaovip.com/img/prod/notebook-hp-15-fc0146dx-amd-ryzen-5-7520u-pantalla-touch-full-hd-156-8gb-de-ram-512gb-ssd-win11home-plata-ingles/54695/720275.jpg","Notebook HP 15-FC0146DX AMD Ryzen 5 7520U Pantalla Touch Full HD 15.6"" / 8GB de RAM / 512GB SSD / Win11Home - Plata (Inglés)","HP","U$ 444,00","G$ 3.174.600","R$ 2.317,68","54695"
"https://www.visaovip.com/es/prod/notebook/notebook-gamer-msi-cyborg-a15-ai-b2hwfkg-006us-amd-ryzen-9-270-pantalla-full-hd-15-6-16gb-de-ram-1tb-ssd-win11home-geforce-rtx5060-8gb-odyssey-gris-ingles/55298/","https://cdn.visaovip.com/img/prod/notebook-gamer-msi-cyborg-a15-ai-b2hwfkg-006us-amd-ryzen-9-270-pantalla-full-hd-156-16gb-de-ram-1tb-ssd-win11home-geforce-rtx5060-8gb-odyssey-gris-ingles/55298/723051.jpg","Notebook Gamer MSI Cyborg A15 AI B2HWFKG-006US AMD Ryzen 9 270 Pantalla Full HD 15.6"" / 16GB de RAM / 1TB  SSD / Win11Home / GeForce RTX5060 8GB - Odyssey Gris (Inglés)","MSI","U$ 1.283,00","G$ 9.173.450","R$ 6.697,26","55298"
"https://www.visaovip.com/es/prod/notebook/notebook-gamer-msi-cyborg-15-b2rwgkg-409us-intel-core-7-240h-pantalla-full-hd-15-6-16gb-de-ram-1tb-ssd-win11home-geforce-rtx5070-8gb-translucent-negro-ingles/55293/","https://cdn.visaovip.com/img/prod/notebook-gamer-msi-cyborg-15-b2rwgkg-409us-intel-core-7-240h-pantalla-full-hd-156-16gb-de-ram-1tb-ssd-win11home-geforce-rtx5070-8gb-translucent-negro-ingles/55293/723163.jpg","Notebook Gamer MSI Cyborg 15 B2RWGKG-409US Intel Core 7 240H Pantalla Full HD 15.6"" / 16GB de RAM / 1TB SSD / Win11Home / GeForce RTX5070 8GB - Translucent Negro (Inglés)","MSI","U$ 1.298,00","G$ 9.280.700","R$ 6.775,56","55293"
"https://www.visaovip.com/es/prod/notebook/notebook-lenovo-v14-g5-irl-intel-core-7-240h-pantalla-full-hd-14-0-16gb-de-ram-1tb-ssd-win11home-negro-83hda06jus-ingles/59746/","https://cdn.visaovip.com/img/prod/notebook-lenovo-v14-g5-irl-intel-core-7-240h-pantalla-full-hd-140-16gb-de-ram-1tb-ssd-win11home-negro-83hda06jus-ingles/59746/741454.jpg","Notebook Lenovo V14 G5 IRL Intel Core 7 240H Pantalla Full HD 14.0"" / 16GB de RAM / 1TB SSD / Win11Home - Negro (83HDA06JUS) (Inglés)","LENOVO","U$ 743,00","G$ 5.312.450","R$ 3.878,46","59746"
"https://www.visaovip.com/es/prod/notebook/notebook-lenovo-ideapad-slim-3-15itn9-intel-n150-pantalla-full-hd-15-6-8gb-de-ram-128gb-ufs-win11home-artic-gris-83l7002fus-ingles/58827/","https://cdn.visaovip.com/img/prod/notebook-lenovo-ideapad-slim-3-15itn9-intel-n150-pantalla-full-hd-156-8gb-de-ram-128gb-ufs-win11home-artic-gris-83l7002fus-ingles/58827/737555.jpg","Notebook Lenovo IdeaPad Slim 3 15ITN9 Intel N150 Pantalla Full HD 15.6"" / 8GB de RAM / 128GB UFS / Win11Home - Artic Gris (83L7002FUS) (Inglés)","LENOVO","U$ 339,00","G$ 2.423.850","R$ 1.769,58","58827"
"https://www.visaovip.com/es/prod/notebook/notebook-lenovo-ideapad-slim-3-15iru8-intel-core-i5-1335u-pantalla-full-hd-15-6-16gb-de-ram-256gb-ssd-win11-arctic-gris-ingles-82x700keus/58422/","https://cdn.visaovip.com/img/prod/notebook-lenovo-ideapad-slim-3-15iru8-intel-core-i5-1335u-pantalla-full-hd-156-16gb-de-ram-256gb-ssd-win11-arctic-gris-ingles-82x700keus/58422/735740.jpg","Notebook Lenovo IdeaPad Slim 3 15IRU8 Intel Core i5 1335U Pantalla Full HD 15.6"" / 16GB de RAM / 256GB SSD / Win11 - Arctic Gris (Inglés) (82X700KEUS)","LENOVO","U$ 550,00","G$ 3.932.500","R$ 2.871,00","58422"
"https://www.visaovip.com/es/prod/notebook/notebook-lenovo-ideapad-slim-3-15ian8-intel-n100-pantalla-full-hd-15-6-4gb-de-ram-128gb-ufs-win11home-artic-gris-82xb00hvus-ingles/56444/","https://cdn.visaovip.com/img/prod/notebook-lenovo-ideapad-slim-3-15ian8-intel-n100-pantalla-full-hd-156-4gb-de-ram-128gb-ufs-win11home-artic-gris-82xb00hvus-ingles/56444/727681.jpg","Notebook Lenovo IdeaPad Slim 3 15IAN8 Intel N100 Pantalla Full HD 15.6"" / 4GB de RAM / 128GB UFS / Win11Home - Artic Gris (82XB00HVUS) (Inglés)","LENOVO","U$ 235,00","G$ 1.680.250","R$ 1.226,70","56444"
"https://www.visaovip.com/es/prod/notebook/notebook-lenovo-ideapad-slim-3-15amn8-amd-ryzen-5-40-pantalla-full-hd-15-6-8gb-de-ram-512gb-ssd-win11-abyss-azul-82xq012hus-ingles/58743/","https://cdn.visaovip.com/img/prod/notebook-lenovo-ideapad-slim-3-15amn8-amd-ryzen-5-40-pantalla-full-hd-156-8gb-de-ram-512gb-ssd-win11-abyss-azul-82xq012hus-ingles/58743/737188.jpg","Notebook Lenovo IdeaPad Slim 3 15AMN8 AMD Ryzen 5 40 Pantalla Full HD 15.6"" / 8GB de RAM / 512GB SSD / Win11 - Abyss Azul (82XQ012HUS) (Inglés)","LENOVO","U$ 485,00","G$ 3.467.750","R$ 2.531,70","58743"
"https://www.visaovip.com/es/prod/notebook/notebook-lenovo-ideapad-slim-3-15amn8-amd-ryzen-5-40-pantalla-full-hd-15-6-8gb-de-ram-256gb-ssd-win11-abyss-azul-82xq012gus-ingles/58724/","https://cdn.visaovip.com/img/prod/notebook-lenovo-ideapad-slim-3-15amn8-amd-ryzen-5-40-pantalla-full-hd-156-8gb-de-ram-256gb-ssd-win11-abyss-azul-82xq012gus-ingles/58724/737184.jpg","Notebook Lenovo IdeaPad Slim 3 15AMN8 AMD Ryzen 5 40 Pantalla Full HD 15.6"" / 8GB de RAM / 256GB SSD / Win11 - Abyss Azul (82XQ012GUS) (Inglés)","LENOVO","U$ 427,00","G$ 3.053.050","R$ 2.228,94","58724"
"https://www.visaovip.com/es/prod/notebook/notebook-hp-omnibook-3-16-by0205dx-amd-ryzen-5-40-pantalla-touch-2k-ips-16-0-16gb-de-ram-256gb-ssd-win11-plata-ingles-d10e8ua-aba/58421/","https://cdn.visaovip.com/img/prod/notebook-hp-omnibook-3-16-by0205dx-amd-ryzen-5-40-pantalla-touch-2k-ips-160-16gb-de-ram-256gb-ssd-win11-plata-ingles-d10e8uaaba/58421/735363.jpg","Notebook HP Omnibook 3 16-BY0205DX AMD Ryzen 5 40 Pantalla Touch 2K IPS 16.0"" / 16GB de RAM / 256GB SSD / Win11 - Plata (Inglés) (D10E8UA#ABA)","HP","U$ 523,00","G$ 3.739.450","R$ 2.730,06","58421"
"https://www.visaovip.com/es/prod/notebook/notebook-hp-omnibook-3-16-bu0007dx-intel-core-ultra-7-255u-pantalla-touch-2k-16-0-16gb-de-ram-512gb-ssd-win11-negro-ingles/59547/","https://cdn.visaovip.com/img/prod/notebook-hp-omnibook-3-16-bu0007dx-intel-core-ultra-7-255u-pantalla-touch-2k-160-16gb-de-ram-512gb-ssd-win11-negro-ingles/59547/740704.jpg","Notebook HP Omnibook 3 16-BU0007DX Intel Core Ultra 7 255U Pantalla Touch 2K 16.0"" / 16GB de RAM / 512GB SSD / Win11 - Negro (Inglés)","HP","U$ 885,00","G$ 6.327.750","R$ 4.619,70","59547"
"https://www.visaovip.com/es/prod/notebook/notebook-hp-15-fd2050wm-intel-core-ultra-5-225u-pantalla-touch-full-hd-15-6-8gb-de-ram-512gb-ssd-win11-plata-ingles/58754/","https://cdn.visaovip.com/img/prod/notebook-hp-15-fd2050wm-intel-core-ultra-5-225u-pantalla-touch-full-hd-156-8gb-de-ram-512gb-ssd-win11-plata-ingles/58754/737200.jpg","Notebook HP 15-FD2050WM Intel Core Ultra 5 225U Pantalla Touch Full HD 15.6"" / 8GB de RAM / 512GB SSD / Win11 - Plata (Inglés)","HP","U$ 523,00","G$ 3.739.450","R$ 2.730,06","58754"
"https://www.visaovip.com/es/prod/notebook/notebook-hp-15-fd0883nr-intel-core-i3-n305-pantalla-touch-hd-ips-15-6-8gb-de-ram-256gb-ssd-win11-azul-plata-ingles-b89p1ua-aba/58407/","https://cdn.visaovip.com/img/prod/notebook-hp-15-fd0883nr-intel-core-i3-n305-pantalla-touch-hd-ips-156-8gb-de-ram-256gb-ssd-win11-azul-plata-ingles-b89p1uaaba/58407/735153.jpg","Notebook HP 15-FD0883NR Intel Core i3 N305 Pantalla Touch HD IPS 15.6"" / 8GB de RAM / 256GB SSD / Win11 - Azul / Plata (Inglés) (B89P1UA#ABA)","HP","U$ 419,00","G$ 2.995.850","R$ 2.187,18","58407"
"https://www.visaovip.com/es/prod/notebook/notebook-hp-15-fc0027ca-amd-ryzen-7-7730u-pantalla-touch-full-hd-15-6-16gb-de-ram-512gb-ssd-win11-plata-ingles/59728/","https://cdn.visaovip.com/img/prod/notebook-hp-15-fc0027ca-amd-ryzen-7-7730u-pantalla-touch-full-hd-156-16gb-de-ram-512gb-ssd-win11-plata-ingles/59728/741433.jpg","Notebook HP 15-FC0027CA AMD Ryzen 7 7730U Pantalla Touch Full HD 15.6"" / 16GB de RAM / 512GB SSD / Win11 - Plata (Inglés)","HP","U$ 646,00","G$ 4.618.900","R$ 3.372,12","59728"
"https://www.visaovip.com/es/prod/notebook/notebook-hp-14-dq6105dx-intel-celeron-n150-pantalla-hd-14-0-4gb-de-ram-128gb-ufs-w11-rose-gold-ingles/58753/","https://cdn.visaovip.com/img/prod/notebook-hp-14-dq6105dx-intel-celeron-n150-pantalla-hd-140-4gb-de-ram-128gb-ufs-w11-rose-gold-ingles/58753/737196.jpg","Notebook HP 14-DQ6105DX Intel Celeron N150 / Pantalla HD 14.0"" / 4GB de RAM / 128GB UFS / W11 - Rose Gold (Inglés)","HP","U$ 234,00","G$ 1.673.100","R$ 1.221,48","58753"
"https://www.visaovip.com/es/prod/notebook/notebook-hp-14-dq6102dx-intel-celeron-n150-pantalla-hd-14-0-4gb-de-ram-128gb-ufs-w11-azul-ingles/58759/","https://cdn.visaovip.com/img/prod/notebook-hp-14-dq6102dx-intel-celeron-n150-pantalla-hd-140-4gb-de-ram-128gb-ufs-w11-azul-ingles/58759/737209.jpg","Notebook HP 14-DQ6102DX Intel Celeron N150 / Pantalla HD 14.0"" / 4GB de RAM / 128GB UFS / W11 - Azul (Inglés)","HP","U$ 234,00","G$ 1.673.100","R$ 1.221,48","58759"
"https://www.visaovip.com/es/prod/notebook/notebook-hp-14-dq6101dx-intel-celeron-n150-pantalla-hd-14-0-4gb-de-ram-128gb-ufs-w11-plata-ingles/58757/","https://cdn.visaovip.com/img/prod/notebook-hp-14-dq6101dx-intel-celeron-n150-pantalla-hd-140-4gb-de-ram-128gb-ufs-w11-plata-ingles/58757/737204.jpg","Notebook HP 14-DQ6101DX Intel Celeron N150 / Pantalla HD 14.0"" / 4GB de RAM / 128GB UFS / W11 - Plata (Inglés)","HP","U$ 234,00","G$ 1.673.100","R$ 1.221,48","58757"
"https://www.visaovip.com/es/prod/notebook/notebook-asus-vivobook-x1504va-bq5310w-intel-core-7-150u-pantalla-full-hd-15-6-16gb-de-ram-512gb-ssd-win11home-quiet-azul-espanol/59453/","https://cdn.visaovip.com/img/prod/notebook-asus-vivobook-x1504va-bq5310w-intel-core-7-150u-pantalla-full-hd-156-16gb-de-ram-512gb-ssd-win11home-quiet-azul-espanol/59453/740371.jpg","Notebook ASUS Vivobook X1504VA-BQ5310W Intel Core 7 150U Pantalla Full HD 15.6"" / 16GB de RAM / 512GB SSD / Win11Home - Quiet Azul (Español)","ASUS","U$ 662,00","G$ 4.733.300","R$ 3.455,64","59453"
"https://www.visaovip.com/es/prod/notebook/notebook-asus-vivobook-x1504va-bq4373w-intel-core-5-120u-pantalla-full-hd-15-6-8gb-de-ram-512gb-ssd-win11home-quiet-azul-ingles/59452/","https://cdn.visaovip.com/img/prod/notebook-asus-vivobook-x1504va-bq4373w-intel-core-5-120u-pantalla-full-hd-156-8gb-de-ram-512gb-ssd-win11home-quiet-azul-ingles/59452/740463.jpg","Notebook ASUS Vivobook X1504VA-BQ4373W Intel Core 5 120U Pantalla Full HD 15.6"" / 8GB de RAM / 512GB SSD / Win11Home - Quiet Azul (Inglés)","ASUS","U$ 495,00","G$ 3.539.250","R$ 2.583,90","59452"
"https://www.visaovip.com/es/prod/notebook/notebook-hp-250r-g10-intel-core-5-120u-pantalla-hd-15-6-16gb-de-ram-512gb-ssd-freedos-gris-espanol/58798/","https://cdn.visaovip.com/img/prod/notebook-hp-250r-g10-intel-core-5-120u-pantalla-hd-156-16gb-de-ram-512gb-ssd-freedos-gris-espanol/58798/737240.jpg","Notebook HP 250R G10 Intel Core 5 120U Pantalla HD 15.6"" / 16GB de RAM / 512GB SSD / FreeDOS - Gris (Español)","HP","U$ 595,00","G$ 4.254.250","R$ 3.105,90","58798"
"https://www.visaovip.com/es/prod/notebook/notebook-asus-vivobook-f1504va-ws51-intel-core-i5-1334u-pantalla-full-hd-15-6-16gb-de-ram-512gb-ssd-win11home-cool-plata-ingles/58903/","https://cdn.visaovip.com/img/prod/notebook-asus-vivobook-f1504va-ws51-intel-core-i5-1334u-pantalla-full-hd-156-16gb-de-ram-512gb-ssd-win11home-cool-plata-ingles/58903/737974.jpg","Notebook ASUS Vivobook F1504VA-WS51 Intel Core i5 1334U Pantalla Full HD 15.6"" / 16GB de RAM / 512GB SSD / Win11Home  - Cool Plata (Inglés)","ASUS","U$ 560,00","G$ 4.004.000","R$ 2.923,20","58903"
"https://www.visaovip.com/es/prod/notebook/notebook-dell-15-ldc15250-5434blk-pus-intel-core-i5-1334u-pantalla-touch-full-hd-15-6-8gb-de-ram-512gb-ssd-win11-carbon-negro-ingles-m4cfy/58243/","https://cdn.visaovip.com/img/prod/notebook-dell-15-ldc15250-5434blk-pus-intel-core-i5-1334u-pantalla-touch-full-hd-156-8gb-de-ram-512gb-ssd-win11-carbon-negro-ingles-m4cfy/58243/734501.jpg","Notebook Dell 15 LDC15250-5434BLK-PUS Intel Core i5 1334U Pantalla Touch Full HD 15.6"" / 8GB de RAM / 512GB SSD / Win11 - Carbon Negro (Inglés) (M4CFY)","DELL","U$ 498,00","G$ 3.560.700","R$ 2.599,56","58243"
"https://www.visaovip.com/es/prod/notebook/notebook-acer-swift-16-ai-sf16-71t-70pn-intel-core-ultra-x7-358h-pantalla-touch-oled-2-8k-16-16gb-de-ram-1tb-ssd-win11home-basalt-gris-ingles/59365/","https://cdn.visaovip.com/img/prod/notebook-acer-swift-16-ai-sf16-71t-70pn-intel-core-ultra-x7-358h-pantalla-touch-oled-28k-16-16gb-de-ram-1tb-ssd-win11home-basalt-gris-ingles/59365/740126.jpg","Notebook Acer Swift 16 AI SF16-71T-70PN Intel Core Ultra X7 358H Pantalla Touch OLED 2.8K 16"" / 16GB de RAM / 1TB SSD / Win11Home - Basalt Gris (Inglés)","ACER","U$ 1.419,00","G$ 10.145.850","R$ 7.407,18","59365"
"https://www.visaovip.com/es/prod/notebook/notebook-dell-16-dc16255-amd-ryzen-7-250-pantalla-full-hd-16-16gb-de-ram-512gb-ssd-win11-carbon-negro-ingles/59866/","https://cdn.visaovip.com/img/prod/notebook-dell-16-dc16255-amd-ryzen-7-250-pantalla-full-hd-16-16gb-de-ram-512gb-ssd-win11-carbon-negro-ingles/59866/742109.jpg","Notebook Dell 16 DC16255 AMD Ryzen 7 250 Pantalla Full HD+ 16"" / 16GB de RAM / 512GB SSD / Win11 - Carbon Negro (Inglés)","DELL","U$ 665,00","G$ 4.754.750","R$ 3.471,30","59866"
"https://www.visaovip.com/es/prod/notebook/notebook-dell-15-dc15250-intel-core-i7-1355u-pantalla-full-hd-15-6-16gb-de-ram-512gb-ssd-platinum-plata-ingles/54908/","https://cdn.visaovip.com/img/prod/notebook-dell-15-dc15250-intel-core-i7-1355u-pantalla-full-hd-156-16gb-de-ram-512gb-ssd-platinum-plata-ingles/54908/721390.jpg","Notebook Dell 15 DC15250 Intel Core i7 1355U Pantalla Full HD 15.6"" / 16GB de RAM / 512GB SSD - Platinum Plata (Inglés)","DELL","U$ 698,00","G$ 4.990.700","R$ 3.643,56","54908"
"https://www.visaovip.com/es/prod/notebook/notebook-asus-e510-ka-bq1202w-intel-celeron-n4500-pantalla-full-hd-15-6-4gb-de-ram-128gb-emmc-win11home-star-negro-ingles/55874/","https://cdn.visaovip.com/img/prod/notebook-asus-e510-ka-bq1202w-intel-celeron-n4500-pantalla-full-hd-156-4gb-de-ram-128gb-emmc-win11home-star-negro-ingles/55874/725551.jpg","Notebook ASUS E510 KA-BQ1202W Intel Celeron N4500 Pantalla Full HD 15.6"" / 4GB de RAM / 128GB eMMC / Win11Home - Star Negro (Inglés)","ASUS","U$ 225,00","G$ 1.608.750","R$ 1.174,50","55874"
"https://www.visaovip.com/es/prod/notebook/notebook-asus-vivobook-16-f1605va-ws96-intel-core-i9-13900h-pantalla-wuxga-16-0-16gb-de-ram-1tb-ssd-win11home-transparent-plata-ingles/54726/","https://cdn.visaovip.com/img/prod/notebook-asus-vivobook-16-f1605va-ws96-intel-core-i9-13900h-pantalla-wuxga-160-16gb-de-ram-1tb-ssd-win11home-transparent-plata-ingles/54726/720448.jpg","Notebook ASUS Vivobook 16 F1605VA-WS96 Intel Core i9 13900H Pantalla WUXGA 16.0"" / 16GB de RAM / 1TB SSD / Win11Home - Transparent Plata (Inglés)","ASUS","U$ 833,00","G$ 5.955.950","R$ 4.348,26","54726"
"https://www.visaovip.com/es/prod/notebook/notebook-hp-15-fd0133wm-intel-core-i3-n305-pantalla-full-hd-15-6-8gb-de-ram-256gb-ssd-win11home-plata-ingles/55295/","https://cdn.visaovip.com/img/prod/notebook-hp-15-fd0133wm-intel-core-i3-n305-pantalla-full-hd-156-8gb-de-ram-256gb-ssd-win11home-plata-ingles/55295/723152.jpg","Notebook HP 15-FD0133WM Intel Core i3 N305 Pantalla Full HD 15.6"" / 8GB de RAM / 256GB SSD / Win11Home - Plata (Inglés)","HP","U$ 415,00","G$ 2.967.250","R$ 2.166,30","55295"
"https://www.visaovip.com/es/prod/notebook/notebook-gamer-hp-victus-15-fa2309tx-intel-core-i7-13620h-pantalla-full-hd-15-6-24gb-de-ram-1tb-ssd-win11home-geforce-rtx5050-8gb-negro-ingles/59874/","https://cdn.visaovip.com/img/prod/notebook-gamer-hp-victus-15-fa2309tx-intel-core-i7-13620h-pantalla-full-hd-156-24gb-de-ram-1tb-ssd-win11home-geforce-rtx5050-8gb-negro-ingles/59874/742237.jpg","Notebook Gamer HP Victus 15-FA2309TX Intel Core i7 13620H Pantalla Full HD 15.6"" / 24GB de RAM / 1TB SSD / Win11Home / GeForce RTX5050 8GB - Negro (Inglés)","HP","U$ 1.290,00","G$ 9.223.500","R$ 6.733,80","59874"
"https://www.visaovip.com/es/prod/notebook/notebook-gamer-msi-vector-16-hx-ai-a2xwhg-285us-intel-core-ultra-7-255hx-pantalla-qhd-16-32gb-de-ram-1tb-ssd-win11home-geforce-rtx5070ti-12gb-cosmos-gris-ingles/59872/","https://cdn.visaovip.com/img/prod/notebook-gamer-msi-vector-16-hx-ai-a2xwhg-285us-intel-core-ultra-7-255hx-pantalla-qhd-16-32gb-de-ram-1tb-ssd-win11home-geforce-rtx5070ti-12gb-cosmos-gris-ingles/59872/742157.jpg","Notebook Gamer MSI Vector 16 HX AI A2XWHG-285US Intel Core Ultra 7 255HX Pantalla QHD+ 16"" / 32GB de RAM / 1TB SSD / Win11Home / GeForce RTX5070TI 12GB - Cosmos Gris (Inglés)","MSI","U$ 2.149,00","G$ 15.365.350","R$ 11.217,78","59872"
"https://www.visaovip.com/es/prod/notebook/notebook-gamer-acer-nitro-v-15-anv15-52-70sq-intel-core-7-240-pantalla-full-hd-15-6-16gb-de-ram-512gb-ssd-win11home-geforce-rtx4050-6gb-obsidian-negro-ingles/59870/","https://cdn.visaovip.com/img/prod/notebook-gamer-acer-nitro-v-15-anv15-52-70sq-intel-core-7-240-pantalla-full-hd-156-16gb-de-ram-512gb-ssd-win11home-geforce-rtx4050-6gb-obsidian-negro-ingles/59870/742100.jpg","Notebook Gamer Acer Nitro V 15 ANV15-52-70SQ Intel Core 7 240 Pantalla Full HD 15.6"" / 16GB de RAM / 512GB SSD / Win11Home / GeForce RTX4050 6GB - Obsidian Negro (Inglés)","ACER","U$ 1.197,00","G$ 8.558.550","R$ 6.248,34","59870"
"https://www.visaovip.com/es/prod/notebook/notebook-gamer-hp-victus-15-fb3113dx-amd-ryzen-5-7535hs-pantalla-full-hd-15-6-8gb-de-ram-512gb-ssd-win11home-geforce-rtx3050-6gb-negro-ingles/59869/","https://cdn.visaovip.com/img/prod/notebook-gamer-hp-victus-15-fb3113dx-amd-ryzen-5-7535hs-pantalla-full-hd-156-8gb-de-ram-512gb-ssd-win11home-geforce-rtx3050-6gb-negro-ingles/59869/742245.jpg","Notebook Gamer HP Victus 15-FB3113DX AMD Ryzen 5 7535HS Pantalla Full HD 15.6"" / 8GB de RAM / 512GB SSD / Win11Home / GeForce RTX3050 6GB - Negro (Inglés)","HP","U$ 939,00","G$ 6.713.850","R$ 4.901,58","59869"
"https://www.visaovip.com/es/prod/notebook/notebook-ftx-n14-c2564in-intel-celeron-n4020-pantalla-hd-14-4gb-de-ram-256gb-ssd-winhome-negro-ingles/59810/","https://cdn.visaovip.com/img/prod/notebook-ftx-n14-c2564in-intel-celeron-n4020-pantalla-hd-14-4gb-de-ram-256gb-ssd-winhome-negro-ingles/59810/741694.jpg","Notebook FTX N14-C2564IN Intel Celeron N4020 Pantalla HD 14"" / 4GB de RAM / 256GB SSD / WinHome - Negro (Inglés)","FTX","U$ 180,00","G$ 1.287.000","R$ 939,60","59810"
"https://www.visaovip.com/es/prod/notebook/notebook-gamer-rog-zephyrus-g16-gu605cp-g16-u95070-intel-core-ultra-9-285h-pantalla-oled-wqxga-16-0-16gb-de-ram-1tb-ssd-win11home-geforce-rtx5070-8gb-eclipse-gris-ingles/59778/","https://cdn.visaovip.com/img/prod/notebook-gamer-rog-zephyrus-g16-gu605cp-g16u95070-intel-core-ultra-9-285h-pantalla-oled-wqxga-160-16gb-de-ram-1tb-ssd-win11home-geforce-rtx5070-8gb-eclipse-gris-ingles/59778/741675.jpg","Notebook Gamer ROG Zephyrus G16 GU605CP-G16.U95070 Intel Core Ultra 9 285H Pantalla OLED WQXGA 16.0"" / 16GB de RAM / 1TB SSD / Win11Home / GeForce RTX5070 8GB - Eclipse Gris (Inglés)","ASUS","U$ 1.830,00","G$ 13.084.500","R$ 9.552,60","59778"
"https://www.visaovip.com/es/prod/notebook/notebook-hp-omnibook-x-flip-ai-16-cc0003dx-amd-ryzen-ai-5-430-pantalla-touch-2k-16-0-16gb-de-ram-512gb-ssd-win11-gris-ingles/59752/","https://cdn.visaovip.com/img/prod/notebook-hp-omnibook-x-flip-ai-16-cc0003dx-amd-ryzen-ai-5-430-pantalla-touch-2k-160-16gb-de-ram-512gb-ssd-win11-gris-ingles/59752/741443.jpg","Notebook HP Omnibook X Flip AI 16-CC0003DX AMD Ryzen AI 5 430 Pantalla Touch 2K 16.0"" / 16GB de RAM / 512GB SSD / Win11 - Gris (Inglés)","HP","U$ 1.205,00","G$ 8.615.750","R$ 6.290,10","59752"
"https://www.visaovip.com/es/prod/notebook/notebook-hp-omnibook-3-ai-15-fn0505nr-amd-ryzen-ai-5-340-pantalla-touch-full-hd-15-6-16gb-de-ram-512gb-ssd-win11home-plata-ingles/59750/","https://cdn.visaovip.com/img/prod/notebook-hp-omnibook-3-ai-15-fn0505nr-amd-ryzen-ai-5-340-pantalla-touch-full-hd-156-16gb-de-ram-512gb-ssd-win11home-plata-ingles/59750/741450.jpg","Notebook HP Omnibook 3 AI 15-FN0505NR AMD Ryzen AI 5 340 Pantalla Touch Full HD 15.6"" / 16GB de RAM / 512GB SSD / Win11Home - Plata (Inglés)","HP","U$ 647,00","G$ 4.626.050","R$ 3.377,34","59750"
"https://www.visaovip.com/es/prod/notebook/notebook-gamer-asus-rog-strix-g-g615jhr-ds74-intel-core-i7-14650hx-pantalla-wuxga-16-0-16gb-de-ram-1tb-ssd-win11home-geforce-rtx5050-8gb-eclipse-gris-ingles/59711/","https://cdn.visaovip.com/img/prod/notebook-gamer-asus-rog-strix-g-g615jhr-ds74-intel-core-i7-14650hx-pantalla-wuxga-160-16gb-de-ram-1tb-ssd-win11home-geforce-rtx5050-8gb-eclipse-gris-ingles/59711/741076.jpg","Notebook Gamer ASUS ROG Strix G G615JHR-DS74 Intel Core i7 14650HX Pantalla WUXGA 16.0"" / 16GB de RAM / 1TB SSD / Win11Home / GeForce RTX5050 8GB - Eclipse Gris (Inglés)","ASUS","U$ 1.385,00","G$ 9.902.750","R$ 7.229,70","59711"
"https://www.visaovip.com/es/prod/notebook/notebook-gamer-asus-tuf-f16-fx607vu-ss53-intel-core-5-210h-pantalla-wuxga-16-16gb-de-ram-512gb-ssd-win11home-geforce-rtx4050-6gb-mecha-gris-ingles/59613/","https://cdn.visaovip.com/img/prod/notebook-gamer-asus-tuf-f16-fx607vu-ss53-intel-core-5-210h-pantalla-wuxga-16-16gb-de-ram-512gb-ssd-win11home-geforce-rtx4050-6gb-mecha-gris-ingles/59613/740830.jpg","Notebook Gamer ASUS TUF F16 FX607VU-SS53 Intel Core 5 210H Pantalla WUXGA 16"" / 16GB de RAM / 512GB SSD / Win11Home / GeForce RTX4050 6GB - Mecha Gris (Inglés)","ASUS","U$ 910,00","G$ 6.506.500","R$ 4.750,20","59613"
"https://www.visaovip.com/es/prod/notebook/notebook-asus-vivobook-x1504va-bq4178w-intel-core-5-120u-pantalla-full-hd-15-6-8gb-de-ram-512gb-ssd-win11home-quiet-azul-espanol/59576/","https://cdn.visaovip.com/img/prod/notebook-asus-vivobook-x1504va-bq4178w-intel-core-5-120u-pantalla-full-hd-156-8gb-de-ram-512gb-ssd-win11home-quiet-azul-espanol/59576/740839.jpg","Notebook ASUS Vivobook X1504VA-BQ4178W Intel Core 5 120U Pantalla Full HD 15.6"" / 8GB de RAM / 512GB SSD / Win11Home - Quiet Azul (Español)","ASUS","U$ 495,00","G$ 3.539.250","R$ 2.583,90","59576"
"https://www.visaovip.com/es/prod/notebook/notebook-hp-omnibook-3-ai-14-hz0005dx-snapdragon-x-x1-26-100-pantalla-touch-2k-14-0-16gb-de-ram-512gb-ssd-win11-plata-ingles/59546/","https://cdn.visaovip.com/img/prod/notebook-hp-omnibook-3-ai-14-hz0005dx-snapdragon-x-x1-26-100-pantalla-touch-2k-140-16gb-de-ram-512gb-ssd-win11-plata-ingles/59546/740721.jpg","Notebook HP Omnibook 3 AI 14-HZ0005DX Snapdragon X X1-26-100 Pantalla Touch 2K 14.0"" / 16GB de RAM / 512GB SSD / Win11 - Plata (Inglés)","HP","U$ 699,00","G$ 4.997.850","R$ 3.648,78","59546"
"https://www.visaovip.com/es/prod/notebook/notebook-gamer-msi-cyborg-a15-ai-b2hwekg-074us-amd-ryzen-7-260-pantalla-full-hd-15-6-16gb-de-ram-1tb-ssd-win11home-geforce-rtx5050-8gb-odyssey-gris-ingles/59529/","https://cdn.visaovip.com/img/prod/notebook-gamer-msi-cyborg-a15-ai-b2hwekg-074us-amd-ryzen-7-260-pantalla-full-hd-156-16gb-de-ram-1tb-ssd-win11home-geforce-rtx5050-8gb-odyssey-gris-ingles/59529/740739.jpg","Notebook Gamer MSI Cyborg A15 AI B2HWEKG-074US AMD Ryzen 7 260 Pantalla Full HD 15.6"" / 16GB de RAM / 1TB SSD / Win11Home / GeForce RTX5050 8GB - Odyssey Gris (Inglés)","MSI","U$ 1.115,00","G$ 7.972.250","R$ 5.820,30","59529"
"https://www.visaovip.com/es/prod/notebook/notebook-dell-15-dc15250-intel-core-i7-1355u-pantalla-full-hd-15-6-8gb-de-ram-512gb-ssd-win11home-negro-ingles/59460/","https://cdn.visaovip.com/img/prod/notebook-dell-15-dc15250-intel-core-i7-1355u-pantalla-full-hd-156-8gb-de-ram-512gb-ssd-win11home-negro-ingles/59460/740425.gif","Notebook Dell 15 DC15250 Intel Core i7 1355U Pantalla Full HD 15.6"" / 8GB de RAM / 512GB SSD / Win11Home - Negro (Inglés)","DELL","U$ 625,00","G$ 4.468.750","R$ 3.262,50","59460"
"https://www.visaovip.com/es/prod/notebook/notebook-asus-vivobook-x1605va-mb2774w-intel-core-9-270h-pantalla-wuxga-16-0-16gb-de-ram-1tb-ssd-win11home-cool-plata-ingles/59456/","https://cdn.visaovip.com/img/prod/notebook-asus-vivobook-x1605va-mb2774w-intel-core-9-270h-pantalla-wuxga-160-16gb-de-ram-1tb-ssd-win11home-cool-plata-ingles/59456/740369.jpg","Notebook ASUS Vivobook X1605VA-MB2774W Intel Core 9 270H Pantalla WUXGA 16.0"" / 16GB de RAM / 1TB SSD / Win11Home - Cool Plata (Inglés)","ASUS","U$ 979,00","G$ 6.999.850","R$ 5.110,38","59456"
"https://www.visaovip.com/es/prod/notebook/notebook-asus-vivobook-x1504va-bq5312w-intel-core-7-150u-pantalla-full-hd-15-6-16gb-de-ram-512gb-ssd-win11home-quiet-azul-ingles/59454/","https://cdn.visaovip.com/img/prod/notebook-asus-vivobook-x1504va-bq5312w-intel-core-7-150u-pantalla-full-hd-156-16gb-de-ram-512gb-ssd-win11home-quiet-azul-ingles/59454/740456.jpg","Notebook ASUS Vivobook X1504VA-BQ5312W Intel Core 7 150U Pantalla Full HD 15.6"" / 16GB de RAM / 512GB SSD / Win11Home - Quiet Azul (Inglés)","ASUS","U$ 663,00","G$ 4.740.450","R$ 3.460,86","59454"
"https://www.visaovip.com/es/prod/notebook/notebook-gamer-asus-v16-v3607vp-is79-intel-core-7-240h-pantalla-wuxga-16-0-32gb-de-ram-1tb-ssd-win11home-geforce-rtx5070-8gb-matte-negro-ingles/59428/","https://cdn.visaovip.com/img/prod/notebook-gamer-asus-v16-v3607vp-is79-intel-core-7-240h-pantalla-wuxga-160-32gb-de-ram-1tb-ssd-win11home-geforce-rtx5070-8gb-matte-negro-ingles/59428/740684.jpg","Notebook Gamer ASUS V16 V3607VP-IS79 Intel Core 7 240H Pantalla WUXGA 16.0"" / 32GB de RAM / 1TB SSD / Win11Home / GeForce RTX5070 8GB - Matte Negro (Inglés)","ASUS","U$ 1.525,00","G$ 10.903.750","R$ 7.960,50","59428"
"https://www.visaovip.com/es/prod/notebook/notebook-asus-zenbook-14-um3406ga-qd028w-amd-ryzen-ai-7-445-pantalla-oled-wuxga-14-0-16gb-de-ram-1tb-ssd-win11home-jade-negro-ingles/59427/","https://cdn.visaovip.com/img/prod/notebook-asus-zenbook-14-um3406ga-qd028w-amd-ryzen-ai-7-445-pantalla-oled-wuxga-140-16gb-de-ram-1tb-ssd-win11home-jade-negro-ingles/59427/740265.jpg","Notebook ASUS Zenbook 14 UM3406GA-QD028W AMD Ryzen AI 7 445 Pantalla OLED WUXGA 14.0"" / 16GB de RAM / 1TB SSD / Win11Home - Jade Negro (Inglés)","ASUS","U$ 1.049,00","G$ 7.500.350","R$ 5.475,78","59427"
"https://www.visaovip.com/es/prod/notebook/notebook-hp-14-cf2111wm-intel-celeron-n4120-pantalla-hd-14-0-4gb-de-ram-64gb-emmc-win11-azul-ingles/59426/","https://cdn.visaovip.com/img/prod/notebook-hp-14-cf2111wm-intel-celeron-n4120-pantalla-hd-140-4gb-de-ram-64gb-emmc-win11-azul-ingles/59426/740844.jpg","Notebook HP 14-CF2111WM Intel Celeron N4120 Pantalla HD 14.0"" / 4GB de RAM / 64GB eMMC / Win11 - Azul (Inglés)","HP","U$ 220,00","G$ 1.573.000","R$ 1.148,40","59426"
"https://www.visaovip.com/es/prod/notebook/notebook-hp-17-cp3005dx-amd-ryzen-5-7430u-pantalla-full-hd-17-3-8gb-de-ram-512gb-ssd-win11-plata-ingles/59425/","https://cdn.visaovip.com/img/prod/notebook-hp-17-cp3005dx-amd-ryzen-5-7430u-pantalla-full-hd-173-8gb-de-ram-512gb-ssd-win11-plata-ingles/59425/740717.jpg","Notebook HP 17-CP3005DX AMD Ryzen 5 7430U Pantalla Full HD 17.3"" / 8GB de RAM / 512GB SSD / Win11 - Plata (Inglés)","HP","U$ 575,00","G$ 4.111.250","R$ 3.001,50","59425"
"https://www.visaovip.com/es/prod/notebook/notebook-hp-omnibook-17-dd003dx-intel-core-ultra-7-256v-pantalla-touch-full-hd-17-3-16gb-de-ram-512gb-ssd-win11home-plata-ingles/59382/","https://cdn.visaovip.com/img/prod/notebook-hp-omnibook-17-dd003dx-intel-core-ultra-7-256v-pantalla-touch-full-hd-173-16gb-de-ram-512gb-ssd-win11home-plata-ingles/59382/740242.jpg","Notebook HP Omnibook 17-DD003DX Intel Core Ultra 7 256V Pantalla Touch Full HD 17.3"" / 16GB de RAM / 512GB SSD / Win11Home - Plata (Inglés)","HP","U$ 1.149,00","G$ 8.215.350","R$ 5.997,78","59382"
"https://www.visaovip.com/es/prod/notebook/notebook-gamer-hp-omen-16-ap1003dx-amd-ryzen-7-8745hx-pantalla-oled-uwva-16-0-16gb-de-ram-512gb-ssd-win11home-geforce-rtx5060-8gb-negro-ingles/59376/","https://cdn.visaovip.com/img/prod/notebook-gamer-hp-omen-16-ap1003dx-amd-ryzen-7-8745hx-pantalla-oled-uwva-160-16gb-de-ram-512gb-ssd-win11home-geforce-rtx5060-8gb-negro-ingles/59376/740252.jpg","Notebook Gamer HP OMEN 16-AP1003DX AMD Ryzen 7 8745HX Pantalla OLED UWVA 16.0"" / 16GB de RAM / 512GB SSD / Win11Home / GeForce RTX5060 8GB - Negro (Inglés)","HP","U$ 1.749,00","G$ 12.505.350","R$ 9.129,78","59376"
"https://www.visaovip.com/es/prod/notebook/notebook-gamer-alienware-16x-aurora-lac16251-9300blu-pus-intel-core-ultra-9-290hx-plus-pantalla-wqxga-16-0-16gb-de-ram-1tb-ssd-win11home-geforce-rtx5070-8gb-azul-ingles/59371/","https://cdn.visaovip.com/img/prod/notebook-gamer-alienware-16x-aurora-lac16251-9300blu-pus-intel-core-ultra-9-290hx-plus-pantalla-wqxga-160-16gb-de-ram-1tb-ssd-win11home-geforce-rtx5070-8gb-azul-ingles/59371/740138.jpg","Notebook Gamer Alienware 16X Aurora LAC16251-9300BLU-PUS Intel Core Ultra 9 290HX Plus Pantalla WQXGA 16.0"" / 16GB de RAM / 1TB SSD / Win11Home / GeForce RTX5070 8GB - Azul (Inglés)","DELL","U$ 2.599,00","G$ 18.582.850","R$ 13.566,78","59371"
"https://www.visaovip.com/es/prod/notebook/notebook-gamer-rog-zephyrus-g16-gu606ar-zp-g16-97t-intel-core-ultra-9-386h-pantalla-oled-wqxga-16-0-16gb-de-ram-1tb-ssd-win11home-geforce-rtx5070ti-12gb-eclipse-gris-ingles/59369/","https://cdn.visaovip.com/img/prod/notebook-gamer-rog-zephyrus-g16-gu606ar-zpg1697t-intel-core-ultra-9-386h-pantalla-oled-wqxga-160-16gb-de-ram-1tb-ssd-win11home-geforce-rtx5070ti-12gb-eclipse-gris-ingles/59369/740244.jpg","Notebook Gamer ROG Zephyrus G16 GU606AR-ZP/G16_97T Intel Core Ultra 9 386H Pantalla OLED WQXGA 16.0"" / 16GB de RAM / 1TB SSD / Win11Home / GeForce RTX5070TI 12GB - Eclipse Gris (Inglés)","ASUS","U$ 3.935,00","G$ 28.135.250","R$ 20.540,70","59369"
"https://www.visaovip.com/es/prod/notebook/notebook-hp-probook-mt31-intel-celeron-3867u-pantalla-wxga-13-3-4gb-de-ram-128gb-ssd-plata-ingles-recondicionado/59363/","https://cdn.visaovip.com/img/prod/notebook-hp-probook-mt31-intel-celeron-3867u-pantalla-wxga-133-4gb-de-ram-128gb-ssd-plata-ingles-recondicionado/59363/740489.jpg","Notebook HP Probook MT31 Intel Celeron 3867U Pantalla WXGA 13.3"" / 4GB de RAM / 128GB SSD - Plata (Inglés) (Recondicionado)","HP","U$ 155,00","G$ 1.108.250","R$ 809,10","59363"
"https://www.visaovip.com/es/prod/notebook/notebook-hp-elite-dragonfly-g3-intel-core-i5-1245u-pantalla-touch-wuxga-13-5-16gb-de-ram-256gb-ssd-azul-ingles-recondicionado/59336/","https://cdn.visaovip.com/img/prod/notebook-hp-elite-dragonfly-g3-intel-core-i5-1245u-pantalla-touch-wuxga-135-16gb-de-ram-256gb-ssd-azul-ingles-recondicionado/59336/740449.jpg","Notebook HP Elite Dragonfly G3 Intel Core i5 1245U Pantalla Touch WUXGA 13.5"" / 16GB de RAM / 256GB SSD - Azul (Inglés) (Recondicionado)","HP","U$ 460,00","G$ 3.289.000","R$ 2.401,20","59336"
"https://www.visaovip.com/es/prod/notebook/notebook-hp-probook-430-g7-intel-core-i3-10110u-pantalla-full-hd-13-3-8gb-de-ram-256gb-ssd-plata-ingles-recondicionado/59284/","https://cdn.visaovip.com/img/prod/notebook-hp-probook-430-g7-intel-core-i3-10110u-pantalla-full-hd-133-8gb-de-ram-256gb-ssd-plata-ingles-recondicionado/59284/739929.jpg","Notebook HP Probook 430 G7 Intel Core i3 10110U Pantalla Full HD 13.3"" / 8GB de RAM / 256GB SSD - Plata (Inglés) (Recondicionado)","HP","U$ 209,00","G$ 1.494.350","R$ 1.090,98","59284"
"https://www.visaovip.com/es/prod/notebook/notebook-hp-zbook-firefly-14-g8-intel-core-i5-1145g7-pantalla-full-hd-14-16gb-de-ram-256gb-ssd-gris-ingles-recondicionado/59280/","https://cdn.visaovip.com/img/prod/notebook-hp-zbook-firefly-14-g8-intel-core-i5-1145g7-pantalla-full-hd-14-16gb-de-ram-256gb-ssd-gris-ingles-recondicionado/59280/739937.jpg","Notebook HP Zbook Firefly 14 G8 Intel Core i5 1145G7 Pantalla Full HD 14"" / 16GB de RAM / 256GB SSD - Gris (Inglés) (Recondicionado)","HP","U$ 349,00","G$ 2.495.350","R$ 1.821,78","59280"
"https://www.visaovip.com/es/prod/notebook/notebook-hp-elitebook-645-g9-amd-ryzen-5-pro-5675u-pantalla-full-hd-14-8gb-de-ram-256gb-ssd-plata-ingles-recondicionado/59278/","https://cdn.visaovip.com/img/prod/notebook-hp-elitebook-645-g9-amd-ryzen-5-pro-5675u-pantalla-full-hd-14-8gb-de-ram-256gb-ssd-plata-ingles-recondicionado/59278/739924.jpg","Notebook HP Elitebook 645 G9 AMD Ryzen 5 Pro 5675U Pantalla Full HD 14"" / 8GB de RAM / 256GB SSD - Plata (Inglés) (Recondicionado)","HP","U$ 295,00","G$ 2.109.250","R$ 1.539,90","59278"
"https://www.visaovip.com/es/prod/notebook/notebook-lenovo-thinkpad-l13-yoga-intel-core-i5-10210u-pantalla-touch-full-hd-13-3-16gb-de-ram-256gb-ssd-gris-ingles-recondicionado/59274/","https://cdn.visaovip.com/img/prod/notebook-lenovo-thinkpad-l13-yoga-intel-core-i5-10210u-pantalla-touch-full-hd-133-16gb-de-ram-256gb-ssd-gris-ingles-recondicionado/59274/739987.jpg","Notebook Lenovo ThinkPad L13 Yoga Intel Core i5 10210U Pantalla Touch Full HD 13.3"" / 16GB de RAM / 256GB SSD - Gris (Inglés) (Recondicionado)","LENOVO","U$ 305,00","G$ 2.180.750","R$ 1.592,10","59274"
"https://www.visaovip.com/es/prod/notebook/notebook-lenovo-ideapad-slim-3-15ahp10-amd-ryzen-7-8840hs-pantalla-touch-wuxga-15-3-16gb-de-ram-512gb-ssd-win11home-83ka000qus-ingles/59212/","https://cdn.visaovip.com/img/prod/notebook-lenovo-ideapad-slim-3-15ahp10-amd-ryzen-7-8840hs-pantalla-touch-wuxga-153-16gb-de-ram-512gb-ssd-win11home-83ka000qus-ingles/59212/739263.jpg","Notebook Lenovo IdeaPad Slim 3 15AHP10 AMD Ryzen 7 8840HS Pantalla Touch WUXGA 15.3"" / 16GB de RAM / 512GB SSD / Win11Home (83KA000QUS) (Inglés)","LENOVO","U$ 645,00","G$ 4.611.750","R$ 3.366,90","59212"
"https://www.visaovip.com/es/prod/notebook/notebook-dell-16-ldc16255-amd-ryzen-7-250-pantalla-full-hd-16-16gb-de-ram-512gb-ssd-win11home-carbon-negro-ingles/59205/","https://cdn.visaovip.com/img/prod/notebook-dell-16-ldc16255-amd-ryzen-7-250-pantalla-full-hd-16-16gb-de-ram-512gb-ssd-win11home-carbon-negro-ingles/59205/739271.jpg","Notebook Dell 16 LDC16255 AMD Ryzen 7 250 Pantalla Full HD+ 16"" / 16GB de RAM / 512GB SSD / Win11Home - Carbon Negro (Inglés)","DELL","U$ 665,00","G$ 4.754.750","R$ 3.471,30","59205"
"https://www.visaovip.com/es/prod/notebook/notebook-hp-omnibook-3-ai-17-df0575cl-intel-core-ultra-7-355-pantalla-touch-full-hd-17-3-16gb-de-ram-1tb-ssd-win11home-negro-ingles/59090/","https://cdn.visaovip.com/img/prod/notebook-hp-omnibook-3-ai-17-df0575cl-intel-core-ultra-7-355-pantalla-touch-full-hd-173-16gb-de-ram-1tb-ssd-win11home-negro-ingles/59090/738735.jpg","Notebook HP Omnibook 3 AI 17-DF0575CL Intel Core Ultra 7 355 Pantalla Touch Full HD 17.3"" / 16GB de RAM / 1TB SSD / Win11Home - Negro (Inglés)","HP","U$ 1.105,00","G$ 7.900.750","R$ 5.768,10","59090"
"https://www.visaovip.com/es/prod/notebook/notebook-asus-zenbook-14-um3406ka-qd092w-amd-ryzen-ai-7-350-pantalla-oled-wuxga-14-0-16gb-de-ram-1tb-ssd-win11home-jade-negro-ingles/59055/","https://cdn.visaovip.com/img/prod/notebook-asus-zenbook-14-um3406ka-qd092w-amd-ryzen-ai-7-350-pantalla-oled-wuxga-140-16gb-de-ram-1tb-ssd-win11home-jade-negro-ingles/59055/738583.jpg","Notebook ASUS Zenbook 14 UM3406KA-QD092W AMD Ryzen AI 7 350 Pantalla OLED WUXGA 14.0"" / 16GB de RAM / 1TB SSD / Win11Home - Jade Negro (Inglés)","ASUS","U$ 1.039,00","G$ 7.428.850","R$ 5.423,58","59055"
"https://www.visaovip.com/es/prod/notebook/notebook-hp-omnibook-x-ai-14-ka0095cl-intel-core-ultra-9-386h-pantalla-touch-oled-3k-uwva-14-0-32gb-de-ram-1tb-ssd-win11home-plata-ingles/59043/","https://cdn.visaovip.com/img/prod/notebook-hp-omnibook-x-ai-14-ka0095cl-intel-core-ultra-9-386h-pantalla-touch-oled-3k-uwva-140-32gb-de-ram-1tb-ssd-win11home-plata-ingles/59043/738487.jpg","Notebook HP Omnibook X AI 14-KA0095CL Intel Core Ultra 9 386H Pantalla Touch OLED 3K UWVA 14.0"" / 32GB de RAM / 1TB SSD / Win11Home - Plata (Inglés)","HP","U$ 2.025,00","G$ 14.478.750","R$ 10.570,50","59043"
"https://www.visaovip.com/es/prod/notebook/notebook-hp-omnibook-x-ai-17-dd0057nr-intel-core-ultra-7-256v-pantalla-touch-full-hd-17-3-16gb-de-ram-1tb-ssd-win11home-geforce-rtx4050-8gb-plata-ingles/59042/","https://cdn.visaovip.com/img/prod/notebook-hp-omnibook-x-ai-17-dd0057nr-intel-core-ultra-7-256v-pantalla-touch-full-hd-173-16gb-de-ram-1tb-ssd-win11home-geforce-rtx4050-8gb-plata-ingles/59042/738482.jpg","Notebook HP Omnibook X AI 17-DD0057NR Intel Core Ultra 7 256V Pantalla Touch Full HD 17.3"" / 16GB de RAM / 1TB SSD / Win11Home / GeForce RTX4050 8GB - Plata (Inglés)","HP","U$ 1.135,00","G$ 8.115.250","R$ 5.924,70","59042"
"https://www.visaovip.com/es/prod/notebook/notebook-gamer-asus-tuf-a15-fa506ncq-hn013w-amd-ryzen-7-170-pantalla-full-hd-15-6-16gb-de-ram-512gb-ssd-win11home-geforce-rtx3050-4gb-graphite-negro-ingles/59037/","https://cdn.visaovip.com/img/prod/notebook-gamer-asus-tuf-a15-fa506ncq-hn013w-amd-ryzen-7-170-pantalla-full-hd-156-16gb-de-ram-512gb-ssd-win11home-geforce-rtx3050-4gb-graphite-negro-ingles/59037/738512.jpg","Notebook Gamer ASUS TUF A15 FA506NCQ-HN013W AMD Ryzen 7 170 Pantalla Full HD 15.6"" / 16GB de RAM / 512GB SSD / Win11Home / GeForce RTX3050 4GB - Graphite Negro (Inglés)","ASUS","U$ 775,00","G$ 5.541.250","R$ 4.045,50","59037"
"https://www.visaovip.com/es/prod/notebook/notebook-gamer-asus-tuf-a15-fa506ncq-hn013w-amd-ryzen-7-170-pantalla-full-hd-15-6-16gb-de-ram-512gb-ssd-win11home-geforce-rtx3050-4gb-graphite-negro-espanol/59036/","https://cdn.visaovip.com/img/prod/notebook-gamer-asus-tuf-a15-fa506ncq-hn013w-amd-ryzen-7-170-pantalla-full-hd-156-16gb-de-ram-512gb-ssd-win11home-geforce-rtx3050-4gb-graphite-negro-espanol/59036/738516.jpg","Notebook Gamer ASUS TUF A15 FA506NCQ-HN013W AMD Ryzen 7 170 Pantalla Full HD 15.6"" / 16GB de RAM / 512GB SSD / Win11Home / GeForce RTX3050 4GB - Graphite Negro (Español)","ASUS","U$ 775,00","G$ 5.541.250","R$ 4.045,50","59036"
"https://www.visaovip.com/es/prod/notebook/notebook-lenovo-v15-iru-intel-core-i3-1315u-pantalla-full-hd-15-6-16gb-de-ram-512gb-ssd-win11home-business-negro-83a100pbus-ingles/59032/","https://cdn.visaovip.com/img/prod/notebook-lenovo-v15-iru-intel-core-i3-1315u-pantalla-full-hd-156-16gb-de-ram-512gb-ssd-win11home-business-negro-83a100pbus-ingles/59032/738455.jpg","Notebook Lenovo V15 IRU Intel Core i3 1315U Pantalla Full HD 15.6"" / 16GB de RAM / 512GB SSD / Win11Home - Business Negro (83A100PBUS) (Inglés)","LENOVO","U$ 475,00","G$ 3.396.250","R$ 2.479,50","59032"
"https://www.visaovip.com/es/prod/notebook/notebook-hp-omnibook-x-flip-ai-16-cb0043dx-intel-core-ultra-9-386h-pantalla-touch-3k-16-0-32gb-de-ram-1tb-ssd-win11home-negro-ingles/58942/","https://cdn.visaovip.com/img/prod/notebook-hp-omnibook-x-flip-ai-16-cb0043dx-intel-core-ultra-9-386h-pantalla-touch-3k-160-32gb-de-ram-1tb-ssd-win11home-negro-ingles/58942/738011.jpg","Notebook HP Omnibook X Flip AI 16-CB0043DX Intel Core Ultra 9 386H Pantalla Touch 3K 16.0"" / 32GB de RAM / 1TB SSD / Win11Home - Negro (Inglés)","HP","U$ 2.090,00","G$ 14.943.500","R$ 10.909,80","58942"
"https://www.visaovip.com/es/prod/notebook/notebook-hp-omnibook-x-flip-ai-16-cb0013dx-intel-core-ultra-5-325-pantalla-touch-2k-16-0-16gb-de-ram-512gb-ssd-win11home-negro-ingles/58941/","https://cdn.visaovip.com/img/prod/notebook-hp-omnibook-x-flip-ai-16-cb0013dx-intel-core-ultra-5-325-pantalla-touch-2k-160-16gb-de-ram-512gb-ssd-win11home-negro-ingles/58941/737998.jpg","Notebook HP Omnibook X Flip AI 16-CB0013DX Intel Core Ultra 5 325 Pantalla Touch 2K 16.0"" / 16GB de RAM / 512GB SSD / Win11Home - Negro (Inglés)","HP","U$ 1.175,00","G$ 8.401.250","R$ 6.133,50","58941"
"https://www.visaovip.com/es/prod/notebook/notebook-gamer-msi-crosshair-a16-hx-d8wfkg-090us-amd-ryzen-9-8940hx-pantalla-qhd-16-16gb-de-ram-1tb-ssd-win11home-geforce-rtx5060-8gb-cosmos-gris-ingles/58924/","https://cdn.visaovip.com/img/prod/notebook-gamer-msi-crosshair-a16-hx-d8wfkg-090us-amd-ryzen-9-8940hx-pantalla-qhd-16-16gb-de-ram-1tb-ssd-win11home-geforce-rtx5060-8gb-cosmos-gris-ingles/58924/737832.jpg","Notebook Gamer MSI Crosshair A16 HX D8WFKG-090US AMD Ryzen 9 8940HX Pantalla QHD+ 16"" / 16GB de RAM / 1TB SSD / Win11Home / GeForce RTX5060 8GB - Cosmos Gris (Inglés)","MSI","U$ 1.565,00","G$ 11.189.750","R$ 8.169,30","58924"
"https://www.visaovip.com/es/prod/notebook/notebook-hp-omnibook-x-flip-ai-14-kb0023dx-intel-core-ultra-7-355-pantalla-touch-2k-14-0-16gb-de-ram-1tb-ssd-win11home-gris-ingles/58858/","https://cdn.visaovip.com/img/prod/notebook-hp-omnibook-x-flip-ai-14-kb0023dx-intel-core-ultra-7-355-pantalla-touch-2k-140-16gb-de-ram-1tb-ssd-win11home-gris-ingles/58858/737574.jpg","Notebook HP Omnibook X Flip AI 14-KB0023DX Intel Core Ultra 7 355 Pantalla Touch 2K 14.0"" / 16GB de RAM / 1TB SSD / Win11Home - Gris (Inglés)","HP","U$ 1.699,00","G$ 12.147.850","R$ 8.868,78","58858"
"https://www.visaovip.com/es/prod/notebook/notebook-hp-15-fd0153wm-intel-core-i5-1334u-pantalla-full-hd-15-6-8gb-de-ram-512gb-ssd-win11-plata-ingles/58847/","https://cdn.visaovip.com/img/prod/notebook-hp-15-fd0153wm-intel-core-i5-1334u-pantalla-full-hd-156-8gb-de-ram-512gb-ssd-win11-plata-ingles/58847/737541.jpg","Notebook HP 15-FD0153WM Intel Core i5 1334U Pantalla Full HD 15.6"" / 8GB de RAM / 512GB SSD / Win11 - Plata (Inglés)","HP","U$ 510,00","G$ 3.646.500","R$ 2.662,20","58847"
"https://www.visaovip.com/es/prod/notebook/notebook-gamer-msi-thin-15-b13ve-3047us-intel-core-i7-13620h-pantalla-full-hd-15-6-16gb-de-ram-1tb-ssd-win11home-geforce-rtx4050-6gb-cosmos-gris-ingles/58828/","https://cdn.visaovip.com/img/prod/notebook-gamer-msi-thin-15-b13ve-3047us-intel-core-i7-13620h-pantalla-full-hd-156-16gb-de-ram-1tb-ssd-win11home-geforce-rtx4050-6gb-cosmos-gris-ingles/58828/737565.jpg","Notebook Gamer MSI Thin 15 B13VE-3047US Intel Core i7 13620H Pantalla Full HD 15.6"" / 16GB de RAM / 1TB SSD / Win11Home / GeForce RTX4050 6GB - Cosmos Gris (Inglés)","MSI","U$ 975,00","G$ 6.971.250","R$ 5.089,50","58828"
"https://www.visaovip.com/es/prod/notebook/notebook-lenovo-ideapad-slim-3-15iru8-intel-core-i5-1334u-pantalla-full-hd-15-6-8gb-de-ram-512gb-ssd-win11home-artic-gris-82x700edus-ingles/58825/","https://cdn.visaovip.com/img/prod/notebook-lenovo-ideapad-slim-3-15iru8-intel-core-i5-1334u-pantalla-full-hd-156-8gb-de-ram-512gb-ssd-win11home-artic-gris-82x700edus-ingles/58825/737862.jpg","Notebook Lenovo IdeaPad Slim 3 15IRU8 Intel Core i5 1334U Pantalla Full HD 15.6"" / 8GB de RAM / 512GB SSD / Win11Home - Artic Gris (82X700EDUS) (Inglés)","LENOVO","U$ 490,00","G$ 3.503.500","R$ 2.557,80","58825"
"https://www.visaovip.com/es/prod/notebook/notebook-acer-aspire-go-15-ag15-21p-r5yg-amd-ryzen-3-7320u-pantalla-full-hd-15-6-8gb-de-ram-128gb-ssd-win11home-pure-plata-ingles/58760/","https://cdn.visaovip.com/img/prod/notebook-acer-aspire-go-15-ag15-21p-r5yg-amd-ryzen-3-7320u-pantalla-full-hd-156-8gb-de-ram-128gb-ssd-win11home-pure-plata-ingles/58760/737213.jpg","Notebook Acer Aspire Go 15 AG15-21P-R5YG AMD Ryzen 3 7320U Pantalla Full HD 15.6"" / 8GB de RAM / 128GB SSD / Win11Home - Pure Plata (Inglés)","ACER","U$ 342,00","G$ 2.445.300","R$ 1.785,24","58760"
"https://www.visaovip.com/es/prod/notebook/notebook-gamer-acer-nitro-v-15-anv15-41-r93x-amd-ryzen-5-7535hs-pantalla-full-hd-15-6-8gb-de-ram-512gb-ssd-win11home-geforce-rtx3050-6gb-obsidian-negro-ingles/58628/","https://cdn.visaovip.com/img/prod/notebook-gamer-acer-nitro-v-15-anv15-41-r93x-amd-ryzen-5-7535hs-pantalla-full-hd-156-8gb-de-ram-512gb-ssd-win11home-geforce-rtx3050-6gb-obsidian-negro-ingles/58628/737113.jpg","Notebook Gamer Acer Nitro V 15 ANV15-41-R93X AMD Ryzen 5 7535HS Pantalla Full HD 15.6"" / 8GB de RAM / 512GB SSD / Win11Home / GeForce RTX3050 6GB - Obsidian Negro (Inglés)","ACER","U$ 864,00","G$ 6.177.600","R$ 4.510,08","58628"
"https://www.visaovip.com/es/prod/notebook/notebook-asus-vivobook-x1607qa-is56-snapdragon-x-pantalla-wuxga-16-0-16gb-de-ram-1tb-ssd-win11-cool-plata-ingles/58251/","https://cdn.visaovip.com/img/prod/notebook-asus-vivobook-x1607qa-is56-snapdragon-x-pantalla-wuxga-160-16gb-de-ram-1tb-ssd-win11-cool-plata-ingles/58251/734489.jpg","Notebook ASUS Vivobook X1607QA-IS56 Snapdragon X Pantalla WUXGA 16.0"" / 16GB de RAM / 1TB SSD / Win11 - Cool Plata (Inglés)","ASUS","U$ 579,00","G$ 4.139.850","R$ 3.022,38","58251"
"https://www.visaovip.com/es/prod/notebook/notebook-acer-aspire-go-15-ag15-72p-97rc-intel-core-i9-13900h-pantalla-fhd-ips-15-6-16gb-de-ram-512gb-ssd-win11-pure-plata-ingles-nx-jsdaa-001/58246/","https://cdn.visaovip.com/img/prod/notebook-acer-aspire-go-15-ag15-72p-97rc-intel-core-i9-13900h-pantalla-fhd-ips-156-16gb-de-ram-512gb-ssd-win11-pure-plata-ingles-nxjsdaa001/58246/734493.jpg","Notebook Acer Aspire Go 15 AG15-72P-97RC Intel Core i9 13900H Pantalla FHD IPS 15.6"" / 16GB de RAM / 512GB SSD / Win11 - Pure Plata (Inglés) (NX.JSDAA.001)","ACER","U$ 858,00","G$ 6.134.700","R$ 4.478,76","58246"
"https://www.visaovip.com/es/prod/notebook/notebook-hp-omnibook-3-ai-16-bz0010wm-snapdragon-x-x1-26-100-pantalla-2k-ips-16-0-16gb-de-ram-512gb-ssd-win11-negro-ingles-cq1m7ua-aba/58245/","https://cdn.visaovip.com/img/prod/notebook-hp-omnibook-3-ai-16-bz0010wm-snapdragon-x-x1-26-100-pantalla-2k-ips-160-16gb-de-ram-512gb-ssd-win11-negro-ingles-cq1m7uaaba/58245/734605.jpg","Notebook HP Omnibook 3 AI 16-BZ0010WM Snapdragon X X1-26-100 Pantalla 2K IPS 16.0"" / 16GB de RAM / 512GB SSD / Win11 - Negro (Inglés) (CQ1M7UA#ABA)","HP","U$ 524,00","G$ 3.746.600","R$ 2.735,28","58245"
"https://www.visaovip.com/es/prod/notebook/notebook-dell-15-ldc15250-7427blk-pus-intel-core-i7-1355u-pantalla-touch-full-hd-15-6-16gb-de-ram-512gb-ssd-win11-negro-ingles-4cdjw/58244/","https://cdn.visaovip.com/img/prod/notebook-dell-15-ldc15250-7427blk-pus-intel-core-i7-1355u-pantalla-touch-full-hd-156-16gb-de-ram-512gb-ssd-win11-negro-ingles-4cdjw/58244/734497.jpg","Notebook Dell 15 LDC15250-7427BLK-PUS Intel Core i7 1355U Pantalla Touch Full HD 15.6"" / 16GB de RAM / 512GB SSD / Win11 - Negro (Inglés) (4CDJW)","DELL","U$ 705,00","G$ 5.040.750","R$ 3.680,10","58244"
"https://www.visaovip.com/es/prod/notebook/notebook-acer-aspire-lite-al15-36p-32xp-intel-core-3-n350-pantalla-fhd-ips-15-6-8gb-de-ram-128gb-ssd-win11-light-plata-ingles-nx-de2aa-001/58102/","https://cdn.visaovip.com/img/prod/notebook-acer-aspire-lite-al15-36p-32xp-intel-core-3-n350-pantalla-fhd-ips-156-8gb-de-ram-128gb-ssd-win11-light-plata-ingles-nxde2aa001/58102/733696.jpg","Notebook Acer Aspire Lite AL15-36P-32XP Intel Core 3 N350 Pantalla FHD IPS 15.6"" / 8GB de RAM / 128GB SSD / Win11 - Light Plata (Inglés) (NX.DE2AA.001)","ACER","U$ 332,00","G$ 2.373.800","R$ 1.733,04","58102"
"https://www.visaovip.com/es/prod/notebook/notebook-lenovo-chromebook-300e-2nd-gen-intel-celeron-n4020-pantalla-tactil-hd-11-6-4gb-de-ram-32gb-emmc-chromeos-negro-gris-reacondicionado-ingles-netbook/58091/","https://cdn.visaovip.com/img/prod/notebook-lenovo-chromebook-300e-2nd-gen-intel-celeron-n4020-pantalla-tactil-hd-116-4gb-de-ram-32gb-emmc-chromeos-negro-gris-reacondicionado-ingles-netbook/58091/734646.jpg","Notebook Lenovo Chromebook 300E 2nd Gen Intel Celeron N4020 Pantalla Táctil HD 11.6"" / 4GB de RAM / 32GB eMMC / ChromeOS - Negro / Gris (Reacondicionado) (Inglés) (Netbook)","LENOVO","U$ 98,00","G$ 700.700","R$ 511,56","58091"
"https://www.visaovip.com/es/prod/notebook/notebook-lenovo-v14-g5-irl-intel-core-7-240h-pantalla-full-hd-14-0-16gb-de-ram-512gb-ssd-win11-negro-83hda06gus-ingles/58066/","https://cdn.visaovip.com/img/prod/notebook-lenovo-v14-g5-irl-intel-core-7-240h-pantalla-full-hd-140-16gb-de-ram-512gb-ssd-win11-negro-83hda06gus-ingles/58066/733279.jpg","Notebook Lenovo V14 G5 IRL Intel Core 7 240H Pantalla Full HD 14.0"" / 16GB de RAM / 512GB SSD / Win11 - Negro (83HDA06GUS) (Inglés)","LENOVO","U$ 639,00","G$ 4.568.850","R$ 3.335,58","58066"
"https://www.visaovip.com/es/prod/notebook/notebook-msi-modern-15-h-c2rmtg-401us-intel-core-9-270h-pantalla-touch-full-hd-15-6-32gb-de-ram-1tb-ssd-win11-classic-negro-ingles/58025/","https://cdn.visaovip.com/img/prod/notebook-msi-modern-15-h-c2rmtg-401us-intel-core-9-270h-pantalla-touch-full-hd-156-32gb-de-ram-1tb-ssd-win11-classic-negro-ingles/58025/733266.jpg","Notebook MSI Modern 15 H C2RMTG-401US Intel Core 9 270H Pantalla Touch Full HD 15.6"" / 32GB de RAM / 1TB SSD / Win11 - Classic Negro (Inglés)","MSI","U$ 978,00","G$ 6.992.700","R$ 5.105,16","58025"
"https://www.visaovip.com/es/prod/notebook/notebook-hp-omnibook-x-16-bg0013dx-intel-core-ultra-7-358h-pantalla-touch-oled-2k-16-0-32gb-de-ram-1tb-ssd-win11-gris-ingles/58022/","https://cdn.visaovip.com/img/prod/notebook-hp-omnibook-x-16-bg0013dx-intel-core-ultra-7-358h-pantalla-touch-oled-2k-160-32gb-de-ram-1tb-ssd-win11-gris-ingles/58022/733301.jpg","Notebook HP Omnibook X 16-BG0013DX Intel Core Ultra 7 358H Pantalla Touch OLED 2K 16.0"" / 32GB de RAM / 1TB SSD / Win11 - Gris (Inglés)","HP","U$ 2.185,00","G$ 15.622.750","R$ 11.405,70","58022"
"https://www.visaovip.com/es/prod/notebook/notebook-hp-15-fd2747nr-intel-core-ultra-7-255u-pantalla-touch-full-hd-15-6-16gb-de-ram-512gb-ssd-win11-plata-ingles/57896/","https://cdn.visaovip.com/img/prod/notebook-hp-15-fd2747nr-intel-core-ultra-7-255u-pantalla-touch-full-hd-156-16gb-de-ram-512gb-ssd-win11-plata-ingles/57896/732859.jpg","Notebook HP 15-FD2747NR Intel Core Ultra 7 255U Pantalla Touch Full HD 15.6"" / 16GB de RAM / 512GB SSD / Win11 - Plata (Inglés)","HP","U$ 713,00","G$ 5.097.950","R$ 3.721,86","57896"
"https://www.visaovip.com/es/prod/notebook/notebook-hp-omnibook-5-16-fb0027nr-snapdragon-x-pantalla-oled-2k-16-0-16gb-de-ram-512gb-ssd-win11-plata-ingles/57893/","https://cdn.visaovip.com/img/prod/notebook-hp-omnibook-5-16-fb0027nr-snapdragon-x-pantalla-oled-2k-160-16gb-de-ram-512gb-ssd-win11-plata-ingles/57893/732507.jpg","Notebook HP Omnibook 5 16-FB0027NR Snapdragon X Pantalla OLED 2K 16.0"" / 16GB de RAM / 512GB SSD / Win11 - Plata (Inglés)","HP","U$ 640,00","G$ 4.576.000","R$ 3.340,80","57893"
"https://www.visaovip.com/es/prod/notebook/notebook-gamer-msi-cyborg-17-b2rwfkg-067us-intel-core-9-270h-pantalla-full-hd-17-3-16gb-de-ram-1tb-ssd-geforce-rtx5060-8gb-win11-translucent-negro-ingles/57837/","https://cdn.visaovip.com/img/prod/notebook-gamer-msi-cyborg-17-b2rwfkg-067us-intel-core-9-270h-pantalla-full-hd-173-16gb-de-ram-1tb-ssd-geforce-rtx5060-8gb-win11-translucent-negro-ingles/57837/732673.jpg","Notebook Gamer MSI Cyborg 17 B2RWFKG-067US Intel Core 9 270H Pantalla Full HD 17.3"" / 16GB de RAM / 1TB SSD / GeForce RTX5060 8GB / Win11 - Translucent Negro (Inglês)","MSI","U$ 1.440,00","G$ 10.296.000","R$ 7.516,80","57837"
"https://www.visaovip.com/es/prod/notebook/notebook-msi-modern-15-h-c2rmtg-406us-intel-core-9-270h-pantalla-touch-full-hd-15-6-32gb-de-ram-1tb-ssd-win11home-classic-negro-ingles/57429/","https://cdn.visaovip.com/img/prod/notebook-msi-modern-15-h-c2rmtg-406us-intel-core-9-270h-pantalla-touch-full-hd-156-32gb-de-ram-1tb-ssd-win11home-classic-negro-ingles/57429/730787.jpg","Notebook MSI Modern 15 H C2RMTG-406US Intel Core 9 270H Pantalla Touch Full HD 15.6"" / 32GB de RAM / 1TB SSD / Win11Home - Classic Negro (Inglés)","MSI","U$ 960,00","G$ 6.864.000","R$ 5.011,20","57429"
"https://www.visaovip.com/es/prod/notebook/notebook-hp-15-fc0025wm-amd-ryzen-5-7520u-pantalla-touch-full-hd-15-6-8gb-de-ram-1tb-ssd-win11home-plata-ingles/57426/","https://cdn.visaovip.com/img/prod/notebook-hp-15-fc0025wm-amd-ryzen-5-7520u-pantalla-touch-full-hd-156-8gb-de-ram-1tb-ssd-win11home-plata-ingles/57426/730782.jpg","Notebook HP 15-FC0025WM AMD Ryzen 5 7520U Pantalla Touch Full HD 15.6"" / 8GB de RAM / 1TB SSD / Win11Home - Plata (Inglés)","HP","U$ 465,00","G$ 3.324.750","R$ 2.427,30","57426"
"https://www.visaovip.com/es/prod/notebook/notebook-acer-aspire-go-15-ag15-42p-r917-amd-ryzen-7-7730u-pantalla-full-hd-15-6-16gb-de-ram-512gb-ssd-win11home-pure-plata-ingles/57309/","https://cdn.visaovip.com/img/prod/notebook-acer-aspire-go-15-ag15-42p-r917-amd-ryzen-7-7730u-pantalla-full-hd-156-16gb-de-ram-512gb-ssd-win11home-pure-plata-ingles/57309/729653.jpg","Notebook Acer Aspire Go 15 AG15-42P-R917 AMD Ryzen 7 7730U Pantalla Full HD 15.6"" / 16GB de RAM / 512GB SSD / Win11Home - Pure Plata (Inglés)","ACER","U$ 543,00","G$ 3.882.450","R$ 2.834,46","57309"
"https://www.visaovip.com/es/prod/notebook/notebook-gamer-rog-strix-g18-g815jpr-is96-intel-core-i9-14900hx-pantalla-wuxga-18-0-32gb-de-ram-1tb-ssd-win11home-geforce-rtx5070-8gb-eclipse-gris-ingles/57308/","https://cdn.visaovip.com/img/prod/notebook-gamer-rog-strix-g18-g815jpr-is96-intel-core-i9-14900hx-pantalla-wuxga-180-32gb-de-ram-1tb-ssd-win11home-geforce-rtx5070-8gb-eclipse-gris-ingles/57308/729648.jpg","Notebook Gamer ROG Strix G18 G815JPR-IS96 Intel Core i9 14900HX Pantalla WUXGA 18.0"" / 32GB de RAM / 1TB SSD / Win11Home / GeForce RTX5070 8GB - Eclipse Gris (Inglés)","ASUS","U$ 2.190,00","G$ 15.658.500","R$ 11.431,80","57308"
"https://www.visaovip.com/es/prod/notebook/notebook-acer-aspire-16-ai-a16-61mt-r6pg-amd-ryzen-ai-9-365-pantalla-touch-wuxga-16-32gb-de-ram-1tb-ssd-win11home-steel-gris-ingles/57303/","https://cdn.visaovip.com/img/prod/notebook-acer-aspire-16-ai-a16-61mt-r6pg-amd-ryzen-ai-9-365-pantalla-touch-wuxga-16-32gb-de-ram-1tb-ssd-win11home-steel-gris-ingles/57303/730714.jpg","Notebook Acer Aspire 16 AI A16-61MT-R6PG AMD Ryzen AI 9 365 Pantalla Touch WUXGA 16"" / 32GB de RAM / 1TB SSD / Win11Home - Steel Gris (Inglés)","ACER","U$ 1.075,00","G$ 7.686.250","R$ 5.611,50","57303"
"https://www.visaovip.com/es/prod/notebook/notebook-hp-250rt-g9-intel-n150-pantalla-hd-15-6-8gb-de-ram-256gb-ssd-freedos-gris-oscuro-espanol/56997/","https://cdn.visaovip.com/img/prod/notebook-hp-250rt-g9-intel-n150-pantalla-hd-156-8gb-de-ram-256gb-ssd-freedos-gris-oscuro-espanol/56997/729012.jpg","Notebook HP 250RT G9 Intel N150 Pantalla HD 15.6"" / 8GB de RAM / 256GB SSD / FreeDOS - Gris Oscuro (Español)","HP","U$ 299,00","G$ 2.137.850","R$ 1.560,78","56997"
"https://www.visaovip.com/es/prod/notebook/notebook-ftx-n14-c256es-intel-celeron-n4020-pantalla-hd-14-4gb-de-ram-256gb-ssd-win11home-negro-espanol/56963/","https://cdn.visaovip.com/img/prod/notebook-ftx-n14-c256es-intel-celeron-n4020-pantalla-hd-14-4gb-de-ram-256gb-ssd-win11home-negro-espanol/56963/728544.jpg","Notebook FTX N14-C256ES Intel Celeron N4020 Pantalla HD 14"" / 4GB de RAM / 256GB SSD / Win11Home - Negro (Español)","FTX","U$ 180,00","G$ 1.287.000","R$ 939,60","56963"
"https://www.visaovip.com/es/prod/notebook/notebook-asus-vivobook-f1504vap-ih79t-intel-core-7-150u-pantalla-touch-full-hd-15-6-16gb-de-ram-1tb-ssd-win11home-cool-plata-ingles/56731/","https://cdn.visaovip.com/img/prod/notebook-asus-vivobook-f1504vap-ih79t-intel-core-7-150u-pantalla-touch-full-hd-156-16gb-de-ram-1tb-ssd-win11home-cool-plata-ingles/56731/729296.jpg","Notebook ASUS VivoBook F1504VAP-IH79T Intel Core 7 150U Pantalla Touch Full HD 15.6"" / 16GB de RAM / 1TB SSD / Win11Home - Cool Plata (Inglés)","ASUS","U$ 735,00","G$ 5.255.250","R$ 3.836,70","56731"
"https://www.visaovip.com/es/prod/notebook/notebook-acer-aspire-go-15-ag15-42p-r3gm-amd-ryzen-7-7730u-pantalla-full-hd-15-6-32gb-de-ram-1tb-ssd-win11home-steel-gris-ingles/56645/","https://cdn.visaovip.com/img/prod/notebook-acer-aspire-go-15-ag15-42p-r3gm-amd-ryzen-7-7730u-pantalla-full-hd-156-32gb-de-ram-1tb-ssd-win11home-steel-gris-ingles/56645/728066.jpg","Notebook Acer Aspire Go 15 AG15-42P-R3GM AMD Ryzen 7 7730U Pantalla Full HD 15.6"" / 32GB de RAM / 1TB SSD / Win11Home - Steel Gris (Inglés)","ACER","U$ 788,00","G$ 5.634.200","R$ 4.113,36","56645"
"https://www.visaovip.com/es/prod/notebook/notebook-lenovo-v14-g4-iru-intel-core-i7-13620h-pantalla-full-hd-14-0-8gb-de-ram-256gb-ssd-win11home-business-negro-83a000pdus-ingles/56020/","https://cdn.visaovip.com/img/prod/notebook-lenovo-v14-g4-iru-intel-core-i7-13620h-pantalla-full-hd-140-8gb-de-ram-256gb-ssd-win11home-business-negro-83a000pdus-ingles/56020/726138.jpg","Notebook Lenovo V14 G4 IRU Intel Core i7 13620H Pantalla Full HD 14.0"" / 8GB de RAM / 256GB SSD / Win11Home - Business Negro (83A000PDUS) (Inglés)","LENOVO","U$ 549,00","G$ 3.925.350","R$ 2.865,78","56020"
"https://www.visaovip.com/es/prod/notebook/notebook-asus-e510-ka-bq1203w-intel-celeron-n4500-pantalla-full-hd-15-6-4gb-de-ram-128gb-emmc-star-negro-espanol/55873/","https://cdn.visaovip.com/img/prod/notebook-asus-e510-ka-bq1203w-intel-celeron-n4500-pantalla-full-hd-156-4gb-de-ram-128gb-emmc-star-negro-espanol/55873/725546.jpg","Notebook ASUS E510 KA-BQ1203W Intel Celeron N4500 Pantalla Full HD 15.6"" / 4GB de RAM / 128GB eMMC / Star Negro (Español)","ASUS","U$ 222,00","G$ 1.587.300","R$ 1.158,84","55873"
"https://www.visaovip.com/es/prod/notebook/notebook-asus-vivobook-s16-m3607ha-rp064w-amd-ryzen-9-270-pantalla-wuxga-16-0-16gb-de-ram-1tb-ssd-matte-gris-espanol/55601/","https://cdn.visaovip.com/img/prod/notebook-asus-vivobook-s16-m3607ha-rp064w-amd-ryzen-9-270-pantalla-wuxga-160-16gb-de-ram-1tb-ssd-matte-gris-espanol/55601/724409.jpg","Notebook ASUS Vivobook S16 M3607HA-RP064W AMD Ryzen 9 270 Pantalla WUXGA 16.0"" / 16GB de RAM / 1TB SSD - Matte Gris (Español)","ASUS","U$ 909,00","G$ 6.499.350","R$ 4.744,98","55601"
"https://www.visaovip.com/es/prod/notebook/notebook-asus-vivobook-s16-m3607ha-rp064w-amd-ryzen-9-270-pantalla-wuxga-16-0-16gb-de-ram-1tb-ssd-matte-gris-ingles/55600/","https://cdn.visaovip.com/img/prod/notebook-asus-vivobook-s16-m3607ha-rp064w-amd-ryzen-9-270-pantalla-wuxga-160-16gb-de-ram-1tb-ssd-matte-gris-ingles/55600/724414.jpg","Notebook ASUS Vivobook S16 M3607HA-RP064W AMD Ryzen 9 270 Pantalla WUXGA 16.0"" / 16GB de RAM / 1TB SSD - Matte Gris (Inglés)","ASUS","U$ 909,00","G$ 6.499.350","R$ 4.744,98","55600"
"https://www.visaovip.com/es/prod/notebook/notebook-dell-15-ldc15250-5315blk-pus-intel-core-i5-1334u-pantalla-touch-full-hd-15-6-16gb-de-ram-512gb-ssd-win11home-carbon-negro-ingles/55568/","https://cdn.visaovip.com/img/prod/notebook-dell-15-ldc15250-5315blk-pus-intel-core-i5-1334u-pantalla-touch-full-hd-156-16gb-de-ram-512gb-ssd-win11home-carbon-negro-ingles/55568/724303.jpg","Notebook Dell 15 LDC15250-5315BLK-PUS Intel Core i5 1334U Pantalla Touch Full HD 15.6"" / 16GB de RAM / 512GB SSD / Win11Home - Carbon Negro (Inglés)","DELL","U$ 583,00","G$ 4.168.450","R$ 3.043,26","55568"
"https://www.visaovip.com/es/prod/notebook/notebook-lenovo-ideapad-1-15amn7-amd-ryzen-5-7520u-pantalla-full-hd-15-6-8gb-de-ram-256gb-ssd-win11-abyss-azul-82vg00wxus-ingles/55549/","https://cdn.visaovip.com/img/prod/notebook-lenovo-ideapad-1-15amn7-amd-ryzen-5-7520u-pantalla-full-hd-156-8gb-de-ram-256gb-ssd-win11-abyss-azul-82vg00wxus-ingles/55549/724128.jpg","Notebook Lenovo IdeaPad 1 15AMN7 AMD Ryzen 5 7520U Pantalla Full HD 15.6"" / 8GB de RAM / 256GB SSD / Win11 - Abyss Azul (82VG00WXUS) (Inglés)","LENOVO","U$ 399,00","G$ 2.852.850","R$ 2.082,78","55549"
"https://www.visaovip.com/es/prod/notebook/notebook-lenovo-ideapad-5-2-en-1-14ial10-intel-core-ultra-5-225u-pantalla-touch-wuxga-14-0-8gb-de-ram-512gb-ssd-win11home-luna-gris-ingles/55434/","https://cdn.visaovip.com/img/prod/notebook-lenovo-ideapad-5-2-en-1-14ial10-intel-core-ultra-5-225u-pantalla-touch-wuxga-140-8gb-de-ram-512gb-ssd-win11home-luna-gris-ingles/55434/723642.jpg","Notebook Lenovo IdeaPad 5 2-en-1 14IAL10 Intel Core Ultra 5 225U Pantalla Touch WUXGA 14.0"" / 8GB de RAM / 512GB SSD / Win11Home - Luna Gris (Inglés)","LENOVO","U$ 549,00","G$ 3.925.350","R$ 2.865,78","55434"
"https://www.visaovip.com/es/prod/notebook/notebook-gamer-acer-nitro-v-15-anv15-52-73ja-intel-core-i7-13620h-pantalla-full-hd-15-6-16gb-de-ram-1tb-ssd-win11home-geforce-rtx5050-8gb-obsidian-negro-ingles/55353/","https://cdn.visaovip.com/img/prod/notebook-gamer-acer-nitro-v-15-anv15-52-73ja-intel-core-i7-13620h-pantalla-full-hd-156-16gb-de-ram-1tb-ssd-win11home-geforce-rtx5050-8gb-obsidian-negro-ingles/55353/723413.jpg","Notebook Gamer Acer Nitro V 15 ANV15-52-73JA Intel Core i7 13620H Pantalla Full HD 15.6"" / 16GB de RAM / 1TB SSD / Win11Home / GeForce RTX5050 8GB - Obsidian Negro (Inglés)","ACER","U$ 1.169,00","G$ 8.358.350","R$ 6.102,18","55353"
"https://www.visaovip.com/es/prod/notebook/notebook-gamer-msi-katana-15-hx-b14wek-001us-intel-core-i7-14650hx-pantalla-full-hd-15-6-16gb-de-ram-512gb-ssd-win11home-geforce-rtx5050-8gb-classic-negro-ingles/55336/","https://cdn.visaovip.com/img/prod/notebook-gamer-msi-katana-15-hx-b14wek-001us-intel-core-i7-14650hx-pantalla-full-hd-156-16gb-de-ram-512gb-ssd-win11home-geforce-rtx5050-8gb-classic-negro-ingles/55336/723303.jpg","Notebook Gamer MSI Katana 15 HX B14WEK-001US Intel Core i7 14650HX Pantalla Full HD 15.6"" / 16GB de RAM / 512GB SSD / Win11Home / GeForce RTX5050 8GB - Classic Negro (Inglés)","MSI","U$ 1.115,00","G$ 7.972.250","R$ 5.820,30","55336"
"https://www.visaovip.com/es/prod/notebook/notebook-hp-omnibook-3-ai-15-fn0105dx-amd-ryzen-ai-5-330-pantalla-touch-full-hd-15-6-16gb-de-ram-512gb-ssd-win11home-plata-ingles/55297/","https://cdn.visaovip.com/img/prod/notebook-hp-omnibook-3-ai-15-fn0105dx-amd-ryzen-ai-5-330-pantalla-touch-full-hd-156-16gb-de-ram-512gb-ssd-win11home-plata-ingles/55297/723081.jpg","Notebook HP Omnibook 3 AI 15-FN0105DX AMD Ryzen AI 5 330 Pantalla Touch Full HD 15.6"" / 16GB de RAM / 512GB SSD / Win11Home - Plata (Inglés)","HP","U$ 615,00","G$ 4.397.250","R$ 3.210,30","55297"
"https://www.visaovip.com/es/prod/notebook/notebook-gamer-alienware-16-aurora-lac16250-7469blu-pus-intel-core-7-240h-pantalla-2-5k-16-16gb-de-ram-1tb-ssd-win11home-geforce-rtx5060-8gb-azul-ingles/55291/","https://cdn.visaovip.com/img/prod/notebook-gamer-alienware-16-aurora-lac16250-7469blu-pus-intel-core-7-240h-pantalla-25k-16-16gb-de-ram-1tb-ssd-win11home-geforce-rtx5060-8gb-azul-ingles/55291/723091.jpg","Notebook Gamer Alienware 16 Aurora LAC16250-7469BLU-PUS Intel Core 7 240H Pantalla 2.5K 16"" / 16GB de RAM / 1TB SSD / Win11Home / GeForce RTX5060 8GB - Azul (Inglés)","ALIENWARE","U$ 1.499,00","G$ 10.717.850","R$ 7.824,78","55291"
"https://www.visaovip.com/es/prod/notebook/notebook-lenovo-v14-g4-iru-intel-core-i7-13620h-pantalla-full-hd-14-0-16gb-de-ram-512gb-ssd-business-negro-83a000pcus-ingles/55287/","https://cdn.visaovip.com/img/prod/notebook-lenovo-v14-g4-iru-intel-core-i7-13620h-pantalla-full-hd-140-16gb-de-ram-512gb-ssd-business-negro-83a000pcus-ingles/55287/723167.jpg","Notebook Lenovo V14 G4 IRU Intel Core i7 13620H Pantalla Full HD 14.0"" / 16GB de RAM / 512GB SSD - Business Negro (83A000PCUS) (Inglés)","LENOVO","U$ 643,00","G$ 4.597.450","R$ 3.356,46","55287"
"https://www.visaovip.com/es/prod/notebook/notebook-dell-15-ldc15250-5315blk-pus-intel-core-i5-1334u-pantalla-touch-full-hd-15-6-8gb-de-ram-512gb-ssd-win11home-carbon-negro-ingles/55194/","https://cdn.visaovip.com/img/prod/notebook-dell-15-ldc15250-5315blk-pus-intel-core-i5-1334u-pantalla-touch-full-hd-156-8gb-de-ram-512gb-ssd-win11home-carbon-negro-ingles/55194/722561.jpg","Notebook Dell 15 LDC15250-5315BLK-PUS Intel Core i5 1334U Pantalla Touch Full HD 15.6"" / 8GB de RAM / 512GB SSD / Win11Home - Carbon Negro (Inglés)","DELL","U$ 520,00","G$ 3.718.000","R$ 2.714,40","55194"
"https://www.visaovip.com/es/prod/notebook/notebook-gamer-acer-predator-helios-neo-16s-ai-phn16s-71-91aw-intel-core-ultra-9-275hx-pantalla-oled-16-16gb-de-ram-1tb-ssd-win11home-geforce-rtx5060-8gb-obsidian-negro-ingles/54148/","https://cdn.visaovip.com/img/prod/notebook-gamer-acer-predator-helios-neo-16s-ai-phn16s-71-91aw-intel-core-ultra-9-275hx-pantalla-oled-16-16gb-de-ram-1tb-ssd-win11home-geforce-rtx5060-8gb-obsidian-negro-ingles/54148/718089.jpg","Notebook Gamer Acer Predator Helios Neo 16S AI PHN16S-71-91AW Intel Core Ultra 9 275HX Pantalla OLED 16"" / 16GB de RAM / 1TB SSD / Win11Home / GeForce RTX5060 8GB - Obsidian Negro (Inglés)","ACER","U$ 1.508,00","G$ 10.782.200","R$ 7.871,76","54148"
"https://www.visaovip.com/es/prod/notebook/notebook-dell-15-dc15255-amd-ryzen-3-7320u-pantalla-full-hd-15-6-8gb-de-ram-512gb-ssd-win11home-carbon-negro-ingles/54053/","https://cdn.visaovip.com/img/prod/notebook-dell-15-dc15255-amd-ryzen-3-7320u-pantalla-full-hd-156-8gb-de-ram-512gb-ssd-win11home-carbon-negro-ingles/54053/717599.jpg","Notebook Dell 15 DC15255 AMD Ryzen 3 7320U Pantalla Full HD 15.6"" / 8GB de RAM / 512GB SSD / Win11Home - Carbon Negro (Inglés)","DELL","U$ 419,00","G$ 2.995.850","R$ 2.187,18","54053"
"https://www.visaovip.com/es/prod/notebook/notebook-asus-vivobook-14-x1404va-i512256-intel-core-i5-1334u-pantalla-fhd-14-0-12gb-de-ram-256gb-ssd-win11home-quiet-azul-ingles/52087/","https://cdn.visaovip.com/img/prod/notebook-asus-vivobook-14-x1404va-i512256-intel-core-i5-1334u-pantalla-fhd-140-12gb-de-ram-256gb-ssd-win11home-quiet-azul-ingles/52087/708996.jpg","Notebook ASUS Vivobook 14 X1404VA-I512256 Intel Core i5 1334U Pantalla FHD 14.0"" / 12GB de RAM / 256GB SSD / Win11Home - Quiet Azul (Inglés)","ASUS","U$ 459,00","G$ 3.281.850","R$ 2.395,98","52087"
"https://www.visaovip.com/es/prod/notebook/notebook-msi-prestige-16-ai-evo-b1mg-013us-intel-core-ultra-9-185h-pantalla-qhd-16-16gb-de-ram-1tb-ssd-win11home-stellar-gris-ingles/54415/","https://cdn.visaovip.com/img/prod/notebook-msi-prestige-16-ai-evo-b1mg-013us-intel-core-ultra-9-185h-pantalla-qhd-16-16gb-de-ram-1tb-ssd-win11home-stellar-gris-ingles/54415/719350.jpg","Notebook MSI Prestige 16 AI Evo B1MG-013US Intel Core Ultra 9 185H Pantalla QHD+ 16"" / 16GB de RAM / 1TB SSD / Win11Home - Stellar Gris (Inglés)","MSI","U$ 945,00","G$ 6.756.750","R$ 4.932,90","54415"
"https://www.visaovip.com/es/prod/notebook/notebook-hp-15-fd0113dx-intel-core-i3-n305-pantalla-hd-15-6-8gb-de-ram-128gb-ufs-win11home-plata-ingles/54268/","https://cdn.visaovip.com/img/prod/notebook-hp-15-fd0113dx-intel-core-i3-n305-pantalla-hd-156-8gb-de-ram-128gb-ufs-win11home-plata-ingles/54268/718633.jpg","Notebook HP 15-FD0113DX Intel Core i3 N305 Pantalla HD 15.6"" / 8GB de RAM / 128GB UFS / Win11Home - Plata (Inglés)","HP","U$ 367,00","G$ 2.624.050","R$ 1.915,74","54268"
"https://www.visaovip.com/es/prod/notebook/notebook-lenovo-ideapad-slim-3-15ian8-intel-core-i3-n305-pantalla-fhd-15-6-8gb-de-ram-128gb-ufs-win11home-arctic-gris-82xb00c2us-ingles/52912/","https://cdn.visaovip.com/img/prod/notebook-lenovo-ideapad-slim-3-15ian8-intel-core-i3-n305-pantalla-fhd-156-8gb-de-ram-128gb-ufs-win11home-arctic-gris-82xb00c2us-ingles/52912/713060.jpg","Notebook Lenovo IdeaPad Slim 3 15IAN8 Intel Core i3 N305 Pantalla FHD 15.6"" / 8GB de RAM / 128GB UFS / Win11Home - Arctic Gris (82XB00C2US) (Inglés)","LENOVO","U$ 345,00","G$ 2.466.750","R$ 1.800,90","52912"
"https://www.visaovip.com/es/prod/notebook/notebook-lenovo-ideapad-slim-3-15ian8-intel-core-i3-n305-pantalla-full-hd-15-6-8gb-de-ram-256gb-ssd-win11home-abyss-azul-82xb00bmus-ingles/54155/","https://cdn.visaovip.com/img/prod/notebook-lenovo-ideapad-slim-3-15ian8-intel-core-i3-n305-pantalla-full-hd-156-8gb-de-ram-256gb-ssd-win11home-abyss-azul-82xb00bmus-ingles/54155/718058.jpg","Notebook Lenovo IdeaPad Slim 3 15IAN8 Intel Core i3 N305 Pantalla Full HD 15.6"" / 8GB de RAM / 256GB SSD / Win11Home - Abyss Azul (82XB00BMUS) (Inglés)","LENOVO","U$ 408,00","G$ 2.917.200","R$ 2.129,76","54155"
"https://www.visaovip.com/es/prod/notebook/notebook-hp-15-fd0684nr-intel-core-5-120u-pantalla-full-hd-15-6-12gb-de-ram-512gb-ssd-win11-plata-ingles/54049/","https://cdn.visaovip.com/img/prod/notebook-hp-15-fd0684nr-intel-core-5-120u-pantalla-full-hd-156-12gb-de-ram-512gb-ssd-win11-plata-ingles/54049/717604.jpg","Notebook HP 15-FD0684NR Intel Core 5 120U Pantalla Full HD 15.6"" / 12GB de RAM / 512GB SSD / Win11 - Plata (Inglés)","HP","U$ 549,00","G$ 3.925.350","R$ 2.865,78","54049"
"https://www.visaovip.com/es/prod/notebook/notebook-dell-14-plus-ldb04250-7137blu-pus-intel-core-ultra-7-256v-pantalla-touch-full-hd-14-16gb-de-ram-1tb-ssd-win11home-ice-azul-ingles/54033/","https://cdn.visaovip.com/img/prod/notebook-dell-14-plus-ldb04250-7137blu-pus-intel-core-ultra-7-256v-pantalla-touch-full-hd-14-16gb-de-ram-1tb-ssd-win11home-ice-azul-ingles/54033/717534.jpg","Notebook Dell 14 Plus LDB04250-7137BLU-PUS Intel Core Ultra 7 256V Pantalla Touch Full HD+ 14"" / 16GB de RAM / 1TB SSD / Win11Home - Ice Azul (Inglés)","DELL","U$ 949,00","G$ 6.785.350","R$ 4.953,78","54033"
"https://www.visaovip.com/es/prod/notebook/notebook-gamer-alienware-16-aurora-lac16250-7568blu-pus-intel-core-7-240h-pantalla-2-5k-16-32gb-de-ram-1tb-ssd-win11home-geforce-rtx-5060-8gb-azul-ingles/53246/","https://cdn.visaovip.com/img/prod/notebook-gamer-alienware-16-aurora-lac16250-7568blu-pus-intel-core-7-240h-pantalla-25k-16-32gb-de-ram-1tb-ssd-win11home-geforce-rtx-5060-8gb-azul-ingles/53246/714497.jpg","Notebook Gamer Alienware 16 Aurora LAC16250-7568BLU-PUS Intel Core 7 240H Pantalla 2.5K 16"" / 32GB de RAM / 1TB SSD / Win11Home / GeForce RTX 5060 8GB - Azul (Inglés)","ALIENWARE","U$ 1.645,00","G$ 11.761.750","R$ 8.586,90","53246"
"https://www.visaovip.com/es/prod/notebook/notebook-hp-omnibook-5-16-ag1075cl-amd-ryzen-ai-7-350-pantalla-touch-2k-16-0-32gb-de-ram-1tb-ssd-plata-ingles/51939/","https://cdn.visaovip.com/img/prod/notebook-hp-omnibook-5-16-ag1075cl-amd-ryzen-ai-7-350-pantalla-touch-2k-160-32gb-de-ram-1tb-ssd-plata-ingles/51939/708390.jpg","Notebook HP Omnibook 5 16-AG1075CL AMD Ryzen AI 7 350 Pantalla Touch 2K 16.0"" / 32GB de RAM / 1TB SSD - Plata (Inglés)","HP","U$ 910,00","G$ 6.506.500","R$ 4.750,20","51939"
"https://www.visaovip.com/es/prod/notebook/notebook-gamer-rog-strix-g16-g615jmr-as74-intel-core-i7-14650hx-pantalla-wuxga-16-0-16gb-de-ram-1tb-ssd-geforce-rtx5060-8gb-eclipse-gris-ingles/53089/","https://cdn.visaovip.com/img/prod/notebook-gamer-rog-strix-g16-g615jmr-as74-intel-core-i7-14650hx-pantalla-wuxga-160-16gb-de-ram-1tb-ssd-geforce-rtx5060-8gb-eclipse-gris-ingles/53089/713910.jpg","Notebook Gamer ROG Strix G16 G615JMR-AS74 Intel Core i7 14650HX Pantalla WUXGA 16.0"" / 16GB de RAM / 1TB SSD / GeForce RTX5060 8GB - Eclipse Gris (Inglés)","ASUS","U$ 1.490,00","G$ 10.653.500","R$ 7.777,80","53089"
"https://www.visaovip.com/es/prod/notebook/notebook-hp-omnibook-x-flip-16-as0023dx-intel-core-ultra-7-256v-pantalla-touch-2k-16-0-16gb-de-ram-1tb-ssd-plata-ingles/52238/","https://cdn.visaovip.com/img/prod/notebook-hp-omnibook-x-flip-16-as0023dx-intel-core-ultra-7-256v-pantalla-touch-2k-160-16gb-de-ram-1tb-ssd-plata-ingles/52238/710159.jpg","Notebook HP Omnibook X Flip 16-AS0023DX Intel Core Ultra 7 256V Pantalla Touch 2K 16.0"" / 16GB de RAM / 1TB SSD - Plata (Inglés)","HP","U$ 905,00","G$ 6.470.750","R$ 4.724,10","52238"
"https://www.visaovip.com/es/prod/notebook/notebook-acer-aspire-14-ai-a14-52m-72fh-intel-core-ultra-7-256v-pantalla-wuxga-14-16gb-de-ram-1tb-ssd-win11home-steel-gris-ingles/52404/","https://cdn.visaovip.com/img/prod/notebook-acer-aspire-14-ai-a14-52m-72fh-intel-core-ultra-7-256v-pantalla-wuxga-14-16gb-de-ram-1tb-ssd-win11home-steel-gris-ingles/52404/710936.jpg","Notebook Acer Aspire 14 AI A14-52M-72FH Intel Core Ultra 7 256V Pantalla WUXGA 14"" / 16GB de RAM / 1TB SSD / Win11Home - Steel Gris (Inglés)","ACER","U$ 685,00","G$ 4.897.750","R$ 3.575,70","52404"
"https://www.visaovip.com/es/prod/notebook/notebook-gamer-hp-victus-15-fa2013dx-intel-core-i5-13420h-pantalla-fhd-15-6-8gb-de-ram-512gb-ssd-win11home-geforce-rtx3050-6gb-negro-ingles/52366/","https://cdn.visaovip.com/img/prod/notebook-gamer-hp-victus-15-fa2013dx-intel-core-i5-13420h-pantalla-fhd-156-8gb-de-ram-512gb-ssd-win11home-geforce-rtx3050-6gb-negro-ingles/52366/710795.jpg","Notebook Gamer HP Victus 15-FA2013DX Intel Core i5 13420H Pantalla FHD 15.6"" / 8GB de RAM / 512GB SSD / Win11Home / GeForce RTX3050 6GB - Negro (Inglés)","HP","U$ 675,00","G$ 4.826.250","R$ 3.523,50","52366"
"https://www.visaovip.com/es/prod/notebook/notebook-hp-15-fd0684nr-intel-core-i5-1334u-pantalla-fhd-15-6-12gb-de-ram-512gb-ssd-plata-ingles/52359/","https://cdn.visaovip.com/img/prod/notebook-hp-15-fd0684nr-intel-core-i5-1334u-pantalla-fhd-156-12gb-de-ram-512gb-ssd-plata-ingles/52359/710856.jpg","Notebook HP 15-FD0684NR Intel Core i5 1334U Pantalla FHD 15.6"" / 12GB de RAM / 512GB SSD - Plata (Inglés)","HP","U$ 549,00","G$ 3.925.350","R$ 2.865,78","52359"
"https://www.visaovip.com/es/prod/notebook/notebook-hp-chromebook-14a-ne1013dx-intel-celeron-n4500-pantalla-hd-14-4gb-de-ram-64gb-emmc-gris-ingles/52257/","https://cdn.visaovip.com/img/prod/notebook-hp-chromebook-14a-ne1013dx-intel-celeron-n4500-pantalla-hd-14-4gb-de-ram-64gb-emmc-gris-ingles/52257/710180.jpg","Notebook HP Chromebook 14A-NE1013DX Intel Celeron N4500 Pantalla HD 14"" / 4GB de RAM / 64GB eMMC - Gris (Inglés)","HP","U$ 210,00","G$ 1.501.500","R$ 1.096,20","52257"
"https://www.visaovip.com/es/prod/notebook/notebook-hp-15-fd0127dx-intel-core-7-150u-pantalla-touch-fhd-15-6-16gb-de-ram-512gb-ssd-win11home-plata-ingles/52226/","https://cdn.visaovip.com/img/prod/notebook-hp-15-fd0127dx-intel-core-7-150u-pantalla-touch-fhd-156-16gb-de-ram-512gb-ssd-win11home-plata-ingles/52226/710033.jpg","Notebook HP 15-FD0127DX Intel Core 7 150U Pantalla Touch FHD 15.6"" / 16GB de RAM / 512GB SSD / Win11Home - Plata (Inglés)","HP","U$ 668,00","G$ 4.776.200","R$ 3.486,96","52226"
"https://www.visaovip.com/es/prod/notebook/notebook-gamer-alienware-x16-r2-aw16r2-9517slv-pus-intel-core-ultra-9-185h-pantalla-qhd-16-32gb-de-ram-1tb-ssd-geforce-rtx4070-8gb-lunar-plata-ingles/51803/","https://cdn.visaovip.com/img/prod/notebook-gamer-alienware-x16-r2-aw16r2-9517slv-pus-intel-core-ultra-9-185h-pantalla-qhd-16-32gb-de-ram-1tb-ssd-geforce-rtx4070-8gb-lunar-plata-ingles/51803/707871.jpg","Notebook Gamer Alienware X16 R2 AW16R2-9517SLV-PUS Intel Core Ultra 9 185H Pantalla QHD+ 16"" / 32GB de RAM / 1TB SSD / GeForce RTX4070 8GB - Lunar Plata (Inglés)","DELL","U$ 1.779,00","G$ 12.719.850","R$ 9.286,38","51803"
"https://www.visaovip.com/es/prod/notebook/notebook-asus-vivobook-s-14-s5406sa-wh79-intel-core-ultra-7-258v-pantalla-oled-wuxga-14-0-32gb-de-ram-1tb-ssd-neutral-negro-ingles/50846/","https://cdn.visaovip.com/img/prod/notebook-asus-vivobook-s-14-s5406sa-wh79-intel-core-ultra-7-258v-pantalla-oled-wuxga-140-32gb-de-ram-1tb-ssd-neutral-negro-ingles/50846/703330.jpg","Notebook ASUS Vivobook S 14 S5406SA-WH79 Intel Core Ultra 7 258V Pantalla OLED WUXGA 14.0"" / 32GB de RAM / 1TB SSD - Neutral Negro (Inglés)","ASUS","U$ 915,00","G$ 6.542.250","R$ 4.776,30","50846"
"https://www.visaovip.com/es/prod/notebook/notebook-acer-chromebook-311-cboa311-1h-c90f-intel-celeron-n4500-pantalla-hd-11-6-4gb-de-ram-64gb-emmc-star-negro-netbook-ingles/50345/","https://cdn.visaovip.com/img/prod/notebook-acer-chromebook-311-cboa311-1h-c90f-intel-celeron-n4500-pantalla-hd-116-4gb-de-ram-64gb-emmc-star-negro-netbook-ingles/50345/701381.jpg","Notebook Acer Chromebook 311 CBOA311-1H-C90F Intel Celeron N4500 Pantalla HD 11.6"" / 4GB de RAM / 64GB eMMC - Star Negro (Netbook) (Inglés)","ACER","U$ 180,00","G$ 1.287.000","R$ 939,60","50345"
"https://www.visaovip.com/es/prod/notebook/notebook-asus-vivobook-s-14-m5406wa-ds76-amd-ryzen-ai-9-365-pantalla-oled-wq-14-0-24gb-de-ram-512gb-ssd-neutral-negro-ingles/50099/","https://cdn.visaovip.com/img/prod/notebook-asus-vivobook-s-14-m5406wa-ds76-amd-ryzen-ai-9-365-pantalla-oled-wq-140-24gb-de-ram-512gb-ssd-neutral-negro-ingles/50099/700243.jpg","Notebook ASUS Vivobook S 14 M5406WA-DS76 AMD Ryzen AI 9 365 Pantalla OLED WQ+ 14.0"" / 24GB de RAM / 512GB SSD - Neutral Negro (Inglés)","ASUS","U$ 1.167,00","G$ 8.344.050","R$ 6.091,74","50099"
"https://www.visaovip.com/es/prod/notebook/notebook-lenovo-yoga-slim-7-15ill9-intel-core-ultra-7-256v-pantalla-touch-2-8k-15-3-16gb-de-ram-1tb-ssd-luna-gris-83hm0000us-ingles/49370/","https://cdn.visaovip.com/img/prod/notebook-lenovo-yoga-slim-7-15ill9-intel-core-ultra-7-256v-pantalla-touch-28k-153-16gb-de-ram-1tb-ssd-luna-gris-83hm0000us-ingles/49370/694073.jpg","Notebook Lenovo Yoga Slim 7 15ILL9 Intel Core Ultra 7 256V Pantalla Touch 2.8K 15.3"" / 16GB de RAM / 1TB SSD - Luna Gris (83HM0000US) (Inglés)","LENOVO","U$ 1.149,00","G$ 8.215.350","R$ 5.997,78","49370"
"https://www.visaovip.com/es/prod/notebook/notebook-gamer-alienware-m16-r2-awm16r-9487blk-pus-intel-core-ultra-9-185h-pantalla-qhd-16-32gb-de-ram-1tb-ssd-geforce-rtx4070-8gb-metallic-moon-ingles/45705/","https://cdn.visaovip.com/img/prod/notebook-gamer-alienware-m16-r2-awm16r-9487blk-pus-intel-core-ultra-9-185h-pantalla-qhd-16-32gb-de-ram-1tb-ssd-geforce-rtx4070-8gb-metallic-moon-ingles/45705/646681.jpg","Notebook Gamer Alienware M16 R2 AWM16R-9487BLK-PUS Intel Core Ultra 9 185H Pantalla QHD+ 16"" / 32GB de RAM / 1TB SSD / GeForce RTX4070 8GB - Metallic Moon (Inglés)","ALIENWARE","U$ 1.779,00","G$ 12.719.850","R$ 9.286,38","45705"