[run-sync] Inicio 2026-05-02T04:02:12.827Z
[Visão mirror] Iniciando scrape espejo (puede tardar mucho)...
[Visão mirror] Filas de menú / listados: 97
[Visão mirror][LISTING] https://www.visaovip.com/es/busca/categoria/accesorios-para-hdssd/21-05 -> 0 URLs
[Visão mirror][LISTING] https://www.visaovip.com/es/busca/categoria/hd/21-02 -> 96 URLs
[Visão mirror][LISTING] https://www.visaovip.com/es/busca/categoria/pendrive/21-04 -> 52 URLs
[Visão mirror][LISTING] https://www.visaovip.com/es/busca/categoria/ssd/21-03 -> 172 URLs
[Visão mirror][LISTING] https://www.visaovip.com/es/busca/categoria/accesorios/19-14 -> 9 URLs
[Visão mirror][LISTING] https://www.visaovip.com/es/busca/categoria/headset/19-10 -> 4 URLs
[Visão mirror][LISTING] https://www.visaovip.com/es/busca/categoria/memorias/21-01 -> 359 URLs
[Visão mirror][LISTING] https://www.visaovip.com/es/busca/categoria/ipad/19-05 -> 6 URLs
[Visão mirror][LISTING] https://www.visaovip.com/es/busca/categoria/imac/19-01 -> 0 URLs
[Visão mirror][LISTING] https://www.visaovip.com/es/busca/categoria/macbook/19-02 -> 11 URLs
[Visão mirror][LISTING] https://www.visaovip.com/es/busca/categoria/iphone/19-04 -> 40 URLs
[Visão mirror][LISTING] https://www.visaovip.com/es/busca/categoria/mini-pc/19-03 -> 0 URLs
[Visão mirror][LISTING] https://www.visaovip.com/es/busca/categoria/mouse-y-mousepad/19-08 -> 1 URLs
[Visão mirror][LISTING] https://www.visaovip.com/es/busca/categoria/monitor/19-07 -> 0 URLs
[Visão mirror][LISTING] https://www.visaovip.com/es/busca/categoria/smartwatch/19-06 -> 6 URLs
[Visão mirror][LISTING] https://www.visaovip.com/es/busca/categoria/rastreador-y-gps/19-13 -> 2 URLs
[Visão mirror][LISTING] https://www.visaovip.com/es/busca/categoria/speaker-y-micro-system/19-12 -> 0 URLs
[Visão mirror][LISTING] https://www.visaovip.com/es/busca/categoria/streaming-de-medios/19-11 -> 0 URLs
[Visão mirror][LISTING] https://www.visaovip.com/es/busca/categoria/teclado/19-09 -> 5 URLs
[Visão mirror][LISTING] https://www.visaovip.com/es/busca/categoria/accesorios-para-celulares/32-04 -> 18 URLs
[Visão mirror][LISTING] https://www.visaovip.com/es/busca/categoria/tablets/32-02 -> 68 URLs
[Visão mirror][LISTING] https://www.visaovip.com/es/busca/categoria/telefonos/32-03 -> 9 URLs
[Visão mirror][LISTING] https://www.visaovip.com/es/busca/categoria/accesorios-para-cooler/25-06 -> 6 URLs
[Visão mirror][LISTING] https://www.visaovip.com/es/busca/categoria/cooler-para-cpu/25-02 -> 13 URLs
[Visão mirror][LISTING] https://www.visaovip.com/es/busca/categoria/cooler-para-gabinete/25-04 -> 18 URLs
[Visão mirror][LISTING] https://www.visaovip.com/es/busca/categoria/cooler-para-notebook/25-05 -> 13 URLs
[Visão mirror][LISTING] https://www.visaovip.com/es/busca/categoria/water-cooler/25-01 -> 40 URLs
[Visão mirror][LISTING] https://www.visaovip.com/es/busca/categoria/celulares/32-01 -> 145 URLs
[Visão mirror][LISTING] https://www.visaovip.com/es/busca/categoria/automatizacion-comercial/33-12 -> 51 URLs
[Visão mirror][LISTING] https://www.visaovip.com/es/busca/categoria/automotivos/33-09 -> 17 URLs
[Visão mirror][LISTING] https://www.visaovip.com/es/busca/categoria/deporte-y-actividad/33-07 -> 23 URLs
[Visão mirror][LISTING] https://www.visaovip.com/es/busca/categoria/audio/33-02 -> 155 URLs
[Visão mirror][LISTING] https://www.visaovip.com/es/busca/categoria/energia/33-05 -> 85 URLs
[Visão mirror][LISTING] https://www.visaovip.com/es/busca/categoria/fotografias/33-04 -> 25 URLs
[Visão mirror][LISTING] https://www.visaovip.com/es/busca/categoria/hogar-y-decoracion/33-08 -> 150 URLs
[Visão mirror][LISTING] https://www.visaovip.com/es/busca/categoria/monitoreo-y-seguridad/33-11 -> 143 URLs
[Visão mirror][LISTING] https://www.visaovip.com/es/busca/categoria/reloj-inteligente-y-accesorios/33-01 -> 122 URLs
[Visão mirror][LISTING] https://www.visaovip.com/es/busca/categoria/salud-y-belleza/33-06 -> 25 URLs
[Visão mirror][LISTING] https://www.visaovip.com/es/busca/categoria/tv-y-video/33-03 -> 141 URLs
[Visão mirror][LISTING] https://www.visaovip.com/es/busca/categoria/almacenamiento/21 -> 692 URLs
[Visão mirror][LISTING] https://www.visaovip.com/es/busca/categoria/apple/19 -> 84 URLs
[Visão mirror][LISTING] https://www.visaovip.com/es/busca/categoria/cartuchos-toners-y-cintas/29-02 -> 92 URLs
[Visão mirror][LISTING] https://www.visaovip.com/es/busca/categoria/celulares-y-tablets/32 -> 240 URLs
[Visão mirror][LISTING] https://www.visaovip.com/es/busca/categoria/cooler/25 -> 90 URLs
[Visão mirror][LISTING] https://www.visaovip.com/es/busca/categoria/electronicos/33 -> 1031 URLs
[Visão mirror][LISTING] https://www.visaovip.com/es/busca/categoria/escaner/29-03 -> 0 URLs
[Visão mirror][LISTING] https://www.visaovip.com/es/busca/categoria/fuente-de-alimentacion/26 -> 73 URLs
[Visão mirror][LISTING] https://www.visaovip.com/es/busca/categoria/gabinetes/28 -> 98 URLs
[Visão mirror][LISTING] https://www.visaovip.com/es/busca/categoria/impresoras/29-01 -> 64 URLs
[Visão mirror][LISTING] https://www.visaovip.com/es/busca/categoria/monitores/27 -> 91 URLs
[Visão mirror][LISTING] https://www.visaovip.com/es/busca/categoria/notebook-y-computadoras/20 -> 225 URLs
[Visão mirror][LISTING_RETRY] intento 1/3 falló en https://www.visaovip.com/es/busca/categoria/games/33-10: Runtime.callFunctionOn timed out. Increase the 'protocolTimeout' setting in launch/connect calls for a higher timeout if needed.
[Visão mirror][LISTING] https://www.visaovip.com/es/busca/categoria/games/33-10 -> 94 URLs
[Visão mirror][LISTING] https://www.visaovip.com/es/busca/categoria/placas-madres/22 -> 280 URLs
[Visão mirror][LISTING] https://www.visaovip.com/es/busca/categoria/procesadores/24 -> 140 URLs
[Visão mirror][LISTING] https://www.visaovip.com/es/busca/categoria/red-y-internet/31 -> 288 URLs
[Visão mirror][LISTING] https://www.visaovip.com/es/busca/categoria/tarjetas-graficas/23 -> 139 URLs
[Visão mirror][LISTING] https://www.visaovip.com/es/busca/categoria/computadoras/20-02 -> 3 URLs
[Visão mirror][LISTING] https://www.visaovip.com/es/busca/categoria/fuente-cargador-y-baterias-para-notebook/20-07 -> 3 URLs
[Visão mirror][LISTING] https://www.visaovip.com/es/busca/categoria/impresoras-y-suministros/29 -> 156 URLs
[Visão mirror][LISTING] https://www.visaovip.com/es/busca/categoria/mini-pc/20-05 -> 35 URLs
[Visão mirror][LISTING] https://www.visaovip.com/es/busca/categoria/notebook/20-03 -> 147 URLs
[Visão mirror][LISTING] https://www.visaovip.com/es/busca/categoria/pc-montado/20-06 -> 36 URLs
[Visão mirror][LISTING] https://www.visaovip.com/es/busca/categoria/accesorios-gamer/30-01 -> 20 URLs
[Visão mirror][LISTING] https://www.visaovip.com/es/busca/categoria/anteojos-de-proteccion/30-23 -> 1 URLs
[Visão mirror][LISTING] https://www.visaovip.com/es/busca/categoria/auriculares-y-accesorios/30-05 -> 234 URLs
[Visão mirror][LISTING] https://www.visaovip.com/es/busca/categoria/cables-y-adaptadores/30-09 -> 148 URLs
[Visão mirror][LISTING] https://www.visaovip.com/es/busca/categoria/filtro-de-linea-y-extension/30-11 -> 21 URLs
[Visão mirror][LISTING] https://www.visaovip.com/es/busca/categoria/gravadores-y-lectores-cd-dvd-blu-ray/30-12 -> 1 URLs
[Visão mirror][LISTING] https://www.visaovip.com/es/busca/categoria/limpieza-y-mantenimiento/30-21 -> 12 URLs
[Visão mirror][LISTING] https://www.visaovip.com/es/busca/categoria/mesa-de-diseno/30-17 -> 0 URLs
[Visão mirror][LISTING] https://www.visaovip.com/es/busca/categoria/microfono/30-07 -> 21 URLs
[Visão mirror][LISTING] https://www.visaovip.com/es/busca/categoria/mochilas-fundas-y-maletas/30-10 -> 30 URLs
[Visão mirror][LISTING] https://www.visaovip.com/es/busca/categoria/mouse/30-03 -> 111 URLs
[Visão mirror][LISTING] https://www.visaovip.com/es/busca/categoria/mousepad-y-teclado-pad/30-04 -> 22 URLs
[Visão mirror][LISTING] https://www.visaovip.com/es/busca/categoria/nobreak-ups-y-estabilizadores/30-14 -> 48 URLs
[Visão mirror][LISTING] https://www.visaovip.com/es/busca/categoria/placa-captura-de-video/30-18 -> 3 URLs
[Visão mirror][LISTING] https://www.visaovip.com/es/busca/categoria/placa-de-sonido/30-20 -> 2 URLs
[Visão mirror][LISTING] https://www.visaovip.com/es/busca/categoria/placa-pci/30-19 -> 9 URLs
[Visão mirror][LISTING] https://www.visaovip.com/es/busca/categoria/proyectores-y-accesorios/30-15 -> 26 URLs
[Visão mirror][LISTING] https://www.visaovip.com/es/busca/categoria/servidores/30-16 -> 17 URLs
[Visão mirror][LISTING] https://www.visaovip.com/es/busca/categoria/soporte-para-monitores/30-13 -> 20 URLs
[Visão mirror][LISTING] https://www.visaovip.com/es/busca/categoria/teclados/30-02 -> 156 URLs
[Visão mirror][LISTING] https://www.visaovip.com/es/busca/categoria/webcam/30-06 -> 4 URLs
[Visão mirror][LISTING] https://www.visaovip.com/es/busca/categoria/mb-amd/22-02 -> 169 URLs
[Visão mirror][LISTING] https://www.visaovip.com/es/busca/categoria/mb-intel/22-01 -> 111 URLs
[Visão mirror][LISTING] https://www.visaovip.com/es/busca/categoria/cpu-amd/24-02 -> 40 URLs
[Visão mirror][LISTING] https://www.visaovip.com/es/busca/categoria/cpu-intel/24-01 -> 45 URLs
[Visão mirror][LISTING] https://www.visaovip.com/es/busca/categoria/cpu-oem/24-03 -> 55 URLs
[Visão mirror][LISTING] https://www.visaovip.com/es/busca/categoria/adaptadores-wifi-y-bluetooth/31-02 -> 29 URLs
[Visão mirror][LISTING] https://www.visaovip.com/es/busca/categoria/alicate-y-decapitador/31-05 -> 0 URLs
[Visão mirror][LISTING] https://www.visaovip.com/es/busca/categoria/cables-de-red-y-conectores/31-03 -> 17 URLs
[Visão mirror][LISTING] https://www.visaovip.com/es/busca/categoria/hub/31-04 -> 101 URLs
[Visão mirror][LISTING] https://www.visaovip.com/es/busca/categoria/router-y-repetidor/31-01 -> 141 URLs
[Visão mirror][LISTING] https://www.visaovip.com/es/busca/categoria/vga-intel/23-03 -> 0 URLs
[Visão mirror][LISTING] https://www.visaovip.com/es/busca/categoria/vga-nvidia/23-01 -> 104 URLs
[Visão mirror][LISTING] https://www.visaovip.com/es/busca/categoria/vga-radeon/23-02 -> 35 URLs
[Visão mirror][LISTING] https://www.visaovip.com/es/busca/categoria/perifericos/30 -> 905 URLs
[Visão mirror] URLs únicas de producto (PDP): 4533
[Visão mirror][PDP] Inicio scrape de 4533 PDP (workers=6, log cada 20 completados)…
[Visão mirror][PDP] 1/4533 PDP scrapeados…
[Visão mirror][PDP] 20/4533 PDP scrapeados…
[Visão mirror][PDP] 40/4533 PDP scrapeados…
[Visão mirror][PDP] 60/4533 PDP scrapeados…
[Visão mirror][PDP] 80/4533 PDP scrapeados…
[Visão mirror][PDP] 100/4533 PDP scrapeados…
[Visão mirror][PDP] 120/4533 PDP scrapeados…
[Visão mirror][PDP] 140/4533 PDP scrapeados…
[Visão mirror][PDP] 160/4533 PDP scrapeados…
[Visão mirror][PDP] 180/4533 PDP scrapeados…
[Visão mirror][PDP] 200/4533 PDP scrapeados…
[Visão mirror][PDP] 220/4533 PDP scrapeados…
[Visão mirror][PDP] 240/4533 PDP scrapeados…
[Visão mirror][PDP] 260/4533 PDP scrapeados…
[Visão mirror][PDP] 280/4533 PDP scrapeados…
[Visão mirror][PDP] 300/4533 PDP scrapeados…
[Visão mirror][PDP] 320/4533 PDP scrapeados…
[Visão mirror][PDP] 340/4533 PDP scrapeados…
[Visão mirror][PDP] 360/4533 PDP scrapeados…
[Visão mirror][PDP] 380/4533 PDP scrapeados…
[Visão mirror][PDP] 400/4533 PDP scrapeados…
[Visão mirror][PDP] 420/4533 PDP scrapeados…
[Visão mirror][PDP] 440/4533 PDP scrapeados…
[Visão mirror][PDP] 460/4533 PDP scrapeados…
[Visão mirror][PDP] 480/4533 PDP scrapeados…
[Visão mirror][PDP] 500/4533 PDP scrapeados…
[Visão mirror][PDP] 520/4533 PDP scrapeados…
[Visão mirror][PDP] 540/4533 PDP scrapeados…
[Visão mirror][PDP] 560/4533 PDP scrapeados…
[Visão mirror][PDP] 580/4533 PDP scrapeados…
[Visão mirror][PDP] 600/4533 PDP scrapeados…
[Visão mirror][PDP] 620/4533 PDP scrapeados…
[Visão mirror][PDP] 640/4533 PDP scrapeados…
[Visão mirror][PDP] 660/4533 PDP scrapeados…
[Visão mirror][PDP] 680/4533 PDP scrapeados…
[Visão mirror][PDP] 700/4533 PDP scrapeados…
[Visão mirror][PDP] 720/4533 PDP scrapeados…
[Visão mirror][PDP] 740/4533 PDP scrapeados…
[Visão mirror][PDP] 760/4533 PDP scrapeados…
[Visão mirror][PDP] 780/4533 PDP scrapeados…
[Visão mirror][PDP] 800/4533 PDP scrapeados…
[Visão mirror][PDP] 820/4533 PDP scrapeados…
[Visão mirror][PDP] 840/4533 PDP scrapeados…
[Visão mirror][PDP] 860/4533 PDP scrapeados…
[Visão mirror][PDP] 880/4533 PDP scrapeados…
[Visão mirror][PDP] 900/4533 PDP scrapeados…
[Visão mirror][PDP] 920/4533 PDP scrapeados…
[Visão mirror][PDP] 940/4533 PDP scrapeados…
[Visão mirror][PDP] 960/4533 PDP scrapeados…
[Visão mirror][PDP] 980/4533 PDP scrapeados…
[Visão mirror][PDP] 1000/4533 PDP scrapeados…
[Visão mirror][PDP] 1020/4533 PDP scrapeados…
[Visão mirror][PDP] 1040/4533 PDP scrapeados…
[Visão mirror][PDP] 1060/4533 PDP scrapeados…
[Visão mirror][PDP] 1080/4533 PDP scrapeados…
[Visão mirror][PDP] 1100/4533 PDP scrapeados…
[Visão mirror][PDP] 1120/4533 PDP scrapeados…
[Visão mirror][PDP] 1140/4533 PDP scrapeados…
[Visão mirror][PDP] 1160/4533 PDP scrapeados…
[Visão mirror][PDP] 1180/4533 PDP scrapeados…
[Visão mirror][PDP] 1200/4533 PDP scrapeados…
[Visão mirror][PDP] 1220/4533 PDP scrapeados…
[Visão mirror][PDP] 1240/4533 PDP scrapeados…
[Visão mirror][PDP] 1260/4533 PDP scrapeados…
[Visão mirror][PDP] 1280/4533 PDP scrapeados…
[Visão mirror][PDP] 1300/4533 PDP scrapeados…
[Visão mirror][PDP] 1320/4533 PDP scrapeados…
[Visão mirror][PDP] 1340/4533 PDP scrapeados…
[Visão mirror][PDP] 1360/4533 PDP scrapeados…
[Visão mirror][PDP] 1380/4533 PDP scrapeados…
[Visão mirror][PDP] 1400/4533 PDP scrapeados…
[Visão mirror][PDP] 1420/4533 PDP scrapeados…
[Visão mirror][PDP] 1440/4533 PDP scrapeados…
[Visão mirror][PDP] 1460/4533 PDP scrapeados…
[Visão mirror][PDP] 1480/4533 PDP scrapeados…
[Visão mirror][PDP] 1500/4533 PDP scrapeados…
[Visão mirror][PDP] 1520/4533 PDP scrapeados…
[Visão mirror][PDP] 1540/4533 PDP scrapeados…
[Visão mirror][PDP] 1560/4533 PDP scrapeados…
[Visão mirror][PDP] 1580/4533 PDP scrapeados…
[Visão mirror][PDP] 1600/4533 PDP scrapeados…
[Visão mirror][PDP] 1620/4533 PDP scrapeados…
[Visão mirror][PDP] 1640/4533 PDP scrapeados…
[Visão mirror][PDP] 1660/4533 PDP scrapeados…
[Visão mirror][PDP] 1680/4533 PDP scrapeados…
[Visão mirror][PDP] 1700/4533 PDP scrapeados…
[Visão mirror][PDP] 1720/4533 PDP scrapeados…
[Visão mirror][PDP] 1740/4533 PDP scrapeados…
[Visão mirror][PDP] 1760/4533 PDP scrapeados…
[Visão mirror][PDP] 1780/4533 PDP scrapeados…
[Visão mirror][PDP] 1800/4533 PDP scrapeados…
[Visão mirror][PDP] 1820/4533 PDP scrapeados…
[Visão mirror][PDP] 1840/4533 PDP scrapeados…
[Visão mirror][PDP] 1860/4533 PDP scrapeados…
[Visão mirror][PDP] 1880/4533 PDP scrapeados…
[Visão mirror][PDP] 1900/4533 PDP scrapeados…
[Visão mirror][PDP] 1920/4533 PDP scrapeados…
[Visão mirror][PDP] 1940/4533 PDP scrapeados…
[Visão mirror][PDP] 1960/4533 PDP scrapeados…
[Visão mirror][PDP] 1980/4533 PDP scrapeados…
[Visão mirror][PDP] 2000/4533 PDP scrapeados…
[Visão mirror][PDP] 2020/4533 PDP scrapeados…
[Visão mirror][PDP] 2040/4533 PDP scrapeados…
[Visão mirror][PDP] 2060/4533 PDP scrapeados…
[Visão mirror][PDP] 2080/4533 PDP scrapeados…
[Visão mirror][PDP] 2100/4533 PDP scrapeados…
[Visão mirror][PDP] 2120/4533 PDP scrapeados…
[Visão mirror][PDP] 2140/4533 PDP scrapeados…
[Visão mirror][PDP] 2160/4533 PDP scrapeados…
[Visão mirror][PDP] 2180/4533 PDP scrapeados…
[Visão mirror][PDP] 2200/4533 PDP scrapeados…
[Visão mirror][PDP] 2220/4533 PDP scrapeados…
[Visão mirror][PDP] 2240/4533 PDP scrapeados…
[Visão mirror][PDP] 2260/4533 PDP scrapeados…
[Visão mirror][PDP] 2280/4533 PDP scrapeados…
[Visão mirror][PDP] 2300/4533 PDP scrapeados…
[Visão mirror][PDP] 2320/4533 PDP scrapeados…
[Visão mirror][PDP] 2340/4533 PDP scrapeados…
[Visão mirror][PDP] 2360/4533 PDP scrapeados…
[Visão mirror][PDP] 2380/4533 PDP scrapeados…
[Visão mirror][PDP] 2400/4533 PDP scrapeados…
[Visão mirror][PDP] 2420/4533 PDP scrapeados…
[Visão mirror][PDP] 2440/4533 PDP scrapeados…
[Visão mirror][PDP] 2460/4533 PDP scrapeados…
[Visão mirror][PDP] 2480/4533 PDP scrapeados…
[Visão mirror][PDP] 2500/4533 PDP scrapeados…
[Visão mirror][PDP] 2520/4533 PDP scrapeados…
[Visão mirror][PDP] 2540/4533 PDP scrapeados…
[Visão mirror][PDP] 2560/4533 PDP scrapeados…
[Visão mirror][PDP] 2580/4533 PDP scrapeados…
[Visão mirror][PDP] 2600/4533 PDP scrapeados…
[Visão mirror][PDP] 2620/4533 PDP scrapeados…
[Visão mirror][PDP] 2640/4533 PDP scrapeados…
[Visão mirror][PDP] 2660/4533 PDP scrapeados…
[Visão mirror][PDP] 2680/4533 PDP scrapeados…
[Visão mirror][PDP] 2700/4533 PDP scrapeados…
[Visão mirror][PDP] 2720/4533 PDP scrapeados…
[Visão mirror][PDP] 2740/4533 PDP scrapeados…
[Visão mirror][PDP] 2760/4533 PDP scrapeados…
[Visão mirror][PDP] 2780/4533 PDP scrapeados…
[Visão mirror][PDP] 2800/4533 PDP scrapeados…
[Visão mirror][PDP] 2820/4533 PDP scrapeados…
[Visão mirror][PDP] 2840/4533 PDP scrapeados…
[Visão mirror][PDP] 2860/4533 PDP scrapeados…
[Visão mirror][PDP] 2880/4533 PDP scrapeados…
[Visão mirror][PDP] 2900/4533 PDP scrapeados…
[Visão mirror][PDP] 2920/4533 PDP scrapeados…
[Visão mirror][PDP] 2940/4533 PDP scrapeados…
[Visão mirror][PDP] 2960/4533 PDP scrapeados…
[Visão mirror][PDP] 2980/4533 PDP scrapeados…
[Visão mirror][PDP] 3000/4533 PDP scrapeados…
[Visão mirror][PDP] 3020/4533 PDP scrapeados…
[Visão mirror][PDP] 3040/4533 PDP scrapeados…
[Visão mirror][PDP] 3060/4533 PDP scrapeados…
[Visão mirror][PDP] 3080/4533 PDP scrapeados…
[Visão mirror][PDP] 3100/4533 PDP scrapeados…
[Visão mirror][PDP] 3120/4533 PDP scrapeados…
[Visão mirror][PDP] 3140/4533 PDP scrapeados…
[Visão mirror][PDP] 3160/4533 PDP scrapeados…
[Visão mirror][PDP] 3180/4533 PDP scrapeados…
[Visão mirror][PDP] 3200/4533 PDP scrapeados…
[Visão mirror][PDP] 3220/4533 PDP scrapeados…
[Visão mirror][PDP] 3240/4533 PDP scrapeados…
[Visão mirror][PDP] 3260/4533 PDP scrapeados…
[Visão mirror][PDP] 3280/4533 PDP scrapeados…
[Visão mirror][PDP] 3300/4533 PDP scrapeados…
[Visão mirror][PDP] 3320/4533 PDP scrapeados…
[Visão mirror][PDP] 3340/4533 PDP scrapeados…
[Visão mirror][PDP] 3360/4533 PDP scrapeados…
[Visão mirror][PDP] 3380/4533 PDP scrapeados…
[Visão mirror][PDP] 3400/4533 PDP scrapeados…
[Visão mirror][PDP] 3420/4533 PDP scrapeados…
[Visão mirror][PDP][TIMEOUT] 180000ms — pestaña reiniciada
  https://www.visaovip.com/es/prod/router-y-repetidor/router-tp-link-tl-wr840n-banda-unica-2-4ghz-2-antenas-blanco/23295/
[Visão mirror][PDP][TIMEOUT] 180000ms — pestaña reiniciada
  https://www.visaovip.com/es/prod/router-y-repetidor/repetidor-de-senal-ubnt-uap-ac-m-br-unifi-ap-ac-mesh-2-4ghz-5ghz-2-antenas-blanco/23274/
[Visão mirror][PDP] 3440/4533 PDP scrapeados…
[Visão mirror][PDP] 3460/4533 PDP scrapeados…
[Visão mirror][PDP] 3480/4533 PDP scrapeados…
[Visão mirror][PDP] 3500/4533 PDP scrapeados…
[Visão mirror][PDP] 3520/4533 PDP scrapeados…
[Visão mirror][PDP] 3540/4533 PDP scrapeados…
[Visão mirror][PDP] 3560/4533 PDP scrapeados…
[Visão mirror][PDP] 3580/4533 PDP scrapeados…
[Visão mirror][PDP] 3600/4533 PDP scrapeados…
[Visão mirror][PDP] 3620/4533 PDP scrapeados…
[Visão mirror][PDP] 3640/4533 PDP scrapeados…
[Visão mirror][PDP] 3660/4533 PDP scrapeados…
[Visão mirror][PDP] 3680/4533 PDP scrapeados…
[Visão mirror][PDP] 3700/4533 PDP scrapeados…
[Visão mirror][PDP] 3720/4533 PDP scrapeados…
[Visão mirror][PDP] 3740/4533 PDP scrapeados…
[Visão mirror][PDP] 3760/4533 PDP scrapeados…
[Visão mirror][PDP] 3780/4533 PDP scrapeados…
[Visão mirror][PDP] 3800/4533 PDP scrapeados…
[Visão mirror][PDP] 3820/4533 PDP scrapeados…
[Visão mirror][PDP] 3840/4533 PDP scrapeados…
[Visão mirror][PDP] 3860/4533 PDP scrapeados…
[Visão mirror][PDP] 3880/4533 PDP scrapeados…
[Visão mirror][PDP] 3900/4533 PDP scrapeados…
[Visão mirror][PDP] 3920/4533 PDP scrapeados…
[Visão mirror][PDP] 3940/4533 PDP scrapeados…
[Visão mirror][PDP] 3960/4533 PDP scrapeados…
[Visão mirror][PDP] 3980/4533 PDP scrapeados…
[Visão mirror][PDP] 4000/4533 PDP scrapeados…
[Visão mirror][PDP] 4020/4533 PDP scrapeados…
[Visão mirror][PDP] 4040/4533 PDP scrapeados…
[Visão mirror][PDP] 4060/4533 PDP scrapeados…
[Visão mirror][PDP] 4080/4533 PDP scrapeados…
[Visão mirror][PDP] 4100/4533 PDP scrapeados…
[Visão mirror][PDP] 4120/4533 PDP scrapeados…
[Visão mirror][PDP] 4140/4533 PDP scrapeados…
[Visão mirror][PDP] 4160/4533 PDP scrapeados…
[Visão mirror][PDP] 4180/4533 PDP scrapeados…
[Visão mirror][PDP] 4200/4533 PDP scrapeados…
[Visão mirror][PDP] 4220/4533 PDP scrapeados…
[Visão mirror][PDP] 4240/4533 PDP scrapeados…
[Visão mirror][PDP] 4260/4533 PDP scrapeados…
[Visão mirror][PDP] 4280/4533 PDP scrapeados…
[Visão mirror][PDP] 4300/4533 PDP scrapeados…
[Visão mirror][PDP] 4320/4533 PDP scrapeados…
[Visão mirror][PDP] 4340/4533 PDP scrapeados…
[Visão mirror][PDP] 4360/4533 PDP scrapeados…
[Visão mirror][PDP] 4380/4533 PDP scrapeados…
[Visão mirror][PDP] 4400/4533 PDP scrapeados…
[Visão mirror][PDP] 4420/4533 PDP scrapeados…
[Visão mirror][PDP] 4440/4533 PDP scrapeados…
[Visão mirror][PDP] 4460/4533 PDP scrapeados…
[Visão mirror][PDP] 4480/4533 PDP scrapeados…
[Visão mirror][PDP] 4500/4533 PDP scrapeados…
[Visão mirror][PDP] 4504/4533 PDP scrapeados…
[Visão mirror][PDP] 4505/4533 PDP scrapeados…
[Visão mirror][PDP] 4506/4533 PDP scrapeados…
[Visão mirror][PDP] 4507/4533 PDP scrapeados…
[Visão mirror][PDP] 4508/4533 PDP scrapeados…
[Visão mirror][PDP] 4509/4533 PDP scrapeados…
[Visão mirror][PDP] 4510/4533 PDP scrapeados…
[Visão mirror][PDP] 4511/4533 PDP scrapeados…
[Visão mirror][PDP] 4512/4533 PDP scrapeados…
[Visão mirror][PDP] 4513/4533 PDP scrapeados…
[Visão mirror][PDP] 4514/4533 PDP scrapeados…
[Visão mirror][PDP] 4515/4533 PDP scrapeados…
[Visão mirror][PDP] 4516/4533 PDP scrapeados…
[Visão mirror][PDP] 4517/4533 PDP scrapeados…
[Visão mirror][PDP] 4518/4533 PDP scrapeados…
[Visão mirror][PDP] 4519/4533 PDP scrapeados…
[Visão mirror][PDP] 4520/4533 PDP scrapeados…
[Visão mirror][PDP] 4521/4533 PDP scrapeados…
[Visão mirror][PDP] 4522/4533 PDP scrapeados…
[Visão mirror][PDP] 4523/4533 PDP scrapeados…
[Visão mirror][PDP] 4524/4533 PDP scrapeados…
[Visão mirror][PDP] 4525/4533 PDP scrapeados…
[Visão mirror][PDP] 4526/4533 PDP scrapeados…
[Visão mirror][PDP] 4527/4533 PDP scrapeados…
[Visão mirror][PDP] 4528/4533 PDP scrapeados…
[Visão mirror][PDP] 4529/4533 PDP scrapeados…
[Visão mirror][PDP] 4530/4533 PDP scrapeados…
[Visão mirror][PDP] 4531/4533 PDP scrapeados…
[Visão mirror][PDP] 4532/4533 PDP scrapeados…
[Visão mirror][PDP] 4533/4533 PDP scrapeados…
[INICIO] Categorías únicas en menú: 12. Filas menú (sub-rutas listado): 97. Productos PDP a procesar: 4533.
[Visão mirror] Scrape terminó: 4533 PDP, 97 filas menú.
[ESTRUCTURA] Creada nueva subcategoría: Almacenamiento › Accesorios para HD/SSD (categoría Almacenamiento)
[ESTRUCTURA] Creada nueva subcategoría: Almacenamiento › HD (categoría Almacenamiento)
[ESTRUCTURA] Creada nueva subcategoría: Almacenamiento › Memorias (categoría Almacenamiento)
[ESTRUCTURA] Creada nueva subcategoría: Almacenamiento › Pendrive (categoría Almacenamiento)
[ESTRUCTURA] Creada nueva subcategoría: Almacenamiento › SSD (categoría Almacenamiento)
[ESTRUCTURA] Creada nueva subcategoría: Apple › Accesorios (categoría Apple)
[ESTRUCTURA] Creada nueva subcategoría: Apple › Headset (categoría Apple)
[ESTRUCTURA] Creada nueva subcategoría: Apple › iMac (categoría Apple)
[ESTRUCTURA] Creada nueva subcategoría: Apple › iPad (categoría Apple)
[ESTRUCTURA] Creada nueva subcategoría: Apple › iPhone (categoría Apple)
[ESTRUCTURA] Creada nueva subcategoría: Apple › Macbook (categoría Apple)
[ESTRUCTURA] Creada nueva subcategoría: Apple › Mini Pc (categoría Apple)
[ESTRUCTURA] Creada nueva subcategoría: Apple › Monitor (categoría Apple)
[ESTRUCTURA] Creada nueva subcategoría: Apple › Mouse y Mousepad (categoría Apple)
[ESTRUCTURA] Creada nueva subcategoría: Apple › Rastreador y GPS (categoría Apple)
[ESTRUCTURA] Creada nueva subcategoría: Apple › Smartwatch (categoría Apple)
[ESTRUCTURA] Creada nueva subcategoría: Apple › Speaker y Micro System (categoría Apple)
[ESTRUCTURA] Creada nueva subcategoría: Apple › Streaming de Medios (categoría Apple)
[ESTRUCTURA] Creada nueva subcategoría: Apple › Teclado (categoría Apple)
[ESTRUCTURA] Creada nueva subcategoría: Celulares y Tablets › Accesorios para Celulares (categoría Celulares y Tablets)
[ESTRUCTURA] Creada nueva subcategoría: Celulares y Tablets › Celulares (categoría Celulares y Tablets)
[ESTRUCTURA] Creada nueva subcategoría: Celulares y Tablets › Tablets (categoría Celulares y Tablets)
[ESTRUCTURA] Creada nueva subcategoría: Celulares y Tablets › Teléfonos (categoría Celulares y Tablets)
[ESTRUCTURA] Creada nueva subcategoría: Cooler › Accesorios para Cooler (categoría Cooler)
[ESTRUCTURA] Creada nueva subcategoría: Cooler › Cooler para CPU (categoría Cooler)
[ESTRUCTURA] Creada nueva subcategoría: Cooler › Cooler para Gabinete (categoría Cooler)
[ESTRUCTURA] Creada nueva subcategoría: Cooler › Cooler para Notebook (categoría Cooler)
[ESTRUCTURA] Creada nueva subcategoría: Cooler › Water Cooler (categoría Cooler)
[ESTRUCTURA] Creada nueva subcategoría: Electrónicos › Audio (categoría Electrónicos)
[ESTRUCTURA] Creada nueva subcategoría: Electrónicos › Automatización comercial (categoría Electrónicos)
[ESTRUCTURA] Creada nueva subcategoría: Electrónicos › Automotivos (categoría Electrónicos)
[ESTRUCTURA] Creada nueva subcategoría: Electrónicos › Deporte y Actividad (categoría Electrónicos)
[ESTRUCTURA] Creada nueva subcategoría: Electrónicos › Energía (categoría Electrónicos)
[ESTRUCTURA] Creada nueva subcategoría: Electrónicos › Fotografías (categoría Electrónicos)
[ESTRUCTURA] Creada nueva subcategoría: Electrónicos › Games (categoría Electrónicos)
[ESTRUCTURA] Creada nueva subcategoría: Electrónicos › Hogar y Decoración (categoría Electrónicos)
[ESTRUCTURA] Creada nueva subcategoría: Electrónicos › Monitoreo y Seguridad (categoría Electrónicos)
[ESTRUCTURA] Creada nueva subcategoría: Electrónicos › Reloj Inteligente y Accesorios (categoría Electrónicos)
[ESTRUCTURA] Creada nueva subcategoría: Electrónicos › Salud y Belleza (categoría Electrónicos)
[ESTRUCTURA] Creada nueva subcategoría: Electrónicos › TV y Video (categoría Electrónicos)
[ESTRUCTURA] Creada nueva subcategoría: Impresoras y Suministros › Almacenamiento (categoría Impresoras y Suministros)
[ESTRUCTURA] Creada nueva subcategoría: Impresoras y Suministros › Apple (categoría Impresoras y Suministros)
[ESTRUCTURA] Creada nueva subcategoría: Impresoras y Suministros › Cartuchos, Toners y Cintas (categoría Impresoras y Suministros)
[ESTRUCTURA] Creada nueva subcategoría: Impresoras y Suministros › Celulares y Tablets (categoría Impresoras y Suministros)
[ESTRUCTURA] Creada nueva subcategoría: Impresoras y Suministros › Cooler (categoría Impresoras y Suministros)
[ESTRUCTURA] Creada nueva subcategoría: Impresoras y Suministros › Electrónicos (categoría Impresoras y Suministros)
[ESTRUCTURA] Creada nueva subcategoría: Impresoras y Suministros › Escáner (categoría Impresoras y Suministros)
[ESTRUCTURA] Creada nueva subcategoría: Impresoras y Suministros › Fuente de Alimentación (categoría Impresoras y Suministros)
[ESTRUCTURA] Creada nueva subcategoría: Impresoras y Suministros › Gabinetes (categoría Impresoras y Suministros)
[ESTRUCTURA] Creada nueva subcategoría: Impresoras y Suministros › Impresoras (categoría Impresoras y Suministros)
[ESTRUCTURA] Creada nueva subcategoría: Impresoras y Suministros › Monitores (categoría Impresoras y Suministros)
[ESTRUCTURA] Creada nueva subcategoría: Impresoras y Suministros › Notebook y Computadoras (categoría Impresoras y Suministros)
[ESTRUCTURA] Creada nueva subcategoría: Impresoras y Suministros › Periféricos (categoría Impresoras y Suministros)
[ESTRUCTURA] Creada nueva subcategoría: Impresoras y Suministros › Placas Madres (categoría Impresoras y Suministros)
[ESTRUCTURA] Creada nueva subcategoría: Impresoras y Suministros › Procesadores (categoría Impresoras y Suministros)
[ESTRUCTURA] Creada nueva subcategoría: Impresoras y Suministros › Red y Internet (categoría Impresoras y Suministros)
[ESTRUCTURA] Creada nueva subcategoría: Impresoras y Suministros › Tarjetas Gráficas (categoría Impresoras y Suministros)
[ESTRUCTURA] Creada nueva subcategoría: Notebook y Computadoras › Computadoras (categoría Notebook y Computadoras)
[ESTRUCTURA] Creada nueva subcategoría: Notebook y Computadoras › Fuente, Cargador y Baterías para Notebook (categoría Notebook y Computadoras)
[ESTRUCTURA] Creada nueva subcategoría: Notebook y Computadoras › Impresoras y Suministros (categoría Notebook y Computadoras)
[ESTRUCTURA] Creada nueva subcategoría: Notebook y Computadoras › Mini PC (categoría Notebook y Computadoras)
[ESTRUCTURA] Creada nueva subcategoría: Notebook y Computadoras › Notebook (categoría Notebook y Computadoras)
[ESTRUCTURA] Creada nueva subcategoría: Notebook y Computadoras › PC Montado (categoría Notebook y Computadoras)
[ESTRUCTURA] Creada nueva subcategoría: Periféricos › Accesorios Gamer (categoría Periféricos)
[ESTRUCTURA] Creada nueva subcategoría: Periféricos › Anteojos de Protección (categoría Periféricos)
[ESTRUCTURA] Creada nueva subcategoría: Periféricos › Auriculares y Accesorios (categoría Periféricos)
[ESTRUCTURA] Creada nueva subcategoría: Periféricos › Cables y Adaptadores (categoría Periféricos)
[ESTRUCTURA] Creada nueva subcategoría: Periféricos › Filtro de Línea y Extensión (categoría Periféricos)
[ESTRUCTURA] Creada nueva subcategoría: Periféricos › Gravadores y Lectores CD / DVD / Blu-Ray (categoría Periféricos)
[ESTRUCTURA] Creada nueva subcategoría: Periféricos › Limpieza y Mantenimiento (categoría Periféricos)
[ESTRUCTURA] Creada nueva subcategoría: Periféricos › Mesa de Diseño (categoría Periféricos)
[ESTRUCTURA] Creada nueva subcategoría: Periféricos › Micrófono (categoría Periféricos)
[ESTRUCTURA] Creada nueva subcategoría: Periféricos › Mochilas, Fundas y Maletas (categoría Periféricos)
[ESTRUCTURA] Creada nueva subcategoría: Periféricos › Mouse (categoría Periféricos)
[ESTRUCTURA] Creada nueva subcategoría: Periféricos › Mousepad y Teclado Pad (categoría Periféricos)
[ESTRUCTURA] Creada nueva subcategoría: Periféricos › Nobreak UPS y Estabilizadores (categoría Periféricos)
[ESTRUCTURA] Creada nueva subcategoría: Periféricos › Placa Captura de Video (categoría Periféricos)
[ESTRUCTURA] Creada nueva subcategoría: Periféricos › Placa de Sonido (categoría Periféricos)
[ESTRUCTURA] Creada nueva subcategoría: Periféricos › Placa PCI (categoría Periféricos)
[ESTRUCTURA] Creada nueva subcategoría: Periféricos › Proyectores y Accesorios (categoría Periféricos)
[ESTRUCTURA] Creada nueva subcategoría: Periféricos › Servidores (categoría Periféricos)
[ESTRUCTURA] Creada nueva subcategoría: Periféricos › Soporte para Monitores (categoría Periféricos)
[ESTRUCTURA] Creada nueva subcategoría: Periféricos › Teclados (categoría Periféricos)
[ESTRUCTURA] Creada nueva subcategoría: Periféricos › Webcam (categoría Periféricos)
[ESTRUCTURA] Creada nueva subcategoría: Placas Madres › MB AMD (categoría Placas Madres)
[ESTRUCTURA] Creada nueva subcategoría: Placas Madres › MB Intel (categoría Placas Madres)
[ESTRUCTURA] Creada nueva subcategoría: Procesadores › CPU AMD (categoría Procesadores)
[ESTRUCTURA] Creada nueva subcategoría: Procesadores › CPU Intel (categoría Procesadores)
[ESTRUCTURA] Creada nueva subcategoría: Procesadores › CPU OEM (categoría Procesadores)
[ESTRUCTURA] Creada nueva subcategoría: Red y Internet › Adaptadores Wifi y Bluetooth (categoría Red y Internet)
[ESTRUCTURA] Creada nueva subcategoría: Red y Internet › Alicate y Decapitador (categoría Red y Internet)
[ESTRUCTURA] Creada nueva subcategoría: Red y Internet › Cables de Red y Conectores (categoría Red y Internet)
[ESTRUCTURA] Creada nueva subcategoría: Red y Internet › Hub (categoría Red y Internet)
[ESTRUCTURA] Creada nueva subcategoría: Red y Internet › Router y Repetidor (categoría Red y Internet)
[ESTRUCTURA] Creada nueva subcategoría: Tarjetas Gráficas › VGA INTEL (categoría Tarjetas Gráficas)
[ESTRUCTURA] Creada nueva subcategoría: Tarjetas Gráficas › VGA NVIDIA (categoría Tarjetas Gráficas)
[ESTRUCTURA] Creada nueva subcategoría: Tarjetas Gráficas › VGA RADEON (categoría Tarjetas Gráficas)
[Visão mirror] Prep árbol categorías: { categoriesTouched: 12, uniqueCategories: 12 }
[Visão mirror] Árbol navegación Visão (visaoNavigationTree): { categoriesWithTree: 12, rootsBuilt: 12 }
[ESTRUCTURA] Añadida nueva especificación: 06 → subcategoría Impresoras y Suministros › Almacenamiento
[PROGRESO] Procesado producto 1 de 4533...
[ESTRUCTURA] Añadida nueva especificación: MARCA → subcategoría Impresoras y Suministros › Almacenamiento
[ESTRUCTURA] Añadida nueva especificación: MODELO → subcategoría Impresoras y Suministros › Almacenamiento
[ESTRUCTURA] Añadida nueva especificación: REFERENCIA → subcategoría Impresoras y Suministros › Almacenamiento
[ESTRUCTURA] Añadida nueva especificación: CAPACIDAD → subcategoría Impresoras y Suministros › Almacenamiento
[ESTRUCTURA] Añadida nueva especificación: VELOCIDAD RPM → subcategoría Impresoras y Suministros › Almacenamiento
[ESTRUCTURA] Añadida nueva especificación: CACHE → subcategoría Impresoras y Suministros › Almacenamiento
[ESTRUCTURA] Añadida nueva especificación: FACTOR DE FORMA → subcategoría Impresoras y Suministros › Almacenamiento
[ESTRUCTURA] Añadida nueva especificación: TECNOLOGIA → subcategoría Impresoras y Suministros › Almacenamiento
[ESTRUCTURA] Añadida nueva especificación: INTERFAZ → subcategoría Impresoras y Suministros › Almacenamiento
[ESTRUCTURA] Añadida nueva especificación: DIMENSIONES DE EMBALAJE → subcategoría Impresoras y Suministros › Almacenamiento
[ESTRUCTURA] Añadida nueva especificación: PESO → subcategoría Impresoras y Suministros › Almacenamiento
[ESTRUCTURA] Añadida nueva especificación: COMPATIBILIDAD → subcategoría Impresoras y Suministros › Almacenamiento
[ESTRUCTURA] Añadida nueva especificación: CARACTERISTICAS → subcategoría Impresoras y Suministros › Almacenamiento
[ESTRUCTURA] Añadida nueva especificación: TAXA DE TRANSFERENCIA → subcategoría Impresoras y Suministros › Almacenamiento
[ESTRUCTURA] Añadida nueva especificación: GARANTÍA → subcategoría Impresoras y Suministros › Almacenamiento
[ESTRUCTURA] Añadida nueva especificación: COLOR → subcategoría Impresoras y Suministros › Almacenamiento
[ESTRUCTURA] Añadida nueva especificación: ILUMINACIÓN → subcategoría Impresoras y Suministros › Almacenamiento
[ESTRUCTURA] Añadida nueva especificación: INCLUI → subcategoría Impresoras y Suministros › Almacenamiento
[ESTRUCTURA] Añadida nueva especificación: TENSIÓN DE FUNCIONAMIENTO → subcategoría Impresoras y Suministros › Almacenamiento
[ESTRUCTURA] Añadida nueva especificación: VELOCIDAD DE LECTURA → subcategoría Impresoras y Suministros › Almacenamiento
[PROGRESO] Procesado producto 50 de 4533...
[ESTRUCTURA] Añadida nueva especificación: DIMENSIONES DEL EMBALAJE → subcategoría Impresoras y Suministros › Almacenamiento
[ESTRUCTURA] Añadida nueva especificación: PESO BRUTO → subcategoría Impresoras y Suministros › Almacenamiento
[PROGRESO] Procesado producto 100 de 4533...
[ESTRUCTURA] Añadida nueva especificación: LECTURA SECUENCIAL → subcategoría Impresoras y Suministros › Almacenamiento
[ESTRUCTURA] Añadida nueva especificación: GRABACIÓN SECUENCIAL → subcategoría Impresoras y Suministros › Almacenamiento
[ESTRUCTURA] Añadida nueva especificación: VELOCIDAD DE GRABACIÓN → subcategoría Impresoras y Suministros › Almacenamiento
[PROGRESO] Procesado producto 150 de 4533...
[ESTRUCTURA] Añadida nueva especificación: DISIPADOR DE CALOR → subcategoría Impresoras y Suministros › Almacenamiento
[PROGRESO] Procesado producto 200 de 4533...
[ESTRUCTURA] Añadida nueva especificación: OBSERVACIÓN → subcategoría Impresoras y Suministros › Almacenamiento
[PROGRESO] Procesado producto 250 de 4533...
[PROGRESO] Procesado producto 300 de 4533...
[ESTRUCTURA] Añadida nueva especificación: 06 → subcategoría Impresoras y Suministros › Apple
[ESTRUCTURA] Añadida nueva especificación: MARCA → subcategoría Impresoras y Suministros › Apple
[ESTRUCTURA] Añadida nueva especificación: MODELO → subcategoría Impresoras y Suministros › Apple
[ESTRUCTURA] Añadida nueva especificación: REFERENCIA → subcategoría Impresoras y Suministros › Apple
[ESTRUCTURA] Añadida nueva especificación: COLOR → subcategoría Impresoras y Suministros › Apple
[ESTRUCTURA] Añadida nueva especificación: COMPATIBILIDAD → subcategoría Impresoras y Suministros › Apple
[ESTRUCTURA] Añadida nueva especificación: CONEXIÓN → subcategoría Impresoras y Suministros › Apple
[ESTRUCTURA] Añadida nueva especificación: CARACTERÍSTICAS → subcategoría Impresoras y Suministros › Apple
[ESTRUCTURA] Añadida nueva especificación: LONGITUD → subcategoría Impresoras y Suministros › Apple
[ESTRUCTURA] Añadida nueva especificación: INTERFAZ → subcategoría Impresoras y Suministros › Apple
[ESTRUCTURA] Añadida nueva especificación: DIMENSIONES DEL EMBALAJE → subcategoría Impresoras y Suministros › Apple
[ESTRUCTURA] Añadida nueva especificación: PESO BRUTO → subcategoría Impresoras y Suministros › Apple
[ESTRUCTURA] Añadida nueva especificación: POTENCIA → subcategoría Impresoras y Suministros › Apple
[ESTRUCTURA] Añadida nueva especificación: TIPO → subcategoría Impresoras y Suministros › Apple
[ESTRUCTURA] Añadida nueva especificación: BATERÍA → subcategoría Impresoras y Suministros › Apple
[ESTRUCTURA] Añadida nueva especificación: MICRÓFONO → subcategoría Impresoras y Suministros › Apple
[ESTRUCTURA] Añadida nueva especificación: CONTROL → subcategoría Impresoras y Suministros › Apple
[ESTRUCTURA] Añadida nueva especificación: INCLUYE → subcategoría Impresoras y Suministros › Apple
[ESTRUCTURA] Añadida nueva especificación: PESO → subcategoría Impresoras y Suministros › Apple
[ESTRUCTURA] Añadida nueva especificación: RESISTENCIA → subcategoría Impresoras y Suministros › Apple
[ESTRUCTURA] Añadida nueva especificación: RENDIMIENTO → subcategoría Impresoras y Suministros › Almacenamiento
[ESTRUCTURA] Añadida nueva especificación: PADRÓN / CLASSE → subcategoría Impresoras y Suministros › Almacenamiento
[ESTRUCTURA] Añadida nueva especificación: FORMATO → subcategoría Impresoras y Suministros › Almacenamiento
[ESTRUCTURA] Añadida nueva especificación: DDR → subcategoría Impresoras y Suministros › Almacenamiento
[ESTRUCTURA] Añadida nueva especificación: VELOCIDAD DE MEMORIA → subcategoría Impresoras y Suministros › Almacenamiento
[ESTRUCTURA] Añadida nueva especificación: LATENCIA → subcategoría Impresoras y Suministros › Almacenamiento
[ESTRUCTURA] Añadida nueva especificación: VOLTAJE → subcategoría Impresoras y Suministros › Almacenamiento
[ESTRUCTURA] Añadida nueva especificación: FORMA → subcategoría Impresoras y Suministros › Almacenamiento
[ESTRUCTURA] Añadida nueva especificación: PERFIL DE RENDIMIENTO → subcategoría Impresoras y Suministros › Almacenamiento
[PROGRESO] Procesado producto 350 de 4533...
[PROGRESO] Procesado producto 400 de 4533...
[PROGRESO] Procesado producto 450 de 4533...
[PROGRESO] Procesado producto 500 de 4533...
[PROGRESO] Procesado producto 550 de 4533...
[PROGRESO] Procesado producto 600 de 4533...
[PROGRESO] Procesado producto 650 de 4533...
[ESTRUCTURA] Añadida nueva especificación: PANTALLA → subcategoría Impresoras y Suministros › Apple
[ESTRUCTURA] Añadida nueva especificación: CHIP → subcategoría Impresoras y Suministros › Apple
[ESTRUCTURA] Añadida nueva especificación: GPU → subcategoría Impresoras y Suministros › Apple
[ESTRUCTURA] Añadida nueva especificación: ALMACENAMIENTO → subcategoría Impresoras y Suministros › Apple
[ESTRUCTURA] Añadida nueva especificación: CÁMERA PRINCIPAL → subcategoría Impresoras y Suministros › Apple
[ESTRUCTURA] Añadida nueva especificación: CÁMARA FRONTAL → subcategoría Impresoras y Suministros › Apple
[ESTRUCTURA] Añadida nueva especificación: GRABACIÓN DE VÍDEO → subcategoría Impresoras y Suministros › Apple
[ESTRUCTURA] Añadida nueva especificación: SENSORES → subcategoría Impresoras y Suministros › Apple
[ESTRUCTURA] Añadida nueva especificación: UBICACIÓN → subcategoría Impresoras y Suministros › Apple
[ESTRUCTURA] Añadida nueva especificación: REPRODUCCIÓN DE AUDIO → subcategoría Impresoras y Suministros › Apple
[ESTRUCTURA] Añadida nueva especificación: REPRODUCCIÓN DE VÍDEO → subcategoría Impresoras y Suministros › Apple
[ESTRUCTURA] Añadida nueva especificación: SISTEMA OPERACIONAL → subcategoría Impresoras y Suministros › Apple
[ESTRUCTURA] Añadida nueva especificación: CONEXIONES INALÁMBRICAS → subcategoría Impresoras y Suministros › Apple
[ESTRUCTURA] Añadida nueva especificación: TARJETA SIM → subcategoría Impresoras y Suministros › Apple
[ESTRUCTURA] Añadida nueva especificación: RECARGA Y CONEXIONES → subcategoría Impresoras y Suministros › Apple
[ESTRUCTURA] Añadida nueva especificación: REQUISITOS AMBIENTALES → subcategoría Impresoras y Suministros › Apple
[ESTRUCTURA] Añadida nueva especificación: CONTENIDO DE LA CAJA → subcategoría Impresoras y Suministros › Apple
[ESTRUCTURA] Añadida nueva especificación: MEMORIA ROM → subcategoría Impresoras y Suministros › Apple
[ESTRUCTURA] Añadida nueva especificación: PROCESADOR → subcategoría Impresoras y Suministros › Apple
[ESTRUCTURA] Añadida nueva especificación: CÁMARA PRINCIPAL → subcategoría Impresoras y Suministros › Apple
[ESTRUCTURA] Añadida nueva especificación: SENSOR → subcategoría Impresoras y Suministros › Apple
[ESTRUCTURA] Añadida nueva especificación: SISTEMA OPERATIVO → subcategoría Impresoras y Suministros › Apple
[ESTRUCTURA] Añadida nueva especificación: CONECTIVIDAD WIRELESS → subcategoría Impresoras y Suministros › Apple
[ESTRUCTURA] Añadida nueva especificación: ENTRADAS / SALIDAS → subcategoría Impresoras y Suministros › Apple
[ESTRUCTURA] Añadida nueva especificación: INCLUI → subcategoría Impresoras y Suministros › Apple
[ESTRUCTURA] Añadida nueva especificación: DIMENSIONES DE EMBALAJE → subcategoría Impresoras y Suministros › Apple
[ESTRUCTURA] Añadida nueva especificación: TAMAÑO DE LA PANTALLA → subcategoría Impresoras y Suministros › Apple
[ESTRUCTURA] Añadida nueva especificación: MEMORIA RAM → subcategoría Impresoras y Suministros › Apple
[ESTRUCTURA] Añadida nueva especificación: TIPO DE ALMACENAMIENTO → subcategoría Impresoras y Suministros › Apple
[ESTRUCTURA] Añadida nueva especificación: TECLADO Y TRACKPAD → subcategoría Impresoras y Suministros › Apple
[ESTRUCTURA] Añadida nueva especificación: CÁMARA → subcategoría Impresoras y Suministros › Apple
[ESTRUCTURA] Añadida nueva especificación: AUDIO → subcategoría Impresoras y Suministros › Apple
[ESTRUCTURA] Añadida nueva especificación: TECNOLOGÍA → subcategoría Impresoras y Suministros › Apple
[PROGRESO] Procesado producto 700 de 4533...
[ESTRUCTURA] Añadida nueva especificación: TAMAÑO DE PANTALLA → subcategoría Impresoras y Suministros › Apple
[ESTRUCTURA] Añadida nueva especificación: WEBCAM → subcategoría Impresoras y Suministros › Apple
[ESTRUCTURA] Añadida nueva especificación: TECLADO → subcategoría Impresoras y Suministros › Apple
[ESTRUCTURA] Añadida nueva especificación: CAPACIDAD → subcategoría Impresoras y Suministros › Apple
[ESTRUCTURA] Añadida nueva especificación: RECURSO DE SEGURIDAD → subcategoría Impresoras y Suministros › Apple
[ESTRUCTURA] Añadida nueva especificación: RED CELULAR → subcategoría Impresoras y Suministros › Apple
[ESTRUCTURA] Añadida nueva especificación: LOCALIZACIÓN → subcategoría Impresoras y Suministros › Apple
[ESTRUCTURA] Añadida nueva especificación: CONEXIONES → subcategoría Impresoras y Suministros › Apple
[ESTRUCTURA] Añadida nueva especificación: SIM CARD → subcategoría Impresoras y Suministros › Apple
[ESTRUCTURA] Añadida nueva especificación: NFC → subcategoría Impresoras y Suministros › Apple
[ESTRUCTURA] Añadida nueva especificación: SIRI → subcategoría Impresoras y Suministros › Apple
[ESTRUCTURA] Añadida nueva especificación: FACE ID → subcategoría Impresoras y Suministros › Apple
[ESTRUCTURA] Añadida nueva especificación: LLAMADA DE AUDIO → subcategoría Impresoras y Suministros › Apple
[ESTRUCTURA] Añadida nueva especificación: FRECUENCIA → subcategoría Impresoras y Suministros › Apple
[ESTRUCTURA] Añadida nueva especificación: ACESSIBILIDAD → subcategoría Impresoras y Suministros › Apple
[ESTRUCTURA] Añadida nueva especificación: CONDICIÓN DE LA BATERÍA → subcategoría Impresoras y Suministros › Apple
[ESTRUCTURA] Añadida nueva especificación: SALUD Y BIENESTAR → subcategoría Impresoras y Suministros › Apple
[ESTRUCTURA] Añadida nueva especificación: FUNCIÓN DEPORTIVA → subcategoría Impresoras y Suministros › Apple
[ESTRUCTURA] Añadida nueva especificación: SEGURIDAD → subcategoría Impresoras y Suministros › Apple
[ESTRUCTURA] Añadida nueva especificación: CASE SIZE → subcategoría Impresoras y Suministros › Apple
[ESTRUCTURA] Añadida nueva especificación: PULSERA → subcategoría Impresoras y Suministros › Apple
[ESTRUCTURA] Añadida nueva especificación: VIGILANCIA DE LA SALUD → subcategoría Impresoras y Suministros › Apple
[PROGRESO] Procesado producto 750 de 4533...
[ESTRUCTURA] Añadida nueva especificación: IDIOMA DEL TECLADO → subcategoría Impresoras y Suministros › Apple
[ESTRUCTURA] Añadida nueva especificación: POSEE → subcategoría Impresoras y Suministros › Apple
[ESTRUCTURA] Añadida nueva especificación: TECLAS DE MULTIMEDIA → subcategoría Impresoras y Suministros › Apple
[ESTRUCTURA] Añadida nueva especificación: 06 → subcategoría Celulares y Tablets › Accesorios para Celulares
[ESTRUCTURA] Añadida nueva especificación: MARCA → subcategoría Celulares y Tablets › Accesorios para Celulares
[ESTRUCTURA] Añadida nueva especificación: MODELO → subcategoría Celulares y Tablets › Accesorios para Celulares
[ESTRUCTURA] Añadida nueva especificación: REFERENCIA → subcategoría Celulares y Tablets › Accesorios para Celulares
[ESTRUCTURA] Añadida nueva especificación: COLOR → subcategoría Celulares y Tablets › Accesorios para Celulares
[ESTRUCTURA] Añadida nueva especificación: COMPATIBILIDAD → subcategoría Celulares y Tablets › Accesorios para Celulares
[ESTRUCTURA] Añadida nueva especificación: DIMENSIONES DEL EMBALAJE → subcategoría Celulares y Tablets › Accesorios para Celulares
[ESTRUCTURA] Añadida nueva especificación: PESO BRUTO → subcategoría Celulares y Tablets › Accesorios para Celulares
[ESTRUCTURA] Añadida nueva especificación: CARACTERÍSTICAS → subcategoría Celulares y Tablets › Accesorios para Celulares
[ESTRUCTURA] Añadida nueva especificación: TAMAÑO → subcategoría Celulares y Tablets › Accesorios para Celulares
[ESTRUCTURA] Añadida nueva especificación: INTERFAZ → subcategoría Celulares y Tablets › Accesorios para Celulares
[ESTRUCTURA] Añadida nueva especificación: MARCA → subcategoría Impresoras y Suministros › Celulares y Tablets
[ESTRUCTURA] Añadida nueva especificación: MODELO → subcategoría Impresoras y Suministros › Celulares y Tablets
[ESTRUCTURA] Añadida nueva especificación: COLOR → subcategoría Impresoras y Suministros › Celulares y Tablets
[ESTRUCTURA] Añadida nueva especificación: MEMORIA RAM → subcategoría Impresoras y Suministros › Celulares y Tablets
[ESTRUCTURA] Añadida nueva especificación: MEMORIA ROM → subcategoría Impresoras y Suministros › Celulares y Tablets
[ESTRUCTURA] Añadida nueva especificación: PROCESADOR → subcategoría Impresoras y Suministros › Celulares y Tablets
[ESTRUCTURA] Añadida nueva especificación: GPU → subcategoría Impresoras y Suministros › Celulares y Tablets
[ESTRUCTURA] Añadida nueva especificación: PANTALLA → subcategoría Impresoras y Suministros › Celulares y Tablets
[ESTRUCTURA] Añadida nueva especificación: CÁMARA PRINCIPAL → subcategoría Impresoras y Suministros › Celulares y Tablets
[ESTRUCTURA] Añadida nueva especificación: CÁMARA FRONTAL → subcategoría Impresoras y Suministros › Celulares y Tablets
[ESTRUCTURA] Añadida nueva especificación: BATERÍA → subcategoría Impresoras y Suministros › Celulares y Tablets
[ESTRUCTURA] Añadida nueva especificación: SENSOR → subcategoría Impresoras y Suministros › Celulares y Tablets
[ESTRUCTURA] Añadida nueva especificación: TARJETA SIM → subcategoría Impresoras y Suministros › Celulares y Tablets
[ESTRUCTURA] Añadida nueva especificación: FRECUENCIA → subcategoría Impresoras y Suministros › Celulares y Tablets
[ESTRUCTURA] Añadida nueva especificación: SISTEMA OPERATIVO → subcategoría Impresoras y Suministros › Celulares y Tablets
[ESTRUCTURA] Añadida nueva especificación: CONECTIVIDAD WIRELESS → subcategoría Impresoras y Suministros › Celulares y Tablets
[ESTRUCTURA] Añadida nueva especificación: ENTRADAS / SALIDAS → subcategoría Impresoras y Suministros › Celulares y Tablets
[ESTRUCTURA] Añadida nueva especificación: CARACTERISTICAS → subcategoría Impresoras y Suministros › Celulares y Tablets
[ESTRUCTURA] Añadida nueva especificación: INCLUI → subcategoría Impresoras y Suministros › Celulares y Tablets
[ESTRUCTURA] Añadida nueva especificación: DIMENSIONES DE EMBALAJE → subcategoría Impresoras y Suministros › Celulares y Tablets
[ESTRUCTURA] Añadida nueva especificación: PESO → subcategoría Impresoras y Suministros › Celulares y Tablets
[ESTRUCTURA] Añadida nueva especificación: RESISTENCIA → subcategoría Impresoras y Suministros › Celulares y Tablets
[ESTRUCTURA] Añadida nueva especificación: AUDIO → subcategoría Impresoras y Suministros › Celulares y Tablets
[ESTRUCTURA] Añadida nueva especificación: 06 → subcategoría Impresoras y Suministros › Celulares y Tablets
[ESTRUCTURA] Añadida nueva especificación: REFERENCIA → subcategoría Impresoras y Suministros › Celulares y Tablets
[ESTRUCTURA] Añadida nueva especificación: PROCESAMIENTO GRÁFICO → subcategoría Impresoras y Suministros › Celulares y Tablets
[ESTRUCTURA] Añadida nueva especificación: CLOCKS → subcategoría Impresoras y Suministros › Celulares y Tablets
[ESTRUCTURA] Añadida nueva especificación: NÚCLEO CUDA → subcategoría Impresoras y Suministros › Celulares y Tablets
[ESTRUCTURA] Añadida nueva especificación: BUS DE MEMORIA → subcategoría Impresoras y Suministros › Celulares y Tablets
[ESTRUCTURA] Añadida nueva especificación: VELOCIDAD DE MEMORIA → subcategoría Impresoras y Suministros › Celulares y Tablets
[ESTRUCTURA] Añadida nueva especificación: MEMORIA V-RAM → subcategoría Impresoras y Suministros › Celulares y Tablets
[ESTRUCTURA] Añadida nueva especificación: MEMORIA DE VIDEO → subcategoría Impresoras y Suministros › Celulares y Tablets
[ESTRUCTURA] Añadida nueva especificación: PCI EXPRESS → subcategoría Impresoras y Suministros › Celulares y Tablets
[ESTRUCTURA] Añadida nueva especificación: DIRECTX → subcategoría Impresoras y Suministros › Celulares y Tablets
[ESTRUCTURA] Añadida nueva especificación: OPENGL → subcategoría Impresoras y Suministros › Celulares y Tablets
[ESTRUCTURA] Añadida nueva especificación: TECNOLOGIA → subcategoría Impresoras y Suministros › Celulares y Tablets
[ESTRUCTURA] Añadida nueva especificación: CONECTORES DE ENERGIA → subcategoría Impresoras y Suministros › Celulares y Tablets
[ESTRUCTURA] Añadida nueva especificación: PSU RECOMENDADA → subcategoría Impresoras y Suministros › Celulares y Tablets
[ESTRUCTURA] Añadida nueva especificación: SALIDA DE VÍDEO → subcategoría Impresoras y Suministros › Celulares y Tablets
[ESTRUCTURA] Añadida nueva especificación: CARACTERÍSTICAS PRINCIPALES → subcategoría Impresoras y Suministros › Celulares y Tablets
[ESTRUCTURA] Añadida nueva especificación: PESO BRUTO → subcategoría Impresoras y Suministros › Celulares y Tablets
[PROGRESO] Procesado producto 800 de 4533...
[ESTRUCTURA] Añadida nueva especificación: NFC → subcategoría Impresoras y Suministros › Celulares y Tablets
[ESTRUCTURA] Añadida nueva especificación: INCLUYE → subcategoría Impresoras y Suministros › Celulares y Tablets
[ESTRUCTURA] Añadida nueva especificación: TENSIÓN → subcategoría Impresoras y Suministros › Celulares y Tablets
[ESTRUCTURA] Añadida nueva especificación: LINEAS → subcategoría Impresoras y Suministros › Celulares y Tablets
[ESTRUCTURA] Añadida nueva especificación: CONEXIÓN → subcategoría Impresoras y Suministros › Celulares y Tablets
[PROGRESO] Procesado producto 850 de 4533...
[ESTRUCTURA] Añadida nueva especificación: MARCA → subcategoría Impresoras y Suministros › Cooler
[ESTRUCTURA] Añadida nueva especificación: MODELO → subcategoría Impresoras y Suministros › Cooler
[ESTRUCTURA] Añadida nueva especificación: COLOR → subcategoría Impresoras y Suministros › Cooler
[ESTRUCTURA] Añadida nueva especificación: CARACTERÍSTICAS → subcategoría Impresoras y Suministros › Cooler
[ESTRUCTURA] Añadida nueva especificación: 06 → subcategoría Impresoras y Suministros › Cooler
[ESTRUCTURA] Añadida nueva especificación: ILUMINACIÓN → subcategoría Impresoras y Suministros › Cooler
[ESTRUCTURA] Añadida nueva especificación: COMPATIBILIDAD → subcategoría Impresoras y Suministros › Cooler
[ESTRUCTURA] Añadida nueva especificación: VELOCIDAD RPM → subcategoría Impresoras y Suministros › Cooler
[ESTRUCTURA] Añadida nueva especificación: ESPECIFICACIONES DEL VENTILADOR → subcategoría Impresoras y Suministros › Cooler
[ESTRUCTURA] Añadida nueva especificación: MTTF → subcategoría Impresoras y Suministros › Cooler
[ESTRUCTURA] Añadida nueva especificación: TECNOLOGIA → subcategoría Impresoras y Suministros › Cooler
[ESTRUCTURA] Añadida nueva especificación: INTERFAZ → subcategoría Impresoras y Suministros › Cooler
[ESTRUCTURA] Añadida nueva especificación: INCLUYE → subcategoría Impresoras y Suministros › Cooler
[ESTRUCTURA] Añadida nueva especificación: DIMENSIONES DE EMBALAJE → subcategoría Impresoras y Suministros › Cooler
[ESTRUCTURA] Añadida nueva especificación: ESPECIFICACIONES DE ENERGIA → subcategoría Impresoras y Suministros › Cooler
[ESTRUCTURA] Añadida nueva especificación: PESO → subcategoría Impresoras y Suministros › Cooler
[ESTRUCTURA] Añadida nueva especificación: TIPO → subcategoría Impresoras y Suministros › Cooler
[ESTRUCTURA] Añadida nueva especificación: REFERENCIA → subcategoría Impresoras y Suministros › Cooler
[ESTRUCTURA] Añadida nueva especificación: MATERIAL DEL HARDWARE → subcategoría Impresoras y Suministros › Cooler
[ESTRUCTURA] Añadida nueva especificación: TAMAÑO DEL RADIADOR → subcategoría Impresoras y Suministros › Cooler
[ESTRUCTURA] Añadida nueva especificación: ESPECIFICACIÓN DE LA BOMBA → subcategoría Impresoras y Suministros › Cooler
[PROGRESO] Procesado producto 900 de 4533...
[ESTRUCTURA] Añadida nueva especificación: OBSERVACIONES → subcategoría Impresoras y Suministros › Cooler
[ESTRUCTURA] Añadida nueva especificación: ALMACENAMIENTO → subcategoría Impresoras y Suministros › Celulares y Tablets
[ESTRUCTURA] Añadida nueva especificación: OBSERVACIÓN → subcategoría Impresoras y Suministros › Celulares y Tablets
[PROGRESO] Procesado producto 950 de 4533...
[ESTRUCTURA] Añadida nueva especificación: ANATEL → subcategoría Impresoras y Suministros › Celulares y Tablets
[ESTRUCTURA] Añadida nueva especificación: CAMARA → subcategoría Impresoras y Suministros › Celulares y Tablets
[PROGRESO] Procesado producto 1000 de 4533...
[PROGRESO] Procesado producto 1050 de 4533...
[ESTRUCTURA] Añadida nueva especificación: MARCA → subcategoría Electrónicos › Automatización comercial
[ESTRUCTURA] Añadida nueva especificación: MODELO → subcategoría Electrónicos › Automatización comercial
[ESTRUCTURA] Añadida nueva especificación: COLOR → subcategoría Electrónicos › Automatización comercial
[ESTRUCTURA] Añadida nueva especificación: TIPO DE ESCÁNER → subcategoría Electrónicos › Automatización comercial
[ESTRUCTURA] Añadida nueva especificación: CONEXIÓN → subcategoría Electrónicos › Automatización comercial
[ESTRUCTURA] Añadida nueva especificación: INTERFAZ → subcategoría Electrónicos › Automatización comercial
[ESTRUCTURA] Añadida nueva especificación: CARACTERÍSTICAS → subcategoría Electrónicos › Automatización comercial
[ESTRUCTURA] Añadida nueva especificación: DIMENSIONES DE EMBALAJE → subcategoría Electrónicos › Automatización comercial
[ESTRUCTURA] Añadida nueva especificación: 06 → subcategoría Electrónicos › Automatización comercial
[PROGRESO] Procesado producto 1100 de 4533...
[ESTRUCTURA] Añadida nueva especificación: NÚMERO DE DÍGITOS → subcategoría Electrónicos › Automatización comercial
[ESTRUCTURA] Añadida nueva especificación: PANTALLA → subcategoría Electrónicos › Automatización comercial
[ESTRUCTURA] Añadida nueva especificación: MATERIAL → subcategoría Electrónicos › Automatización comercial
[ESTRUCTURA] Añadida nueva especificación: FUNCIONES DE CÁLCULO → subcategoría Electrónicos › Automatización comercial
[ESTRUCTURA] Añadida nueva especificación: DIMENSIONES DEL EMBALAJE → subcategoría Electrónicos › Automatización comercial
[ESTRUCTURA] Añadida nueva especificación: PESO BRUTO → subcategoría Electrónicos › Automatización comercial
[ESTRUCTURA] Añadida nueva especificación: VELOCIDAD DE CONTEO → subcategoría Electrónicos › Automatización comercial
[ESTRUCTURA] Añadida nueva especificación: SISTEMA DE VERIFICACIÓN → subcategoría Electrónicos › Automatización comercial
[ESTRUCTURA] Añadida nueva especificación: ENERGIA/VOLTAJE → subcategoría Electrónicos › Automatización comercial
[ESTRUCTURA] Añadida nueva especificación: INCLUYE → subcategoría Electrónicos › Automatización comercial
[ESTRUCTURA] Añadida nueva especificación: CAPACIDAD → subcategoría Electrónicos › Automatización comercial
[ESTRUCTURA] Añadida nueva especificación: BATERÍA → subcategoría Electrónicos › Automatización comercial
[ESTRUCTURA] Añadida nueva especificación: TIPOS DE CÓDIGOS DE BARRAS → subcategoría Electrónicos › Automatización comercial
[ESTRUCTURA] Añadida nueva especificación: FUNCIONES → subcategoría Electrónicos › Automatización comercial
[ESTRUCTURA] Añadida nueva especificación: CARACTERÍSTICAS DE LAS FUNCIONES → subcategoría Electrónicos › Automatización comercial
[ESTRUCTURA] Añadida nueva especificación: REFERENCIA → subcategoría Electrónicos › Automatización comercial
[ESTRUCTURA] Añadida nueva especificación: INDICADOR VISUAL → subcategoría Electrónicos › Automatización comercial
[ESTRUCTURA] Añadida nueva especificación: CANTIDAD DE BILLETES → subcategoría Electrónicos › Automatización comercial
[ESTRUCTURA] Añadida nueva especificación: COMPATIBILIDAD → subcategoría Electrónicos › Automatización comercial
[ESTRUCTURA] Añadida nueva especificación: CERTIFICACIONES → subcategoría Electrónicos › Automatización comercial
[ESTRUCTURA] Añadida nueva especificación: 06 → subcategoría Impresoras y Suministros › Electrónicos
[PROGRESO] Procesado producto 1150 de 4533...
[ESTRUCTURA] Añadida nueva especificación: MARCA → subcategoría Impresoras y Suministros › Electrónicos
[ESTRUCTURA] Añadida nueva especificación: MODELO → subcategoría Impresoras y Suministros › Electrónicos
[ESTRUCTURA] Añadida nueva especificación: REFERENCIA → subcategoría Impresoras y Suministros › Electrónicos
[ESTRUCTURA] Añadida nueva especificación: COLOR → subcategoría Impresoras y Suministros › Electrónicos
[ESTRUCTURA] Añadida nueva especificación: PRESIÓN DE INFLADO → subcategoría Impresoras y Suministros › Electrónicos
[ESTRUCTURA] Añadida nueva especificación: INTERFAZ → subcategoría Impresoras y Suministros › Electrónicos
[ESTRUCTURA] Añadida nueva especificación: CARACTERÍSTICAS → subcategoría Impresoras y Suministros › Electrónicos
[ESTRUCTURA] Añadida nueva especificación: ACCESORIOS → subcategoría Impresoras y Suministros › Electrónicos
[ESTRUCTURA] Añadida nueva especificación: DIMENSIONES DEL EMBALAJE → subcategoría Impresoras y Suministros › Electrónicos
[ESTRUCTURA] Añadida nueva especificación: PESO BRUTO → subcategoría Impresoras y Suministros › Electrónicos
[ESTRUCTURA] Añadida nueva especificación: MODOS → subcategoría Impresoras y Suministros › Electrónicos
[ESTRUCTURA] Añadida nueva especificación: POTENCIA → subcategoría Impresoras y Suministros › Electrónicos
[ESTRUCTURA] Añadida nueva especificación: BATERÍA → subcategoría Impresoras y Suministros › Electrónicos
[ESTRUCTURA] Añadida nueva especificación: VELOCIDAD → subcategoría Impresoras y Suministros › Electrónicos
[ESTRUCTURA] Añadida nueva especificación: TAMAÑO DE LA RUEDA → subcategoría Impresoras y Suministros › Electrónicos
[ESTRUCTURA] Añadida nueva especificación: LÍMITE DE PESO → subcategoría Impresoras y Suministros › Electrónicos
[ESTRUCTURA] Añadida nueva especificación: INCLUYE → subcategoría Impresoras y Suministros › Electrónicos
[ESTRUCTURA] Añadida nueva especificación: CÁMARA → subcategoría Impresoras y Suministros › Electrónicos
[ESTRUCTURA] Añadida nueva especificación: RESOLUCIÓN → subcategoría Impresoras y Suministros › Electrónicos
[ESTRUCTURA] Añadida nueva especificación: CONECTIVIDAD WIRELESS → subcategoría Impresoras y Suministros › Electrónicos
[ESTRUCTURA] Añadida nueva especificación: ENERGÍA / VOLTAJE → subcategoría Impresoras y Suministros › Electrónicos
[ESTRUCTURA] Añadida nueva especificación: TIEMPO DE VUELO → subcategoría Impresoras y Suministros › Electrónicos
[ESTRUCTURA] Añadida nueva especificación: RANGO DE ALTURA → subcategoría Impresoras y Suministros › Electrónicos
[ESTRUCTURA] Añadida nueva especificación: DISTANCIA MÁXIMA DE VUELO → subcategoría Impresoras y Suministros › Electrónicos
[ESTRUCTURA] Añadida nueva especificación: RESISTENCIA → subcategoría Impresoras y Suministros › Electrónicos
[ESTRUCTURA] Añadida nueva especificación: SENSIBILIDAD → subcategoría Impresoras y Suministros › Electrónicos
[ESTRUCTURA] Añadida nueva especificación: RESPUESTA DE FRECUENCIA AUDIO → subcategoría Impresoras y Suministros › Electrónicos
[ESTRUCTURA] Añadida nueva especificación: FUNCIONES → subcategoría Impresoras y Suministros › Electrónicos
[ESTRUCTURA] Añadida nueva especificación: TECNOLOGIA → subcategoría Impresoras y Suministros › Electrónicos
[ESTRUCTURA] Añadida nueva especificación: POTENCIA DE ALTAVOZ → subcategoría Impresoras y Suministros › Electrónicos
[ESTRUCTURA] Añadida nueva especificación: CONEXIÓN → subcategoría Impresoras y Suministros › Electrónicos
[ESTRUCTURA] Añadida nueva especificación: INCLUI → subcategoría Impresoras y Suministros › Electrónicos
[ESTRUCTURA] Añadida nueva especificación: DIMENSIONES DE EMBALAJE → subcategoría Impresoras y Suministros › Electrónicos
[ESTRUCTURA] Añadida nueva especificación: ILUMINACIÓN → subcategoría Impresoras y Suministros › Electrónicos
[ESTRUCTURA] Añadida nueva especificación: MICRÓFONO → subcategoría Impresoras y Suministros › Electrónicos
[PROGRESO] Procesado producto 1200 de 4533...
[ESTRUCTURA] Añadida nueva especificación: PADRÓN TOMADA → subcategoría Impresoras y Suministros › Electrónicos
[ESTRUCTURA] Añadida nueva especificación: OBSERVACIONES → subcategoría Impresoras y Suministros › Electrónicos
[PROGRESO] Procesado producto 1250 de 4533...
[PROGRESO] Procesado producto 1300 de 4533...
[ESTRUCTURA] Añadida nueva especificación: CAPACIDAD → subcategoría Impresoras y Suministros › Electrónicos
[ESTRUCTURA] Añadida nueva especificación: TIPO → subcategoría Impresoras y Suministros › Electrónicos
[ESTRUCTURA] Añadida nueva especificación: ESPECIFICACIONES DE ENERGIA → subcategoría Impresoras y Suministros › Electrónicos
[PROGRESO] Procesado producto 1350 de 4533...
[PROGRESO] Procesado producto 1400 de 4533...
[ESTRUCTURA] Añadida nueva especificación: Promovip → subcategoría Impresoras y Suministros › Electrónicos
[ESTRUCTURA] Añadida nueva especificación: AUDIO → subcategoría Impresoras y Suministros › Electrónicos
[ESTRUCTURA] Añadida nueva especificación: SENSOR → subcategoría Impresoras y Suministros › Electrónicos
[ESTRUCTURA] Añadida nueva especificación: PANTALLA → subcategoría Impresoras y Suministros › Electrónicos
[ESTRUCTURA] Añadida nueva especificación: ÁNGULO DE VISIÓN → subcategoría Impresoras y Suministros › Electrónicos
[ESTRUCTURA] Añadida nueva especificación: OBSERVACIÓN → subcategoría Impresoras y Suministros › Electrónicos
[ESTRUCTURA] Añadida nueva especificación: PESO → subcategoría Impresoras y Suministros › Electrónicos
[PROGRESO] Procesado producto 1450 de 4533...
[ESTRUCTURA] Añadida nueva especificación: ENERGÍA / TENSIÓN → subcategoría Impresoras y Suministros › Electrónicos
[ESTRUCTURA] Añadida nueva especificación: ESPECIFICACIONES DEL ACOMPAÑAMIENTO → subcategoría Impresoras y Suministros › Electrónicos
[ESTRUCTURA] Añadida nueva especificación: PIEZAS → subcategoría Impresoras y Suministros › Electrónicos
[ESTRUCTURA] Añadida nueva especificación: VOLTAJE → subcategoría Impresoras y Suministros › Electrónicos
[ESTRUCTURA] Añadida nueva especificación: MATERIAL → subcategoría Impresoras y Suministros › Electrónicos
[PROGRESO] Procesado producto 1500 de 4533...
[ESTRUCTURA] Añadida nueva especificación: FRECUENCIA → subcategoría Impresoras y Suministros › Electrónicos
[PROGRESO] Procesado producto 1550 de 4533...
[ESTRUCTURA] Añadida nueva especificación: VISOR → subcategoría Impresoras y Suministros › Electrónicos
[ESTRUCTURA] Añadida nueva especificación: AJUSTE DE ÁNGULO → subcategoría Impresoras y Suministros › Electrónicos
[ESTRUCTURA] Añadida nueva especificación: CAMPO VISUAL → subcategoría Impresoras y Suministros › Electrónicos
[ESTRUCTURA] Añadida nueva especificación: ESPECIFICACIONES DE LENTE → subcategoría Impresoras y Suministros › Electrónicos
[ESTRUCTURA] Añadida nueva especificación: PROTECCION → subcategoría Impresoras y Suministros › Electrónicos
[ESTRUCTURA] Añadida nueva especificación: RED → subcategoría Impresoras y Suministros › Electrónicos
[PROGRESO] Procesado producto 1600 de 4533...
[ESTRUCTURA] Añadida nueva especificación: COMPATIBILIDAD → subcategoría Impresoras y Suministros › Electrónicos
[PROGRESO] Procesado producto 1650 de 4533...
[PROGRESO] Procesado producto 1700 de 4533...
[ESTRUCTURA] Añadida nueva especificación: CANALES → subcategoría Impresoras y Suministros › Electrónicos
[ESTRUCTURA] Añadida nueva especificación: ALCANCE → subcategoría Impresoras y Suministros › Electrónicos
[ESTRUCTURA] Añadida nueva especificación: BANDA DE FRECUENCIA → subcategoría Impresoras y Suministros › Electrónicos
[ESTRUCTURA] Añadida nueva especificación: MARCA → subcategoría Electrónicos › Reloj Inteligente y Accesorios
[ESTRUCTURA] Añadida nueva especificación: MODELO → subcategoría Electrónicos › Reloj Inteligente y Accesorios
[ESTRUCTURA] Añadida nueva especificación: REFERENCIA → subcategoría Electrónicos › Reloj Inteligente y Accesorios
[ESTRUCTURA] Añadida nueva especificación: COLOR → subcategoría Electrónicos › Reloj Inteligente y Accesorios
[ESTRUCTURA] Añadida nueva especificación: PANTALLA → subcategoría Electrónicos › Reloj Inteligente y Accesorios
[ESTRUCTURA] Añadida nueva especificación: BATERÍA → subcategoría Electrónicos › Reloj Inteligente y Accesorios
[ESTRUCTURA] Añadida nueva especificación: SENSOR → subcategoría Electrónicos › Reloj Inteligente y Accesorios
[ESTRUCTURA] Añadida nueva especificación: VIGILANCIA DE LA SALUD → subcategoría Electrónicos › Reloj Inteligente y Accesorios
[ESTRUCTURA] Añadida nueva especificación: FUNCIONES → subcategoría Electrónicos › Reloj Inteligente y Accesorios
[ESTRUCTURA] Añadida nueva especificación: FUNCIÓN DEPORTIVA → subcategoría Electrónicos › Reloj Inteligente y Accesorios
[ESTRUCTURA] Añadida nueva especificación: TECNOLOGIA → subcategoría Electrónicos › Reloj Inteligente y Accesorios
[ESTRUCTURA] Añadida nueva especificación: RESISTENCIA → subcategoría Electrónicos › Reloj Inteligente y Accesorios
[ESTRUCTURA] Añadida nueva especificación: PULSERA → subcategoría Electrónicos › Reloj Inteligente y Accesorios
[ESTRUCTURA] Añadida nueva especificación: COMPATIBILIDAD → subcategoría Electrónicos › Reloj Inteligente y Accesorios
[ESTRUCTURA] Añadida nueva especificación: SISTEMA OPERATIVO → subcategoría Electrónicos › Reloj Inteligente y Accesorios
[ESTRUCTURA] Añadida nueva especificación: CONECTIVIDAD WIRELESS → subcategoría Electrónicos › Reloj Inteligente y Accesorios
[ESTRUCTURA] Añadida nueva especificación: INCLUI → subcategoría Electrónicos › Reloj Inteligente y Accesorios
[ESTRUCTURA] Añadida nueva especificación: DIMENSIONES DEL EMBALAJE → subcategoría Electrónicos › Reloj Inteligente y Accesorios
[ESTRUCTURA] Añadida nueva especificación: PESO → subcategoría Electrónicos › Reloj Inteligente y Accesorios
[ESTRUCTURA] Añadida nueva especificación: 06 → subcategoría Electrónicos › Reloj Inteligente y Accesorios
[ESTRUCTURA] Añadida nueva especificación: CARACTERISTICAS → subcategoría Electrónicos › Reloj Inteligente y Accesorios
[ESTRUCTURA] Añadida nueva especificación: TIPO → subcategoría Electrónicos › Reloj Inteligente y Accesorios
[ESTRUCTURA] Añadida nueva especificación: IMPEDANCIA → subcategoría Electrónicos › Reloj Inteligente y Accesorios
[ESTRUCTURA] Añadida nueva especificación: SENSIBILIDAD → subcategoría Electrónicos › Reloj Inteligente y Accesorios
[ESTRUCTURA] Añadida nueva especificación: RESPUESTA DE FRECUENCIA AUDIO → subcategoría Electrónicos › Reloj Inteligente y Accesorios
[ESTRUCTURA] Añadida nueva especificación: MICRÓFONO → subcategoría Electrónicos › Reloj Inteligente y Accesorios
[ESTRUCTURA] Añadida nueva especificación: CONEXIÓN → subcategoría Electrónicos › Reloj Inteligente y Accesorios
[ESTRUCTURA] Añadida nueva especificación: INTERFAZ → subcategoría Electrónicos › Reloj Inteligente y Accesorios
[ESTRUCTURA] Añadida nueva especificación: INCLUYE → subcategoría Electrónicos › Reloj Inteligente y Accesorios
[PROGRESO] Procesado producto 1750 de 4533...
[ESTRUCTURA] Añadida nueva especificación: CASE SIZE → subcategoría Electrónicos › Reloj Inteligente y Accesorios
[ESTRUCTURA] Añadida nueva especificación: OBSERVACIÓN → subcategoría Electrónicos › Reloj Inteligente y Accesorios
[ESTRUCTURA] Añadida nueva especificación: MATERIAL DEL HARDWARE → subcategoría Electrónicos › Reloj Inteligente y Accesorios
[PROGRESO] Procesado producto 1800 de 4533...
[PROGRESO] Procesado producto 1850 de 4533...
[ESTRUCTURA] Añadida nueva especificación: RANGO DE MEDICIÓN → subcategoría Impresoras y Suministros › Electrónicos
[ESTRUCTURA] Añadida nueva especificación: PRECISIÓN DE MEDICIÓN → subcategoría Impresoras y Suministros › Electrónicos
[ESTRUCTURA] Añadida nueva especificación: PROCESADOR → subcategoría Impresoras y Suministros › Electrónicos
[ESTRUCTURA] Añadida nueva especificación: GPU → subcategoría Impresoras y Suministros › Electrónicos
[ESTRUCTURA] Añadida nueva especificación: MEMORIA INTERNA → subcategoría Impresoras y Suministros › Electrónicos
[ESTRUCTURA] Añadida nueva especificación: TAMAÑO DE PANTALLA → subcategoría Impresoras y Suministros › Electrónicos
[ESTRUCTURA] Añadida nueva especificación: TIPO DE PANTALLA → subcategoría Impresoras y Suministros › Electrónicos
[ESTRUCTURA] Añadida nueva especificación: FRECUENCIA DE ACTUALIZACIÓN → subcategoría Impresoras y Suministros › Electrónicos
[ESTRUCTURA] Añadida nueva especificación: BRILLO → subcategoría Impresoras y Suministros › Electrónicos
[ESTRUCTURA] Añadida nueva especificación: GAMA DE COLORES → subcategoría Impresoras y Suministros › Electrónicos
[ESTRUCTURA] Añadida nueva especificación: SISTEMA OPERATIVO → subcategoría Impresoras y Suministros › Electrónicos
[ESTRUCTURA] Añadida nueva especificación: ALTAVOZ (SALIDA DE SONIDO) → subcategoría Impresoras y Suministros › Electrónicos
[ESTRUCTURA] Añadida nueva especificación: PROFUNDIDAD DE COLOR → subcategoría Impresoras y Suministros › Electrónicos
[ESTRUCTURA] Añadida nueva especificación: CONTRASTE → subcategoría Impresoras y Suministros › Electrónicos
[PROGRESO] Procesado producto 1900 de 4533...
[PROGRESO] Procesado producto 1950 de 4533...
[ESTRUCTURA] Añadida nueva especificación: TIPO DE ALMACENAMIENTO → subcategoría Impresoras y Suministros › Electrónicos
[ESTRUCTURA] Añadida nueva especificación: MEMORIA RAM → subcategoría Impresoras y Suministros › Electrónicos
[ESTRUCTURA] Añadida nueva especificación: GRÁFICOS → subcategoría Impresoras y Suministros › Electrónicos
[ESTRUCTURA] Añadida nueva especificación: TAMAÑO → subcategoría Impresoras y Suministros › Electrónicos
[ESTRUCTURA] Añadida nueva especificación: RANGOS DEL SOPORTE → subcategoría Impresoras y Suministros › Electrónicos
[ESTRUCTURA] Añadida nueva especificación: CAPACIDAD MÁXIMA → subcategoría Impresoras y Suministros › Electrónicos
[ESTRUCTURA] Añadida nueva especificación: TIPO DE MEMORIA → subcategoría Impresoras y Suministros › Electrónicos
[PROGRESO] Procesado producto 2000 de 4533...
[ESTRUCTURA] Añadida nueva especificación: MATERIAL → subcategoría Impresoras y Suministros › Almacenamiento
[ESTRUCTURA] Añadida nueva especificación: ENERGIA/VOLTAJE → subcategoría Impresoras y Suministros › Almacenamiento
[ESTRUCTURA] Añadida nueva especificación: INCLUYE → subcategoría Impresoras y Suministros › Almacenamiento
[ESTRUCTURA] Añadida nueva especificación: 06 → subcategoría Impresoras y Suministros › Cartuchos, Toners y Cintas
[PROGRESO] Procesado producto 2050 de 4533...
[ESTRUCTURA] Añadida nueva especificación: MARCA → subcategoría Impresoras y Suministros › Cartuchos, Toners y Cintas
[ESTRUCTURA] Añadida nueva especificación: MODELO → subcategoría Impresoras y Suministros › Cartuchos, Toners y Cintas
[ESTRUCTURA] Añadida nueva especificación: COLOR → subcategoría Impresoras y Suministros › Cartuchos, Toners y Cintas
[ESTRUCTURA] Añadida nueva especificación: COMPATIBILIDAD → subcategoría Impresoras y Suministros › Cartuchos, Toners y Cintas
[PROGRESO] Procesado producto 2100 de 4533...
[ESTRUCTURA] Añadida nueva especificación: CARACTERÍSTICAS → subcategoría Impresoras y Suministros › Cartuchos, Toners y Cintas
[ESTRUCTURA] Añadida nueva especificación: CAPACIDAD → subcategoría Impresoras y Suministros › Cartuchos, Toners y Cintas
[PROGRESO] Procesado producto 2150 de 4533...
[ESTRUCTURA] Añadida nueva especificación: MEMORIA → subcategoría Impresoras y Suministros › Electrónicos
[PROGRESO] Procesado producto 2200 de 4533...
[ESTRUCTURA] Añadida nueva especificación: MARCA → subcategoría Impresoras y Suministros › Fuente de Alimentación
[ESTRUCTURA] Añadida nueva especificación: MODELO → subcategoría Impresoras y Suministros › Fuente de Alimentación
[ESTRUCTURA] Añadida nueva especificación: REFERENCIA → subcategoría Impresoras y Suministros › Fuente de Alimentación
[ESTRUCTURA] Añadida nueva especificación: POTENCIA → subcategoría Impresoras y Suministros › Fuente de Alimentación
[ESTRUCTURA] Añadida nueva especificación: FACTOR DE FORMA → subcategoría Impresoras y Suministros › Fuente de Alimentación
[ESTRUCTURA] Añadida nueva especificación: MODULARIDAD → subcategoría Impresoras y Suministros › Fuente de Alimentación
[ESTRUCTURA] Añadida nueva especificación: EFICIENCIA → subcategoría Impresoras y Suministros › Fuente de Alimentación
[ESTRUCTURA] Añadida nueva especificación: PFC → subcategoría Impresoras y Suministros › Fuente de Alimentación
[ESTRUCTURA] Añadida nueva especificación: ESPECIFICACIONES DEL VENTILADOR → subcategoría Impresoras y Suministros › Fuente de Alimentación
[ESTRUCTURA] Añadida nueva especificación: ESPECIFICACIONES DE ENERGIA → subcategoría Impresoras y Suministros › Fuente de Alimentación
[ESTRUCTURA] Añadida nueva especificación: PROTECCION → subcategoría Impresoras y Suministros › Fuente de Alimentación
[ESTRUCTURA] Añadida nueva especificación: CONECTORES → subcategoría Impresoras y Suministros › Fuente de Alimentación
[ESTRUCTURA] Añadida nueva especificación: CARACTERISTICAS → subcategoría Impresoras y Suministros › Fuente de Alimentación
[ESTRUCTURA] Añadida nueva especificación: OBSERVACIÓN → subcategoría Impresoras y Suministros › Fuente de Alimentación
[ESTRUCTURA] Añadida nueva especificación: DIMENSIONES DE EMBALAJE → subcategoría Impresoras y Suministros › Fuente de Alimentación
[ESTRUCTURA] Añadida nueva especificación: PESO → subcategoría Impresoras y Suministros › Fuente de Alimentación
[ESTRUCTURA] Añadida nueva especificación: COLOR → subcategoría Impresoras y Suministros › Fuente de Alimentación
[ESTRUCTURA] Añadida nueva especificación: INCLUI → subcategoría Impresoras y Suministros › Fuente de Alimentación
[ESTRUCTURA] Añadida nueva especificación: MTBF → subcategoría Impresoras y Suministros › Fuente de Alimentación
[ESTRUCTURA] Añadida nueva especificación: TECNOLOGIA → subcategoría Impresoras y Suministros › Fuente de Alimentación
[ESTRUCTURA] Añadida nueva especificación: 06 → subcategoría Impresoras y Suministros › Fuente de Alimentación
[ESTRUCTURA] Añadida nueva especificación: CAPACIDAD → subcategoría Impresoras y Suministros › Fuente de Alimentación
[ESTRUCTURA] Añadida nueva especificación: ILUMINACIÓN → subcategoría Impresoras y Suministros › Fuente de Alimentación
[ESTRUCTURA] Añadida nueva especificación: CABLE DE ALIMENTACION → subcategoría Impresoras y Suministros › Fuente de Alimentación
[PROGRESO] Procesado producto 2250 de 4533...
[ESTRUCTURA] Añadida nueva especificación: Promovip → subcategoría Impresoras y Suministros › Gabinetes
[ESTRUCTURA] Añadida nueva especificación: MARCA → subcategoría Impresoras y Suministros › Gabinetes
[ESTRUCTURA] Añadida nueva especificación: MODELO → subcategoría Impresoras y Suministros › Gabinetes
[ESTRUCTURA] Añadida nueva especificación: COLOR → subcategoría Impresoras y Suministros › Gabinetes
[ESTRUCTURA] Añadida nueva especificación: FACTOR DE FORMA → subcategoría Impresoras y Suministros › Gabinetes
[ESTRUCTURA] Añadida nueva especificación: COMPATIBILIDAD CON PLACA MADRE → subcategoría Impresoras y Suministros › Gabinetes
[ESTRUCTURA] Añadida nueva especificación: MATERIAL DEL HARDWARE → subcategoría Impresoras y Suministros › Gabinetes
[ESTRUCTURA] Añadida nueva especificación: COMPARTIMIENTOS DE 2,5" → subcategoría Impresoras y Suministros › Gabinetes
[ESTRUCTURA] Añadida nueva especificación: COMPARTIMIENTOS DE 3,5" → subcategoría Impresoras y Suministros › Gabinetes
[ESTRUCTURA] Añadida nueva especificación: SLOTS DE EXPANSION → subcategoría Impresoras y Suministros › Gabinetes
[ESTRUCTURA] Añadida nueva especificación: TAMAÑO DEL COOLER → subcategoría Impresoras y Suministros › Gabinetes
[ESTRUCTURA] Añadida nueva especificación: TAMAÑO DEL GPU → subcategoría Impresoras y Suministros › Gabinetes
[ESTRUCTURA] Añadida nueva especificación: SOPORTE DEL RADIADOR → subcategoría Impresoras y Suministros › Gabinetes
[ESTRUCTURA] Añadida nueva especificación: SOPORTE DE VENTILADOR → subcategoría Impresoras y Suministros › Gabinetes
[ESTRUCTURA] Añadida nueva especificación: PUERTOS DE E/S → subcategoría Impresoras y Suministros › Gabinetes
[ESTRUCTURA] Añadida nueva especificación: DIMENSIONES DE EMBALAJE → subcategoría Impresoras y Suministros › Gabinetes
[ESTRUCTURA] Añadida nueva especificación: FUENTE DE ALIMENTACIÓN → subcategoría Impresoras y Suministros › Gabinetes
[ESTRUCTURA] Añadida nueva especificación: INCLUI → subcategoría Impresoras y Suministros › Gabinetes
[ESTRUCTURA] Añadida nueva especificación: DIMENSIONES DEL PRODUCTO → subcategoría Impresoras y Suministros › Gabinetes
[ESTRUCTURA] Añadida nueva especificación: ILUMINACIÓN → subcategoría Impresoras y Suministros › Gabinetes
[ESTRUCTURA] Añadida nueva especificación: COOLER INCLUIDOS → subcategoría Impresoras y Suministros › Gabinetes
[ESTRUCTURA] Añadida nueva especificación: CARACTERISTICAS → subcategoría Impresoras y Suministros › Gabinetes
[PROGRESO] Procesado producto 2300 de 4533...
[ESTRUCTURA] Añadida nueva especificación: REFERENCIA → subcategoría Impresoras y Suministros › Gabinetes
[ESTRUCTURA] Añadida nueva especificación: TAMAÑO DEL PSU → subcategoría Impresoras y Suministros › Gabinetes
[ESTRUCTURA] Añadida nueva especificación: COMPARTIMIENTOS DE 2,5"/3,5"(COMBINADOS) → subcategoría Impresoras y Suministros › Gabinetes
[ESTRUCTURA] Añadida nueva especificación: 06 → subcategoría Impresoras y Suministros › Gabinetes
[ESTRUCTURA] Añadida nueva especificación: PESO BRUTO → subcategoría Impresoras y Suministros › Gabinetes
[PROGRESO] Procesado producto 2350 de 4533...
[ESTRUCTURA] Añadida nueva especificación: OBSERVACIÓN → subcategoría Impresoras y Suministros › Gabinetes
[ESTRUCTURA] Añadida nueva especificación: COMPARTIMIENTOS DE 5,25" → subcategoría Impresoras y Suministros › Gabinetes
[ESTRUCTURA] Añadida nueva especificación: 06 → subcategoría Notebook y Computadoras › Impresoras y Suministros
[ESTRUCTURA] Añadida nueva especificación: MARCA → subcategoría Notebook y Computadoras › Impresoras y Suministros
[ESTRUCTURA] Añadida nueva especificación: MODELO → subcategoría Notebook y Computadoras › Impresoras y Suministros
[ESTRUCTURA] Añadida nueva especificación: COLOR → subcategoría Notebook y Computadoras › Impresoras y Suministros
[ESTRUCTURA] Añadida nueva especificación: FUNCION DEL HARDWARE → subcategoría Notebook y Computadoras › Impresoras y Suministros
[ESTRUCTURA] Añadida nueva especificación: VELOCIDAD DE IMPRESIÓN → subcategoría Notebook y Computadoras › Impresoras y Suministros
[ESTRUCTURA] Añadida nueva especificación: ESPECIFICACIONES DE IMPRESIÓN → subcategoría Notebook y Computadoras › Impresoras y Suministros
[ESTRUCTURA] Añadida nueva especificación: TECNOLOGÍA DE IMPRESIÓN → subcategoría Notebook y Computadoras › Impresoras y Suministros
[ESTRUCTURA] Añadida nueva especificación: PANTALLA → subcategoría Notebook y Computadoras › Impresoras y Suministros
[ESTRUCTURA] Añadida nueva especificación: TIPO DE CARGA → subcategoría Notebook y Computadoras › Impresoras y Suministros
[ESTRUCTURA] Añadida nueva especificación: CARGAS DE REEMPLAZO → subcategoría Notebook y Computadoras › Impresoras y Suministros
[ESTRUCTURA] Añadida nueva especificación: CONECTIVIDAD → subcategoría Notebook y Computadoras › Impresoras y Suministros
[ESTRUCTURA] Añadida nueva especificación: INTERFAZ → subcategoría Notebook y Computadoras › Impresoras y Suministros
[ESTRUCTURA] Añadida nueva especificación: ENERGIA / VOLTAJE → subcategoría Notebook y Computadoras › Impresoras y Suministros
[ESTRUCTURA] Añadida nueva especificación: CARACTERÍSTICAS PRINCIPALES → subcategoría Notebook y Computadoras › Impresoras y Suministros
[ESTRUCTURA] Añadida nueva especificación: DIMENSIONES DE EMBALAJE → subcategoría Notebook y Computadoras › Impresoras y Suministros
[ESTRUCTURA] Añadida nueva especificación: PESO → subcategoría Notebook y Computadoras › Impresoras y Suministros
[ESTRUCTURA] Añadida nueva especificación: INCLUI → subcategoría Notebook y Computadoras › Impresoras y Suministros
[ESTRUCTURA] Añadida nueva especificación: VELOCIDAD DE COPIA → subcategoría Notebook y Computadoras › Impresoras y Suministros
[ESTRUCTURA] Añadida nueva especificación: ESPECIFICACION DE COPIAS → subcategoría Notebook y Computadoras › Impresoras y Suministros
[ESTRUCTURA] Añadida nueva especificación: ESPECIFICACIONES DEL ESCÁNER → subcategoría Notebook y Computadoras › Impresoras y Suministros
[ESTRUCTURA] Añadida nueva especificación: TIPO DE ESCÁNER → subcategoría Notebook y Computadoras › Impresoras y Suministros
[ESTRUCTURA] Añadida nueva especificación: TIPOS DE PAPEL → subcategoría Notebook y Computadoras › Impresoras y Suministros
[ESTRUCTURA] Añadida nueva especificación: TAMAÑO DE LA HOJA → subcategoría Notebook y Computadoras › Impresoras y Suministros
[ESTRUCTURA] Añadida nueva especificación: CARACTERISTICAS → subcategoría Notebook y Computadoras › Impresoras y Suministros
[ESTRUCTURA] Añadida nueva especificación: TIPO DE IMPRESIÓN → subcategoría Notebook y Computadoras › Impresoras y Suministros
[ESTRUCTURA] Añadida nueva especificación: MÉTODO DE IMPRESIÓN → subcategoría Notebook y Computadoras › Impresoras y Suministros
[ESTRUCTURA] Añadida nueva especificación: IMPRESIÓN DE CÓDIGOS 1D → subcategoría Notebook y Computadoras › Impresoras y Suministros
[ESTRUCTURA] Añadida nueva especificación: IMPRESIÓN DE CÓDIGOS 2D → subcategoría Notebook y Computadoras › Impresoras y Suministros
[PROGRESO] Procesado producto 2400 de 4533...
[ESTRUCTURA] Añadida nueva especificación: MEMORIA INTERNA → subcategoría Notebook y Computadoras › Impresoras y Suministros
[ESTRUCTURA] Añadida nueva especificación: RESOLUCIÓN → subcategoría Notebook y Computadoras › Impresoras y Suministros
[ESTRUCTURA] Añadida nueva especificación: ANCHO MÁXIMO DE IMPRESIÓN → subcategoría Notebook y Computadoras › Impresoras y Suministros
[ESTRUCTURA] Añadida nueva especificación: ANCHO DEL ROLLO → subcategoría Notebook y Computadoras › Impresoras y Suministros
[ESTRUCTURA] Añadida nueva especificación: DIÁMETRO DEL ROLLO DE PAPEL → subcategoría Notebook y Computadoras › Impresoras y Suministros
[ESTRUCTURA] Añadida nueva especificación: EMULACIÓN → subcategoría Notebook y Computadoras › Impresoras y Suministros
[ESTRUCTURA] Añadida nueva especificación: COMPATIBILIDAD → subcategoría Notebook y Computadoras › Impresoras y Suministros
[ESTRUCTURA] Añadida nueva especificación: PROCESADOR → subcategoría Notebook y Computadoras › Impresoras y Suministros
[ESTRUCTURA] Añadida nueva especificación: CICLO DE TRABAJO → subcategoría Notebook y Computadoras › Impresoras y Suministros
[ESTRUCTURA] Añadida nueva especificación: TIPO DE PAPEL → subcategoría Notebook y Computadoras › Impresoras y Suministros
[ESTRUCTURA] Añadida nueva especificación: GROSOR DEL PAPEL → subcategoría Notebook y Computadoras › Impresoras y Suministros
[ESTRUCTURA] Añadida nueva especificación: DIÁMETRO DEL ROLLO DE ETIQUETAS → subcategoría Notebook y Computadoras › Impresoras y Suministros
[ESTRUCTURA] Añadida nueva especificación: SENSOR → subcategoría Notebook y Computadoras › Impresoras y Suministros
[ESTRUCTURA] Añadida nueva especificación: MEMORIA → subcategoría Notebook y Computadoras › Impresoras y Suministros
[ESTRUCTURA] Añadida nueva especificación: MÉTODO DE SUMINISTRO → subcategoría Notebook y Computadoras › Impresoras y Suministros
[ESTRUCTURA] Añadida nueva especificación: GRAMAJE DE PAPEL → subcategoría Notebook y Computadoras › Impresoras y Suministros
[ESTRUCTURA] Añadida nueva especificación: OBSERVACIÓN → subcategoría Notebook y Computadoras › Impresoras y Suministros
[ESTRUCTURA] Añadida nueva especificación: LONGITUD MÁXIMA DE IMPRESIÓN → subcategoría Notebook y Computadoras › Impresoras y Suministros
[ESTRUCTURA] Añadida nueva especificación: TIPO DE ETIQUETA → subcategoría Notebook y Computadoras › Impresoras y Suministros
[ESTRUCTURA] Añadida nueva especificación: GROSOR DE LA ETIQUETA → subcategoría Notebook y Computadoras › Impresoras y Suministros
[ESTRUCTURA] Añadida nueva especificación: ROTACIÓN DE FUENTES Y CÓDIGO DE BARRAS → subcategoría Notebook y Computadoras › Impresoras y Suministros
[PROGRESO] Procesado producto 2450 de 4533...
[ESTRUCTURA] Añadida nueva especificación: ESPECIFICACIONES DE FAX → subcategoría Notebook y Computadoras › Impresoras y Suministros
[ESTRUCTURA] Añadida nueva especificación: MARCA → subcategoría Impresoras y Suministros › Monitores
[ESTRUCTURA] Añadida nueva especificación: MODELO → subcategoría Impresoras y Suministros › Monitores
[ESTRUCTURA] Añadida nueva especificación: REFERENCIA → subcategoría Impresoras y Suministros › Monitores
[ESTRUCTURA] Añadida nueva especificación: COLOR → subcategoría Impresoras y Suministros › Monitores
[ESTRUCTURA] Añadida nueva especificación: TAMAÑO DE PANTALLA → subcategoría Impresoras y Suministros › Monitores
[ESTRUCTURA] Añadida nueva especificación: TIPO DE PANEL → subcategoría Impresoras y Suministros › Monitores
[ESTRUCTURA] Añadida nueva especificación: ÁNGULO DE VISIÓN → subcategoría Impresoras y Suministros › Monitores
[ESTRUCTURA] Añadida nueva especificación: RESOLUCIÓN → subcategoría Impresoras y Suministros › Monitores
[ESTRUCTURA] Añadida nueva especificación: BRILLO → subcategoría Impresoras y Suministros › Monitores
[ESTRUCTURA] Añadida nueva especificación: CONTRASTE → subcategoría Impresoras y Suministros › Monitores
[ESTRUCTURA] Añadida nueva especificación: RELACIÓN DE ASPECTO → subcategoría Impresoras y Suministros › Monitores
[ESTRUCTURA] Añadida nueva especificación: FRECUENCIA DE ACTUALIZACIÓN → subcategoría Impresoras y Suministros › Monitores
[ESTRUCTURA] Añadida nueva especificación: TIEMPO DE RESPUESTA → subcategoría Impresoras y Suministros › Monitores
[ESTRUCTURA] Añadida nueva especificación: TECNOLOGIA → subcategoría Impresoras y Suministros › Monitores
[ESTRUCTURA] Añadida nueva especificación: GAMA DE COLORES → subcategoría Impresoras y Suministros › Monitores
[ESTRUCTURA] Añadida nueva especificación: INTERFAZ → subcategoría Impresoras y Suministros › Monitores
[ESTRUCTURA] Añadida nueva especificación: INCLUI → subcategoría Impresoras y Suministros › Monitores
[ESTRUCTURA] Añadida nueva especificación: ENERGIA / VOLTAJE → subcategoría Impresoras y Suministros › Monitores
[ESTRUCTURA] Añadida nueva especificación: DIMENSIONES DE EMBALAJE → subcategoría Impresoras y Suministros › Monitores
[ESTRUCTURA] Añadida nueva especificación: PESO → subcategoría Impresoras y Suministros › Monitores
[ESTRUCTURA] Añadida nueva especificación: PIXEL PITCH → subcategoría Impresoras y Suministros › Monitores
[ESTRUCTURA] Añadida nueva especificación: COMPATIBILIDAD → subcategoría Impresoras y Suministros › Monitores
[ESTRUCTURA] Añadida nueva especificación: CARACTERISTICAS → subcategoría Impresoras y Suministros › Monitores
[ESTRUCTURA] Añadida nueva especificación: INCLINACIÓN DE PANTALLA → subcategoría Impresoras y Suministros › Monitores
[ESTRUCTURA] Añadida nueva especificación: CURVATURA → subcategoría Impresoras y Suministros › Monitores
[ESTRUCTURA] Añadida nueva especificación: Promovip → subcategoría Impresoras y Suministros › Monitores
[PROGRESO] Procesado producto 2500 de 4533...
[ESTRUCTURA] Añadida nueva especificación: OBSERVACIÓN → subcategoría Impresoras y Suministros › Monitores
[ESTRUCTURA] Añadida nueva especificación: MARCA → subcategoría Impresoras y Suministros › Notebook y Computadoras
[ESTRUCTURA] Añadida nueva especificación: MODELO → subcategoría Impresoras y Suministros › Notebook y Computadoras
[ESTRUCTURA] Añadida nueva especificación: COLOR → subcategoría Impresoras y Suministros › Notebook y Computadoras
[ESTRUCTURA] Añadida nueva especificación: PROCESADOR DE MINI PC → subcategoría Impresoras y Suministros › Notebook y Computadoras
[ESTRUCTURA] Añadida nueva especificación: GRÁFICOS → subcategoría Impresoras y Suministros › Notebook y Computadoras
[ESTRUCTURA] Añadida nueva especificación: MEMORIA → subcategoría Impresoras y Suministros › Notebook y Computadoras
[ESTRUCTURA] Añadida nueva especificación: ALMACENAMIENTO → subcategoría Impresoras y Suministros › Notebook y Computadoras
[ESTRUCTURA] Añadida nueva especificación: SISTEMA OPERATIVO → subcategoría Impresoras y Suministros › Notebook y Computadoras
[ESTRUCTURA] Añadida nueva especificación: LAN → subcategoría Impresoras y Suministros › Notebook y Computadoras
[ESTRUCTURA] Añadida nueva especificación: COMPATIBILIDAD → subcategoría Impresoras y Suministros › Notebook y Computadoras
[ESTRUCTURA] Añadida nueva especificación: CONEXIÓN A INTERNET → subcategoría Impresoras y Suministros › Notebook y Computadoras
[ESTRUCTURA] Añadida nueva especificación: CONECTIVIDAD WIRELESS → subcategoría Impresoras y Suministros › Notebook y Computadoras
[ESTRUCTURA] Añadida nueva especificación: INTERFAZ → subcategoría Impresoras y Suministros › Notebook y Computadoras
[ESTRUCTURA] Añadida nueva especificación: FUENTE DE ALIMENTACIÓN → subcategoría Impresoras y Suministros › Notebook y Computadoras
[ESTRUCTURA] Añadida nueva especificación: INCLUI → subcategoría Impresoras y Suministros › Notebook y Computadoras
[ESTRUCTURA] Añadida nueva especificación: DIMENSIONES DEL EMBALAJE → subcategoría Impresoras y Suministros › Notebook y Computadoras
[ESTRUCTURA] Añadida nueva especificación: PESO BRUTO → subcategoría Impresoras y Suministros › Notebook y Computadoras
[ESTRUCTURA] Añadida nueva especificación: AUDIO → subcategoría Impresoras y Suministros › Notebook y Computadoras
[ESTRUCTURA] Añadida nueva especificación: REFERENCIA → subcategoría Impresoras y Suministros › Notebook y Computadoras
[ESTRUCTURA] Añadida nueva especificación: PROCESADOR → subcategoría Impresoras y Suministros › Notebook y Computadoras
[ESTRUCTURA] Añadida nueva especificación: TIPO DE PROCESADOR → subcategoría Impresoras y Suministros › Notebook y Computadoras
[ESTRUCTURA] Añadida nueva especificación: ALMACENAMIENTO NB → subcategoría Impresoras y Suministros › Notebook y Computadoras
[ESTRUCTURA] Añadida nueva especificación: TIPO DE ALMACENAMIENTO → subcategoría Impresoras y Suministros › Notebook y Computadoras
[ESTRUCTURA] Añadida nueva especificación: MEMORIA RAM → subcategoría Impresoras y Suministros › Notebook y Computadoras
[ESTRUCTURA] Añadida nueva especificación: TIPO DE MEMORIA NB → subcategoría Impresoras y Suministros › Notebook y Computadoras
[ESTRUCTURA] Añadida nueva especificación: PANTALLA → subcategoría Impresoras y Suministros › Notebook y Computadoras
[ESTRUCTURA] Añadida nueva especificación: TAMAÑO DE PANTALLA → subcategoría Impresoras y Suministros › Notebook y Computadoras
[ESTRUCTURA] Añadida nueva especificación: WEBCAM → subcategoría Impresoras y Suministros › Notebook y Computadoras
[ESTRUCTURA] Añadida nueva especificación: TECLADO → subcategoría Impresoras y Suministros › Notebook y Computadoras
[ESTRUCTURA] Añadida nueva especificación: MICRÓFONO → subcategoría Impresoras y Suministros › Notebook y Computadoras
[ESTRUCTURA] Añadida nueva especificación: BATERÍA → subcategoría Impresoras y Suministros › Notebook y Computadoras
[ESTRUCTURA] Añadida nueva especificación: ENTRADAS / SALIDAS → subcategoría Impresoras y Suministros › Notebook y Computadoras
[ESTRUCTURA] Añadida nueva especificación: PESO → subcategoría Impresoras y Suministros › Notebook y Computadoras
[ESTRUCTURA] Añadida nueva especificación: DIMENSIONES DE EMBALAJE → subcategoría Impresoras y Suministros › Notebook y Computadoras
[ESTRUCTURA] Añadida nueva especificación: SLOTS DE EXPANSION → subcategoría Impresoras y Suministros › Notebook y Computadoras
[ESTRUCTURA] Añadida nueva especificación: 06 → subcategoría Impresoras y Suministros › Notebook y Computadoras
[PROGRESO] Procesado producto 2550 de 4533...
[ESTRUCTURA] Añadida nueva especificación: CARACTERISTICAS → subcategoría Impresoras y Suministros › Notebook y Computadoras
[ESTRUCTURA] Añadida nueva especificación: RANURA DE EXPANSIÓN → subcategoría Impresoras y Suministros › Notebook y Computadoras
[ESTRUCTURA] Añadida nueva especificación: GPU → subcategoría Impresoras y Suministros › Notebook y Computadoras
[ESTRUCTURA] Añadida nueva especificación: NPU → subcategoría Impresoras y Suministros › Notebook y Computadoras
[ESTRUCTURA] Añadida nueva especificación: MEMORIA DE PC → subcategoría Impresoras y Suministros › Notebook y Computadoras
[ESTRUCTURA] Añadida nueva especificación: GRÁFICOS DEL PROCESADOR → subcategoría Impresoras y Suministros › Notebook y Computadoras
[ESTRUCTURA] Añadida nueva especificación: SOCKET → subcategoría Impresoras y Suministros › Notebook y Computadoras
[ESTRUCTURA] Añadida nueva especificación: CARACTERÍSTICAS DEL MONITOR → subcategoría Impresoras y Suministros › Notebook y Computadoras
[ESTRUCTURA] Añadida nueva especificación: MEMORIA INTERNA → subcategoría Impresoras y Suministros › Notebook y Computadoras
[ESTRUCTURA] Añadida nueva especificación: CHIPSET → subcategoría Impresoras y Suministros › Notebook y Computadoras
[ESTRUCTURA] Añadida nueva especificación: CONECTORES DEL PANEL TRASERO → subcategoría Impresoras y Suministros › Notebook y Computadoras
[ESTRUCTURA] Añadida nueva especificación: PUERTOS DE E/S → subcategoría Impresoras y Suministros › Notebook y Computadoras
[PROGRESO] Procesado producto 2600 de 4533...
[ESTRUCTURA] Añadida nueva especificación: FACTOR DE FORMA → subcategoría Impresoras y Suministros › Notebook y Computadoras
[ESTRUCTURA] Añadida nueva especificación: COMPATIBILIDAD CON PLACA MADRE → subcategoría Impresoras y Suministros › Notebook y Computadoras
[PROGRESO] Procesado producto 2650 de 4533...
[ESTRUCTURA] Añadida nueva especificación: BIOS → subcategoría Impresoras y Suministros › Notebook y Computadoras
[ESTRUCTURA] Añadida nueva especificación: HOT → subcategoría Impresoras y Suministros › Notebook y Computadoras
[ESTRUCTURA] Añadida nueva especificación: 06 → subcategoría Notebook y Computadoras › Fuente, Cargador y Baterías para Notebook
[PROGRESO] Procesado producto 2700 de 4533...
[ESTRUCTURA] Añadida nueva especificación: OBSERVACIÓN → subcategoría Impresoras y Suministros › Notebook y Computadoras
[PROGRESO] Procesado producto 2750 de 4533...
[ESTRUCTURA] Añadida nueva especificación: COMPARTIMIENTOS DE 2,5"/3,5"(COMBINADOS) → subcategoría Impresoras y Suministros › Notebook y Computadoras
[ESTRUCTURA] Añadida nueva especificación: TAMAÑO DEL COOLER → subcategoría Impresoras y Suministros › Notebook y Computadoras
[ESTRUCTURA] Añadida nueva especificación: 06 → subcategoría Impresoras y Suministros › Placas Madres
[ESTRUCTURA] Añadida nueva especificación: MARCA → subcategoría Impresoras y Suministros › Placas Madres
[ESTRUCTURA] Añadida nueva especificación: MODELO → subcategoría Impresoras y Suministros › Placas Madres
[ESTRUCTURA] Añadida nueva especificación: SOCKET → subcategoría Impresoras y Suministros › Placas Madres
[ESTRUCTURA] Añadida nueva especificación: CHIPSET → subcategoría Impresoras y Suministros › Placas Madres
[ESTRUCTURA] Añadida nueva especificación: MEMORIA INTERNA → subcategoría Impresoras y Suministros › Placas Madres
[ESTRUCTURA] Añadida nueva especificación: SALIDA GRÁFICA → subcategoría Impresoras y Suministros › Placas Madres
[ESTRUCTURA] Añadida nueva especificación: ALMACENAMIENTO → subcategoría Impresoras y Suministros › Placas Madres
[ESTRUCTURA] Añadida nueva especificación: PROCESADOR → subcategoría Impresoras y Suministros › Placas Madres
[ESTRUCTURA] Añadida nueva especificación: LAN → subcategoría Impresoras y Suministros › Placas Madres
[ESTRUCTURA] Añadida nueva especificación: AUDIO → subcategoría Impresoras y Suministros › Placas Madres
[ESTRUCTURA] Añadida nueva especificación: CONECTORES DEL PANEL TRASERO → subcategoría Impresoras y Suministros › Placas Madres
[ESTRUCTURA] Añadida nueva especificación: SOPORTE RAID → subcategoría Impresoras y Suministros › Placas Madres
[ESTRUCTURA] Añadida nueva especificación: FACTOR DE FORMA → subcategoría Impresoras y Suministros › Placas Madres
[ESTRUCTURA] Añadida nueva especificación: SISTEMA OPERATIVO → subcategoría Impresoras y Suministros › Placas Madres
[ESTRUCTURA] Añadida nueva especificación: SLOTS DE EXPANSION → subcategoría Impresoras y Suministros › Placas Madres
[ESTRUCTURA] Añadida nueva especificación: CARACTERISTICAS → subcategoría Impresoras y Suministros › Placas Madres
[ESTRUCTURA] Añadida nueva especificación: CONECTIVIDAD WIRELESS → subcategoría Impresoras y Suministros › Placas Madres
[ESTRUCTURA] Añadida nueva especificación: ACCESORIOS → subcategoría Impresoras y Suministros › Placas Madres
[ESTRUCTURA] Añadida nueva especificación: DIMENSIONES DE EMBALAJE → subcategoría Impresoras y Suministros › Placas Madres
[ESTRUCTURA] Añadida nueva especificación: PESO BRUTO → subcategoría Impresoras y Suministros › Placas Madres
[ESTRUCTURA] Añadida nueva especificación: BIOS → subcategoría Impresoras y Suministros › Placas Madres
[ESTRUCTURA] Añadida nueva especificación: GRÁFICOS → subcategoría Impresoras y Suministros › Placas Madres
[PROGRESO] Procesado producto 2800 de 4533...
[ESTRUCTURA] Añadida nueva especificación: OBSERVACIÓNES → subcategoría Impresoras y Suministros › Placas Madres
[PROGRESO] Procesado producto 2850 de 4533...
[PROGRESO] Procesado producto 2900 de 4533...
[PROGRESO] Procesado producto 2950 de 4533...
[PROGRESO] Procesado producto 3000 de 4533...
[PROGRESO] Procesado producto 3050 de 4533...
[ESTRUCTURA] Añadida nueva especificación: MARCA → subcategoría Impresoras y Suministros › Procesadores
[ESTRUCTURA] Añadida nueva especificación: MODELO → subcategoría Impresoras y Suministros › Procesadores
[ESTRUCTURA] Añadida nueva especificación: FRECUENCIA BÁSICA DEL PROCESADOR → subcategoría Impresoras y Suministros › Procesadores
[ESTRUCTURA] Añadida nueva especificación: CACHE → subcategoría Impresoras y Suministros › Procesadores
[ESTRUCTURA] Añadida nueva especificación: CANALES DE MEMORIA → subcategoría Impresoras y Suministros › Procesadores
[ESTRUCTURA] Añadida nueva especificación: TIPO DE MEMORIA → subcategoría Impresoras y Suministros › Procesadores
[ESTRUCTURA] Añadida nueva especificación: TAMAÑO MÁXIMO DE MEMORIA → subcategoría Impresoras y Suministros › Procesadores
[ESTRUCTURA] Añadida nueva especificación: COMPATIBILIDAD → subcategoría Impresoras y Suministros › Procesadores
[ESTRUCTURA] Añadida nueva especificación: DIMENSIONES DE EMBALAJE → subcategoría Impresoras y Suministros › Procesadores
[ESTRUCTURA] Añadida nueva especificación: GRÁFICOS DEL PROCESADOR → subcategoría Impresoras y Suministros › Procesadores
[ESTRUCTURA] Añadida nueva especificación: FRECUENCIA GRÁFICA MÁXIMA → subcategoría Impresoras y Suministros › Procesadores
[ESTRUCTURA] Añadida nueva especificación: FRECUENCIA MÁXIMA DEL PROCESADOR → subcategoría Impresoras y Suministros › Procesadores
[ESTRUCTURA] Añadida nueva especificación: NÚMERO DE NÚCLEOS → subcategoría Impresoras y Suministros › Procesadores
[ESTRUCTURA] Añadida nueva especificación: NÚMERO DE THREADS → subcategoría Impresoras y Suministros › Procesadores
[ESTRUCTURA] Añadida nueva especificación: TIPO DE EMBALAJE → subcategoría Impresoras y Suministros › Procesadores
[ESTRUCTURA] Añadida nueva especificación: SOCKET → subcategoría Impresoras y Suministros › Procesadores
[ESTRUCTURA] Añadida nueva especificación: VERSIÓN PCI EXPRESS → subcategoría Impresoras y Suministros › Procesadores
[ESTRUCTURA] Añadida nueva especificación: TDP → subcategoría Impresoras y Suministros › Procesadores
[ESTRUCTURA] Añadida nueva especificación: TECNOLOGIA → subcategoría Impresoras y Suministros › Procesadores
[ESTRUCTURA] Añadida nueva especificación: OBSERVACIÓN → subcategoría Impresoras y Suministros › Procesadores
[ESTRUCTURA] Añadida nueva especificación: PESO → subcategoría Impresoras y Suministros › Procesadores
[ESTRUCTURA] Añadida nueva especificación: FRECUENCIA BASE GRÁFICA → subcategoría Impresoras y Suministros › Procesadores
[ESTRUCTURA] Añadida nueva especificación: CANTIDAD MÁXIMA DE MEMORIA GRÁFICA → subcategoría Impresoras y Suministros › Procesadores
[ESTRUCTURA] Añadida nueva especificación: CARACTERÍSTICAS → subcategoría Impresoras y Suministros › Procesadores
[ESTRUCTURA] Añadida nueva especificación: FRECUENCIA GRÁFICA BÁSICA → subcategoría Impresoras y Suministros › Procesadores
[ESTRUCTURA] Añadida nueva especificación: PCI EXPRESS → subcategoría Impresoras y Suministros › Procesadores
[ESTRUCTURA] Añadida nueva especificación: REFERENCIA → subcategoría Impresoras y Suministros › Procesadores
[ESTRUCTURA] Añadida nueva especificación: NPU → subcategoría Impresoras y Suministros › Procesadores
[ESTRUCTURA] Añadida nueva especificación: PESO BRUTO → subcategoría Impresoras y Suministros › Procesadores
[ESTRUCTURA] Añadida nueva especificación: VELOCIDAD DEL BUS → subcategoría Impresoras y Suministros › Procesadores
[PROGRESO] Procesado producto 3100 de 4533...
[PROGRESO] Procesado producto 3150 de 4533...
[ESTRUCTURA] Añadida nueva especificación: 06 → subcategoría Impresoras y Suministros › Red y Internet
[ESTRUCTURA] Añadida nueva especificación: MARCA → subcategoría Impresoras y Suministros › Red y Internet
[ESTRUCTURA] Añadida nueva especificación: MODELO → subcategoría Impresoras y Suministros › Red y Internet
[ESTRUCTURA] Añadida nueva especificación: COLOR → subcategoría Impresoras y Suministros › Red y Internet
[ESTRUCTURA] Añadida nueva especificación: CARACTERÍSTICAS → subcategoría Impresoras y Suministros › Red y Internet
[ESTRUCTURA] Añadida nueva especificación: INTERFAZ → subcategoría Impresoras y Suministros › Red y Internet
[ESTRUCTURA] Añadida nueva especificación: DIMENSIONES DE EMBALAJE → subcategoría Impresoras y Suministros › Red y Internet
[ESTRUCTURA] Añadida nueva especificación: PESO BRUTO → subcategoría Impresoras y Suministros › Red y Internet
[ESTRUCTURA] Añadida nueva especificación: 06 → subcategoría Red y Internet › Cables de Red y Conectores
[ESTRUCTURA] Añadida nueva especificación: REFERENCIA → subcategoría Impresoras y Suministros › Red y Internet
[ESTRUCTURA] Añadida nueva especificación: ESTÁNDARES INALÁMBRICOS → subcategoría Impresoras y Suministros › Red y Internet
[ESTRUCTURA] Añadida nueva especificación: FRECUENCIA → subcategoría Impresoras y Suministros › Red y Internet
[ESTRUCTURA] Añadida nueva especificación: TASA DE TRANSFERENCIA → subcategoría Impresoras y Suministros › Red y Internet
[ESTRUCTURA] Añadida nueva especificación: SEGURIDAD → subcategoría Impresoras y Suministros › Red y Internet
[ESTRUCTURA] Añadida nueva especificación: ANTENAS → subcategoría Impresoras y Suministros › Red y Internet
[ESTRUCTURA] Añadida nueva especificación: TECNOLOGIA → subcategoría Impresoras y Suministros › Red y Internet
[ESTRUCTURA] Añadida nueva especificación: POSEE → subcategoría Impresoras y Suministros › Red y Internet
[ESTRUCTURA] Añadida nueva especificación: PADRÓN TOMADA → subcategoría Impresoras y Suministros › Red y Internet
[ESTRUCTURA] Añadida nueva especificación: DIMENSIONES DEL EMBALAJE → subcategoría Impresoras y Suministros › Red y Internet
[ESTRUCTURA] Añadida nueva especificación: CARACTERÍSTICAS DEL SOFTWARE → subcategoría Impresoras y Suministros › Red y Internet
[ESTRUCTURA] Añadida nueva especificación: PROTOCOLOS → subcategoría Impresoras y Suministros › Red y Internet
[ESTRUCTURA] Añadida nueva especificación: ENERGIA / VOLTAJE → subcategoría Impresoras y Suministros › Red y Internet
[ESTRUCTURA] Añadida nueva especificación: OBSERVACIÓN → subcategoría Impresoras y Suministros › Red y Internet
[PROGRESO] Procesado producto 3200 de 4533...
[ESTRUCTURA] Añadida nueva especificación: POTENCIA DE TRANSMISIÓN → subcategoría Impresoras y Suministros › Red y Internet
[ESTRUCTURA] Añadida nueva especificación: CERTIFICACIONES → subcategoría Impresoras y Suministros › Red y Internet
[ESTRUCTURA] Añadida nueva especificación: TIPO DE WAN → subcategoría Impresoras y Suministros › Red y Internet
[ESTRUCTURA] Añadida nueva especificación: FIREWALL → subcategoría Impresoras y Suministros › Red y Internet
[ESTRUCTURA] Añadida nueva especificación: MEMORIA → subcategoría Impresoras y Suministros › Red y Internet
[ESTRUCTURA] Añadida nueva especificación: ESTÁNDARES Y PROTOCOLOS → subcategoría Impresoras y Suministros › Red y Internet
[ESTRUCTURA] Añadida nueva especificación: INDICADOR LED → subcategoría Impresoras y Suministros › Red y Internet
[ESTRUCTURA] Añadida nueva especificación: FUENTE DE ALIMENTACIÓN → subcategoría Impresoras y Suministros › Red y Internet
[ESTRUCTURA] Añadida nueva especificación: INCLUYE → subcategoría Impresoras y Suministros › Red y Internet
[ESTRUCTURA] Añadida nueva especificación: 06 → subcategoría Red y Internet › Adaptadores Wifi y Bluetooth
[ESTRUCTURA] Añadida nueva especificación: PROCESADOR → subcategoría Impresoras y Suministros › Red y Internet
[ESTRUCTURA] Añadida nueva especificación: VPN SERVER → subcategoría Impresoras y Suministros › Red y Internet
[ESTRUCTURA] Añadida nueva especificación: MARCA → subcategoría Red y Internet › Cables de Red y Conectores
[ESTRUCTURA] Añadida nueva especificación: MODELO → subcategoría Red y Internet › Cables de Red y Conectores
[ESTRUCTURA] Añadida nueva especificación: REFERENCIA → subcategoría Red y Internet › Cables de Red y Conectores
[ESTRUCTURA] Añadida nueva especificación: MATERIAL → subcategoría Red y Internet › Cables de Red y Conectores
[ESTRUCTURA] Añadida nueva especificación: INTERFAZ → subcategoría Red y Internet › Cables de Red y Conectores
[ESTRUCTURA] Añadida nueva especificación: CARACTERISTICAS → subcategoría Red y Internet › Cables de Red y Conectores
[ESTRUCTURA] Añadida nueva especificación: COLOR → subcategoría Red y Internet › Cables de Red y Conectores
[PROGRESO] Procesado producto 3250 de 4533...
[ESTRUCTURA] Añadida nueva especificación: MARCA → subcategoría Red y Internet › Adaptadores Wifi y Bluetooth
[ESTRUCTURA] Añadida nueva especificación: MODELO → subcategoría Red y Internet › Adaptadores Wifi y Bluetooth
[ESTRUCTURA] Añadida nueva especificación: COLOR → subcategoría Red y Internet › Adaptadores Wifi y Bluetooth
[ESTRUCTURA] Añadida nueva especificación: ESTÁNDARES INALÁMBRICOS → subcategoría Red y Internet › Adaptadores Wifi y Bluetooth
[ESTRUCTURA] Añadida nueva especificación: TASA DE TRANSFERENCIA → subcategoría Red y Internet › Adaptadores Wifi y Bluetooth
[ESTRUCTURA] Añadida nueva especificación: FRECUENCIA → subcategoría Red y Internet › Adaptadores Wifi y Bluetooth
[ESTRUCTURA] Añadida nueva especificación: SENSIBILIDAD DE RECEPCIÓN → subcategoría Red y Internet › Adaptadores Wifi y Bluetooth
[ESTRUCTURA] Añadida nueva especificación: TECNOLOGIA → subcategoría Red y Internet › Adaptadores Wifi y Bluetooth
[ESTRUCTURA] Añadida nueva especificación: ANTENAS → subcategoría Red y Internet › Adaptadores Wifi y Bluetooth
[ESTRUCTURA] Añadida nueva especificación: INTERFAZ → subcategoría Red y Internet › Adaptadores Wifi y Bluetooth
[ESTRUCTURA] Añadida nueva especificación: SEGURIDAD → subcategoría Red y Internet › Adaptadores Wifi y Bluetooth
[ESTRUCTURA] Añadida nueva especificación: CONECTIVIDAD WIRELESS → subcategoría Red y Internet › Adaptadores Wifi y Bluetooth
[ESTRUCTURA] Añadida nueva especificación: COMPATIBILIDAD → subcategoría Red y Internet › Adaptadores Wifi y Bluetooth
[ESTRUCTURA] Añadida nueva especificación: INCLUYE → subcategoría Red y Internet › Adaptadores Wifi y Bluetooth
[ESTRUCTURA] Añadida nueva especificación: CERTIFICACIONES → subcategoría Red y Internet › Adaptadores Wifi y Bluetooth
[ESTRUCTURA] Añadida nueva especificación: DIMENSIONES DEL EMBALAJE → subcategoría Red y Internet › Adaptadores Wifi y Bluetooth
[ESTRUCTURA] Añadida nueva especificación: PESO BRUTO → subcategoría Red y Internet › Adaptadores Wifi y Bluetooth
[ESTRUCTURA] Añadida nueva especificación: POTENCIA DE TRANSMISIÓN → subcategoría Red y Internet › Adaptadores Wifi y Bluetooth
[PROGRESO] Procesado producto 3300 de 4533...
[ESTRUCTURA] Añadida nueva especificación: ANATEL → subcategoría Red y Internet › Adaptadores Wifi y Bluetooth
[ESTRUCTURA] Añadida nueva especificación: TAMAÑO DEL BÚFER → subcategoría Impresoras y Suministros › Red y Internet
[PROGRESO] Procesado producto 3350 de 4533...
[PROGRESO] Procesado producto 3400 de 4533...
[PROGRESO] Procesado producto 3450 de 4533...
[ESTRUCTURA] Añadida nueva especificación: MARCA → subcategoría Impresoras y Suministros › Tarjetas Gráficas
[ESTRUCTURA] Añadida nueva especificación: MODELO → subcategoría Impresoras y Suministros › Tarjetas Gráficas
[ESTRUCTURA] Añadida nueva especificación: REFERENCIA → subcategoría Impresoras y Suministros › Tarjetas Gráficas
[ESTRUCTURA] Añadida nueva especificación: PROCESAMIENTO GRÁFICO → subcategoría Impresoras y Suministros › Tarjetas Gráficas
[ESTRUCTURA] Añadida nueva especificación: CLOCKS → subcategoría Impresoras y Suministros › Tarjetas Gráficas
[ESTRUCTURA] Añadida nueva especificación: NÚCLEO CUDA → subcategoría Impresoras y Suministros › Tarjetas Gráficas
[ESTRUCTURA] Añadida nueva especificación: BUS DE MEMORIA → subcategoría Impresoras y Suministros › Tarjetas Gráficas
[ESTRUCTURA] Añadida nueva especificación: VELOCIDAD DE MEMORIA → subcategoría Impresoras y Suministros › Tarjetas Gráficas
[ESTRUCTURA] Añadida nueva especificación: MEMORIA V-RAM → subcategoría Impresoras y Suministros › Tarjetas Gráficas
[ESTRUCTURA] Añadida nueva especificación: MEMORIA DE VIDEO → subcategoría Impresoras y Suministros › Tarjetas Gráficas
[ESTRUCTURA] Añadida nueva especificación: PCI EXPRESS → subcategoría Impresoras y Suministros › Tarjetas Gráficas
[ESTRUCTURA] Añadida nueva especificación: RESOLUCIÓN → subcategoría Impresoras y Suministros › Tarjetas Gráficas
[ESTRUCTURA] Añadida nueva especificación: MULTIVISUALIZACIÓN → subcategoría Impresoras y Suministros › Tarjetas Gráficas
[ESTRUCTURA] Añadida nueva especificación: DIRECTX → subcategoría Impresoras y Suministros › Tarjetas Gráficas
[ESTRUCTURA] Añadida nueva especificación: OPENGL → subcategoría Impresoras y Suministros › Tarjetas Gráficas
[ESTRUCTURA] Añadida nueva especificación: TECNOLOGIA → subcategoría Impresoras y Suministros › Tarjetas Gráficas
[ESTRUCTURA] Añadida nueva especificación: CONECTORES DE ENERGIA → subcategoría Impresoras y Suministros › Tarjetas Gráficas
[ESTRUCTURA] Añadida nueva especificación: PSU RECOMENDADA → subcategoría Impresoras y Suministros › Tarjetas Gráficas
[ESTRUCTURA] Añadida nueva especificación: SALIDA DE VÍDEO → subcategoría Impresoras y Suministros › Tarjetas Gráficas
[ESTRUCTURA] Añadida nueva especificación: CARACTERÍSTICAS PRINCIPALES → subcategoría Impresoras y Suministros › Tarjetas Gráficas
[ESTRUCTURA] Añadida nueva especificación: CARACTERISTICAS → subcategoría Impresoras y Suministros › Tarjetas Gráficas
[ESTRUCTURA] Añadida nueva especificación: DIMENSIONES DE EMBALAJE → subcategoría Impresoras y Suministros › Tarjetas Gráficas
[ESTRUCTURA] Añadida nueva especificación: PESO BRUTO → subcategoría Impresoras y Suministros › Tarjetas Gráficas
[ESTRUCTURA] Añadida nueva especificación: SLOT → subcategoría Impresoras y Suministros › Tarjetas Gráficas
[ESTRUCTURA] Añadida nueva especificación: ILUMINACIÓN → subcategoría Impresoras y Suministros › Tarjetas Gráficas
[ESTRUCTURA] Añadida nueva especificación: INCLUI → subcategoría Impresoras y Suministros › Tarjetas Gráficas
[PROGRESO] Procesado producto 3500 de 4533...
[ESTRUCTURA] Añadida nueva especificación: NÚCLEOS CUDA → subcategoría Impresoras y Suministros › Tarjetas Gráficas
[ESTRUCTURA] Añadida nueva especificación: ACCESORIOS → subcategoría Impresoras y Suministros › Tarjetas Gráficas
[ESTRUCTURA] Añadida nueva especificación: 06 → subcategoría Impresoras y Suministros › Tarjetas Gráficas
[ESTRUCTURA] Añadida nueva especificación: AI PERFORMANCE → subcategoría Impresoras y Suministros › Tarjetas Gráficas
[PROGRESO] Procesado producto 3550 de 4533...
[PROGRESO] Procesado producto 3600 de 4533...
[ESTRUCTURA] Añadida nueva especificación: 06 → subcategoría Impresoras y Suministros › Periféricos
[ESTRUCTURA] Añadida nueva especificación: MARCA → subcategoría Impresoras y Suministros › Periféricos
[ESTRUCTURA] Añadida nueva especificación: MODELO → subcategoría Impresoras y Suministros › Periféricos
[ESTRUCTURA] Añadida nueva especificación: REFERENCIA → subcategoría Impresoras y Suministros › Periféricos
[ESTRUCTURA] Añadida nueva especificación: TIPO → subcategoría Impresoras y Suministros › Periféricos
[ESTRUCTURA] Añadida nueva especificación: ÁNGULO DE INCLINACIÓN → subcategoría Impresoras y Suministros › Periféricos
[ESTRUCTURA] Añadida nueva especificación: MATERIAL → subcategoría Impresoras y Suministros › Periféricos
[ESTRUCTURA] Añadida nueva especificación: CARACTERISTICAS → subcategoría Impresoras y Suministros › Periféricos
[ESTRUCTURA] Añadida nueva especificación: ELEVADOR A GAS → subcategoría Impresoras y Suministros › Periféricos
[ESTRUCTURA] Añadida nueva especificación: COLOR → subcategoría Impresoras y Suministros › Periféricos
[ESTRUCTURA] Añadida nueva especificación: LÍMITE DE PESO → subcategoría Impresoras y Suministros › Periféricos
[ESTRUCTURA] Añadida nueva especificación: INCLUI → subcategoría Impresoras y Suministros › Periféricos
[ESTRUCTURA] Añadida nueva especificación: ILUMINACIÓN → subcategoría Impresoras y Suministros › Periféricos
[ESTRUCTURA] Añadida nueva especificación: MARCA → subcategoría Periféricos › Auriculares y Accesorios
[ESTRUCTURA] Añadida nueva especificación: MODELO → subcategoría Periféricos › Auriculares y Accesorios
[ESTRUCTURA] Añadida nueva especificación: COLOR → subcategoría Periféricos › Auriculares y Accesorios
[ESTRUCTURA] Añadida nueva especificación: TIPO → subcategoría Periféricos › Auriculares y Accesorios
[ESTRUCTURA] Añadida nueva especificación: IMPEDANCIA → subcategoría Periféricos › Auriculares y Accesorios
[ESTRUCTURA] Añadida nueva especificación: RESPUESTA DE FRECUENCIA AUDIO → subcategoría Periféricos › Auriculares y Accesorios
[ESTRUCTURA] Añadida nueva especificación: RESISTENCIA → subcategoría Periféricos › Auriculares y Accesorios
[ESTRUCTURA] Añadida nueva especificación: BATERÍA → subcategoría Periféricos › Auriculares y Accesorios
[ESTRUCTURA] Añadida nueva especificación: MICRÓFONO → subcategoría Periféricos › Auriculares y Accesorios
[ESTRUCTURA] Añadida nueva especificación: CONEXIÓN → subcategoría Periféricos › Auriculares y Accesorios
[ESTRUCTURA] Añadida nueva especificación: INTERFAZ → subcategoría Periféricos › Auriculares y Accesorios
[ESTRUCTURA] Añadida nueva especificación: CARACTERISTICAS → subcategoría Periféricos › Auriculares y Accesorios
[ESTRUCTURA] Añadida nueva especificación: REFERENCIA → subcategoría Periféricos › Auriculares y Accesorios
[ESTRUCTURA] Añadida nueva especificación: SENSIBILIDAD → subcategoría Periféricos › Auriculares y Accesorios
[ESTRUCTURA] Añadida nueva especificación: DIMENSIONES DEL EMBALAJE → subcategoría Periféricos › Auriculares y Accesorios
[ESTRUCTURA] Añadida nueva especificación: INCLUYE → subcategoría Periféricos › Auriculares y Accesorios
[ESTRUCTURA] Añadida nueva especificación: PESO → subcategoría Periféricos › Auriculares y Accesorios
[ESTRUCTURA] Añadida nueva especificación: COMPATIBILIDAD → subcategoría Periféricos › Auriculares y Accesorios
[ESTRUCTURA] Añadida nueva especificación: CONTROL → subcategoría Periféricos › Auriculares y Accesorios
[ESTRUCTURA] Añadida nueva especificación: 06 → subcategoría Periféricos › Auriculares y Accesorios
[PROGRESO] Procesado producto 3650 de 4533...
[ESTRUCTURA] Añadida nueva especificación: Promovip → subcategoría Periféricos › Auriculares y Accesorios
[ESTRUCTURA] Añadida nueva especificación: ILUMINACIÓN → subcategoría Periféricos › Auriculares y Accesorios
[PROGRESO] Procesado producto 3700 de 4533...
[PROGRESO] Procesado producto 3750 de 4533...
[PROGRESO] Procesado producto 3800 de 4533...
[PROGRESO] Procesado producto 3850 de 4533...
[ESTRUCTURA] Añadida nueva especificación: INTERFAZ → subcategoría Impresoras y Suministros › Periféricos
[ESTRUCTURA] Añadida nueva especificación: LONGITUD → subcategoría Impresoras y Suministros › Periféricos
[ESTRUCTURA] Añadida nueva especificación: PESO → subcategoría Impresoras y Suministros › Periféricos
[ESTRUCTURA] Añadida nueva especificación: PESO BRUTO → subcategoría Impresoras y Suministros › Periféricos
[PROGRESO] Procesado producto 3900 de 4533...
[ESTRUCTURA] Añadida nueva especificación: DIMENSIONES DEL EMBALAJE → subcategoría Impresoras y Suministros › Periféricos
[PROGRESO] Procesado producto 3950 de 4533...
[PROGRESO] Procesado producto 4000 de 4533...
[ESTRUCTURA] Añadida nueva especificación: MARCA → subcategoría Periféricos › Filtro de Línea y Extensión
[ESTRUCTURA] Añadida nueva especificación: MODELO → subcategoría Periféricos › Filtro de Línea y Extensión
[ESTRUCTURA] Añadida nueva especificación: INTERFAZ → subcategoría Periféricos › Filtro de Línea y Extensión
[ESTRUCTURA] Añadida nueva especificación: PADRON TOMADA → subcategoría Periféricos › Filtro de Línea y Extensión
[ESTRUCTURA] Añadida nueva especificación: TENSIÓN → subcategoría Periféricos › Filtro de Línea y Extensión
[ESTRUCTURA] Añadida nueva especificación: INDICADOR VISUAL → subcategoría Periféricos › Filtro de Línea y Extensión
[ESTRUCTURA] Añadida nueva especificación: LONGITUD → subcategoría Periféricos › Filtro de Línea y Extensión
[ESTRUCTURA] Añadida nueva especificación: COLOR → subcategoría Periféricos › Filtro de Línea y Extensión
[ESTRUCTURA] Añadida nueva especificación: 06 → subcategoría Periféricos › Filtro de Línea y Extensión
[ESTRUCTURA] Añadida nueva especificación: CARACTERÍSTICAS → subcategoría Periféricos › Filtro de Línea y Extensión
[ESTRUCTURA] Añadida nueva especificación: 06 → subcategoría Periféricos › Gravadores y Lectores CD / DVD / Blu-Ray
[ESTRUCTURA] Añadida nueva especificación: 06 → subcategoría Periféricos › Limpieza y Mantenimiento
[ESTRUCTURA] Añadida nueva especificación: MARCA → subcategoría Periféricos › Limpieza y Mantenimiento
[ESTRUCTURA] Añadida nueva especificación: MODELO → subcategoría Periféricos › Limpieza y Mantenimiento
[ESTRUCTURA] Añadida nueva especificación: COLOR → subcategoría Periféricos › Limpieza y Mantenimiento
[ESTRUCTURA] Añadida nueva especificación: CONDUCTIVIDAD TÉRMICA → subcategoría Periféricos › Limpieza y Mantenimiento
[ESTRUCTURA] Añadida nueva especificación: IMPEDANCIA TÉRMICA → subcategoría Periféricos › Limpieza y Mantenimiento
[ESTRUCTURA] Añadida nueva especificación: TEMPERATURA DE USO → subcategoría Periféricos › Limpieza y Mantenimiento
[ESTRUCTURA] Añadida nueva especificación: CONTENIDO → subcategoría Periféricos › Limpieza y Mantenimiento
[PROGRESO] Procesado producto 4050 de 4533...
[ESTRUCTURA] Añadida nueva especificación: REFERENCIA → subcategoría Periféricos › Limpieza y Mantenimiento
[ESTRUCTURA] Añadida nueva especificación: INCLUYE → subcategoría Periféricos › Limpieza y Mantenimiento
[ESTRUCTURA] Añadida nueva especificación: DIMENSIONES DEL EMBALAJE → subcategoría Periféricos › Limpieza y Mantenimiento
[ESTRUCTURA] Añadida nueva especificación: PESO BRUTO → subcategoría Periféricos › Limpieza y Mantenimiento
[ESTRUCTURA] Añadida nueva especificación: CONDUCTOR ELÉCTRICO → subcategoría Periféricos › Limpieza y Mantenimiento
[ESTRUCTURA] Añadida nueva especificación: COMPATIBILIDAD → subcategoría Periféricos › Limpieza y Mantenimiento
[ESTRUCTURA] Añadida nueva especificación: PADRON POLAR → subcategoría Impresoras y Suministros › Periféricos
[ESTRUCTURA] Añadida nueva especificación: BATERÍA → subcategoría Impresoras y Suministros › Periféricos
[ESTRUCTURA] Añadida nueva especificación: CONEXIÓN → subcategoría Impresoras y Suministros › Periféricos
[ESTRUCTURA] Añadida nueva especificación: ACCESORIOS → subcategoría Impresoras y Suministros › Periféricos
[ESTRUCTURA] Añadida nueva especificación: RESPUESTA DE FRECUENCIA → subcategoría Impresoras y Suministros › Periféricos
[ESTRUCTURA] Añadida nueva especificación: SENSIBILIDAD → subcategoría Impresoras y Suministros › Periféricos
[ESTRUCTURA] Añadida nueva especificación: IMPEDANCIA → subcategoría Impresoras y Suministros › Periféricos
[ESTRUCTURA] Añadida nueva especificación: 06 → subcategoría Periféricos › Mochilas, Fundas y Maletas
[ESTRUCTURA] Añadida nueva especificación: MARCA → subcategoría Periféricos › Mochilas, Fundas y Maletas
[ESTRUCTURA] Añadida nueva especificación: MODELO → subcategoría Periféricos › Mochilas, Fundas y Maletas
[ESTRUCTURA] Añadida nueva especificación: TIPO → subcategoría Periféricos › Mochilas, Fundas y Maletas
[ESTRUCTURA] Añadida nueva especificación: TAMAÑO → subcategoría Periféricos › Mochilas, Fundas y Maletas
[ESTRUCTURA] Añadida nueva especificación: COLOR → subcategoría Periféricos › Mochilas, Fundas y Maletas
[ESTRUCTURA] Añadida nueva especificación: MATERIAL → subcategoría Periféricos › Mochilas, Fundas y Maletas
[ESTRUCTURA] Añadida nueva especificación: CARACTERÍSTICAS → subcategoría Periféricos › Mochilas, Fundas y Maletas
[PROGRESO] Procesado producto 4100 de 4533...
[ESTRUCTURA] Añadida nueva especificación: Promovip → subcategoría Impresoras y Suministros › Periféricos
[ESTRUCTURA] Añadida nueva especificación: DPI → subcategoría Impresoras y Suministros › Periféricos
[ESTRUCTURA] Añadida nueva especificación: SENSOR DEL MOUSE → subcategoría Impresoras y Suministros › Periféricos
[ESTRUCTURA] Añadida nueva especificación: BOTONES → subcategoría Impresoras y Suministros › Periféricos
[ESTRUCTURA] Añadida nueva especificación: PESO NETO → subcategoría Impresoras y Suministros › Periféricos
[ESTRUCTURA] Añadida nueva especificación: TIPO DE BATERÍA → subcategoría Impresoras y Suministros › Periféricos
[ESTRUCTURA] Añadida nueva especificación: DIMENSIONES DEL PRODUCTO → subcategoría Impresoras y Suministros › Periféricos
[PROGRESO] Procesado producto 4150 de 4533...
[ESTRUCTURA] Añadida nueva especificación: OBSERVACIONES → subcategoría Impresoras y Suministros › Periféricos
[ESTRUCTURA] Añadida nueva especificación: MARCA → subcategoría Periféricos › Mouse
[ESTRUCTURA] Añadida nueva especificación: MODELO → subcategoría Periféricos › Mouse
[ESTRUCTURA] Añadida nueva especificación: REFERENCIA → subcategoría Periféricos › Mouse
[ESTRUCTURA] Añadida nueva especificación: COLOR → subcategoría Periféricos › Mouse
[ESTRUCTURA] Añadida nueva especificación: TIPO → subcategoría Periféricos › Mouse
[ESTRUCTURA] Añadida nueva especificación: DPI → subcategoría Periféricos › Mouse
[ESTRUCTURA] Añadida nueva especificación: SENSOR DEL MOUSE → subcategoría Periféricos › Mouse
[ESTRUCTURA] Añadida nueva especificación: BOTONES → subcategoría Periféricos › Mouse
[ESTRUCTURA] Añadida nueva especificación: ILUMINACIÓN → subcategoría Periféricos › Mouse
[ESTRUCTURA] Añadida nueva especificación: CONEXIÓN → subcategoría Periféricos › Mouse
[ESTRUCTURA] Añadida nueva especificación: INTERFAZ → subcategoría Periféricos › Mouse
[ESTRUCTURA] Añadida nueva especificación: CARACTERISTICAS → subcategoría Periféricos › Mouse
[ESTRUCTURA] Añadida nueva especificación: INCLUI → subcategoría Periféricos › Mouse
[ESTRUCTURA] Añadida nueva especificación: DIMENSIONES DEL EMBALAJE → subcategoría Periféricos › Mouse
[ESTRUCTURA] Añadida nueva especificación: PESO BRUTO → subcategoría Periféricos › Mouse
[ESTRUCTURA] Añadida nueva especificación: DIMENSIONES → subcategoría Impresoras y Suministros › Periféricos
[ESTRUCTURA] Añadida nueva especificación: 06 → subcategoría Periféricos › Nobreak UPS y Estabilizadores
[PROGRESO] Procesado producto 4250 de 4533...
[ESTRUCTURA] Añadida nueva especificación: MARCA → subcategoría Periféricos › Nobreak UPS y Estabilizadores
[ESTRUCTURA] Añadida nueva especificación: MODELO → subcategoría Periféricos › Nobreak UPS y Estabilizadores
[ESTRUCTURA] Añadida nueva especificación: REFERENCIA → subcategoría Periféricos › Nobreak UPS y Estabilizadores
[ESTRUCTURA] Añadida nueva especificación: COLOR → subcategoría Periféricos › Nobreak UPS y Estabilizadores
[ESTRUCTURA] Añadida nueva especificación: DISEÑO → subcategoría Periféricos › Nobreak UPS y Estabilizadores
[ESTRUCTURA] Añadida nueva especificación: CAPACIDAD → subcategoría Periféricos › Nobreak UPS y Estabilizadores
[ESTRUCTURA] Añadida nueva especificación: BATERÍA → subcategoría Periféricos › Nobreak UPS y Estabilizadores
[ESTRUCTURA] Añadida nueva especificación: TECNOLOGIA → subcategoría Periféricos › Nobreak UPS y Estabilizadores
[ESTRUCTURA] Añadida nueva especificación: ESPECIFICACIONES DE ENERGIA → subcategoría Periféricos › Nobreak UPS y Estabilizadores
[ESTRUCTURA] Añadida nueva especificación: TOMADAS → subcategoría Periféricos › Nobreak UPS y Estabilizadores
[ESTRUCTURA] Añadida nueva especificación: CARACTERISTICAS → subcategoría Periféricos › Nobreak UPS y Estabilizadores
[ESTRUCTURA] Añadida nueva especificación: INCLUYE → subcategoría Periféricos › Nobreak UPS y Estabilizadores
[ESTRUCTURA] Añadida nueva especificación: ENTRADAS / SALIDAS → subcategoría Periféricos › Nobreak UPS y Estabilizadores
[ESTRUCTURA] Añadida nueva especificación: DIMENSIONES DE EMBALAJE → subcategoría Periféricos › Nobreak UPS y Estabilizadores
[ESTRUCTURA] Añadida nueva especificación: ESPECIFICAÇÃO → subcategoría Periféricos › Nobreak UPS y Estabilizadores
[ESTRUCTURA] Añadida nueva especificación: RESOLUCIÓN MÁXIMA → subcategoría Impresoras y Suministros › Periféricos
[ESTRUCTURA] Añadida nueva especificación: COMPATIBILIDAD → subcategoría Impresoras y Suministros › Periféricos
[ESTRUCTURA] Añadida nueva especificación: 06 → subcategoría Periféricos › Proyectores y Accesorios
[PROGRESO] Procesado producto 4300 de 4533...
[ESTRUCTURA] Añadida nueva especificación: MARCA → subcategoría Periféricos › Proyectores y Accesorios
[ESTRUCTURA] Añadida nueva especificación: MODELO → subcategoría Periféricos › Proyectores y Accesorios
[ESTRUCTURA] Añadida nueva especificación: COLOR → subcategoría Periféricos › Proyectores y Accesorios
[ESTRUCTURA] Añadida nueva especificación: BRILLO → subcategoría Periféricos › Proyectores y Accesorios
[ESTRUCTURA] Añadida nueva especificación: RESOLUCIÓN → subcategoría Periféricos › Proyectores y Accesorios
[ESTRUCTURA] Añadida nueva especificación: CONTRASTE → subcategoría Periféricos › Proyectores y Accesorios
[ESTRUCTURA] Añadida nueva especificación: FRECUENCIA DE ACTUALIZACIÓN → subcategoría Periféricos › Proyectores y Accesorios
[ESTRUCTURA] Añadida nueva especificación: PROYECCIÓN → subcategoría Periféricos › Proyectores y Accesorios
[ESTRUCTURA] Añadida nueva especificación: VIDA ÚTIL → subcategoría Periféricos › Proyectores y Accesorios
[ESTRUCTURA] Añadida nueva especificación: TECNOLOGIA → subcategoría Periféricos › Proyectores y Accesorios
[ESTRUCTURA] Añadida nueva especificación: ESPECIFICACIONES DE LENTE → subcategoría Periféricos › Proyectores y Accesorios
[ESTRUCTURA] Añadida nueva especificación: CONECTIVIDAD INALÁMBRICA → subcategoría Periféricos › Proyectores y Accesorios
[ESTRUCTURA] Añadida nueva especificación: RANGOS DEL SOPORTE → subcategoría Periféricos › Proyectores y Accesorios
[ESTRUCTURA] Añadida nueva especificación: CARACTERISTICAS → subcategoría Periféricos › Proyectores y Accesorios
[ESTRUCTURA] Añadida nueva especificación: ENTRADAS / SALIDAS → subcategoría Periféricos › Proyectores y Accesorios
[ESTRUCTURA] Añadida nueva especificación: ENERGIA / VOLTAJE → subcategoría Periféricos › Proyectores y Accesorios
[ESTRUCTURA] Añadida nueva especificación: INCLUI → subcategoría Periféricos › Proyectores y Accesorios
[ESTRUCTURA] Añadida nueva especificación: SISTEMA OPERATIVO → subcategoría Periféricos › Proyectores y Accesorios
[ESTRUCTURA] Añadida nueva especificación: DIMENSIONES DE EMBALAJE → subcategoría Periféricos › Proyectores y Accesorios
[ESTRUCTURA] Añadida nueva especificación: PESO → subcategoría Periféricos › Proyectores y Accesorios
[ESTRUCTURA] Añadida nueva especificación: CAPACIDAD MÁXIMA → subcategoría Periféricos › Proyectores y Accesorios
[ESTRUCTURA] Añadida nueva especificación: MATERIAL → subcategoría Periféricos › Proyectores y Accesorios
[ESTRUCTURA] Añadida nueva especificación: REFERENCIA → subcategoría Periféricos › Proyectores y Accesorios
[ESTRUCTURA] Añadida nueva especificación: OBSERVACIÓN → subcategoría Periféricos › Proyectores y Accesorios
[ESTRUCTURA] Añadida nueva especificación: BAHIAS → subcategoría Impresoras y Suministros › Periféricos
[ESTRUCTURA] Añadida nueva especificación: CPU → subcategoría Impresoras y Suministros › Periféricos
[ESTRUCTURA] Añadida nueva especificación: MEMORIA RAM → subcategoría Impresoras y Suministros › Periféricos
[ESTRUCTURA] Añadida nueva especificación: ALMACENAMIENTO → subcategoría Impresoras y Suministros › Periféricos
[ESTRUCTURA] Añadida nueva especificación: SISTEMA OPERATIVO → subcategoría Impresoras y Suministros › Periféricos
[ESTRUCTURA] Añadida nueva especificación: PUERTOS DE E/S → subcategoría Impresoras y Suministros › Periféricos
[ESTRUCTURA] Añadida nueva especificación: DDR → subcategoría Impresoras y Suministros › Periféricos
[ESTRUCTURA] Añadida nueva especificación: INCLUYE → subcategoría Impresoras y Suministros › Periféricos
[ESTRUCTURA] Añadida nueva especificación: RANURA DE EXPANSIÓN → subcategoría Impresoras y Suministros › Periféricos
[ESTRUCTURA] Añadida nueva especificación: COMPARTIMIENTOS DE 3,5" → subcategoría Impresoras y Suministros › Periféricos
[ESTRUCTURA] Añadida nueva especificación: TAMAÑO → subcategoría Impresoras y Suministros › Periféricos
[ESTRUCTURA] Añadida nueva especificación: RANGOS DEL SOPORTE → subcategoría Impresoras y Suministros › Periféricos
[ESTRUCTURA] Añadida nueva especificación: CAPACIDAD MÁXIMA → subcategoría Impresoras y Suministros › Periféricos
[PROGRESO] Procesado producto 4350 de 4533...
[ESTRUCTURA] Añadida nueva especificación: IDIOMA DEL TECLADO → subcategoría Impresoras y Suministros › Periféricos
[ESTRUCTURA] Añadida nueva especificación: TOTAL DE TECLAS → subcategoría Impresoras y Suministros › Periféricos
[ESTRUCTURA] Añadida nueva especificación: POSEE → subcategoría Impresoras y Suministros › Periféricos
[ESTRUCTURA] Añadida nueva especificación: TECLAS SWITCHES → subcategoría Impresoras y Suministros › Periféricos
[ESTRUCTURA] Añadida nueva especificación: TECLAS DE MULTIMEDIA → subcategoría Impresoras y Suministros › Periféricos
[ESTRUCTURA] Añadida nueva especificación: DESCANSO DEL PULSO → subcategoría Impresoras y Suministros › Periféricos
[ESTRUCTURA] Añadida nueva especificación: MATERIAL DEL HARDWARE → subcategoría Impresoras y Suministros › Periféricos
[ESTRUCTURA] Añadida nueva especificación: ESPECIFICACIÓN DEL ACOMPAÑAMIENTO → subcategoría Impresoras y Suministros › Periféricos
[ESTRUCTURA] Añadida nueva especificación: OBSERVACIÓN → subcategoría Impresoras y Suministros › Periféricos
[PROGRESO] Procesado producto 4400 de 4533...
[PROGRESO] Procesado producto 4450 de 4533...
[PROGRESO] Procesado producto 4500 de 4533...
[ESTRUCTURA] Añadida nueva especificación: RESOLUCION DE WEBCAM → subcategoría Impresoras y Suministros › Periféricos
[ESTRUCTURA] Añadida nueva especificación: CAMPO VISUAL → subcategoría Impresoras y Suministros › Periféricos
[ESTRUCTURA] Añadida nueva especificación: ESPECIFICACIONES DE LENTE → subcategoría Impresoras y Suministros › Periféricos
[ESTRUCTURA] Añadida nueva especificación: AUDIO → subcategoría Impresoras y Suministros › Periféricos
[ESTRUCTURA] Añadida nueva especificación: MICRÓFONO → subcategoría Impresoras y Suministros › Periféricos
[PROGRESO] Procesado producto 4533 de 4533...
[PRUNA] Alineando taxonomía y filtros locales con el último scrape Visão…
[PRUNA] Subcategoría inactiva (fuera de menú Visão): Apple (apple__19)
[PRUNA] Subcategoría inactiva (fuera de menú Visão): Notebook y Computadoras (notebook_y_computadoras__20)
[PRUNA] Subcategoría inactiva (fuera de menú Visão): Almacenamiento (almacenamiento__21)
[PRUNA] Subcategoría inactiva (fuera de menú Visão): Placas Madres (placas_madres__22)
[PRUNA] Subcategoría inactiva (fuera de menú Visão): Tarjetas Gráficas (tarjetas_graficas__23)
[PRUNA] Subcategoría inactiva (fuera de menú Visão): Procesadores (procesadores__24)
[PRUNA] Subcategoría inactiva (fuera de menú Visão): Cooler (cooler__25)
[PRUNA] Categoría inactiva (no está en menú Visão): Fuente de Alimentación
[PRUNA] Categoría inactiva (no está en menú Visão): Monitores
[PRUNA] Categoría inactiva (no está en menú Visão): Gabinetes
[PRUNA] Subcategoría inactiva (fuera de menú Visão): Impresoras y Suministros (impresoras_y_suministros__29)
[PRUNA] Subcategoría inactiva (fuera de menú Visão): Periféricos (perifericos__30)
[PRUNA] Subcategoría inactiva (fuera de menú Visão): Red y Internet (red_y_internet__31)
[PRUNA] Subcategoría inactiva (fuera de menú Visão): Celulares y Tablets (celulares_y_tablets__32)
[PRUNA] Subcategoría inactiva (fuera de menú Visão): Electrónicos (electronicos__33)
[PRUNA] Resultado: {
  deactivatedCategories: 3,
  deactivatedSubcategories: 15,
  trimmedSpecDefinitions: 0,
  skipped: false
}
[HEADER] Regenerando frontend/src/helpers/productCategory.js desde Mongo…
[HEADER] OK (12 categorías activas → /Users/josiasnicolas02gmail.com/Documents/Zennelectronica/frontend/src/helpers/productCategory.js)
[RESUMEN] creados=2864 actualizados=1613 omitidos=56 errores=0 imágenes_fallidas=1 tiempo_ms=14482137
[run-sync] Reporte mirror: {
  "mirror": true,
  "mirrorStrict": true,
  "resetCatalog": false,
  "mirrorPrune": true,
  "exportFrontendProductCategoryJs": true,
  "exchangeRate": 7300,
  "menuRowCount": 97,
  "uniqueMenuCategories": 12,
  "productUrlsCount": 4533,
  "productsAttempted": 4533,
  "categoryBootstrap": {
    "categoriesTouched": 12,
    "uniqueCategories": 12
  },
  "navigationBootstrap": {
    "categoriesWithTree": 12,
    "rootsBuilt": 12
  },
  "scrapedCodigosEnCatalog": [
    "58123",
    "58128",
    "54874",
    "52352",
    "54884",
    "57586",
    "57919",
    "57850",
    "57773",
    "57772",
    "57769",
    "57768",
    "57767",
    "57604",
    "57590",
    "57589",
    "57588",
    "57587",
    "57585",
    "57584",
    "57583",
    "57581",
    "57579",
    "57578",
    "57516",
    "57467",
    "57463",
    "57126",
    "56919",
    "56686",
    "56251",
    "55990",
    "55181",
    "54842",
    "54483",
    "49038",
    "53642",
    "52715",
    "51568",
    "38190",
    "49041",
    "50801",
    "40678",
    "49217",
    "44912",
    "48784",
    "48603",
    "42167",
    "24389",
    "47733",
    "47621",
    "47540",
    "47436",
    "47336",
    "41347",
    "47219",
    "47086",
    "44351",
    "40243",
    "40244",
    "45915",
    "45460",
    "45416",
    "45415",
    "44787",
    "44737",
    "39668",
    "17000",
    "40242",
    "32001",
    "43006",
    "42631",
    "42197",
    "41890",
    "39666",
    "39609",
    "9936",
    "38322",
    "21717",
    "36078",
    "36036",
    "33691",
    "33027",
    "32085",
    "28368",
    "28055",
    "28053",
    "26199",
    "21713",
    "21072",
    "18233",
    "17660",
    "17091",
    "15159",
    "14491",
    "10109",
    "57550",
    "57145",
    "56860",
    "54899",
    "54476",
    "52764",
    "52137",
    "52046",
    "52044",
    "52043",
    "51666",
    "51231",
    "51230",
    "51229",
    "51219",
    "51218",
    "51217",
    "50474",
    "50166",
    "47345",
    "44947",
    "42630",
    "40022",
    "40020",
    "39967",
    "39966",
    "17456",
    "35150",
    "34906",
    "22622",
    "16723",
    "9598",
    "34904",
    "34903",
    "34902",
    "34806",
    "34498",
    "34493",
    "32137",
    "31803",
    "30580",
    "26739",
    "26621",
    "26326",
    "25217",
    "22623",
    "21761",
    "17539",
    "17476",
    "17166",
    "16541",
    "12935",
    "54489",
    "58016",
    "50285",
    "54132",
    "53722",
    "53385",
    "57199",
    "56895",
    "56869",
    "56667",
    "56536",
    "55339",
    "55022",
    "55013",
    "53070",
    "54824",
    "54686",
    "51084",
    "54427",
    "54249",
    "52181",
    "53559",
    "53754",
    "53386",
    "53344",
    "46325",
    "48987",
    "53044",
    "53043",
    "53042",
    "50850",
    "52762",
    "50213",
    "50212",
    "50211",
    "52182",
    "52180",
    "48318",
    "51768",
    "51637",
    "51475",
    "51248",
    "50703",
    "50495",
    "50486",
    "50379",
    "48319",
    "50006",
    "48692",
    "48471",
    "48470",
    "48469",
    "48452",
    "48320",
    "48168",
    "47680",
    "47678",
    "47677",
    "45594",
    "39136",
    "44962",
    "45372",
    "45104",
    "42824",
    "44795",
    "44236",
    "43890",
    "43734",
    "43235",
    "43053",
    "43052",
    "43049",
    "43046",
    "42826",
    "42500",
    "40255",
    "41606",
    "28832",
    "39125",
    "41102",
    "40664",
    "40663",
    "38098",
    "38097",
    "38096",
    "25195",
    "40259",
    "39977",
    "39969",
    "36698",
    "39127",
    "39126",
    "39124",
    "38562",
    "38196",
    "33799",
    "30211",
    "28830",
    "38082",
    "37915",
    "35430",
    "35429",
    "35336",
    "37508",
    "37507",
    "35416",
    "37217",
    "27912",
    "27973",
    "31202",
    "31862",
    "31863",
    "31864",
    "34432",
    "31258",
    "31686",
    "31257",
    "34481",
    "31157",
    "36972",
    "30215",
    "23434",
    "24035",
    "30823",
    "34092",
    "16394",
    "35873",
    "35414",
    "35232",
    "29172",
    "35053",
    "34978",
    "34859",
    "34776",
    "34774",
    "34264",
    "34093",
    "34091",
    "34086",
    "33530",
    "32941",
    "32766",
    "32765",
    "32382",
    "32366",
    "31382",
    "31075",
    "30969",
    "30912",
    "30209",
    "28837",
    "28745",
    "28614",
    "27851",
    "27029",
    "27000",
    "26750",
    "26678",
    "25863",
    "25862",
    "25861",
    "25680",
    "24092",
    "24091",
    "22563",
    "21914",
    "20372",
    "18694",
    "18338",
    "18337",
    "16595",
    "14905",
    "55106",
    "55719",
    "46972",
    "51040",
    "52319",
    "43093",
    "47782",
    "39848",
    "38108",
    "54492",
    "50322",
    "48186",
    "32109",
    "52769",
    "55485",
    "55486",
    "55487",
    "55488",
    "55489",
    "55490",
    "55491",
    "55492",
    "55493",
    "55494",
    "57606",
    "57926",
    "57817",
    "57816",
    "57815",
    "57814",
    "57757",
    "57751",
    "57750",
    "57749",
    "57748",
    "57605",
    "57527",
    "57526",
    "57425",
    "57015",
    "56910",
    "56908",
    "56711",
    "56710",
    "56539",
    "56538",
    "56535",
    "56534",
    "56533",
    "56532",
    "56434",
    "56398",
    "56292",
    "56280",
    "56210",
    "56186",
    "56174",
    "56106",
    "56105",
    "55569",
    "55522",
    "55473",
    "55292",
    "55282",
    "55280",
    "55279",
    "55278",
    "55247",
    "55246",
    "55245",
    "55230",
    "55224",
    "55223",
    "55215",
    "55214",
    "55213",
    "55204",
    "55202",
    "55197",
    "55184",
    "55118",
    "55113",
    "55111",
    "55110",
    "55087",
    "54869",
    "54008",
    "53989",
    "53970",
    "53740",
    "53738",
    "51138",
    "51135",
    "51133",
    "53541",
    "51102",
    "51564",
    "53367",
    "53364",
    "53363",
    "53291",
    "53225",
    "53069",
    "53068",
    "53066",
    "53065",
    "53064",
    "53062",
    "53040",
    "52897",
    "52896",
    "52768",
    "52756",
    "52753",
    "52745",
    "49859",
    "49858",
    "49857",
    "52187",
    "52185",
    "52115",
    "52038",
    "51563",
    "51611",
    "51263",
    "51121",
    "50525",
    "50510",
    "50380",
    "50263",
    "50186",
    "49820",
    "49785",
    "49702",
    "49525",
    "49521",
    "49467",
    "49335",
    "49317",
    "49294",
    "49229",
    "49228",
    "49130",
    "49117",
    "49114",
    "48982",
    "48981",
    "48906",
    "48755",
    "48754",
    "48753",
    "48752",
    "48451",
    "45883",
    "45882",
    "45881",
    "45880",
    "45879",
    "45878",
    "48216",
    "48182",
    "48108",
    "48054",
    "47944",
    "47937",
    "47689",
    "47688",
    "47200",
    "46293",
    "46292",
    "45789",
    "45758",
    "45204",
    "45197",
    "44808",
    "44497",
    "44264",
    "44243",
    "28447",
    "32947",
    "43764",
    "43763",
    "27357",
    "41117",
    "43275",
    "43274",
    "43239",
    "43238",
    "42990",
    "42980",
    "42867",
    "42712",
    "36529",
    "36528",
    "42161",
    "42030",
    "41771",
    "41769",
    "41687",
    "41612",
    "41610",
    "41525",
    "41106",
    "40887",
    "23740",
    "25330",
    "40788",
    "34431",
    "29636",
    "14190",
    "24378",
    "28867",
    "14597",
    "31217",
    "24427",
    "21778",
    "23486",
    "40639",
    "40358",
    "40294",
    "40105",
    "39956",
    "39944",
    "39747",
    "39406",
    "39362",
    "39343",
    "39342",
    "39299",
    "32359",
    "36587",
    "38761",
    "38689",
    "38671",
    "38616",
    "38453",
    "38313",
    "38274",
    "38121",
    "36085",
    "37934",
    "37896",
    "37882",
    "37704",
    "37702",
    "37536",
    "37510",
    "37224",
    "23814",
    "34429",
    "28835",
    "6653",
    "24376",
    "28833",
    "24375",
    "24374",
    "34363",
    "24373",
    "21159",
    "24124",
    "23813",
    "24371",
    "24422",
    "36857",
    "36821",
    "36801",
    "36800",
    "36798",
    "36702",
    "32355",
    "32354",
    "27355",
    "18267",
    "33635",
    "36234",
    "36136",
    "35853",
    "35784",
    "35664",
    "35550",
    "35396",
    "35153",
    "29610",
    "31161",
    "35062",
    "28842",
    "32361",
    "28856",
    "32360",
    "28106",
    "35020",
    "9513",
    "34972",
    "34864",
    "34862",
    "34787",
    "34780",
    "34532",
    "34437",
    "34387",
    "34386",
    "34385",
    "34382",
    "34248",
    "34245",
    "34188",
    "33980",
    "33975",
    "33835",
    "33815",
    "33707",
    "33706",
    "32948",
    "32945",
    "32450",
    "32357",
    "31684",
    "31491",
    "31401",
    "31338",
    "31335",
    "31334",
    "31061",
    "31056",
    "30977",
    "30617",
    "30616",
    "30611",
    "30369",
    "30254",
    "30202",
    "30201",
    "29755",
    "29721",
    "29338",
    "28685",
    "28460",
    "28437",
    "28104",
    "28098",
    "27470",
    "27351",
    "27349",
    "26428",
    "26027",
    "26026",
    "26018",
    "26015",
    "25864",
    "25410",
    "25370",
    "24957",
    "24385",
    "24377",
    "24103",
    "23410",
    "22840",
    "22714",
    "22362",
    "22087",
    "22084",
    "21285",
    "20842",
    "19715",
    "19706",
    "18952",
    "17895",
    "17813",
    "15367",
    "15105",
    "14128",
    "11842",
    "57351",
    "57564",
    "51281",
    "51280",
    "51278",
    "52740",
    "55139",
    "57284",
    "57285",
    "57406",
    "57408",
    "57407",
    "57409",
    "57323",
    "57324",
    "57556",
    "51988",
    "57336",
    "57255",
    "54894",
    "54455",
    "54335",
    "54465",
    "54337",
    "54262",
    "54329",
    "54274",
    "58083",
    "57256",
    "54338",
    "54344",
    "54546",
    "54260",
    "57987",
    "57988",
    "57995",
    "58000",
    "57989",
    "57994",
    "57990",
    "57991",
    "57992",
    "57998",
    "57997",
    "57999",
    "57996",
    "54336",
    "54284",
    "55312",
    "57818",
    "57703",
    "57469",
    "57209",
    "57208",
    "57206",
    "57203",
    "55768",
    "30905",
    "54682",
    "54429",
    "54687",
    "54680",
    "48659",
    "49071",
    "46749",
    "46656",
    "38034",
    "32654",
    "34010",
    "33892",
    "34213",
    "57358",
    "57269",
    "55795",
    "55794",
    "55793",
    "55769",
    "55766",
    "55765",
    "55758",
    "54801",
    "51924",
    "51340",
    "47126",
    "47125",
    "43961",
    "43958",
    "43471",
    "23071",
    "57189",
    "57017",
    "58134",
    "58133",
    "56152",
    "58131",
    "58130",
    "56513",
    "56520",
    "52583",
    "56512",
    "58095",
    "58096",
    "58097",
    "58098",
    "58099",
    "52317",
    "57364",
    "52371",
    "54611",
    "54610",
    "58039",
    "51226",
    "53703",
    "56165",
    "56180",
    "56801",
    "57510",
    "57509",
    "50898",
    "51721",
    "57185",
    "54638",
    "57950",
    "57747",
    "57746",
    "57745",
    "57744",
    "57743",
    "57741",
    "57740",
    "57739",
    "57243",
    "57242",
    "57241",
    "57240",
    "57238",
    "57237",
    "57235",
    "56800",
    "56162",
    "56159",
    "56158",
    "54640",
    "54632",
    "54629",
    "54401",
    "54399",
    "52126",
    "53937",
    "51622",
    "53349",
    "52739",
    "52294",
    "50055",
    "50899",
    "50671",
    "49730",
    "45335",
    "19808",
    "39629",
    "39522",
    "31413",
    "29422",
    "28664",
    "28571",
    "26118",
    "55647",
    "51947",
    "51946",
    "43135",
    "43134",
    "31101",
    "57574",
    "57573",
    "56430",
    "55128",
    "54204",
    "53373",
    "52498",
    "52497",
    "52495",
    "52057",
    "40709",
    "23937",
    "1628",
    "55517",
    "55242",
    "54950",
    "54946",
    "54103",
    "52996",
    "49579",
    "49576",
    "42213",
    "46041",
    "44465",
    "44198",
    "36738",
    "30080",
    "26900",
    "26897",
    "26896",
    "24773",
    "58067",
    "57061",
    "57060",
    "55497",
    "47594",
    "47071",
    "43111",
    "43110",
    "42399",
    "37581",
    "16184",
    "16183",
    "10314",
    "55575",
    "57993",
    "57967",
    "57759",
    "57758",
    "56954",
    "56938",
    "56937",
    "55695",
    "55694",
    "55661",
    "54339",
    "53932",
    "52718",
    "52619",
    "52618",
    "52058",
    "51039",
    "51015",
    "50974",
    "50757",
    "50756",
    "50753",
    "50752",
    "48629",
    "48628",
    "48627",
    "45599",
    "45387",
    "45385",
    "45384",
    "41376",
    "41375",
    "40080",
    "38963",
    "26890",
    "26877",
    "22035",
    "22034",
    "22033",
    "57777",
    "57465",
    "55910",
    "58136",
    "58135",
    "58125",
    "57230",
    "57229",
    "55918",
    "55786",
    "53999",
    "57514",
    "57513",
    "55687",
    "55554",
    "55553",
    "55914",
    "55917",
    "53998",
    "53885",
    "57561",
    "53708",
    "53707",
    "53710",
    "53684",
    "53685",
    "57001",
    "58112",
    "58111",
    "51524",
    "57231",
    "58084",
    "58088",
    "58086",
    "56371",
    "57630",
    "51521",
    "51520",
    "51442",
    "58013",
    "51213",
    "50684",
    "50683",
    "58049",
    "58052",
    "58051",
    "54496",
    "54021",
    "54020",
    "54022",
    "53671",
    "53423",
    "53422",
    "55913",
    "55912",
    "55911",
    "53425",
    "53424",
    "55934",
    "57466",
    "55907",
    "57232",
    "57234",
    "57963",
    "55933",
    "57233",
    "54110",
    "51796",
    "53794",
    "51541",
    "49646",
    "56557",
    "57973",
    "57972",
    "57698",
    "57347",
    "57317",
    "57315",
    "57306",
    "57305",
    "57304",
    "57051",
    "56951",
    "56824",
    "56586",
    "56585",
    "56484",
    "56206",
    "55921",
    "55919",
    "55909",
    "55906",
    "55904",
    "55902",
    "55871",
    "55805",
    "55804",
    "55803",
    "55515",
    "55343",
    "55188",
    "54843",
    "54299",
    "53899",
    "53880",
    "54253",
    "53761",
    "53760",
    "53687",
    "54118",
    "53689",
    "53688",
    "53670",
    "53638",
    "53637",
    "53576",
    "53711",
    "53679",
    "52847",
    "48250",
    "48081",
    "52031",
    "49489",
    "51842",
    "51841",
    "51516",
    "51441",
    "51440",
    "51326",
    "51324",
    "51323",
    "51244",
    "50908",
    "50907",
    "50298",
    "50119",
    "49491",
    "49719",
    "49710",
    "49664",
    "49657",
    "49647",
    "49645",
    "48156",
    "41851",
    "47369",
    "56872",
    "57563",
    "57089",
    "57088",
    "57091",
    "57871",
    "57870",
    "57644",
    "57192",
    "57191",
    "55104",
    "55103",
    "55102",
    "55101",
    "54580",
    "53285",
    "52396",
    "51494",
    "51484",
    "51451",
    "50356",
    "50355",
    "48643",
    "48594",
    "48316",
    "48315",
    "48026",
    "48025",
    "47663",
    "47364",
    "47137",
    "46547",
    "45986",
    "45548",
    "45346",
    "44379",
    "41481",
    "41480",
    "39815",
    "38692",
    "36736",
    "553",
    "32432",
    "26193",
    "25802",
    "24264",
    "14899",
    "14497",
    "13931",
    "13310",
    "53896",
    "57361",
    "57360",
    "57359",
    "57403",
    "56450",
    "56401",
    "55771",
    "55720",
    "51446",
    "51445",
    "46741",
    "45976",
    "43698",
    "43697",
    "41781",
    "38256",
    "58075",
    "58118",
    "57464",
    "58104",
    "55762",
    "58068",
    "56320",
    "54860",
    "53927",
    "53295",
    "51981",
    "51979",
    "51978",
    "51976",
    "51977",
    "54779",
    "50808",
    "54565",
    "48039",
    "53413",
    "50807",
    "42805",
    "31915",
    "55989",
    "55983",
    "55984",
    "55845",
    "55847",
    "55846",
    "55848",
    "58053",
    "54593",
    "51255",
    "56150",
    "56408",
    "55331",
    "57156",
    "57370",
    "57376",
    "57377",
    "57378",
    "57379",
    "57375",
    "57374",
    "57371",
    "57373",
    "57372",
    "57369",
    "56796",
    "56799",
    "57158",
    "57669",
    "57665",
    "57670",
    "57667",
    "57668",
    "56712",
    "56795",
    "57226",
    "57225",
    "57224",
    "57217",
    "57216",
    "57213",
    "57214",
    "57215",
    "57223",
    "55455",
    "55888",
    "55889",
    "55890",
    "55891",
    "55892",
    "55052",
    "54728",
    "56363",
    "57594",
    "56798",
    "56797",
    "56527",
    "56526",
    "56365",
    "56364",
    "56362",
    "56278",
    "56151",
    "55977",
    "55781",
    "55746",
    "55745",
    "55744",
    "55741",
    "55670",
    "54309",
    "53950",
    "53949",
    "53713",
    "53268",
    "53564",
    "53562",
    "53366",
    "53005",
    "51537",
    "45155",
    "51709",
    "51708",
    "51707",
    "51706",
    "51704",
    "51703",
    "51257",
    "51256",
    "50919",
    "50918",
    "50916",
    "50915",
    "50162",
    "49651",
    "49674",
    "49309",
    "49302",
    "39994",
    "48972",
    "48971",
    "48584",
    "48537",
    "44473",
    "44472",
    "48020",
    "48014",
    "40562",
    "47420",
    "47391",
    "47329",
    "46746",
    "46745",
    "36364",
    "36362",
    "46546",
    "46545",
    "46544",
    "46193",
    "46192",
    "46084",
    "46063",
    "45702",
    "45156",
    "44772",
    "44444",
    "42338",
    "41213",
    "41212",
    "40563",
    "40539",
    "39996",
    "36432",
    "38495",
    "37965",
    "37672",
    "37663",
    "35226",
    "36571",
    "36569",
    "36363",
    "35189",
    "33950",
    "34852",
    "31825",
    "8095",
    "34516",
    "34291",
    "33773",
    "31826",
    "30272",
    "28197",
    "25965",
    "25916",
    "22535",
    "54783",
    "56668",
    "52362",
    "52867",
    "54703",
    "54702",
    "52858",
    "52857",
    "54748",
    "57946",
    "57945",
    "57944",
    "57943",
    "57246",
    "57245",
    "57244",
    "57071",
    "56684",
    "56222",
    "56221",
    "56220",
    "56219",
    "56218",
    "56217",
    "56216",
    "56215",
    "56214",
    "56213",
    "55842",
    "55730",
    "55728",
    "55726",
    "55615",
    "54983",
    "54945",
    "54838",
    "54837",
    "54544",
    "54542",
    "54541",
    "54538",
    "54536",
    "54535",
    "54534",
    "54530",
    "54527",
    "54208",
    "53775",
    "53773",
    "52866",
    "52862",
    "52855",
    "52363",
    "52360",
    "52098",
    "51486",
    "50888",
    "50887",
    "49734",
    "49688",
    "49461",
    "49460",
    "45904",
    "45903",
    "44713",
    "43537",
    "41643",
    "40313",
    "40281",
    "39550",
    "24344",
    "37967",
    "37864",
    "36866",
    "36612",
    "36610",
    "32256",
    "29120",
    "26471",
    "25972",
    "24881",
    "19329",
    "19328",
    "19327",
    "19325",
    "58113",
    "57570",
    "57066",
    "56804",
    "56346",
    "54856",
    "48721",
    "57836",
    "57571",
    "56699",
    "56442",
    "55763",
    "55193",
    "48368",
    "48068",
    "47566",
    "53580",
    "53233",
    "52330",
    "50039",
    "48658",
    "47144",
    "46706",
    "40619",
    "32785",
    "58141",
    "58139",
    "58140",
    "54855",
    "54858",
    "54854",
    "58004",
    "54233",
    "56761",
    "56763",
    "56734",
    "54755",
    "49251",
    "56703",
    "51410",
    "56865",
    "53735",
    "49952",
    "49944",
    "49943",
    "46832",
    "46833",
    "53992",
    "46027",
    "46022",
    "46023",
    "56447",
    "57085",
    "57413",
    "57086",
    "57414",
    "55734",
    "57645",
    "56915",
    "57014",
    "55627",
    "57120",
    "57119",
    "57118",
    "57116",
    "57115",
    "57114",
    "57113",
    "57112",
    "57063",
    "56680",
    "58015",
    "57566",
    "57079",
    "57727",
    "57568",
    "57536",
    "57084",
    "57082",
    "56864",
    "56764",
    "56762",
    "56760",
    "56759",
    "56758",
    "56740",
    "56739",
    "56738",
    "56735",
    "56693",
    "56406",
    "56404",
    "56340",
    "56338",
    "56337",
    "56336",
    "56335",
    "56334",
    "56330",
    "56329",
    "56328",
    "56279",
    "56227",
    "56226",
    "56225",
    "56212",
    "56211",
    "56052",
    "56050",
    "56049",
    "55757",
    "55749",
    "55748",
    "55747",
    "55736",
    "55682",
    "55450",
    "55449",
    "55429",
    "54857",
    "54802",
    "54372",
    "54371",
    "54370",
    "54362",
    "54243",
    "54232",
    "54209",
    "53184",
    "53183",
    "53181",
    "51168",
    "50779",
    "48009",
    "49953",
    "49951",
    "49949",
    "49948",
    "49947",
    "49941",
    "49940",
    "49939",
    "49938",
    "49176",
    "48743",
    "48143",
    "48539",
    "48538",
    "48536",
    "48513",
    "48435",
    "48035",
    "48029",
    "48019",
    "47612",
    "47357",
    "47354",
    "47350",
    "43600",
    "47198",
    "45919",
    "46170",
    "46169",
    "27713",
    "43426",
    "41999",
    "39339",
    "41552",
    "40776",
    "39363",
    "39015",
    "39002",
    "31495",
    "27891",
    "25872",
    "56962",
    "57147",
    "57146",
    "58062",
    "58061",
    "58063",
    "53726",
    "56436",
    "55024",
    "57673",
    "57287",
    "57484",
    "57289",
    "55077",
    "57281",
    "57283",
    "55218",
    "57264",
    "57278",
    "57280",
    "57441",
    "57608",
    "57545",
    "57544",
    "57543",
    "57531",
    "57530",
    "57528",
    "57512",
    "57499",
    "57496",
    "57490",
    "57382",
    "57277",
    "57276",
    "57275",
    "57274",
    "57273",
    "57271",
    "57270",
    "57268",
    "57267",
    "57266",
    "57265",
    "57141",
    "56847",
    "56518",
    "56490",
    "56403",
    "56238",
    "56233",
    "56229",
    "55908",
    "55819",
    "55816",
    "55760",
    "55412",
    "54391",
    "53527",
    "52871",
    "52511",
    "52870",
    "52852",
    "52673",
    "52659",
    "52280",
    "52276",
    "52110",
    "48192",
    "51990",
    "51908",
    "51623",
    "51134",
    "51489",
    "51434",
    "51433",
    "50913",
    "50902",
    "50283",
    "48031",
    "50336",
    "43226",
    "43225",
    "43224",
    "49545",
    "49544",
    "49510",
    "49316",
    "45373",
    "48921",
    "48635",
    "48556",
    "47960",
    "47933",
    "47661",
    "47660",
    "47085",
    "44941",
    "46621",
    "47022",
    "46619",
    "46519",
    "46186",
    "45771",
    "44871",
    "33059",
    "29007",
    "42886",
    "42885",
    "42871",
    "42644",
    "42106",
    "41810",
    "41742",
    "40660",
    "40655",
    "40651",
    "40376",
    "40128",
    "40079",
    "39808",
    "39781",
    "39322",
    "39201",
    "39097",
    "39023",
    "38993",
    "38303",
    "38037",
    "37309",
    "37188",
    "37157",
    "36681",
    "36680",
    "36405",
    "32239",
    "31240",
    "30624",
    "30427",
    "30109",
    "29006",
    "24297",
    "24265",
    "55829",
    "56458",
    "57824",
    "58058",
    "56926",
    "57440",
    "53231",
    "58059",
    "48980",
    "56819",
    "50419",
    "53236",
    "57939",
    "57938",
    "57937",
    "57940",
    "57941",
    "57738",
    "57737",
    "57736",
    "57735",
    "57030",
    "57931",
    "57932",
    "57247",
    "51609",
    "51517",
    "57609",
    "57549",
    "57548",
    "57546",
    "57419",
    "57399",
    "57327",
    "57254",
    "57043",
    "57029",
    "57028",
    "56993",
    "56928",
    "56927",
    "56925",
    "56855",
    "56815",
    "56723",
    "56716",
    "56384",
    "55631",
    "55019",
    "47778",
    "54497",
    "53897",
    "53793",
    "53753",
    "53011",
    "53445",
    "53326",
    "53315",
    "53304",
    "53302",
    "53301",
    "53300",
    "53232",
    "52934",
    "52894",
    "52893",
    "52892",
    "52841",
    "50390",
    "52696",
    "52661",
    "52116",
    "52073",
    "48983",
    "51285",
    "51055",
    "51054",
    "51053",
    "51051",
    "50947",
    "50945",
    "50941",
    "50940",
    "50814",
    "50813",
    "47023",
    "49718",
    "49814",
    "49812",
    "49683",
    "49458",
    "49366",
    "45249",
    "49153",
    "48984",
    "45248",
    "48335",
    "48334",
    "48639",
    "48638",
    "47821",
    "47819",
    "47413",
    "40715",
    "43950",
    "42195",
    "45815",
    "42782",
    "44951",
    "44615",
    "44614",
    "44598",
    "43955",
    "44209",
    "43540",
    "41955",
    "41219",
    "40790",
    "31471",
    "31411",
    "35341",
    "33762",
    "56702",
    "57081",
    "57080",
    "56644",
    "56344",
    "56343",
    "56342",
    "56339",
    "56252",
    "55792",
    "53203",
    "52207",
    "52206",
    "52201",
    "51479",
    "50635",
    "48057",
    "46040",
    "46039",
    "43599",
    "39553",
    "39552",
    "35106",
    "26153",
    "26152",
    "56074",
    "56473",
    "53596",
    "53338",
    "57261",
    "58064",
    "56369",
    "56998",
    "55361",
    "57353",
    "53990",
    "57755",
    "57593",
    "49853",
    "55571",
    "55360",
    "56673",
    "57025",
    "55415",
    "55725",
    "56976",
    "57823",
    "57822",
    "57756",
    "57753",
    "57524",
    "57522",
    "57521",
    "57505",
    "57504",
    "57503",
    "57352",
    "56988",
    "56986",
    "56985",
    "56984",
    "56983",
    "56982",
    "56981",
    "56980",
    "56979",
    "56978",
    "56977",
    "56858",
    "56729",
    "56728",
    "56687",
    "56502",
    "56501",
    "56500",
    "56499",
    "56497",
    "56495",
    "56472",
    "56291",
    "56290",
    "56288",
    "56191",
    "56190",
    "56189",
    "56183",
    "56182",
    "56179",
    "56178",
    "56069",
    "55801",
    "55800",
    "55799",
    "55798",
    "55789",
    "55788",
    "55787",
    "55727",
    "55723",
    "55458",
    "55414",
    "54895",
    "54433",
    "54834",
    "54507",
    "54432",
    "54230",
    "53895",
    "51529",
    "53437",
    "53206",
    "49045",
    "53018",
    "52726",
    "52464",
    "52149",
    "51794",
    "51791",
    "51203",
    "51202",
    "51201",
    "51175",
    "50499",
    "49946",
    "49854",
    "49851",
    "49098",
    "48964",
    "48738",
    "48560",
    "48283",
    "48208",
    "48206",
    "48119",
    "47989",
    "47850",
    "47645",
    "47581",
    "47406",
    "47382",
    "47323",
    "46624",
    "45746",
    "45653",
    "43230",
    "42944",
    "42942",
    "42604",
    "41632",
    "41630",
    "41629",
    "41627",
    "33343",
    "37752",
    "36830",
    "27878",
    "36640",
    "36639",
    "36637",
    "35900",
    "35724",
    "35493",
    "34997",
    "34996",
    "34470",
    "27619",
    "55535",
    "55530",
    "55527",
    "44804",
    "42179",
    "36133",
    "34115",
    "34114",
    "31714",
    "21062",
    "21061",
    "19197",
    "11982",
    "58143",
    "58018",
    "58045",
    "58044",
    "58050",
    "58032",
    "58030",
    "58040",
    "58019",
    "57909",
    "58020",
    "57912",
    "57952",
    "57915",
    "57908",
    "57907",
    "57906",
    "57905",
    "57904",
    "57903",
    "57902",
    "57901",
    "57865",
    "57864",
    "57863",
    "57862",
    "57861",
    "57859",
    "57858",
    "57857",
    "57856",
    "57855",
    "57424",
    "57222",
    "56950",
    "56780",
    "56754",
    "56753",
    "56639",
    "56637",
    "56636",
    "56634",
    "56633",
    "56617",
    "56599",
    "56593",
    "55775",
    "55774",
    "55773",
    "55772",
    "55710",
    "47498",
    "47497",
    "54122",
    "54121",
    "54120",
    "54119",
    "47813",
    "47812",
    "47811",
    "47718",
    "47709",
    "47671",
    "47387",
    "44965",
    "16682",
    "19599",
    "19598",
    "38025",
    "38024",
    "31595",
    "9439",
    "9438",
    "8525",
    "8521",
    "8520",
    "8519",
    "7760",
    "7757",
    "4624",
    "34342",
    "31596",
    "27291",
    "27289",
    "24186",
    "24185",
    "19597",
    "19596",
    "16686",
    "16684",
    "13046",
    "10528",
    "58093",
    "56143",
    "50458",
    "55039",
    "57523",
    "57968",
    "56745",
    "57165",
    "57942",
    "57805",
    "56903",
    "56901",
    "56746",
    "56691",
    "56625",
    "56477",
    "56476",
    "56313",
    "56146",
    "56145",
    "56093",
    "56079",
    "56078",
    "56077",
    "55738",
    "55552",
    "55375",
    "55373",
    "55372",
    "55186",
    "55180",
    "55162",
    "55160",
    "55159",
    "55158",
    "55157",
    "55086",
    "55049",
    "54914",
    "54804",
    "54795",
    "54332",
    "53360",
    "53247",
    "53245",
    "53092",
    "53072",
    "52452",
    "52405",
    "52389",
    "52385",
    "50829",
    "48733",
    "50421",
    "47569",
    "49375",
    "45575",
    "49254",
    "49253",
    "48794",
    "48776",
    "45021",
    "48111",
    "48110",
    "47999",
    "47998",
    "37878",
    "45213",
    "38192",
    "41205",
    "42852",
    "44622",
    "42963",
    "40454",
    "42093",
    "41869",
    "40653",
    "40240",
    "39749",
    "27232",
    "38095",
    "37717",
    "33637",
    "33634",
    "30100",
    "29910",
    "28493",
    "27522",
    "26746",
    "26456",
    "23906",
    "23734",
    "23345",
    "16743",
    "56006",
    "56005",
    "56004",
    "50115",
    "57977",
    "57788",
    "57598",
    "57577",
    "57576",
    "57562",
    "57462",
    "57461",
    "56505",
    "55150",
    "54865",
    "54745",
    "54743",
    "54742",
    "54554",
    "54424",
    "49918",
    "53329",
    "52925",
    "52710",
    "52622",
    "52112",
    "51404",
    "50896",
    "49921",
    "49920",
    "49919",
    "48525",
    "47166",
    "44687",
    "44655",
    "44654",
    "44653",
    "44372",
    "44253",
    "42299",
    "41818",
    "41776",
    "41774",
    "41183",
    "40672",
    "39430",
    "39429",
    "39232",
    "38678",
    "35348",
    "35347",
    "35217",
    "9435",
    "9300",
    "5282",
    "4709",
    "32238",
    "30832",
    "30206",
    "29949",
    "29699",
    "28352",
    "27493",
    "27263",
    "27261",
    "26903",
    "25060",
    "24178",
    "24177",
    "23317",
    "20688",
    "16706",
    "1331",
    "55091",
    "55096",
    "53162",
    "53161",
    "55685",
    "57502",
    "57501",
    "57339",
    "56891",
    "56885",
    "56884",
    "56881",
    "56880",
    "56281",
    "55885",
    "55877",
    "55809",
    "55808",
    "55692",
    "55691",
    "55410",
    "55259",
    "55177",
    "55100",
    "55098",
    "55097",
    "55093",
    "55092",
    "55090",
    "54311",
    "54310",
    "53946",
    "53614",
    "52620",
    "50060",
    "49636",
    "49629",
    "49624",
    "49499",
    "49496",
    "48005",
    "48004",
    "48000",
    "47854",
    "47633",
    "47625",
    "47624",
    "47623",
    "47327",
    "47325",
    "38502",
    "45031",
    "45029",
    "44680",
    "44676",
    "44573",
    "44191",
    "43793",
    "43792",
    "42198",
    "21168",
    "40992",
    "40990",
    "39242",
    "39240",
    "37939",
    "12154",
    "12155",
    "9321",
    "8246",
    "27663",
    "27662",
    "27248",
    "27247",
    "21927",
    "21928",
    "32447",
    "32448",
    "32446",
    "32445",
    "32443",
    "32444",
    "32442",
    "32441",
    "32439",
    "32440",
    "25494",
    "25391",
    "35624",
    "35623",
    "25496",
    "25495",
    "34598",
    "34597",
    "34596",
    "34595",
    "34594",
    "10734",
    "55512",
    "57811",
    "54725",
    "57841",
    "57762",
    "56318",
    "53195",
    "48960",
    "48642",
    "57853",
    "57851",
    "57849",
    "57848",
    "57846",
    "57843",
    "57840",
    "57839",
    "56876",
    "56628",
    "56277",
    "56075",
    "55514",
    "55513",
    "55510",
    "54331",
    "49627",
    "49441",
    "49440",
    "49439",
    "49351",
    "49350",
    "48204",
    "47314",
    "45559",
    "30309",
    "44347",
    "44346",
    "44341",
    "41623",
    "43373",
    "42385",
    "29872",
    "34993",
    "41158",
    "40498",
    "40339",
    "40334",
    "40333",
    "25271",
    "37635",
    "37634",
    "15632",
    "36526",
    "36479",
    "35877",
    "35649",
    "35310",
    "35167",
    "31769",
    "9829",
    "11418",
    "30311",
    "20223",
    "16487",
    "49782",
    "53863",
    "53197",
    "51338",
    "57956",
    "57955",
    "57889",
    "57888",
    "57887",
    "57886",
    "57885",
    "57884",
    "57883",
    "57882",
    "57881",
    "57880",
    "57879",
    "57780",
    "57778",
    "57483",
    "57481",
    "57380",
    "57193",
    "57182",
    "57125",
    "57124",
    "57123",
    "57122",
    "57068",
    "56694",
    "56528",
    "56243",
    "55832",
    "55831",
    "55830",
    "55702",
    "55699",
    "55651",
    "55649",
    "55183",
    "52627",
    "54521",
    "54211",
    "54185",
    "53933",
    "53605",
    "53602",
    "53601",
    "53600",
    "53395",
    "52940",
    "53198",
    "53033",
    "52712",
    "52629",
    "50483",
    "52286",
    "52060",
    "51749",
    "50839",
    "50838",
    "50227",
    "49280",
    "49095",
    "49094",
    "49093",
    "49092",
    "49090",
    "49089",
    "48641",
    "48416",
    "43661",
    "47584",
    "47514",
    "43608",
    "43606",
    "43605",
    "43284",
    "42945",
    "42746",
    "42745",
    "41843",
    "41200",
    "41198",
    "40878",
    "40877",
    "39921",
    "36965",
    "36549",
    "30759",
    "25587",
    "57892",
    "55194",
    "56444",
    "55668",
    "58124",
    "58090",
    "58102",
    "58110",
    "58107",
    "58106",
    "57553",
    "57715",
    "54786",
    "58069",
    "58065",
    "58066",
    "55862",
    "55872",
    "57894",
    "55114",
    "53734",
    "52478",
    "57969",
    "52087",
    "52368",
    "57812",
    "58022",
    "58024",
    "56997",
    "55976",
    "55778",
    "55426",
    "55134",
    "55291",
    "54288",
    "57455",
    "54549",
    "53833",
    "55287",
    "56264",
    "55135",
    "58026",
    "54861",
    "58025",
    "58033",
    "58029",
    "55391",
    "57949",
    "55855",
    "55260",
    "55436",
    "55874",
    "52366",
    "52805",
    "49372",
    "54051",
    "51965",
    "53704",
    "49060",
    "55353",
    "55782",
    "55548",
    "57555",
    "57429",
    "56259",
    "52635",
    "53152",
    "55295",
    "57896",
    "57893",
    "57876",
    "57875",
    "57874",
    "57873",
    "57869",
    "57837",
    "57810",
    "57789",
    "57760",
    "57732",
    "57731",
    "57730",
    "57729",
    "57718",
    "57717",
    "57714",
    "57676",
    "57631",
    "57601",
    "57529",
    "57438",
    "57431",
    "57430",
    "57427",
    "57426",
    "57313",
    "57309",
    "57303",
    "57302",
    "57297",
    "57135",
    "57134",
    "57130",
    "57129",
    "57034",
    "57033",
    "56970",
    "56914",
    "56741",
    "56672",
    "56664",
    "56649",
    "56554",
    "56432",
    "56265",
    "56261",
    "56256",
    "56248",
    "56064",
    "55959",
    "55957",
    "55946",
    "55873",
    "55683",
    "55621",
    "55549",
    "55481",
    "55480",
    "55448",
    "55446",
    "55434",
    "55423",
    "55390",
    "55379",
    "55378",
    "55352",
    "55307",
    "55296",
    "55241",
    "55143",
    "54922",
    "54912",
    "54911",
    "54810",
    "54807",
    "54761",
    "54736",
    "54726",
    "54723",
    "54697",
    "54695",
    "54147",
    "54529",
    "54457",
    "54415",
    "54326",
    "54266",
    "54148",
    "54135",
    "54134",
    "53826",
    "53818",
    "53590",
    "53561",
    "53560",
    "53544",
    "46801",
    "53249",
    "52657",
    "52663",
    "52995",
    "52937",
    "52931",
    "52840",
    "52779",
    "52476",
    "52406",
    "52404",
    "51936",
    "52383",
    "52284",
    "52256",
    "52255",
    "52248",
    "52247",
    "52226",
    "52144",
    "52078",
    "47949",
    "51618",
    "51617",
    "51596",
    "51093",
    "51016",
    "50252",
    "46890",
    "50254",
    "50251",
    "49883",
    "45855",
    "47308",
    "49417",
    "49416",
    "49067",
    "49018",
    "48993",
    "48900",
    "48897",
    "48611",
    "47979",
    "44081",
    "46552",
    "46551",
    "46513",
    "46512",
    "44414",
    "43886",
    "38379",
    "42151",
    "38696",
    "38695",
    "37905",
    "30785",
    "23185",
    "21381",
    "58132",
    "55961",
    "51849",
    "51799",
    "50874",
    "50411",
    "50409",
    "50302",
    "50303",
    "50026",
    "49922",
    "55636",
    "55811",
    "55639",
    "56943",
    "57784",
    "56782",
    "49109",
    "49110",
    "48672",
    "54084",
    "54066",
    "54075",
    "54068",
    "54061",
    "54073",
    "54065",
    "48190",
    "48189",
    "53930",
    "56321",
    "56322",
    "55663",
    "47973",
    "53691",
    "57785",
    "57696",
    "53693",
    "47788",
    "55822",
    "57693",
    "57692",
    "57695",
    "57701",
    "57699",
    "57697",
    "53389",
    "53031",
    "52993",
    "54097",
    "52580",
    "49383",
    "53032",
    "53030",
    "51787",
    "51789",
    "57798",
    "57776",
    "57702",
    "57700",
    "57694",
    "57691",
    "57690",
    "57689",
    "57591",
    "57569",
    "57291",
    "57155",
    "57154",
    "57097",
    "57096",
    "56945",
    "56944",
    "56940",
    "56939",
    "56785",
    "56784",
    "56783",
    "56642",
    "56309",
    "56199",
    "55962",
    "55827",
    "55826",
    "55821",
    "55777",
    "55776",
    "55707",
    "55696",
    "55643",
    "55641",
    "55637",
    "55632",
    "55464",
    "55462",
    "55310",
    "55262",
    "55136",
    "55129",
    "55117",
    "55023",
    "54937",
    "54887",
    "54772",
    "51142",
    "51158",
    "54699",
    "50939",
    "54586",
    "54576",
    "54575",
    "54574",
    "54573",
    "54572",
    "54438",
    "50721",
    "54086",
    "54076",
    "54074",
    "54070",
    "54069",
    "54064",
    "54060",
    "54057",
    "54056",
    "53945",
    "50295",
    "50297",
    "50296",
    "53695",
    "53646",
    "49985",
    "53549",
    "53548",
    "53319",
    "53275",
    "52918",
    "52917",
    "49140",
    "52636",
    "52591",
    "52488",
    "52486",
    "49817",
    "52216",
    "52214",
    "52213",
    "52147",
    "48342",
    "48340",
    "49431",
    "48235",
    "51795",
    "48188",
    "51770",
    "51739",
    "51737",
    "51736",
    "51734",
    "48099",
    "51630",
    "49107",
    "51547",
    "51546",
    "51100",
    "41535",
    "50877",
    "50872",
    "50770",
    "48343",
    "50408",
    "50404",
    "50312",
    "50306",
    "50301",
    "50300",
    "50189",
    "50188",
    "50187",
    "50027",
    "50025",
    "49382",
    "45770",
    "49334",
    "49330",
    "49293",
    "49215",
    "48914",
    "48736",
    "48698",
    "48443",
    "48244",
    "48238",
    "48237",
    "48236",
    "48098",
    "47931",
    "47890",
    "41590",
    "47026",
    "43382",
    "46743",
    "46670",
    "46662",
    "46652",
    "46630",
    "42612",
    "42611",
    "46054",
    "42290",
    "45807",
    "42206",
    "45542",
    "45535",
    "43467",
    "45462",
    "38258",
    "44698",
    "44229",
    "43885",
    "43293",
    "43222",
    "39050",
    "42602",
    "42601",
    "41772",
    "41749",
    "41688",
    "41394",
    "41393",
    "41136",
    "37274",
    "40587",
    "40578",
    "40549",
    "38573",
    "40278",
    "40253",
    "40081",
    "39931",
    "36269",
    "35792",
    "39051",
    "35287",
    "38585",
    "38326",
    "30780",
    "32095",
    "34886",
    "32621",
    "33743",
    "18827",
    "30781",
    "15698",
    "19713",
    "33744",
    "26802",
    "25407",
    "36053",
    "37271",
    "37100",
    "36978",
    "36214",
    "36012",
    "35771",
    "35403",
    "35162",
    "35161",
    "35160",
    "34873",
    "34390",
    "34325",
    "33616",
    "32489",
    "30855",
    "29532",
    "28111",
    "27433",
    "24904",
    "24865",
    "57180",
    "58109",
    "58108",
    "50861",
    "58028",
    "47720",
    "57713",
    "57712",
    "55248",
    "57897",
    "57515",
    "57253",
    "56400",
    "54267",
    "52916",
    "52788",
    "52229",
    "47893",
    "50994",
    "50992",
    "50860",
    "50234",
    "50104",
    "49807",
    "48934",
    "48787",
    "48786",
    "48620",
    "48575",
    "47982",
    "47721",
    "47550",
    "47432",
    "47431",
    "46644",
    "42013",
    "45853",
    "45819",
    "44840",
    "26126",
    "22215",
    "44005",
    "20143",
    "20144",
    "43715",
    "43714",
    "43712",
    "43710",
    "43709",
    "43628",
    "43532",
    "43477",
    "43377",
    "43375",
    "43283",
    "43282",
    "43281",
    "42230",
    "42053",
    "42051",
    "41981",
    "41980",
    "41979",
    "35390",
    "41344",
    "39215",
    "40217",
    "39680",
    "39646",
    "32327",
    "38744",
    "38537",
    "35889",
    "35700",
    "35540",
    "35539",
    "27920",
    "36672",
    "36670",
    "36666",
    "32425",
    "26136",
    "31050",
    "31028",
    "31047",
    "31683",
    "31716",
    "27919",
    "26127",
    "26128",
    "26944",
    "32200",
    "31029",
    "31682",
    "17950",
    "28319",
    "24390",
    "26134",
    "27865",
    "22953",
    "26135",
    "22212",
    "25337",
    "32272",
    "32843",
    "33064",
    "33056",
    "33517",
    "36602",
    "36591",
    "36484",
    "35944",
    "35727",
    "35541",
    "35392",
    "35391",
    "33959",
    "33895",
    "33685",
    "33442",
    "33424",
    "33176",
    "31869",
    "31706",
    "31027",
    "29472",
    "29471",
    "29176",
    "27461",
    "26945",
    "26934",
    "26125",
    "25210",
    "24391",
    "23349",
    "22952",
    "22214",
    "22211",
    "22209",
    "21792",
    "57706",
    "52539",
    "49312",
    "57485",
    "56530",
    "48399",
    "57489",
    "57487",
    "57460",
    "57459",
    "57457",
    "57286",
    "57006",
    "56669",
    "56658",
    "56250",
    "56080",
    "56031",
    "56028",
    "55915",
    "55628",
    "55526",
    "55419",
    "55417",
    "54747",
    "54240",
    "54705",
    "54038",
    "54462",
    "54387",
    "53916",
    "54010",
    "54004",
    "53485",
    "53482",
    "53479",
    "53478",
    "53477",
    "53476",
    "53473",
    "53472",
    "53471",
    "53464",
    "53401",
    "52898",
    "53288",
    "53261",
    "53260",
    "53259",
    "53258",
    "53003",
    "52915",
    "52537",
    "52535",
    "52534",
    "52533",
    "52532",
    "52531",
    "52527",
    "52469",
    "51934",
    "52063",
    "52001",
    "51855",
    "51854",
    "51730",
    "51682",
    "51645",
    "51249",
    "50553",
    "50522",
    "50513",
    "50388",
    "49795",
    "49908",
    "49907",
    "49796",
    "49313",
    "48529",
    "47959",
    "47743",
    "47656",
    "47655",
    "47458",
    "47310",
    "47309",
    "47136",
    "47132",
    "45867",
    "45128",
    "44802",
    "44448",
    "44189",
    "43765",
    "43733",
    "43731",
    "43729",
    "43727",
    "43726",
    "43724",
    "43662",
    "43631",
    "43241",
    "42929",
    "42704",
    "42677",
    "42583",
    "41975",
    "42390",
    "42389",
    "42388",
    "42387",
    "42386",
    "42261",
    "41184",
    "41098",
    "40657",
    "40954",
    "40763",
    "40705",
    "40515",
    "40322",
    "40234",
    "40233",
    "40232",
    "40231",
    "40130",
    "40127",
    "40055",
    "39785",
    "39784",
    "39776",
    "39755",
    "39503",
    "39318",
    "39262",
    "39117",
    "13487",
    "38949",
    "38709",
    "38330",
    "37215",
    "37044",
    "36530",
    "36359",
    "36268",
    "36134",
    "36132",
    "36098",
    "35591",
    "35511",
    "35436",
    "35216",
    "35145",
    "35095",
    "35069",
    "34834",
    "15286",
    "19552",
    "9904",
    "9278",
    "8851",
    "8819",
    "8803",
    "8434",
    "8241",
    "8221",
    "812",
    "7887",
    "7088",
    "6240",
    "5187",
    "4510",
    "4088",
    "3861",
    "3676",
    "3491",
    "34696",
    "34112",
    "34111",
    "34110",
    "33763",
    "33357",
    "32932",
    "32506",
    "32299",
    "32275",
    "31974",
    "3168",
    "30590",
    "30428",
    "29385",
    "29197",
    "29196",
    "29101",
    "28942",
    "28643",
    "28500",
    "27892",
    "27779",
    "27700",
    "27580",
    "27346",
    "27313",
    "27189",
    "26955",
    "26754",
    "26269",
    "26265",
    "26264",
    "25829",
    "2580",
    "25767",
    "25766",
    "25322",
    "25298",
    "25273",
    "25190",
    "25075",
    "25074",
    "24833",
    "24701",
    "24571",
    "24470",
    "24118",
    "23667",
    "23627",
    "23604",
    "23603",
    "23602",
    "23601",
    "23600",
    "23599",
    "23508",
    "23295",
    "23274",
    "23233",
    "23143",
    "23100",
    "22809",
    "22651",
    "22648",
    "22633",
    "22534",
    "21441",
    "2134",
    "21060",
    "20977",
    "20834",
    "20832",
    "20749",
    "20632",
    "2040",
    "20271",
    "2021",
    "1981",
    "19743",
    "19741",
    "19701",
    "19694",
    "19556",
    "19555",
    "19554",
    "19553",
    "19089",
    "19088",
    "19087",
    "18814",
    "18168",
    "18119",
    "1809",
    "17732",
    "17594",
    "1731",
    "1681",
    "1660",
    "16225",
    "15946",
    "1593",
    "15358",
    "14829",
    "13416",
    "13235",
    "11580",
    "11426",
    "11394",
    "10829",
    "10320",
    "55665",
    "53676",
    "57793",
    "58002",
    "52049",
    "52050",
    "51696",
    "51540",
    "51539",
    "50321",
    "57166",
    "55963",
    "50999",
    "50746",
    "50415",
    "50083",
    "51358",
    "57792",
    "57783",
    "57782",
    "57775",
    "57761",
    "57724",
    "57519",
    "57518",
    "57517",
    "57151",
    "57150",
    "57049",
    "57048",
    "57047",
    "57046",
    "57045",
    "57044",
    "56809",
    "56718",
    "56715",
    "56597",
    "56581",
    "56542",
    "56540",
    "56421",
    "56420",
    "56419",
    "56417",
    "56416",
    "56415",
    "56414",
    "56413",
    "56411",
    "56410",
    "56407",
    "55850",
    "55825",
    "55780",
    "55686",
    "55588",
    "55476",
    "55467",
    "55359",
    "55263",
    "55250",
    "52662",
    "54777",
    "54773",
    "51779",
    "53811",
    "53701",
    "53682",
    "53672",
    "53599",
    "53550",
    "53402",
    "53383",
    "53382",
    "53355",
    "53208",
    "53112",
    "53111",
    "52942",
    "52648",
    "52645",
    "52644",
    "52642",
    "52494",
    "52379",
    "52376",
    "52375",
    "52267",
    "52266",
    "50324",
    "52230",
    "52055",
    "52045",
    "51782",
    "51778",
    "51697",
    "51689",
    "51653",
    "51631",
    "51357",
    "51165",
    "51144",
    "51112",
    "51111",
    "51105",
    "50998",
    "50885",
    "50750",
    "50738",
    "50528",
    "50527",
    "50504",
    "50503",
    "47921",
    "47228",
    "47029",
    "45251",
    "45205",
    "44836",
    "42781",
    "41889",
    "41392",
    "41256",
    "41153",
    "41152",
    "41151",
    "41150",
    "41149",
    "41148",
    "41147",
    "41146",
    "41110",
    "40354",
    "40092",
    "37377",
    "17875",
    "35780",
    "30207",
    "58142",
    "57390",
    "57389",
    "55167",
    "55165",
    "54852",
    "53080",
    "40185",
    "45195",
    "44559",
    "44558",
    "44286",
    "43773",
    "42674",
    "24951",
    "27774",
    "26976",
    "25104",
    "21347",
    "20438",
    "50242",
    "57959",
    "57958",
    "55974",
    "58060",
    "56124",
    "56122",
    "56135",
    "56126",
    "56128",
    "54792",
    "58072",
    "58070",
    "58073",
    "58074",
    "58071",
    "57552",
    "55966",
    "57083",
    "55044",
    "49742",
    "50338",
    "50022",
    "55969",
    "56929",
    "56930",
    "55594",
    "57983",
    "57982",
    "57981",
    "57957",
    "57821",
    "57802",
    "57801",
    "57800",
    "57796",
    "57795",
    "57794",
    "57258",
    "56922",
    "56844",
    "56814",
    "56793",
    "56749",
    "56748",
    "56744",
    "56742",
    "56551",
    "56550",
    "56456",
    "56455",
    "56454",
    "56438",
    "56437",
    "56324",
    "56323",
    "56275",
    "56273",
    "56271",
    "56270",
    "56138",
    "56137",
    "56136",
    "56134",
    "56133",
    "56132",
    "56131",
    "56130",
    "56129",
    "56127",
    "56125",
    "56123",
    "56120",
    "56119",
    "56117",
    "56115",
    "56114",
    "56113",
    "56111",
    "56110",
    "56108",
    "55973",
    "55971",
    "55970",
    "55967",
    "55616",
    "55614",
    "55613",
    "55612",
    "55611",
    "55610",
    "55609",
    "55608",
    "55607",
    "55606",
    "55604",
    "55541",
    "54934",
    "54796",
    "54794",
    "54793",
    "50340",
    "54321",
    "54320",
    "54319",
    "54318",
    "51798",
    "54137",
    "47104",
    "53777",
    "53759",
    "53758",
    "49072",
    "53155",
    "52687",
    "49073",
    "52686",
    "52631",
    "52198",
    "51699",
    "51698",
    "52121",
    "52120",
    "52119",
    "52091",
    "52090",
    "51985",
    "51260",
    "44288",
    "50699",
    "50694",
    "50692",
    "50430",
    "50339",
    "50195",
    "49744",
    "49999",
    "49745",
    "49464",
    "49391",
    "49374",
    "49373",
    "49248",
    "49246",
    "49143",
    "38920",
    "45058",
    "45057",
    "45056",
    "48950",
    "48949",
    "48936",
    "44362",
    "44361",
    "48055",
    "48021",
    "47992",
    "47967",
    "47927",
    "47849",
    "47830",
    "47399",
    "46735",
    "42790",
    "42788",
    "46631",
    "45868",
    "38918",
    "45214",
    "45141",
    "45135",
    "45134",
    "44140",
    "43434",
    "39756",
    "39205",
    "38919",
    "42277",
    "39686",
    "41883",
    "41587",
    "41576",
    "27678",
    "37501",
    "37678",
    "40277",
    "40030",
    "40003",
    "39690",
    "39688",
    "39214",
    "39436",
    "39434",
    "39170",
    "39160",
    "39156",
    "24207",
    "38717",
    "34288",
    "35959",
    "22243",
    "27533",
    "33250",
    "8699",
    "34038",
    "34037",
    "33251",
    "32904",
    "32412",
    "31124",
    "30417",
    "30078",
    "29964",
    "29014",
    "28496",
    "27917",
    "27813",
    "27812",
    "25608",
    "25079",
    "24932",
    "24931",
    "24216",
    "22245",
    "22141",
    "21090",
    "19993",
    "19756",
    "18483",
    "17858",
    "17787",
    "17482",
    "1416",
    "12279",
    "10969",
    "58137",
    "58138",
    "52547",
    "57355",
    "45358",
    "57705",
    "57554",
    "57435",
    "57365",
    "57357",
    "57356",
    "57354",
    "57325",
    "57314",
    "57262",
    "57260",
    "57070",
    "57069",
    "56966",
    "52551",
    "52517",
    "54532",
    "54531",
    "54157",
    "53849",
    "53769",
    "53768",
    "53765",
    "53763",
    "53347",
    "52555",
    "52554",
    "52553",
    "52552",
    "52550",
    "52549",
    "52546",
    "52545",
    "52544",
    "52543",
    "52542",
    "52540",
    "52530",
    "52529",
    "52528",
    "52526",
    "52525",
    "52524",
    "52523",
    "52522",
    "52521",
    "52520",
    "52519",
    "52518",
    "52516",
    "52499",
    "51917",
    "51950",
    "51918",
    "49827",
    "49472",
    "49470",
    "49063",
    "47710",
    "47557",
    "46897",
    "46337",
    "45488",
    "44143",
    "43774",
    "43229",
    "42615",
    "42266",
    "42262",
    "41537",
    "41132",
    "41131",
    "40744",
    "40174",
    "38988",
    "28653",
    "28065",
    "37954",
    "37014",
    "12849",
    "9061",
    "17417",
    "79",
    "28401",
    "21449",
    "35907",
    "35278",
    "35087",
    "5568",
    "7559",
    "34615",
    "34163",
    "34161",
    "34160",
    "33969",
    "33845",
    "33843",
    "3316",
    "32436",
    "32242",
    "31016",
    "30331",
    "29109",
    "28516",
    "28397",
    "28366",
    "2783",
    "26014",
    "2594",
    "25793",
    "25493",
    "25492",
    "24519",
    "24517",
    "24515",
    "24330",
    "23974",
    "22942",
    "22414",
    "22252",
    "22056",
    "21775",
    "21645",
    "21300",
    "20890",
    "20515",
    "20514",
    "20211",
    "19635",
    "19352",
    "18393",
    "17791",
    "17178",
    "1705",
    "16144",
    "15903",
    "14033",
    "13896",
    "13539",
    "13231",
    "13056",
    "13033",
    "10361",
    "49879",
    "49878",
    "49875",
    "49873",
    "49872",
    "49871",
    "49869",
    "49865",
    "49864",
    "49863",
    "49860",
    "49397",
    "30990",
    "17063",
    "17062",
    "16344",
    "16343",
    "1377",
    "1376",
    "1375",
    "1298",
    "48321",
    "56752",
    "56751",
    "56750",
    "54929",
    "53216",
    "52816",
    "52782",
    "48253",
    "47247",
    "43188",
    "38770",
    "31739",
    "54533",
    "57572",
    "57059",
    "57058",
    "57057",
    "56097",
    "52177",
    "44626",
    "51999",
    "51921",
    "51449",
    "47767",
    "47766",
    "47759",
    "45628",
    "45550",
    "45221",
    "35164",
    "31231",
    "28622",
    "25927",
    "57395",
    "57394",
    "57393",
    "57366",
    "57075",
    "57074",
    "57011",
    "56523",
    "55501",
    "55500",
    "55499",
    "48898",
    "48893",
    "48885",
    "48847",
    "48846",
    "44536",
    "44083",
    "44079",
    "35333",
    "21519",
    "5216",
    "5215",
    "21149",
    "19640",
    "18846",
    "16866",
    "15684",
    "1401",
    "1364",
    "51403",
    "50571",
    "49834",
    "52343",
    "49011",
    "57629",
    "57628",
    "57627",
    "57626",
    "57625",
    "57624",
    "57623",
    "57622",
    "57621",
    "57620",
    "57619",
    "57618",
    "57617",
    "57551",
    "57078",
    "56861",
    "56856",
    "56842",
    "55539",
    "55063",
    "55062",
    "55061",
    "55011",
    "55010",
    "55007",
    "55006",
    "55005",
    "54290",
    "50310",
    "53786",
    "53772",
    "53469",
    "53467",
    "52875",
    "51405",
    "51397",
    "50929",
    "50924",
    "50923",
    "50922",
    "50565",
    "50564",
    "50557",
    "49836",
    "49835",
    "49477",
    "42251",
    "49021",
    "49019",
    "49014",
    "49013",
    "49010",
    "42240",
    "47994",
    "47787",
    "47438",
    "47374",
    "47372",
    "47359",
    "44165",
    "40499",
    "42248",
    "42244",
    "41927",
    "33782",
    "40554",
    "40224",
    "39273",
    "38978",
    "38977",
    "38178",
    "37804",
    "11106",
    "35458",
    "35455",
    "35328",
    "35188",
    "8635",
    "7392",
    "4169",
    "31953",
    "29688",
    "29687",
    "29329",
    "27517",
    "26690",
    "26689",
    "26646",
    "26182",
    "25929",
    "24819",
    "24813",
    "24298",
    "23821",
    "21654",
    "20956",
    "20233",
    "19781",
    "18415",
    "17189",
    "15420",
    "1460",
    "1445",
    "14421",
    "13503",
    "11102",
    "56090",
    "56100",
    "56103",
    "56102",
    "56101",
    "56099",
    "56098",
    "54823",
    "47990",
    "612",
    "21981",
    "20913",
    "19898",
    "19754",
    "19648",
    "14927",
    "13359",
    "13358",
    "13354",
    "13353",
    "13352",
    "13351",
    "57834",
    "57833",
    "57832",
    "57831",
    "57830",
    "57829",
    "57449",
    "57448",
    "57447",
    "57344",
    "57343",
    "57342",
    "57341",
    "57027",
    "57026",
    "57024",
    "57023",
    "57022",
    "55030",
    "55029",
    "55028",
    "55027",
    "55026",
    "55025",
    "49971",
    "49970",
    "49968",
    "49967",
    "49966",
    "49965",
    "48582",
    "48301",
    "47955",
    "46428",
    "46013",
    "42280",
    "5544",
    "3008",
    "28750",
    "2717",
    "24717",
    "24716",
    "13026",
    "13025",
    "12402",
    "12382",
    "11005",
    "10798",
    "57979",
    "49788",
    "48227",
    "22826",
    "21917",
    "53892",
    "6832",
    "5184",
    "3731",
    "32232",
    "30327",
    "28347",
    "1879",
    "15153",
    "55141",
    "54791",
    "57056",
    "56765",
    "56709",
    "56429",
    "56185",
    "54790",
    "54133",
    "53898",
    "52034",
    "50490",
    "49148",
    "49083",
    "48916",
    "35880",
    "44705",
    "42107",
    "38622",
    "38100",
    "36611",
    "35879",
    "35783",
    "32582",
    "30312",
    "26",
    "58103",
    "51660",
    "51659",
    "56704",
    "56507",
    "56506",
    "54885",
    "54749",
    "53862",
    "52904",
    "46959",
    "46290",
    "45719",
    "43555",
    "41613",
    "41492",
    "33487",
    "51205",
    "57065",
    "57064",
    "56906",
    "56689",
    "56688",
    "55752",
    "54389",
    "52562",
    "52035",
    "51200",
    "51199",
    "51198",
    "51197",
    "51195",
    "48562",
    "48561",
    "43112",
    "37583",
    "32561",
    "52975",
    "52964",
    "52983",
    "51425",
    "51423",
    "50431",
    "50433",
    "55531",
    "50152",
    "49422",
    "57986",
    "57985",
    "57615",
    "57614",
    "57613",
    "57612",
    "57611",
    "57610",
    "57434",
    "57412",
    "57411",
    "57312",
    "57311",
    "56843",
    "56836",
    "56282",
    "56196",
    "56195",
    "56194",
    "56193",
    "55634",
    "55633",
    "55536",
    "55534",
    "55533",
    "55532",
    "55529",
    "55528",
    "55076",
    "55074",
    "55073",
    "55072",
    "55071",
    "55070",
    "55069",
    "55068",
    "55067",
    "55066",
    "55065",
    "55064",
    "55000",
    "54999",
    "54944",
    "54596",
    "53771",
    "53770",
    "49004",
    "53106",
    "53103",
    "52988",
    "52985",
    "52982",
    "52977",
    "52972",
    "52970",
    "52969",
    "52967",
    "52966",
    "52952",
    "52949",
    "46081",
    "52690",
    "45218",
    "45217",
    "44312",
    "50964",
    "50436",
    "50435",
    "50156",
    "50145",
    "50136",
    "50048",
    "49802",
    "49017",
    "49003",
    "49001",
    "48996",
    "48901",
    "48763",
    "47492",
    "47490",
    "47489",
    "47487",
    "47450",
    "47383",
    "47371",
    "47370",
    "47365",
    "47295",
    "47293",
    "47065",
    "46542",
    "44758",
    "44746",
    "44408",
    "44333",
    "44332",
    "44331",
    "44324",
    "44311",
    "44307",
    "42245",
    "42243",
    "41921",
    "41901",
    "31125",
    "41197",
    "38032",
    "36930",
    "36162",
    "36153",
    "36151",
    "35387",
    "35201",
    "35199",
    "35194",
    "35193",
    "35191",
    "35190",
    "7963",
    "33913",
    "33878",
    "33877",
    "33867",
    "33861",
    "33860",
    "33571",
    "3072",
    "30145",
    "28455",
    "28357",
    "26189",
    "25621",
    "23018",
    "22149",
    "22073",
    "21174",
    "21173",
    "21051",
    "19665",
    "11615",
    "11614",
    "11215",
    "11214",
    "10742",
    "10290",
    "49787",
    "42342",
    "12263",
    "30084"
  ],
  "scrapedCodigosPersistidos": [
    "58123",
    "58128",
    "54874",
    "57586",
    "57772",
    "52352",
    "57773",
    "57850",
    "57768",
    "57769",
    "54884",
    "57919",
    "57767",
    "57588",
    "57590",
    "57589",
    "57604",
    "57585",
    "57583",
    "57581",
    "57587",
    "57584",
    "57579",
    "55990",
    "57578",
    "56919",
    "57463",
    "57516",
    "57467",
    "57126",
    "56686",
    "56251",
    "55181",
    "54842",
    "54483",
    "53642",
    "51568",
    "52715",
    "40678",
    "38190",
    "50801",
    "49041",
    "49038",
    "44912",
    "49217",
    "48784",
    "47336",
    "42167",
    "48603",
    "24389",
    "47733",
    "47621",
    "47540",
    "47436",
    "47219",
    "41347",
    "45460",
    "45416",
    "45415",
    "44351",
    "40243",
    "47086",
    "40244",
    "45915",
    "44737",
    "44787",
    "39668",
    "17000",
    "40242",
    "41890",
    "32001",
    "42631",
    "43006",
    "42197",
    "9936",
    "39666",
    "38322",
    "36036",
    "33027",
    "36078",
    "28368",
    "39609",
    "21717",
    "26199",
    "32085",
    "15159",
    "18233",
    "28053",
    "33691",
    "21072",
    "21713",
    "17660",
    "28055",
    "14491",
    "57550",
    "17091",
    "10109",
    "56860",
    "57145",
    "54899",
    "54476",
    "52764",
    "52046",
    "52137",
    "52043",
    "52044",
    "51231",
    "51666",
    "51230",
    "51219",
    "51229",
    "40022",
    "44947",
    "51218",
    "42630",
    "50474",
    "50166",
    "47345",
    "39967",
    "40020",
    "51217",
    "17456",
    "22622",
    "39966",
    "16723",
    "9598",
    "34906",
    "35150",
    "34904",
    "34903",
    "34902",
    "34806",
    "30580",
    "32137",
    "34498",
    "34493",
    "26621",
    "26326",
    "25217",
    "22623",
    "26739",
    "31803",
    "12935",
    "21761",
    "17476",
    "17539",
    "16541",
    "17166",
    "54489",
    "58016",
    "50285",
    "54132",
    "53385",
    "53722",
    "57199",
    "56895",
    "56869",
    "56667",
    "56536",
    "55339",
    "55013",
    "55022",
    "53070",
    "51084",
    "54824",
    "54686",
    "54427",
    "54249",
    "46325",
    "52181",
    "53559",
    "53754",
    "53386",
    "53344",
    "48987",
    "50850",
    "53044",
    "53043",
    "53042",
    "52762",
    "50213",
    "50212",
    "50211",
    "52182",
    "52180",
    "48318",
    "51637",
    "51768",
    "51475",
    "51248",
    "50703",
    "50495",
    "50486",
    "50379",
    "48319",
    "48692",
    "50006",
    "48471",
    "48469",
    "48470",
    "48452",
    "48320",
    "48168",
    "47680",
    "47677",
    "47678",
    "42824",
    "45594",
    "39136",
    "44236",
    "45104",
    "44962",
    "43734",
    "45372",
    "44795",
    "43053",
    "43890",
    "43235",
    "42826",
    "43049",
    "43046",
    "40255",
    "43052",
    "42500",
    "41606",
    "28832",
    "38097",
    "39125",
    "41102",
    "38096",
    "38098",
    "40664",
    "40663",
    "40259",
    "25195",
    "38562",
    "36698",
    "38196",
    "39977",
    "39969",
    "39126",
    "39124",
    "39127",
    "33799",
    "30211",
    "38082",
    "28830",
    "35336",
    "37915",
    "35430",
    "37508",
    "37507",
    "35429",
    "27973",
    "27912",
    "31202",
    "35416",
    "37217",
    "31862",
    "31863",
    "31864",
    "34432",
    "36972",
    "31686",
    "31258",
    "30823",
    "31257",
    "34481",
    "31157",
    "30215",
    "35873",
    "24035",
    "16394",
    "23434",
    "34092",
    "35414",
    "34978",
    "29172",
    "35232",
    "34264",
    "35053",
    "34859",
    "34776",
    "34093",
    "34774",
    "31382",
    "34091",
    "34086",
    "33530",
    "31075",
    "32941",
    "32766",
    "32765",
    "32382",
    "32366",
    "30969",
    "30912",
    "30209",
    "28837",
    "28614",
    "27851",
    "27029",
    "28745",
    "27000",
    "26750",
    "26678",
    "25863",
    "24091",
    "25862",
    "25861",
    "25680",
    "24092",
    "22563",
    "21914",
    "20372",
    "16595",
    "55719",
    "46972",
    "18338",
    "18337",
    "18694",
    "55106",
    "43093",
    "14905",
    "51040",
    "47782",
    "52319",
    "39848",
    "38108",
    "48186",
    "54492",
    "50322",
    "32109",
    "55485",
    "52769",
    "55488",
    "55487",
    "55489",
    "55486",
    "55490",
    "57926",
    "55492",
    "55491",
    "55493",
    "55494",
    "57606",
    "57816",
    "57815",
    "57817",
    "57814",
    "57757",
    "57751",
    "57749",
    "57605",
    "57750",
    "57748",
    "57527",
    "57526",
    "56711",
    "57425",
    "57015",
    "56539",
    "56910",
    "56908",
    "56710",
    "56534",
    "56538",
    "56535",
    "56292",
    "56533",
    "56532",
    "56186",
    "56398",
    "56434",
    "56210",
    "56280",
    "56174",
    "55569",
    "56106",
    "56105",
    "55522",
    "55473",
    "55292",
    "55278",
    "55282",
    "55279",
    "55230",
    "55280",
    "55247",
    "55246",
    "55245",
    "55215",
    "55204",
    "55223",
    "55214",
    "55224",
    "55213",
    "55202",
    "55197",
    "55184",
    "55113",
    "55118",
    "55087",
    "55111",
    "55110",
    "54869",
    "54008",
    "53738",
    "53989",
    "53970",
    "53740",
    "51138",
    "51135",
    "53541",
    "51133",
    "51564",
    "51102",
    "53367",
    "53364",
    "53363",
    "53291",
    "53225",
    "53069",
    "53068",
    "53065",
    "53064",
    "53066",
    "52897",
    "53040",
    "53062",
    "52896",
    "52753",
    "52768",
    "52745",
    "49858",
    "49859",
    "52756",
    "49857",
    "52187",
    "52185",
    "52115",
    "51263",
    "52038",
    "50525",
    "51611",
    "51563",
    "50380",
    "50510",
    "51121",
    "49785",
    "50263",
    "49820",
    "49317",
    "49467",
    "50186",
    "49525",
    "49521",
    "49294",
    "49702",
    "49335",
    "49229",
    "48981",
    "49228",
    "49130",
    "49117",
    "48982",
    "49114",
    "48755",
    "48906",
    "48753",
    "48754",
    "45878",
    "48752",
    "48451",
    "45879",
    "45883",
    "45880",
    "45882",
    "45881",
    "48216",
    "48182",
    "48108",
    "47944",
    "46293",
    "48054",
    "47937",
    "47688",
    "47689",
    "45789",
    "47200",
    "46292",
    "45758",
    "44808",
    "44497",
    "43763",
    "43764",
    "45204",
    "45197",
    "32947",
    "44264",
    "44243",
    "28447",
    "27357",
    "43275",
    "43274",
    "43238",
    "43239",
    "42990",
    "41117",
    "42712",
    "42867",
    "36529",
    "36528",
    "41612",
    "42980",
    "41687",
    "42161",
    "41771",
    "41610",
    "42030",
    "41769",
    "41525",
    "40887",
    "40788",
    "41106",
    "25330",
    "34431",
    "23740",
    "29636",
    "14190",
    "28867",
    "24378",
    "31217",
    "14597",
    "24427",
    "40639",
    "21778",
    "40358",
    "40294",
    "39944",
    "23486",
    "40105",
    "39956",
    "39747",
    "39362",
    "39406",
    "38761",
    "36587",
    "39343",
    "39299",
    "38689",
    "38616",
    "39342",
    "32359",
    "38453",
    "38671",
    "38274",
    "36085",
    "37934",
    "38313",
    "37882",
    "38121",
    "37896",
    "37704",
    "37702",
    "34429",
    "37536",
    "28835",
    "37510",
    "37224",
    "28833",
    "23814",
    "6653",
    "24376",
    "34363",
    "21159",
    "24374",
    "24373",
    "24375",
    "24124",
    "36821",
    "24371",
    "36798",
    "36800",
    "36801",
    "36702",
    "23813",
    "24422",
    "32354",
    "36136",
    "36857",
    "36234",
    "32355",
    "27355",
    "33635",
    "35396",
    "35153",
    "35784",
    "35550",
    "18267",
    "35664",
    "28842",
    "35853",
    "31161",
    "29610",
    "35062",
    "28856",
    "32361",
    "9513",
    "32360",
    "35020",
    "34787",
    "28106",
    "34972",
    "34864",
    "34862",
    "34780",
    "34532",
    "34382",
    "34387",
    "34437",
    "34386",
    "33975",
    "34385",
    "34245",
    "34188",
    "34248",
    "33980",
    "33815",
    "33707",
    "33835",
    "33706",
    "32948",
    "32357",
    "31684",
    "31401",
    "32945",
    "31491",
    "32450",
    "30617",
    "31338",
    "31056",
    "30611",
    "30616",
    "31335",
    "31334",
    "31061",
    "30977",
    "30369",
    "30254",
    "28685",
    "30202",
    "30201",
    "28437",
    "29755",
    "29721",
    "29338",
    "28460",
    "28104",
    "28098",
    "27470",
    "27351",
    "27349",
    "26018",
    "25410",
    "26015",
    "26026",
    "26428",
    "25864",
    "26027",
    "25370",
    "23410",
    "24957",
    "24385",
    "24103",
    "22362",
    "24377",
    "22714",
    "22840",
    "22087",
    "20842",
    "17895",
    "21285",
    "22084",
    "15367",
    "19715",
    "19706",
    "18952",
    "14128",
    "15105",
    "17813",
    "11842",
    "57351",
    "55139",
    "57564",
    "51280",
    "51281",
    "51278",
    "57284",
    "57285",
    "52740",
    "57406",
    "57556",
    "57323",
    "51988",
    "57407",
    "57408",
    "57409",
    "57324",
    "57336",
    "57255",
    "54894",
    "54335",
    "54455",
    "54337",
    "54465",
    "54262",
    "54329",
    "54274",
    "58083",
    "57256",
    "57995",
    "57987",
    "54338",
    "54546",
    "54260",
    "57988",
    "54344",
    "57989",
    "58000",
    "57994",
    "57997",
    "57996",
    "57990",
    "57998",
    "57991",
    "57999",
    "57992",
    "54336",
    "54284",
    "57469",
    "55312",
    "57818",
    "57703",
    "30905",
    "57209",
    "57208",
    "57206",
    "57203",
    "55768",
    "49071",
    "54429",
    "38034",
    "46656",
    "54682",
    "54687",
    "54680",
    "32654",
    "48659",
    "46749",
    "34010",
    "57358",
    "33892",
    "34213",
    "57269",
    "55766",
    "55794",
    "55795",
    "55769",
    "55793",
    "43958",
    "55765",
    "43961",
    "51340",
    "54801",
    "55758",
    "51924",
    "47126",
    "47125",
    "43471",
    "56152",
    "57189",
    "57017",
    "23071",
    "58134",
    "58133",
    "58130",
    "58131",
    "58098",
    "52583",
    "56513",
    "56520",
    "56512",
    "58039",
    "58096",
    "58095",
    "52317",
    "58097",
    "57364",
    "52371",
    "54611",
    "57510",
    "54610",
    "58099",
    "53703",
    "51226",
    "56165",
    "56801",
    "56180",
    "50898",
    "57509",
    "51721",
    "57741",
    "57740",
    "57739",
    "57185",
    "54638",
    "57747",
    "57950",
    "57745",
    "57243",
    "57746",
    "57744",
    "57743",
    "57241",
    "57242",
    "57238",
    "57240",
    "56162",
    "56158",
    "57237",
    "56800",
    "57235",
    "54629",
    "56159",
    "54640",
    "54632",
    "54399",
    "54401",
    "53937",
    "52126",
    "51622",
    "53349",
    "52739",
    "52294",
    "50055",
    "45335",
    "50899",
    "39522",
    "49730",
    "28664",
    "29422",
    "28571",
    "50671",
    "19808",
    "31413",
    "39629",
    "43134",
    "26118",
    "43135",
    "51946",
    "51947",
    "55647",
    "31101",
    "57574",
    "56430",
    "57573",
    "54204",
    "55128",
    "52497",
    "52498",
    "53373",
    "52495",
    "40709",
    "23937",
    "52057",
    "1628",
    "55517",
    "54950",
    "55242",
    "54946",
    "52996",
    "49579",
    "49576",
    "42213",
    "54103",
    "46041",
    "30080",
    "44465",
    "36738",
    "44198",
    "57060",
    "26900",
    "24773",
    "26897",
    "58067",
    "26896",
    "57061",
    "47071",
    "47594",
    "16183",
    "55497",
    "16184",
    "43111",
    "37581",
    "43110",
    "42399",
    "10314",
    "55575",
    "57758",
    "57993",
    "57759",
    "57967",
    "56954",
    "56938",
    "56937",
    "55695",
    "55694",
    "54339",
    "53932",
    "55661",
    "52058",
    "52619",
    "51039",
    "52718",
    "52618",
    "51015",
    "50974",
    "50756",
    "50757",
    "50752",
    "50753",
    "48629",
    "45387",
    "48628",
    "45385",
    "48627",
    "26890",
    "45384",
    "45599",
    "41375",
    "41376",
    "38963",
    "22035",
    "58136",
    "40080",
    "58135",
    "22034",
    "26877",
    "22033",
    "55910",
    "55918",
    "55786",
    "57777",
    "57465",
    "57229",
    "58125",
    "57230",
    "55914",
    "53999",
    "57514",
    "55917",
    "57513",
    "55687",
    "55554",
    "55553",
    "57561",
    "53885",
    "53998",
    "53708",
    "53707",
    "53710",
    "53684",
    "53685",
    "57001",
    "58112",
    "58111",
    "57231",
    "51524",
    "58084",
    "58088",
    "58086",
    "56371",
    "51521",
    "58013",
    "51520",
    "57630",
    "51442",
    "51213",
    "58052",
    "50683",
    "50684",
    "58049",
    "54496",
    "54021",
    "58051",
    "54020",
    "55912",
    "54022",
    "55911",
    "53671",
    "53423",
    "55934",
    "53422",
    "55913",
    "55907",
    "53424",
    "53425",
    "55933",
    "57466",
    "57232",
    "57973",
    "57963",
    "57972",
    "57233",
    "57234",
    "54110",
    "51796",
    "53794",
    "49646",
    "51541",
    "56557",
    "57698",
    "57317",
    "57347",
    "56824",
    "57315",
    "57305",
    "57306",
    "57304",
    "57051",
    "56206",
    "56951",
    "55921",
    "55919",
    "55909",
    "56586",
    "55902",
    "55904",
    "56585",
    "56484",
    "55803",
    "55906",
    "55871",
    "55343",
    "55805",
    "55515",
    "55804",
    "54843",
    "55188",
    "54299",
    "53899",
    "53880",
    "54253",
    "53760",
    "53687",
    "53761",
    "54118",
    "53689",
    "53688",
    "53670",
    "53638",
    "53576",
    "53637",
    "53711",
    "52847",
    "48250",
    "53679",
    "48081",
    "52031",
    "51842",
    "49489",
    "51441",
    "51841",
    "51516",
    "50908",
    "51440",
    "50907",
    "51326",
    "51324",
    "51323",
    "51244",
    "50119",
    "50298",
    "49719",
    "49645",
    "49647",
    "49491",
    "49664",
    "49710",
    "49657",
    "48156",
    "47369",
    "41851",
    "56872",
    "57563",
    "57089",
    "57088",
    "57091",
    "57871",
    "57870",
    "57644",
    "57192",
    "57191",
    "55104",
    "55103",
    "55102",
    "55101",
    "52396",
    "53285",
    "51484",
    "51494",
    "54580",
    "50356",
    "51451",
    "50355",
    "48643",
    "48594",
    "48315",
    "48316",
    "48025",
    "48026",
    "45548",
    "39815",
    "47663",
    "47364",
    "45346",
    "47137",
    "41481",
    "41480",
    "25802",
    "46547",
    "44379",
    "45986",
    "38692",
    "553",
    "14497",
    "24264",
    "36736",
    "26193",
    "32432",
    "14899",
    "13931",
    "13310",
    "53896",
    "56450",
    "57361",
    "57403",
    "46741",
    "57360",
    "56401",
    "57359",
    "55720",
    "58075",
    "55771",
    "51446",
    "51445",
    "55762",
    "58068",
    "56320",
    "45976",
    "41781",
    "43698",
    "53927",
    "53295",
    "57464",
    "38256",
    "51981",
    "51979",
    "43697",
    "58118",
    "51978",
    "54860",
    "58104",
    "51977",
    "51976",
    "31915",
    "50808",
    "53413",
    "48039",
    "54779",
    "54565",
    "55983",
    "50807",
    "55989",
    "42805",
    "55984",
    "55845",
    "55848",
    "55847",
    "55846",
    "56150",
    "58053",
    "54593",
    "51255",
    "57156",
    "56408",
    "55331",
    "57370",
    "57376",
    "57378",
    "57377",
    "57375",
    "57379",
    "57374",
    "57371",
    "57373",
    "57369",
    "57372",
    "56796",
    "56799",
    "57158",
    "57669",
    "57665",
    "56795",
    "57670",
    "57667",
    "56712",
    "57668",
    "57226",
    "57225",
    "57217",
    "57224",
    "57216",
    "57213",
    "57214",
    "57215",
    "57223",
    "55455",
    "55888",
    "55889",
    "55890",
    "55891",
    "55892",
    "55052",
    "56526",
    "54728",
    "56527",
    "56363",
    "56797",
    "56798",
    "55977",
    "57594",
    "56365",
    "55781",
    "56364",
    "56151",
    "56278",
    "56362",
    "55670",
    "55744",
    "55745",
    "53713",
    "54309",
    "55741",
    "53950",
    "53949",
    "55746",
    "53268",
    "53564",
    "53562",
    "53366",
    "45155",
    "51709",
    "53005",
    "51708",
    "51707",
    "51706",
    "51537",
    "51704",
    "51703",
    "51257",
    "50919",
    "51256",
    "50162",
    "50915",
    "50916",
    "50918",
    "49651",
    "49302",
    "49674",
    "49309",
    "39994",
    "48972",
    "48537",
    "48584",
    "44473",
    "44472",
    "48971",
    "40562",
    "48020",
    "48014",
    "47420",
    "47329",
    "47391",
    "46746",
    "46745",
    "36364",
    "36362",
    "46546",
    "46193",
    "46192",
    "46545",
    "46544",
    "46084",
    "45702",
    "45156",
    "46063",
    "42338",
    "44772",
    "36432",
    "41212",
    "41213",
    "40539",
    "44444",
    "38495",
    "39996",
    "40563",
    "35189",
    "37663",
    "37965",
    "36571",
    "37672",
    "35226",
    "36569",
    "33950",
    "34852",
    "36363",
    "31825",
    "8095",
    "33773",
    "34516",
    "25916",
    "28197",
    "31826",
    "34291",
    "30272",
    "25965",
    "52362",
    "22535",
    "56668",
    "52867",
    "54783",
    "52858",
    "54703",
    "54702",
    "52857",
    "54748",
    "57946",
    "56222",
    "57071",
    "57944",
    "57945",
    "57246",
    "57244",
    "56221",
    "56220",
    "57943",
    "56219",
    "56684",
    "56217",
    "56218",
    "57245",
    "56216",
    "56215",
    "56214",
    "56213",
    "55726",
    "55728",
    "54945",
    "55842",
    "55730",
    "55615",
    "54983",
    "54838",
    "54837",
    "54544",
    "54536",
    "54535",
    "54534",
    "54542",
    "54541",
    "54530",
    "54538",
    "54527",
    "54208",
    "53775",
    "53773",
    "52866",
    "52363",
    "52862",
    "52855",
    "52360",
    "52098",
    "49461",
    "45904",
    "51486",
    "45903",
    "50887",
    "50888",
    "49688",
    "49734",
    "49460",
    "44713",
    "40313",
    "39550",
    "43537",
    "41643",
    "37967",
    "40281",
    "36866",
    "29120",
    "32256",
    "24344",
    "37864",
    "24881",
    "25972",
    "36612",
    "36610",
    "56346",
    "26471",
    "19328",
    "19329",
    "19325",
    "19327",
    "56442",
    "56804",
    "57570",
    "57066",
    "58113",
    "54856",
    "48721",
    "55763",
    "57836",
    "57571",
    "48068",
    "56699",
    "48368",
    "47566",
    "55193",
    "58141",
    "58139",
    "58140",
    "32785",
    "53233",
    "46706",
    "58004",
    "52330",
    "50039",
    "53580",
    "48658",
    "40619",
    "47144",
    "54855",
    "54854",
    "54858",
    "56703",
    "54233",
    "56761",
    "56734",
    "54755",
    "56763",
    "51410",
    "49251",
    "56865",
    "49952",
    "49944",
    "53735",
    "56447",
    "49943",
    "46833",
    "46832",
    "53992",
    "46027",
    "46022",
    "57085",
    "57413",
    "46023",
    "57086",
    "57014",
    "57414",
    "57120",
    "55627",
    "57119",
    "56915",
    "57645",
    "55734",
    "58015",
    "57118",
    "57116",
    "57115",
    "57063",
    "57114",
    "57536",
    "57079",
    "57112",
    "57113",
    "57566",
    "57568",
    "56680",
    "57084",
    "57727",
    "56864",
    "57082",
    "56764",
    "56740",
    "56739",
    "56762",
    "56760",
    "56759",
    "56758",
    "56338",
    "56337",
    "56693",
    "56738",
    "56336",
    "56735",
    "56335",
    "56406",
    "56330",
    "56340",
    "56334",
    "56404",
    "56329",
    "56211",
    "56212",
    "56328",
    "56279",
    "56227",
    "55757",
    "56225",
    "56226",
    "56052",
    "56050",
    "55748",
    "55747",
    "56049",
    "55429",
    "55749",
    "54372",
    "55736",
    "54857",
    "55450",
    "55682",
    "55449",
    "54243",
    "54370",
    "54371",
    "54802",
    "54362",
    "54232",
    "50779",
    "54209",
    "53183",
    "53184",
    "51168",
    "53181",
    "48009",
    "49951",
    "49953",
    "49949",
    "49948",
    "49947",
    "49941",
    "49939",
    "49176",
    "49938",
    "49940",
    "48143",
    "48743",
    "48538",
    "48536",
    "47612",
    "48513",
    "48539",
    "48019",
    "48029",
    "47350",
    "48435",
    "48035",
    "47354",
    "45919",
    "46170",
    "47357",
    "43600",
    "46169",
    "47198",
    "41999",
    "43426",
    "40776",
    "39339",
    "25872",
    "41552",
    "58062",
    "58061",
    "27891",
    "39363",
    "27713",
    "39002",
    "31495",
    "39015",
    "56962",
    "57147",
    "57146",
    "58063",
    "53726",
    "56436",
    "57287",
    "55024",
    "57484",
    "57673",
    "57441",
    "57283",
    "57281",
    "57289",
    "55218",
    "55077",
    "57278",
    "57264",
    "57280",
    "57545",
    "57608",
    "57544",
    "57528",
    "57543",
    "57499",
    "57531",
    "57512",
    "57530",
    "57496",
    "57490",
    "57382",
    "57275",
    "57276",
    "57277",
    "57273",
    "57274",
    "57271",
    "57270",
    "57268",
    "57266",
    "57267",
    "57141",
    "56847",
    "57265",
    "56490",
    "55908",
    "56518",
    "56238",
    "55816",
    "56403",
    "56233",
    "56229",
    "55819",
    "55760",
    "53527",
    "54391",
    "52871",
    "55412",
    "52511",
    "52870",
    "52852",
    "51134",
    "52673",
    "52659",
    "52110",
    "52276",
    "52280",
    "48192",
    "51908",
    "51623",
    "51990",
    "51489",
    "51434",
    "51433",
    "43226",
    "48031",
    "43225",
    "43224",
    "50913",
    "50902",
    "50336",
    "45373",
    "49545",
    "50283",
    "48635",
    "49316",
    "47085",
    "48921",
    "49544",
    "49510",
    "47960",
    "48556",
    "47661",
    "44941",
    "46621",
    "47933",
    "46619",
    "47660",
    "44871",
    "47022",
    "42886",
    "42885",
    "46186",
    "45771",
    "33059",
    "42644",
    "42871",
    "46519",
    "29007",
    "42106",
    "40079",
    "40660",
    "41742",
    "40128",
    "40655",
    "40651",
    "39808",
    "40376",
    "39781",
    "41810",
    "39322",
    "39097",
    "39201",
    "38993",
    "38303",
    "37309",
    "39023",
    "36681",
    "37188",
    "36680",
    "36405",
    "30624",
    "37157",
    "38037",
    "32239",
    "30427",
    "58058",
    "31240",
    "24265",
    "30109",
    "29006",
    "24297",
    "57824",
    "55829",
    "56458",
    "57939",
    "56926",
    "57440",
    "53231",
    "57738",
    "48980",
    "57737",
    "57736",
    "57735",
    "50419",
    "58059",
    "56819",
    "53236",
    "57938",
    "57937",
    "57940",
    "57941",
    "57247",
    "57030",
    "57931",
    "57932",
    "51517",
    "51609",
    "57609",
    "57549",
    "57548",
    "57419",
    "57546",
    "57399",
    "57254",
    "57043",
    "57327",
    "57028",
    "57029",
    "56993",
    "56928",
    "56927",
    "56925",
    "56855",
    "56815",
    "56384",
    "56716",
    "55019",
    "55631",
    "56723",
    "47778",
    "53897",
    "53793",
    "54497",
    "53011",
    "53753",
    "53445",
    "53326",
    "53304",
    "53315",
    "53302",
    "53300",
    "53301",
    "52893",
    "52894",
    "52892",
    "53232",
    "52841",
    "52934",
    "50390",
    "52696",
    "52116",
    "52073",
    "48983",
    "51285",
    "52661",
    "51053",
    "51054",
    "51055",
    "51051",
    "50947",
    "50814",
    "50945",
    "50940",
    "50941",
    "50813",
    "47023",
    "49814",
    "49718",
    "49812",
    "45249",
    "45248",
    "49683",
    "49153",
    "49458",
    "49366",
    "48984",
    "48335",
    "48334",
    "47413",
    "48639",
    "48638",
    "45815",
    "47821",
    "47819",
    "40715",
    "43950",
    "44951",
    "42195",
    "42782",
    "43540",
    "44615",
    "44614",
    "44598",
    "41955",
    "43955",
    "44209",
    "41219",
    "40790",
    "57081",
    "31471",
    "35341",
    "31411",
    "56702",
    "33762",
    "56644",
    "57080",
    "56252",
    "56343",
    "55792",
    "56344",
    "56342",
    "56339",
    "53203",
    "52207",
    "52206",
    "46039",
    "48057",
    "52201",
    "51479",
    "26153",
    "43599",
    "39553",
    "35106",
    "26152",
    "50635",
    "46040",
    "39552",
    "56473",
    "53596",
    "55361",
    "56369",
    "53990",
    "53338",
    "56074",
    "58064",
    "57261",
    "57593",
    "56998",
    "49853",
    "57755",
    "57823",
    "55360",
    "57353",
    "57025",
    "55415",
    "56673",
    "57522",
    "55571",
    "57524",
    "57753",
    "56976",
    "57521",
    "57504",
    "57503",
    "55725",
    "56988",
    "57822",
    "57756",
    "56986",
    "56985",
    "57505",
    "57352",
    "56983",
    "56982",
    "56980",
    "56981",
    "56979",
    "56977",
    "56729",
    "56858",
    "56728",
    "56687",
    "56984",
    "56500",
    "56501",
    "56502",
    "56499",
    "56495",
    "56978",
    "56497",
    "56472",
    "56191",
    "56190",
    "56189",
    "56291",
    "56290",
    "56288",
    "55801",
    "55800",
    "56183",
    "56069",
    "55799",
    "56182",
    "56178",
    "55798",
    "56179",
    "55458",
    "55414",
    "54433",
    "55723",
    "55727",
    "55789",
    "55788",
    "54834",
    "54230",
    "53206",
    "54507",
    "54895",
    "54432",
    "55787",
    "53895",
    "53437",
    "52726",
    "51529",
    "49045",
    "53018",
    "52464",
    "51175",
    "50499",
    "51203",
    "51201",
    "51202",
    "51794",
    "51791",
    "52149",
    "49851",
    "48208",
    "49854",
    "48206",
    "49946",
    "48283",
    "48560",
    "49098",
    "48964",
    "48738",
    "48119",
    "47989",
    "47406",
    "47850",
    "47382",
    "43230",
    "47581",
    "45653",
    "45746",
    "46624",
    "47645",
    "47323",
    "42604",
    "41630",
    "42944",
    "41632",
    "37752",
    "41629",
    "42942",
    "41627",
    "27878",
    "33343",
    "36830",
    "34997",
    "34996",
    "36640",
    "36639",
    "35493",
    "36637",
    "27619",
    "35900",
    "35724",
    "34470",
    "36133",
    "44804",
    "31714",
    "21062",
    "58143",
    "55535",
    "42179",
    "55527",
    "55530",
    "34115",
    "34114",
    "21061",
    "19197",
    "11982",
    "58018",
    "58045",
    "58032",
    "58044",
    "58050",
    "58030",
    "58040",
    "58019",
    "57909",
    "58020",
    "57906",
    "57907",
    "57908",
    "57905",
    "57952",
    "57912",
    "57915",
    "57903",
    "57904",
    "57902",
    "57901",
    "57865",
    "57864",
    "57863",
    "57862",
    "56950",
    "57861",
    "57859",
    "57857",
    "57858",
    "57856",
    "57424",
    "57222",
    "56753",
    "56780",
    "56637",
    "56639",
    "56636",
    "56754",
    "56633",
    "56634",
    "57855",
    "56617",
    "56599",
    "56593",
    "55710",
    "55775",
    "54122",
    "47498",
    "54121",
    "55774",
    "55772",
    "54120",
    "55773",
    "54119",
    "47813",
    "47812",
    "47811",
    "47497",
    "47671",
    "47387",
    "16682",
    "19599",
    "19598",
    "47709",
    "8521",
    "44965",
    "47718",
    "8525",
    "38025",
    "38024",
    "9438",
    "8520",
    "8519",
    "9439",
    "7760",
    "31595",
    "7757",
    "34342",
    "27291",
    "27289",
    "19597",
    "4624",
    "16686",
    "19596",
    "31596",
    "24185",
    "16684",
    "24186",
    "10528",
    "13046",
    "58093",
    "57523",
    "50458",
    "56143",
    "55039",
    "57968",
    "56745",
    "57165",
    "56477",
    "56901",
    "57942",
    "56746",
    "57805",
    "56691",
    "56903",
    "56476",
    "56625",
    "56146",
    "56313",
    "56145",
    "56093",
    "55738",
    "55552",
    "55375",
    "56079",
    "56078",
    "55373",
    "55372",
    "56077",
    "55186",
    "55160",
    "55162",
    "55159",
    "55158",
    "55157",
    "55180",
    "55086",
    "55049",
    "54332",
    "54914",
    "54804",
    "53247",
    "54795",
    "53360",
    "53245",
    "53072",
    "53092",
    "52452",
    "52389",
    "50829",
    "52405",
    "48733",
    "50421",
    "47569",
    "52385",
    "45575",
    "49254",
    "49375",
    "48794",
    "49253",
    "48776",
    "48111",
    "45021",
    "37878",
    "45213",
    "48110",
    "47999",
    "38192",
    "44622",
    "47998",
    "42852",
    "41205",
    "42963",
    "40454",
    "42093",
    "41869",
    "40653",
    "38095",
    "27232",
    "40240",
    "39749",
    "29910",
    "37717",
    "33634",
    "26746",
    "28493",
    "30100",
    "33637",
    "27522",
    "23345",
    "23906",
    "26456",
    "23734",
    "16743",
    "56006",
    "56005",
    "57977",
    "56004",
    "50115",
    "57577",
    "57598",
    "57788",
    "57462",
    "57562",
    "57576",
    "57461",
    "56505",
    "55150",
    "54865",
    "54745",
    "54743",
    "54742",
    "54424",
    "53329",
    "49918",
    "54554",
    "52925",
    "52710",
    "52622",
    "51404",
    "52112",
    "49920",
    "47166",
    "49919",
    "48525",
    "50896",
    "49921",
    "44687",
    "44253",
    "44654",
    "44655",
    "44653",
    "44372",
    "41818",
    "41776",
    "42299",
    "41774",
    "39430",
    "41183",
    "39429",
    "40672",
    "35347",
    "35217",
    "39232",
    "38678",
    "9435",
    "35348",
    "32238",
    "9300",
    "4709",
    "30206",
    "5282",
    "30832",
    "29699",
    "29949",
    "23317",
    "27263",
    "24178",
    "24177",
    "28352",
    "27493",
    "25060",
    "27261",
    "26903",
    "20688",
    "16706",
    "1331",
    "55096",
    "53162",
    "53161",
    "55091",
    "57502",
    "55685",
    "57501",
    "57339",
    "56891",
    "56281",
    "56885",
    "56881",
    "56884",
    "55877",
    "55885",
    "56880",
    "55809",
    "55808",
    "55692",
    "55691",
    "55100",
    "55410",
    "55259",
    "55093",
    "55092",
    "55177",
    "55097",
    "55098",
    "55090",
    "53946",
    "53614",
    "54311",
    "50060",
    "49636",
    "54310",
    "52620",
    "49624",
    "49629",
    "49499",
    "49496",
    "48005",
    "47854",
    "48004",
    "48000",
    "47633",
    "47625",
    "47623",
    "47624",
    "38502",
    "45031",
    "47327",
    "47325",
    "44573",
    "45029",
    "44680",
    "44676",
    "42198",
    "44191",
    "43793",
    "43792",
    "39242",
    "21168",
    "40992",
    "39240",
    "40990",
    "12154",
    "12155",
    "9321",
    "37939",
    "8246",
    "27663",
    "27662",
    "27248",
    "32448",
    "27247",
    "21927",
    "32446",
    "21928",
    "32447",
    "32445",
    "25391",
    "32442",
    "32441",
    "32443",
    "32440",
    "25494",
    "32439",
    "32444",
    "25496",
    "34597",
    "25495",
    "34598",
    "34596",
    "35624",
    "35623",
    "10734",
    "34595",
    "34594",
    "55512",
    "57811",
    "54725",
    "57762",
    "53195",
    "56318",
    "57841",
    "48960",
    "48642",
    "57853",
    "57849",
    "57851",
    "57848",
    "57840",
    "57843",
    "57839",
    "56876",
    "57846",
    "56628",
    "56277",
    "49440",
    "49441",
    "56075",
    "55513",
    "55514",
    "54331",
    "55510",
    "49627",
    "49439",
    "47314",
    "44346",
    "45559",
    "44341",
    "49351",
    "30309",
    "49350",
    "48204",
    "43373",
    "41623",
    "44347",
    "40339",
    "40498",
    "29872",
    "25271",
    "42385",
    "37635",
    "40334",
    "41158",
    "34993",
    "37634",
    "15632",
    "40333",
    "35310",
    "35167",
    "31769",
    "9829",
    "36479",
    "35877",
    "36526",
    "35649",
    "30311",
    "20223",
    "16487",
    "11418",
    "49782",
    "53863",
    "53197",
    "51338",
    "57955",
    "57956",
    "57889",
    "57888",
    "57887",
    "57886",
    "57885",
    "57884",
    "57882",
    "57780",
    "57883",
    "57483",
    "57880",
    "57881",
    "57481",
    "57879",
    "57778",
    "57380",
    "57193",
    "57125",
    "57182",
    "57124",
    "57122",
    "57123",
    "57068",
    "56694",
    "56528",
    "56243",
    "55832",
    "55830",
    "55831",
    "55702",
    "55699",
    "55651",
    "52627",
    "55183",
    "55649",
    "54521",
    "54211",
    "53933",
    "53605",
    "54185",
    "53395",
    "53602",
    "53198",
    "53601",
    "52940",
    "53600",
    "53033",
    "52712",
    "52629",
    "50483",
    "52060",
    "52286",
    "51749",
    "50839",
    "50838",
    "50227",
    "49280",
    "49094",
    "49095",
    "49093",
    "49092",
    "49090",
    "49089",
    "43661",
    "48416",
    "48641",
    "43608",
    "43606",
    "47584",
    "43605",
    "47514",
    "42945",
    "43284",
    "41843",
    "42746",
    "42745",
    "39921",
    "41200",
    "40878",
    "36549",
    "58124",
    "30759",
    "40877",
    "41198",
    "36965",
    "55194",
    "25587",
    "55668",
    "56444",
    "57892",
    "58069",
    "58106",
    "58110",
    "57553",
    "58107",
    "58090",
    "57715",
    "58102",
    "54786",
    "58065",
    "58066",
    "57894",
    "55862",
    "52478",
    "57969",
    "55872",
    "53734",
    "55114",
    "52087",
    "58022",
    "57812",
    "52368",
    "55976",
    "58024",
    "55134",
    "55426",
    "56997",
    "55778",
    "54288",
    "57455",
    "54549",
    "53833",
    "55287",
    "58026",
    "55291",
    "58029",
    "54861",
    "56264",
    "55391",
    "58025",
    "55135",
    "57949",
    "58033",
    "55260",
    "55855",
    "52366",
    "49372",
    "55874",
    "52805",
    "55436",
    "51965",
    "54051",
    "53704",
    "49060",
    "55782",
    "55353",
    "57555",
    "55548",
    "57429",
    "55295",
    "56259",
    "57896",
    "52635",
    "53152",
    "57893",
    "57875",
    "57874",
    "57876",
    "57869",
    "57873",
    "57810",
    "57837",
    "57789",
    "57731",
    "57730",
    "57760",
    "57732",
    "57714",
    "57729",
    "57717",
    "57676",
    "57718",
    "57631",
    "57529",
    "57438",
    "57601",
    "57430",
    "57426",
    "57427",
    "57431",
    "57309",
    "57303",
    "57313",
    "57302",
    "57135",
    "57134",
    "57297",
    "57129",
    "57130",
    "56970",
    "56914",
    "57034",
    "57033",
    "56672",
    "56664",
    "56554",
    "56432",
    "56649",
    "56741",
    "55959",
    "56248",
    "56256",
    "56261",
    "56064",
    "56265",
    "55957",
    "55480",
    "55683",
    "55448",
    "55549",
    "55873",
    "55481",
    "55446",
    "55621",
    "55946",
    "55434",
    "55390",
    "55379",
    "55352",
    "55378",
    "55307",
    "55296",
    "55241",
    "55143",
    "54911",
    "54912",
    "55423",
    "54922",
    "54761",
    "54807",
    "54810",
    "54723",
    "54726",
    "54697",
    "54695",
    "54736",
    "54529",
    "54457",
    "54415",
    "54266",
    "54135",
    "54147",
    "54134",
    "54326",
    "54148",
    "53590",
    "53561",
    "53826",
    "53560",
    "46801",
    "53818",
    "52657",
    "53249",
    "53544",
    "52995",
    "52663",
    "52931",
    "52840",
    "52406",
    "52937",
    "52476",
    "52404",
    "52383",
    "52779",
    "51936",
    "52284",
    "52256",
    "52247",
    "52226",
    "47949",
    "52144",
    "51618",
    "52248",
    "51617",
    "52078",
    "52255",
    "46890",
    "51596",
    "51016",
    "51093",
    "50252",
    "50254",
    "50251",
    "47308",
    "49416",
    "49417",
    "45855",
    "49067",
    "49883",
    "48611",
    "47979",
    "49018",
    "48993",
    "48897",
    "44081",
    "46552",
    "48900",
    "44414",
    "30785",
    "46551",
    "46512",
    "46513",
    "58132",
    "21381",
    "43886",
    "38379",
    "37905",
    "42151",
    "38696",
    "38695",
    "23185",
    "55961",
    "51849",
    "51799",
    "50874",
    "50411",
    "50409",
    "50302",
    "50303",
    "50026",
    "49922",
    "55811",
    "55636",
    "55639",
    "56943",
    "56782",
    "49109",
    "49110",
    "57784",
    "48672",
    "54084",
    "54066",
    "54075",
    "54068",
    "54061",
    "54073",
    "48190",
    "54065",
    "48189",
    "53930",
    "56321",
    "56322",
    "55663",
    "47973",
    "57785",
    "53691",
    "57696",
    "47788",
    "53693",
    "55822",
    "57695",
    "57693",
    "57692",
    "57699",
    "57697",
    "53389",
    "57701",
    "53031",
    "52993",
    "54097",
    "52580",
    "53032",
    "53030",
    "49383",
    "51789",
    "51787",
    "57798",
    "57776",
    "57694",
    "57700",
    "57702",
    "57691",
    "57591",
    "57569",
    "57690",
    "57689",
    "57291",
    "57154",
    "57155",
    "57097",
    "57096",
    "56945",
    "56940",
    "56939",
    "56944",
    "56785",
    "56784",
    "56783",
    "56642",
    "56309",
    "56199",
    "55962",
    "55827",
    "55821",
    "55826",
    "55777",
    "55776",
    "55707",
    "55643",
    "55641",
    "55696",
    "55637",
    "55632",
    "55464",
    "55310",
    "55262",
    "55462",
    "55136",
    "55117",
    "55129",
    "54937",
    "55023",
    "54772",
    "54887",
    "54699",
    "51158",
    "51142",
    "50939",
    "54576",
    "54586",
    "54574",
    "54575",
    "54573",
    "54572",
    "50721",
    "54438",
    "54086",
    "54076",
    "54074",
    "54069",
    "54070",
    "54064",
    "54060",
    "54057",
    "54056",
    "50295",
    "50297",
    "53945",
    "50296",
    "53695",
    "49985",
    "53646",
    "53549",
    "53548",
    "53319",
    "52918",
    "52917",
    "53275",
    "49140",
    "52636",
    "52486",
    "52488",
    "52591",
    "52216",
    "49817",
    "52214",
    "52213",
    "52147",
    "48342",
    "48340",
    "49431",
    "48235",
    "51795",
    "48188",
    "51770",
    "51739",
    "51736",
    "51734",
    "48099",
    "51737",
    "51630",
    "49107",
    "51547",
    "41535",
    "50877",
    "51546",
    "50872",
    "51100",
    "50770",
    "48343",
    "50408",
    "50404",
    "50312",
    "50306",
    "50301",
    "50300",
    "50188",
    "50189",
    "50187",
    "50027",
    "50025",
    "45770",
    "49382",
    "49334",
    "49330",
    "48736",
    "49215",
    "49293",
    "48914",
    "48443",
    "48698",
    "48244",
    "48238",
    "48237",
    "48236",
    "48098",
    "41590",
    "47890",
    "47931",
    "47026",
    "43382",
    "46743",
    "46662",
    "46652",
    "46670",
    "46630",
    "42612",
    "46054",
    "42611",
    "42290",
    "42206",
    "45807",
    "45542",
    "43885",
    "44698",
    "45535",
    "44229",
    "45462",
    "38258",
    "43293",
    "43222",
    "43467",
    "39050",
    "42602",
    "42601",
    "37274",
    "41772",
    "41749",
    "41688",
    "41394",
    "41136",
    "41393",
    "40587",
    "39931",
    "38573",
    "40549",
    "40578",
    "40253",
    "40278",
    "40081",
    "35792",
    "36269",
    "39051",
    "30780",
    "32095",
    "38585",
    "38326",
    "32621",
    "35287",
    "18827",
    "34886",
    "30781",
    "33743",
    "19713",
    "15698",
    "26802",
    "25407",
    "33744",
    "36053",
    "37100",
    "37271",
    "36214",
    "36978",
    "36012",
    "35771",
    "35403",
    "35162",
    "35160",
    "35161",
    "34390",
    "34873",
    "28111",
    "58109",
    "58108",
    "32489",
    "33616",
    "27433",
    "34325",
    "29532",
    "30855",
    "24865",
    "24904",
    "57180",
    "47720",
    "50861",
    "57713",
    "58028",
    "57712",
    "55248",
    "57897",
    "57253",
    "57515",
    "56400",
    "52916",
    "54267",
    "52788",
    "52229",
    "47893",
    "50994",
    "50992",
    "50234",
    "50860",
    "50104",
    "48620",
    "48787",
    "48786",
    "48934",
    "49807",
    "48575",
    "47982",
    "47721",
    "47432",
    "47431",
    "47550",
    "42013",
    "45819",
    "46644",
    "45853",
    "44840",
    "44005",
    "26126",
    "22215",
    "43712",
    "20143",
    "43715",
    "20144",
    "43714",
    "43710",
    "43709",
    "43628",
    "43532",
    "43377",
    "43375",
    "43282",
    "43477",
    "43283",
    "43281",
    "42230",
    "42051",
    "42053",
    "35390",
    "41981",
    "41980",
    "41979",
    "41344",
    "39215",
    "39646",
    "40217",
    "32327",
    "39680",
    "38744",
    "38537",
    "35700",
    "35889",
    "36672",
    "36670",
    "35540",
    "36666",
    "35539",
    "27920",
    "26136",
    "32425",
    "31028",
    "31047",
    "31716",
    "31050",
    "32200",
    "31683",
    "31029",
    "27919",
    "26128",
    "26127",
    "26944",
    "31682",
    "24390",
    "17950",
    "28319",
    "26134",
    "27865",
    "26135",
    "22953",
    "22212",
    "25337",
    "32272",
    "32843",
    "33056",
    "33064",
    "36484",
    "36591",
    "33517",
    "36602",
    "35727",
    "35541",
    "35944",
    "35392",
    "35391",
    "33895",
    "33959",
    "33685",
    "33442",
    "33424",
    "33176",
    "31869",
    "31706",
    "26945",
    "31027",
    "29472",
    "29471",
    "29176",
    "22952",
    "24391",
    "26934",
    "57706",
    "27461",
    "26125",
    "25210",
    "23349",
    "57485",
    "22211",
    "22214",
    "57489",
    "22209",
    "21792",
    "57487",
    "49312",
    "57460",
    "52539",
    "56530",
    "56250",
    "57457",
    "56658",
    "56669",
    "57459",
    "48399",
    "56028",
    "57286",
    "56031",
    "54240",
    "56080",
    "57006",
    "55526",
    "55915",
    "55417",
    "55628",
    "55419",
    "54747",
    "54462",
    "54038",
    "54387",
    "54705",
    "53916",
    "54010",
    "54004",
    "53482",
    "53485",
    "53479",
    "53477",
    "53478",
    "53472",
    "53476",
    "53473",
    "53471",
    "53401",
    "53464",
    "52898",
    "52915",
    "53288",
    "53259",
    "53260",
    "53258",
    "53261",
    "53003",
    "52537",
    "52533",
    "52534",
    "52535",
    "52532",
    "52531",
    "52469",
    "52527",
    "52063",
    "52001",
    "51934",
    "51855",
    "51854",
    "51730",
    "51682",
    "51645",
    "51249",
    "50553",
    "50522",
    "50513",
    "49795",
    "50388",
    "48529",
    "49908",
    "47959",
    "49907",
    "49796",
    "47743",
    "47655",
    "49313",
    "47458",
    "47656",
    "44802",
    "47310",
    "47309",
    "47132",
    "45128",
    "47136",
    "44448",
    "44189",
    "45867",
    "43765",
    "43731",
    "43733",
    "43662",
    "43724",
    "43726",
    "41975",
    "43727",
    "43729",
    "42929",
    "43241",
    "42677",
    "42583",
    "42390",
    "42389",
    "42387",
    "42386",
    "42704",
    "42261",
    "43631",
    "42388",
    "41184",
    "41098",
    "40657",
    "40763",
    "40954",
    "40705",
    "40515",
    "40322",
    "40233",
    "40232",
    "40130",
    "40234",
    "40055",
    "39785",
    "40127",
    "39784",
    "39776",
    "39503",
    "40231",
    "39262",
    "39755",
    "39117",
    "13487",
    "39318",
    "38709",
    "38949",
    "36530",
    "37215",
    "36134",
    "37044",
    "38330",
    "36359",
    "36268",
    "36132",
    "36098",
    "35511",
    "35095",
    "35436",
    "19552",
    "35216",
    "35145",
    "35591",
    "35069",
    "34834",
    "15286",
    "9904",
    "8819",
    "8241",
    "8434",
    "9278",
    "812",
    "8851",
    "7887",
    "6240",
    "8803",
    "8221",
    "7088",
    "5187",
    "34696",
    "34111",
    "34110",
    "3676",
    "34112",
    "4510",
    "4088",
    "3861",
    "3491",
    "33763",
    "32275",
    "31974",
    "30590",
    "33357",
    "32299",
    "32932",
    "32506",
    "29197",
    "3168",
    "28643",
    "29101",
    "29385",
    "30428",
    "29196",
    "28942",
    "27313",
    "27580",
    "27779",
    "28500",
    "27346",
    "27892",
    "27700",
    "26269",
    "26265",
    "25829",
    "26754",
    "25767",
    "27189",
    "26955",
    "25766",
    "2580",
    "25322",
    "26264",
    "25273",
    "25190",
    "25298",
    "25075",
    "25074",
    "24118",
    "24470",
    "23667",
    "24701",
    "24833",
    "24571",
    "23604",
    "23508",
    "23602",
    "23603",
    "21060",
    "23600",
    "23599",
    "23627",
    "23601",
    "20834",
    "20832",
    "20977",
    "20271",
    "20749",
    "2040",
    "20632",
    "19741",
    "19743",
    "19694",
    "2021",
    "19701",
    "19556",
    "19555",
    "18814",
    "19088",
    "19554",
    "19087",
    "19553",
    "19089",
    "17732",
    "17594",
    "18168",
    "18119",
    "16225",
    "1809",
    "1731",
    "15946",
    "15358",
    "1681",
    "1660",
    "11580",
    "1593",
    "13235",
    "14829",
    "10829",
    "11394",
    "10320",
    "11426",
    "55665",
    "57793",
    "58002",
    "53676",
    "52049",
    "52050",
    "51696",
    "51539",
    "51540",
    "50321",
    "57166",
    "55963",
    "50746",
    "50415",
    "50083",
    "50999",
    "51358",
    "57792",
    "57775",
    "57783",
    "57761",
    "57519",
    "57724",
    "57151",
    "57517",
    "57518",
    "57049",
    "57150",
    "57048",
    "57047",
    "57046",
    "57045",
    "56809",
    "57044",
    "56718",
    "56597",
    "56715",
    "56581",
    "56542",
    "56540",
    "56420",
    "56419",
    "56417",
    "56416",
    "56414",
    "56415",
    "56413",
    "56410",
    "56407",
    "56411",
    "55780",
    "55825",
    "55850",
    "55686",
    "55588",
    "55476",
    "55467",
    "55359",
    "55263",
    "55250",
    "54777",
    "52662",
    "54773",
    "53811",
    "53701",
    "53682",
    "53672",
    "53599",
    "53550",
    "53402",
    "53383",
    "53355",
    "53382",
    "53208",
    "53111",
    "53112",
    "52942",
    "52648",
    "52645",
    "52644",
    "52494",
    "52642",
    "52379",
    "52376",
    "52375",
    "52267",
    "52266",
    "50324",
    "52045",
    "52055",
    "51782",
    "51697",
    "51689",
    "51778",
    "51653",
    "51631",
    "51357",
    "51144",
    "51165",
    "51112",
    "51111",
    "50998",
    "51105",
    "50750",
    "50885",
    "50738",
    "50528",
    "50503",
    "50527",
    "50504",
    "47921",
    "47029",
    "47228",
    "45205",
    "44836",
    "41392",
    "42781",
    "41889",
    "41256",
    "41153",
    "41151",
    "41152",
    "41150",
    "41149",
    "41148",
    "58142",
    "41146",
    "41147",
    "35780",
    "41110",
    "40354",
    "37377",
    "57390",
    "40092",
    "57389",
    "17875",
    "53080",
    "30207",
    "45195",
    "40185",
    "44559",
    "43773",
    "44286",
    "44558",
    "24951",
    "55167",
    "42674",
    "54852",
    "27774",
    "26976",
    "21347",
    "20438",
    "25104",
    "56124",
    "56122",
    "56126",
    "57959",
    "50242",
    "56128",
    "57958",
    "55974",
    "58060",
    "54792",
    "55966",
    "58070",
    "58072",
    "58073",
    "58074",
    "58071",
    "57552",
    "57083",
    "49742",
    "55044",
    "57957",
    "50338",
    "50022",
    "56929",
    "55969",
    "56930",
    "55594",
    "57983",
    "57821",
    "57982",
    "57981",
    "57800",
    "57801",
    "57795",
    "57258",
    "57796",
    "56922",
    "56844",
    "57794",
    "56748",
    "56749",
    "56814",
    "56793",
    "56551",
    "56744",
    "56742",
    "56456",
    "56550",
    "56455",
    "56438",
    "56454",
    "56275",
    "56437",
    "56271",
    "56324",
    "56137",
    "56133",
    "56270",
    "56323",
    "56138",
    "56134",
    "56136",
    "56132",
    "56131",
    "56130",
    "56129",
    "56127",
    "56123",
    "56125",
    "56119",
    "56120",
    "56115",
    "56114",
    "56113",
    "56111",
    "56110",
    "56108",
    "56117",
    "55973",
    "55967",
    "55971",
    "55616",
    "55613",
    "55609",
    "55614",
    "55611",
    "55610",
    "55612",
    "55608",
    "55606",
    "55541",
    "55604",
    "55607",
    "54796",
    "50340",
    "54794",
    "54793",
    "54934",
    "54320",
    "54321",
    "54319",
    "51798",
    "54318",
    "53777",
    "53759",
    "54137",
    "53758",
    "49072",
    "52687",
    "53155",
    "49073",
    "52686",
    "52631",
    "51699",
    "51698",
    "52198",
    "52120",
    "52121",
    "52119",
    "52091",
    "44288",
    "51985",
    "52090",
    "51260",
    "50699",
    "50694",
    "50339",
    "50692",
    "50430",
    "49999",
    "49744",
    "49745",
    "49464",
    "49391",
    "38920",
    "45057",
    "49374",
    "45058",
    "49373",
    "49246",
    "49248",
    "49143",
    "45056",
    "44362",
    "44361",
    "48949",
    "48950",
    "48055",
    "47967",
    "48936",
    "47399",
    "47849",
    "48021",
    "42790",
    "47992",
    "47927",
    "46735",
    "45868",
    "46631",
    "45214",
    "42788",
    "44140",
    "43434",
    "45135",
    "45141",
    "39205",
    "45134",
    "38918",
    "38919",
    "39686",
    "41883",
    "41576",
    "42277",
    "37678",
    "39756",
    "41587",
    "40030",
    "40277",
    "27678",
    "40003",
    "39688",
    "39214",
    "39690",
    "39436",
    "39170",
    "39156",
    "39434",
    "24207",
    "35959",
    "38717",
    "39160",
    "27533",
    "34288",
    "22243",
    "34038",
    "33250",
    "32412",
    "8699",
    "33251",
    "30078",
    "29014",
    "32904",
    "30417",
    "34037",
    "29964",
    "27813",
    "24932",
    "24931",
    "28496",
    "27917",
    "22245",
    "27812",
    "19993",
    "22141",
    "25608",
    "18483",
    "24216",
    "19756",
    "25079",
    "58138",
    "21090",
    "1416",
    "57705",
    "17858",
    "12279",
    "45358",
    "10969",
    "17787",
    "17482",
    "57355",
    "52547",
    "57354",
    "57357",
    "57365",
    "57554",
    "57435",
    "57356",
    "57325",
    "57314",
    "57069",
    "57070",
    "57262",
    "56966",
    "57260",
    "53849",
    "54531",
    "52551",
    "52517",
    "53768",
    "53765",
    "54157",
    "53769",
    "53763",
    "53347",
    "52555",
    "52554",
    "52552",
    "52550",
    "52553",
    "52549",
    "52546",
    "52545",
    "52544",
    "52543",
    "52542",
    "52540",
    "52529",
    "52526",
    "52530",
    "52524",
    "52525",
    "52523",
    "52521",
    "52522",
    "51950",
    "52520",
    "52519",
    "52518",
    "52516",
    "51917",
    "52499",
    "49472",
    "49470",
    "51918",
    "49063",
    "49827",
    "47710",
    "45488",
    "47557",
    "42266",
    "46337",
    "46897",
    "44143",
    "42262",
    "43774",
    "41132",
    "41131",
    "42615",
    "40744",
    "38988",
    "28653",
    "28065",
    "37954",
    "41537",
    "37014",
    "40174",
    "79",
    "17417",
    "35278",
    "12849",
    "9061",
    "35907",
    "28401",
    "34163",
    "35087",
    "34161",
    "7559",
    "21449",
    "33969",
    "34160",
    "33843",
    "33845",
    "5568",
    "3316",
    "32242",
    "32436",
    "31016",
    "28516",
    "28397",
    "28366",
    "30331",
    "29109",
    "2783",
    "26014",
    "22942",
    "25493",
    "25492",
    "24519",
    "25793",
    "24517",
    "24515",
    "22252",
    "2594",
    "22056",
    "23974",
    "21775",
    "21645",
    "20515",
    "22414",
    "20514",
    "20890",
    "19635",
    "20211",
    "18393",
    "15903",
    "21300",
    "16144",
    "19352",
    "17178",
    "17791",
    "13033",
    "1705",
    "13896",
    "14033",
    "10361",
    "13539",
    "13231",
    "49878",
    "49873",
    "49872",
    "49875",
    "49871",
    "49879",
    "49869",
    "49865",
    "49864",
    "49397",
    "49863",
    "17062",
    "30990",
    "17063",
    "16344",
    "16343",
    "1376",
    "1377",
    "1375",
    "49860",
    "56750",
    "56751",
    "1298",
    "47247",
    "52816",
    "38770",
    "48321",
    "53216",
    "43188",
    "52782",
    "48253",
    "54929",
    "31739",
    "44626",
    "54533",
    "57572",
    "57059",
    "57058",
    "57057",
    "56097",
    "52177",
    "51999",
    "47767",
    "51921",
    "45221",
    "45550",
    "35164",
    "57366",
    "45628",
    "47766",
    "47759",
    "28622",
    "31231",
    "57075",
    "57074",
    "25927",
    "57395",
    "57393",
    "57394",
    "48898",
    "48885",
    "57011",
    "48847",
    "48846",
    "55499",
    "55500",
    "44536",
    "55501",
    "44083",
    "44079",
    "56523",
    "5215",
    "19640",
    "21519",
    "5216",
    "21149",
    "18846",
    "15684",
    "35333",
    "1401",
    "1364",
    "16866",
    "51403",
    "50571",
    "49834",
    "57629",
    "49011",
    "57625",
    "57626",
    "57627",
    "52343",
    "57624",
    "57623",
    "57621",
    "57622",
    "57620",
    "57619",
    "57617",
    "57618",
    "57551",
    "56861",
    "57078",
    "56856",
    "56842",
    "55063",
    "55539",
    "55062",
    "55011",
    "55010",
    "55061",
    "55006",
    "55007",
    "55005",
    "50310",
    "53772",
    "53786",
    "53469",
    "51405",
    "52875",
    "53467",
    "51397",
    "50929",
    "50924",
    "50923",
    "50922",
    "50565",
    "50564",
    "49836",
    "50557",
    "49835",
    "42251",
    "49477",
    "49021",
    "49019",
    "49010",
    "47787",
    "49013",
    "42240",
    "49014",
    "47374",
    "47372",
    "42248",
    "47438",
    "42244",
    "44165",
    "40499",
    "40554",
    "47359",
    "40224",
    "41927",
    "39273",
    "33782",
    "38978",
    "38977",
    "38178",
    "11106",
    "35328",
    "37804",
    "35458",
    "8635",
    "7392",
    "31953",
    "29688",
    "27517",
    "35455",
    "35188",
    "29687",
    "25929",
    "24298",
    "29329",
    "26182",
    "26689",
    "26690",
    "24819",
    "26646",
    "24813",
    "23821",
    "19781",
    "1460",
    "1445",
    "20956",
    "14421",
    "20233",
    "56090",
    "18415",
    "21654",
    "56100",
    "56102",
    "56103",
    "56101",
    "17189",
    "13503",
    "15420",
    "56099",
    "56098",
    "20913",
    "21981",
    "47990",
    "14927",
    "54823",
    "13359",
    "612",
    "57833",
    "13358",
    "57831",
    "13354",
    "19648",
    "13351",
    "19754",
    "19898",
    "13353",
    "57832",
    "57834",
    "57829",
    "57830",
    "57447",
    "57449",
    "57448",
    "57344",
    "57343",
    "57342",
    "57022",
    "57027",
    "57341",
    "57026",
    "57024",
    "55030",
    "55028",
    "57023",
    "55027",
    "49970",
    "49971",
    "55026",
    "55025",
    "49968",
    "49967",
    "48582",
    "49965",
    "49966",
    "48301",
    "46428",
    "47955",
    "46013",
    "5544",
    "3008",
    "42280",
    "2717",
    "24716",
    "13025",
    "12402",
    "28750",
    "24717",
    "12382",
    "10798",
    "21917",
    "11005",
    "6832",
    "5184",
    "3731",
    "49788",
    "53892",
    "48227",
    "22826",
    "57979",
    "30327",
    "32232",
    "15153",
    "1879",
    "28347",
    "54791",
    "57056",
    "56765",
    "56709",
    "56185",
    "56429",
    "49148",
    "54790",
    "54133",
    "49083",
    "44705",
    "52034",
    "53898",
    "42107",
    "50490",
    "38622",
    "58103",
    "48916",
    "35880",
    "36611",
    "26",
    "38100",
    "35879",
    "35783",
    "30312",
    "51660",
    "56704",
    "51659",
    "56507",
    "56506",
    "54885",
    "52904",
    "54749",
    "46290",
    "53862",
    "43555",
    "45719",
    "46959",
    "41613",
    "51205",
    "41492",
    "57065",
    "57064",
    "56688",
    "52562",
    "56906",
    "54389",
    "33487",
    "51200",
    "51199",
    "55752",
    "51198",
    "51197",
    "52035",
    "43112",
    "51195",
    "48562",
    "48561",
    "37583",
    "32561",
    "51423",
    "52983",
    "52975",
    "52964",
    "55531",
    "51425",
    "49422",
    "50431",
    "50152",
    "57615",
    "57986",
    "57611",
    "57613",
    "57612",
    "57610",
    "57614",
    "57434",
    "57985",
    "57412",
    "57311",
    "56836",
    "57312",
    "57411",
    "56843",
    "56282",
    "56196",
    "56195",
    "56194",
    "56193",
    "55536",
    "55533",
    "55534",
    "55634",
    "55532",
    "55529",
    "55528",
    "55074",
    "55076",
    "55073",
    "55072",
    "55071",
    "55070",
    "55069",
    "55068",
    "55067",
    "55066",
    "55064",
    "55065",
    "55000",
    "54999",
    "54596",
    "54944",
    "53771",
    "53770",
    "49004",
    "53103",
    "52985",
    "52988",
    "52982",
    "52977",
    "52970",
    "52969",
    "52972",
    "52967",
    "52966",
    "46081",
    "52952",
    "44312",
    "52949",
    "45218",
    "45217",
    "52690",
    "50964",
    "50435",
    "50156",
    "50145",
    "50136",
    "50436",
    "49802",
    "50048",
    "49001",
    "48996",
    "49003",
    "48901",
    "48763",
    "47492",
    "47490",
    "47371",
    "47489",
    "47370",
    "47487",
    "47383",
    "47450",
    "47365",
    "47295",
    "47293",
    "46542",
    "47065",
    "44746",
    "44332",
    "44758",
    "44333",
    "44408",
    "41921",
    "44324",
    "44307",
    "44331",
    "42245",
    "31125",
    "42243",
    "41901",
    "41197",
    "36162",
    "36151",
    "38032",
    "35387",
    "36153",
    "36930",
    "35191",
    "35190",
    "35193",
    "7963",
    "33913",
    "35199",
    "35201",
    "33877",
    "35194",
    "3072",
    "33878",
    "33867",
    "22073",
    "25621",
    "33861",
    "26189",
    "30145",
    "33571",
    "28455",
    "28357",
    "21174",
    "23018",
    "19665",
    "22149",
    "21173",
    "21051",
    "11214",
    "11615",
    "11614",
    "10742",
    "10290",
    "11215",
    "42342",
    "49787",
    "12263",
    "30084"
  ],
  "cleanupMissingStock": false,
  "stockCleanupCount": 0,
  "persistResults": [
    {
      "codigo": "58123",
      "action": "updated",
      "productId": "69f3d64643593ae9f97a3dde"
    },
    {
      "codigo": "58128",
      "action": "updated",
      "productId": "69f3d64643593ae9f97a3df3"
    },
    {
      "codigo": "54874",
      "action": "updated",
      "productId": "69f3d64d43593ae9f97a3eca"
    },
    {
      "codigo": "57586",
      "action": "updated",
      "productId": "69f2ecc36860740b8bee20cd"
    },
    {
      "codigo": "57772",
      "action": "updated",
      "productId": "69f2ecce6860740b8bee23d5"
    },
    {
      "codigo": "52352",
      "action": "updated",
      "productId": "69f2ed216860740b8bee3ac7"
    },
    {
      "codigo": "57773",
      "action": "updated",
      "productId": "69f2ecd16860740b8bee24bf"
    },
    {
      "codigo": "57850",
      "action": "updated",
      "productId": "69f2eccd6860740b8bee2389"
    },
    {
      "codigo": "57768",
      "action": "updated",
      "productId": "69f2eccd6860740b8bee238b"
    },
    {
      "codigo": "57769",
      "action": "updated",
      "productId": "69f2eccd6860740b8bee2360"
    },
    {
      "codigo": "54884",
      "action": "updated",
      "productId": "69f2ecb16860740b8bee1bf3"
    },
    {
      "codigo": "57919",
      "action": "updated",
      "productId": "69f2eccc6860740b8bee2312"
    },
    {
      "codigo": "57767",
      "action": "updated",
      "productId": "69f2eccf6860740b8bee23ff"
    },
    {
      "codigo": "57588",
      "action": "updated",
      "productId": "69f2ecd86860740b8bee2646"
    },
    {
      "codigo": "57590",
      "action": "updated",
      "productId": "69f2ecd66860740b8bee25a9"
    },
    {
      "codigo": "57589",
      "action": "updated",
      "productId": "69f2ecd76860740b8bee261e"
    },
    {
      "codigo": "57604",
      "action": "updated",
      "productId": "69f2ecd56860740b8bee2582"
    },
    {
      "codigo": "57585",
      "action": "updated",
      "productId": "69f2ecd86860740b8bee269c"
    },
    {
      "codigo": "57583",
      "action": "updated",
      "productId": "69f2ecd86860740b8bee266e"
    },
    {
      "codigo": "57581",
      "action": "updated",
      "productId": "69f2ecd96860740b8bee26e9"
    },
    {
      "codigo": "57587",
      "action": "updated",
      "productId": "69f2ecd76860740b8bee25f7"
    },
    {
      "codigo": "57584",
      "action": "updated",
      "productId": "69f3d67643593ae9f97a4789"
    },
    {
      "codigo": "57579",
      "action": "updated",
      "productId": "69f2ecd76860740b8bee25d0"
    },
    {
      "codigo": "55990",
      "action": "updated",
      "productId": "69f2ece86860740b8bee2bb9"
    },
    {
      "codigo": "57578",
      "action": "updated",
      "productId": "69f2ecd96860740b8bee26ee"
    },
    {
      "codigo": "56919",
      "action": "updated",
      "productId": "69f3d67f43593ae9f97a49df"
    },
    {
      "codigo": "57463",
      "action": "updated",
      "productId": "69f3d67c43593ae9f97a48ed"
    },
    {
      "codigo": "57516",
      "action": "updated",
      "productId": "69f2ecdb6860740b8bee2764"
    },
    {
      "codigo": "57467",
      "action": "updated",
      "productId": "69f2ecdd6860740b8bee27b6"
    },
    {
      "codigo": "57126",
      "action": "updated",
      "productId": "69f2ecde6860740b8bee27df"
    },
    {
      "codigo": "56686",
      "action": "updated",
      "productId": "69f2ece36860740b8bee29f4"
    },
    {
      "codigo": "56251",
      "action": "updated",
      "productId": "69f2ecec6860740b8bee2c0f"
    },
    {
      "codigo": "55181",
      "action": "updated",
      "productId": "69f2ecfd6860740b8bee3104"
    },
    {
      "codigo": "54842",
      "action": "updated",
      "productId": "69f2ed026860740b8bee3315"
    },
    {
      "codigo": "54483",
      "action": "updated",
      "productId": "69f2ed006860740b8bee3221"
    },
    {
      "codigo": "53642",
      "action": "updated",
      "productId": "69f2ed086860740b8bee34d8"
    },
    {
      "codigo": "51568",
      "action": "updated",
      "productId": "69f2ed2c6860740b8bee3de4"
    },
    {
      "codigo": "52715",
      "action": "updated",
      "productId": "69f2ed0e6860740b8bee3672"
    },
    {
      "codigo": "40678",
      "action": "updated",
      "productId": "69f3d66343593ae9f97a4313"
    },
    {
      "codigo": "38190",
      "action": "updated",
      "productId": "69f2edb06860740b8bee6ac9"
    },
    {
      "codigo": "50801",
      "action": "updated",
      "productId": "69f2ed346860740b8bee4008"
    },
    {
      "codigo": "49041",
      "action": "updated",
      "productId": "69f3d6b243593ae9f97a5661"
    },
    {
      "codigo": "49038",
      "action": "updated",
      "productId": "69f2ecb76860740b8bee1e0f"
    },
    {
      "codigo": "44912",
      "action": "updated",
      "productId": "69f2ed016860740b8bee32c3"
    },
    {
      "codigo": "49217",
      "action": "updated",
      "productId": "69f2ed3f6860740b8bee43e5"
    },
    {
      "codigo": "48784",
      "action": "updated",
      "productId": "69f2ed426860740b8bee4512"
    },
    {
      "codigo": "47336",
      "action": "updated",
      "productId": "69f2ed576860740b8bee4a9d"
    },
    {
      "codigo": "42167",
      "action": "updated",
      "productId": "69f2ed026860740b8bee32ec"
    },
    {
      "codigo": "48603",
      "action": "updated",
      "productId": "69f2ed496860740b8bee4699"
    },
    {
      "codigo": "24389",
      "action": "updated",
      "productId": "69f2ed726860740b8bee550c"
    },
    {
      "codigo": "47733",
      "action": "updated",
      "productId": "69f2ed546860740b8bee499b"
    },
    {
      "codigo": "47621",
      "action": "updated",
      "productId": "69f2ed536860740b8bee491a"
    },
    {
      "codigo": "47540",
      "action": "updated",
      "productId": "69f2ed566860740b8bee4a1c"
    },
    {
      "codigo": "47436",
      "action": "updated",
      "productId": "69f2ed586860740b8bee4b1e"
    },
    {
      "codigo": "47219",
      "action": "updated",
      "productId": "69f2ed586860740b8bee4ac8"
    },
    {
      "codigo": "41347",
      "action": "updated",
      "productId": "69f2ed076860740b8bee34af"
    },
    {
      "codigo": "45460",
      "action": "updated",
      "productId": "69f2ed636860740b8bee4efb"
    },
    {
      "codigo": "45416",
      "action": "updated",
      "productId": "69f2ed646860740b8bee4f26"
    },
    {
      "codigo": "45415",
      "action": "updated",
      "productId": "69f2ed646860740b8bee4f51"
    },
    {
      "codigo": "44351",
      "action": "updated",
      "productId": "69f2ed376860740b8bee40b7"
    },
    {
      "codigo": "40243",
      "action": "updated",
      "productId": "69f2ed216860740b8bee3acb"
    },
    {
      "codigo": "47086",
      "action": "updated",
      "productId": "69f2ed616860740b8bee4e24"
    },
    {
      "codigo": "40244",
      "action": "updated",
      "productId": "69f2ed226860740b8bee3b1a"
    },
    {
      "codigo": "45915",
      "action": "updated",
      "productId": "69f2ed656860740b8bee4f7c"
    },
    {
      "codigo": "44737",
      "action": "updated",
      "productId": "69f2ed6f6860740b8bee5481"
    },
    {
      "codigo": "44787",
      "action": "updated",
      "productId": "69f2ed6d6860740b8bee52e3"
    },
    {
      "codigo": "39668",
      "action": "updated",
      "productId": "69f3d6fd43593ae9f97a6a37"
    },
    {
      "codigo": "17000",
      "action": "updated",
      "productId": "69f3d6ea43593ae9f97a64f4"
    },
    {
      "codigo": "40242",
      "action": "updated",
      "productId": "69f2ed3e6860740b8bee438f"
    },
    {
      "codigo": "41890",
      "action": "updated",
      "productId": "69f2ed836860740b8bee5a47"
    },
    {
      "codigo": "32001",
      "action": "updated",
      "productId": "69f2ed576860740b8bee4a47"
    },
    {
      "codigo": "42631",
      "action": "updated",
      "productId": "69f2ed796860740b8bee5741"
    },
    {
      "codigo": "43006",
      "action": "updated",
      "productId": "69f2ed7b6860740b8bee57f8"
    },
    {
      "codigo": "42197",
      "action": "updated",
      "productId": "69f2ed836860740b8bee5af9"
    },
    {
      "codigo": "9936",
      "action": "updated",
      "productId": "69f2ed6f6860740b8bee5400"
    },
    {
      "codigo": "39666",
      "action": "updated",
      "productId": "69f2eda46860740b8bee6707"
    },
    {
      "codigo": "38322",
      "action": "updated",
      "productId": "69f2edad6860740b8bee69e7"
    },
    {
      "codigo": "36036",
      "action": "updated",
      "productId": "69f2edbd6860740b8bee7089"
    },
    {
      "codigo": "33027",
      "action": "updated",
      "productId": "69f2edc66860740b8bee736e"
    },
    {
      "codigo": "36078",
      "action": "updated",
      "productId": "69f2edbe6860740b8bee70e9"
    },
    {
      "codigo": "28368",
      "action": "updated",
      "productId": "69f3d7a443593ae9f97aa332"
    },
    {
      "codigo": "39609",
      "action": "updated",
      "productId": "69f2eda46860740b8bee6709"
    },
    {
      "codigo": "21717",
      "action": "updated",
      "productId": "69f2ed736860740b8bee55c3"
    },
    {
      "codigo": "26199",
      "action": "updated",
      "productId": "69f3d7ad43593ae9f97aa5f1"
    },
    {
      "codigo": "32085",
      "action": "updated",
      "productId": "69f2edc36860740b8bee7284"
    },
    {
      "codigo": "15159",
      "action": "created",
      "productId": "69f5a5eb8d645b58ce7ae820"
    },
    {
      "codigo": "18233",
      "action": "updated",
      "productId": "69f3d7c343593ae9f97aad3f"
    },
    {
      "codigo": "28053",
      "action": "updated",
      "productId": "69f3d7a643593ae9f97aa390"
    },
    {
      "codigo": "33691",
      "action": "updated",
      "productId": "69f2ede46860740b8bee7c93"
    },
    {
      "codigo": "21072",
      "action": "updated",
      "productId": "69f3d7bf43593ae9f97aac5a"
    },
    {
      "codigo": "21713",
      "action": "updated",
      "productId": "69f3d7be43593ae9f97aabfc"
    },
    {
      "codigo": "17660",
      "action": "updated",
      "productId": "69f3d7c943593ae9f97aaec5"
    },
    {
      "codigo": "28055",
      "action": "updated",
      "productId": "69f3d7ab43593ae9f97aa50a"
    },
    {
      "codigo": "14491",
      "action": "created",
      "productId": "69f5a5f08d645b58ce7ae982"
    },
    {
      "codigo": "57550",
      "action": "updated",
      "productId": "69f2ecd86860740b8bee2698"
    },
    {
      "codigo": "17091",
      "action": "created",
      "productId": "69f5a5f18d645b58ce7ae9de"
    },
    {
      "codigo": "10109",
      "action": "created",
      "productId": "69f5a5f18d645b58ce7aea0d"
    },
    {
      "codigo": "56860",
      "action": "updated",
      "productId": "69f2ece26860740b8bee2979"
    },
    {
      "codigo": "57145",
      "action": "updated",
      "productId": "69f2ecde6860740b8bee2831"
    },
    {
      "codigo": "54899",
      "action": "updated",
      "productId": "69f2ed006860740b8bee3224"
    },
    {
      "codigo": "54476",
      "action": "updated",
      "productId": "69f2ed046860740b8bee3367"
    },
    {
      "codigo": "52764",
      "action": "updated",
      "productId": "69f2ed166860740b8bee38b0"
    },
    {
      "codigo": "52046",
      "action": "updated",
      "productId": "69f2ed276860740b8bee3c98"
    },
    {
      "codigo": "52137",
      "action": "updated",
      "productId": "69f2ed266860740b8bee3c40"
    },
    {
      "codigo": "52043",
      "action": "updated",
      "productId": "69f2ed296860740b8bee3d12"
    },
    {
      "codigo": "52044",
      "action": "updated",
      "productId": "69f2ed276860740b8bee3c96"
    },
    {
      "codigo": "51231",
      "action": "updated",
      "productId": "69f2ed2f6860740b8bee3eb6"
    },
    {
      "codigo": "51666",
      "action": "updated",
      "productId": "69f2ed2a6860740b8bee3d66"
    },
    {
      "codigo": "51230",
      "action": "updated",
      "productId": "69f2ed306860740b8bee3f0f"
    },
    {
      "codigo": "51219",
      "action": "updated",
      "productId": "69f2ed2f6860740b8bee3e8c"
    },
    {
      "codigo": "51229",
      "action": "updated",
      "productId": "69f2ed2e6860740b8bee3e62"
    },
    {
      "codigo": "40022",
      "action": "updated",
      "productId": "69f2ed9d6860740b8bee6481"
    },
    {
      "codigo": "44947",
      "action": "updated",
      "productId": "69f2ed696860740b8bee5145"
    },
    {
      "codigo": "51218",
      "action": "updated",
      "productId": "69f2ed306860740b8bee3f0b"
    },
    {
      "codigo": "42630",
      "action": "updated",
      "productId": "69f2ed7f6860740b8bee58ff"
    },
    {
      "codigo": "50474",
      "action": "updated",
      "productId": "69f2ed386860740b8bee4164"
    },
    {
      "codigo": "50166",
      "action": "updated",
      "productId": "69f2ed396860740b8bee41b6"
    },
    {
      "codigo": "47345",
      "action": "updated",
      "productId": "69f2ed596860740b8bee4b49"
    },
    {
      "codigo": "39967",
      "action": "updated",
      "productId": "69f3d73f43593ae9f97a7faf"
    },
    {
      "codigo": "40020",
      "action": "updated",
      "productId": "69f2ed9e6860740b8bee64df"
    },
    {
      "codigo": "51217",
      "action": "updated",
      "productId": "69f2ed306860740b8bee3ee0"
    },
    {
      "codigo": "17456",
      "action": "updated",
      "productId": "69f2ed6f6860740b8bee53fc"
    },
    {
      "codigo": "22622",
      "action": "updated",
      "productId": "69f2edb96860740b8bee6eeb"
    },
    {
      "codigo": "39966",
      "action": "updated",
      "productId": "69f2eda06860740b8bee6593"
    },
    {
      "codigo": "16723",
      "action": "updated",
      "productId": "69f2edbe6860740b8bee70e7"
    },
    {
      "codigo": "9598",
      "action": "updated",
      "productId": "69f2edcb6860740b8bee7563"
    },
    {
      "codigo": "34906",
      "action": "updated",
      "productId": "69f2edbc6860740b8bee705b"
    },
    {
      "codigo": "35150",
      "action": "updated",
      "productId": "69f2edc86860740b8bee744f"
    },
    {
      "codigo": "34904",
      "action": "updated",
      "productId": "69f2edcf6860740b8bee76d3"
    },
    {
      "codigo": "34903",
      "action": "updated",
      "productId": "69f2edcf6860740b8bee76a5"
    },
    {
      "codigo": "34902",
      "action": "updated",
      "productId": "69f2edd06860740b8bee7701"
    },
    {
      "codigo": "34806",
      "action": "updated",
      "productId": "69f2edd06860740b8bee775d"
    },
    {
      "codigo": "30580",
      "action": "updated",
      "productId": "69f3d79d43593ae9f97aa078"
    },
    {
      "codigo": "32137",
      "action": "updated",
      "productId": "69f2ede76860740b8bee7d4f"
    },
    {
      "codigo": "34498",
      "action": "updated",
      "productId": "69f2edd36860740b8bee7871"
    },
    {
      "codigo": "34493",
      "action": "updated",
      "productId": "69f2edd96860740b8bee78aa"
    },
    {
      "codigo": "26621",
      "action": "updated",
      "productId": "69f3d7ac43593ae9f97aa564"
    },
    {
      "codigo": "26326",
      "action": "updated",
      "productId": "69f3d7ad43593ae9f97aa5f3"
    },
    {
      "codigo": "25217",
      "action": "updated",
      "productId": "69f3d7b343593ae9f97aa825"
    },
    {
      "codigo": "22623",
      "action": "updated",
      "productId": "69f3d7b943593ae9f97aaa24"
    },
    {
      "codigo": "26739",
      "action": "updated",
      "productId": "69f3d7ae43593ae9f97aa64d"
    },
    {
      "codigo": "31803",
      "action": "updated",
      "productId": "69f2edea6860740b8bee7d9d"
    },
    {
      "codigo": "12935",
      "action": "created",
      "productId": "69f5a60a8d645b58ce7af22f"
    },
    {
      "codigo": "21761",
      "action": "updated",
      "productId": "69f3d7be43593ae9f97aab6d"
    },
    {
      "codigo": "17476",
      "action": "created",
      "productId": "69f5a60b8d645b58ce7af291"
    },
    {
      "codigo": "17539",
      "action": "updated",
      "productId": "69f3d7ca43593ae9f97aaee0"
    },
    {
      "codigo": "16541",
      "action": "created",
      "productId": "69f5a60c8d645b58ce7af2f2"
    },
    {
      "codigo": "17166",
      "action": "created",
      "productId": "69f5a60d8d645b58ce7af324"
    },
    {
      "codigo": "54489",
      "action": "updated",
      "productId": "69f2ecb06860740b8bee1bd7"
    },
    {
      "codigo": "58016",
      "action": "updated",
      "productId": "69f2ecae6860740b8bee1bbe"
    },
    {
      "codigo": "50285",
      "action": "updated",
      "productId": "69f2ecb16860740b8bee1bf5"
    },
    {
      "codigo": "54132",
      "action": "updated",
      "productId": "69f2ecb76860740b8bee1e11"
    },
    {
      "codigo": "53385",
      "action": "updated",
      "productId": "69f2ecb86860740b8bee1e3a"
    },
    {
      "codigo": "53722",
      "action": "updated",
      "productId": "69f2ecb76860740b8bee1de3"
    },
    {
      "codigo": "57199",
      "action": "updated",
      "productId": "69f2ecdf6860740b8bee2887"
    },
    {
      "codigo": "56895",
      "action": "updated",
      "productId": "69f2ecdf6860740b8bee285a"
    },
    {
      "codigo": "56869",
      "action": "updated",
      "productId": "69f2ece16860740b8bee2950"
    },
    {
      "codigo": "56667",
      "action": "updated",
      "productId": "69f2ece46860740b8bee2a46"
    },
    {
      "codigo": "56536",
      "action": "updated",
      "productId": "69f2ece66860740b8bee2a99"
    },
    {
      "codigo": "55339",
      "action": "updated",
      "productId": "69f2ecf06860740b8bee2da3"
    },
    {
      "codigo": "55013",
      "action": "updated",
      "productId": "69f2ecca6860740b8bee22c4"
    },
    {
      "codigo": "55022",
      "action": "updated",
      "productId": "69f2ecff6860740b8bee31f6"
    },
    {
      "codigo": "53070",
      "action": "updated",
      "productId": "69f2ecb96860740b8bee1ee5"
    },
    {
      "codigo": "51084",
      "action": "updated",
      "productId": "69f2ecb66860740b8bee1d98"
    },
    {
      "codigo": "54824",
      "action": "updated",
      "productId": "69f2eccc6860740b8bee2339"
    },
    {
      "codigo": "54686",
      "action": "updated",
      "productId": "69f2ecc66860740b8bee21bb"
    },
    {
      "codigo": "54427",
      "action": "updated",
      "productId": "69f2ed026860740b8bee333e"
    },
    {
      "codigo": "54249",
      "action": "updated",
      "productId": "69f2ecca6860740b8bee22eb"
    },
    {
      "codigo": "46325",
      "action": "updated",
      "productId": "69f2ecb56860740b8bee1d4e"
    },
    {
      "codigo": "52181",
      "action": "updated",
      "productId": "69f2ecbf6860740b8bee1f7a"
    },
    {
      "codigo": "53559",
      "action": "updated",
      "productId": "69f2ecc86860740b8bee224f"
    },
    {
      "codigo": "53754",
      "action": "updated",
      "productId": "69f2ed066860740b8bee343c"
    },
    {
      "codigo": "53386",
      "action": "updated",
      "productId": "69f2ed0b6860740b8bee3553"
    },
    {
      "codigo": "53344",
      "action": "updated",
      "productId": "69f2ed0d6860740b8bee35d2"
    },
    {
      "codigo": "48987",
      "action": "updated",
      "productId": "69f2ecbd6860740b8bee1f0e"
    },
    {
      "codigo": "50850",
      "action": "updated",
      "productId": "69f2ecc16860740b8bee2081"
    },
    {
      "codigo": "53044",
      "action": "updated",
      "productId": "69f2ed136860740b8bee37e3"
    },
    {
      "codigo": "53043",
      "action": "updated",
      "productId": "69f2ed0c6860740b8bee3580"
    },
    {
      "codigo": "53042",
      "action": "updated",
      "productId": "69f2ed146860740b8bee3835"
    },
    {
      "codigo": "52762",
      "action": "updated",
      "productId": "69f2ed1b6860740b8bee3985"
    },
    {
      "codigo": "50213",
      "action": "updated",
      "productId": "69f2ecc06860740b8bee200f"
    },
    {
      "codigo": "50212",
      "action": "updated",
      "productId": "69f2ecc26860740b8bee20a7"
    },
    {
      "codigo": "50211",
      "action": "updated",
      "productId": "69f2ecbf6860740b8bee1fe9"
    },
    {
      "codigo": "52182",
      "action": "updated",
      "productId": "69f2ed246860740b8bee3b98"
    },
    {
      "codigo": "52180",
      "action": "updated",
      "productId": "69f2ed236860740b8bee3b6e"
    },
    {
      "codigo": "48318",
      "action": "updated",
      "productId": "69f2ecc46860740b8bee20f3"
    },
    {
      "codigo": "51637",
      "action": "updated",
      "productId": "69f2ed2b6860740b8bee3dba"
    },
    {
      "codigo": "51768",
      "action": "updated",
      "productId": "69f2ed256860740b8bee3c16"
    },
    {
      "codigo": "51475",
      "action": "updated",
      "productId": "69f2ed2c6860740b8bee3e38"
    },
    {
      "codigo": "51248",
      "action": "updated",
      "productId": "69f2ed2b6860740b8bee3d90"
    },
    {
      "codigo": "50703",
      "action": "updated",
      "productId": "69f2ed336860740b8bee3f8c"
    },
    {
      "codigo": "50495",
      "action": "updated",
      "productId": "69f2ed356860740b8bee405e"
    },
    {
      "codigo": "50486",
      "action": "updated",
      "productId": "69f2ed336860740b8bee3fdd"
    },
    {
      "codigo": "50379",
      "action": "updated",
      "productId": "69f2ed376860740b8bee4135"
    },
    {
      "codigo": "48319",
      "action": "updated",
      "productId": "69f2ed056860740b8bee3390"
    },
    {
      "codigo": "48692",
      "action": "updated",
      "productId": "69f2ed466860740b8bee45e9"
    },
    {
      "codigo": "50006",
      "action": "updated",
      "productId": "69f2ed3a6860740b8bee41e1"
    },
    {
      "codigo": "48471",
      "action": "updated",
      "productId": "69f2ed496860740b8bee4697"
    },
    {
      "codigo": "48469",
      "action": "updated",
      "productId": "69f2ed4b6860740b8bee46eb"
    },
    {
      "codigo": "48470",
      "action": "updated",
      "productId": "69f2ed4d6860740b8bee46f4"
    },
    {
      "codigo": "48452",
      "action": "updated",
      "productId": "69f2ed4d6860740b8bee46f1"
    },
    {
      "codigo": "48320",
      "action": "updated",
      "productId": "69f2ed466860740b8bee463f"
    },
    {
      "codigo": "48168",
      "action": "updated",
      "productId": "69f2ed516860740b8bee4899"
    },
    {
      "codigo": "47680",
      "action": "updated",
      "productId": "69f2ed546860740b8bee4970"
    },
    {
      "codigo": "47677",
      "action": "updated",
      "productId": "69f2ed476860740b8bee466a"
    },
    {
      "codigo": "47678",
      "action": "updated",
      "productId": "69f2ed556860740b8bee49f1"
    },
    {
      "codigo": "42824",
      "action": "updated",
      "productId": "69f2ed3d6860740b8bee4364"
    },
    {
      "codigo": "45594",
      "action": "updated",
      "productId": "69f2ed666860740b8bee4fa7"
    },
    {
      "codigo": "39136",
      "action": "updated",
      "productId": "69f2ed256860740b8bee3bc2"
    },
    {
      "codigo": "44236",
      "action": "updated",
      "productId": "69f2ed6c6860740b8bee522c"
    },
    {
      "codigo": "45104",
      "action": "updated",
      "productId": "69f2ed696860740b8bee5177"
    },
    {
      "codigo": "44962",
      "action": "updated",
      "productId": "69f2ed616860740b8bee4df9"
    },
    {
      "codigo": "43734",
      "action": "updated",
      "productId": "69f2ed6c6860740b8bee51fd"
    },
    {
      "codigo": "45372",
      "action": "updated",
      "productId": "69f2ed666860740b8bee4fd9"
    },
    {
      "codigo": "44795",
      "action": "updated",
      "productId": "69f2ed6d6860740b8bee5311"
    },
    {
      "codigo": "43053",
      "action": "updated",
      "productId": "69f2ed6c6860740b8bee5287"
    },
    {
      "codigo": "43890",
      "action": "updated",
      "productId": "69f2ed6e6860740b8bee533f"
    },
    {
      "codigo": "43235",
      "action": "updated",
      "productId": "69f2ed746860740b8bee564d"
    },
    {
      "codigo": "42826",
      "action": "updated",
      "productId": "69f2ed7a6860740b8bee576f"
    },
    {
      "codigo": "43049",
      "action": "updated",
      "productId": "69f2ed776860740b8bee56d7"
    },
    {
      "codigo": "43046",
      "action": "updated",
      "productId": "69f2ed796860740b8bee570a"
    },
    {
      "codigo": "40255",
      "action": "updated",
      "productId": "69f2ed636860740b8bee4ed0"
    },
    {
      "codigo": "43052",
      "action": "updated",
      "productId": "69f2ed796860740b8bee5739"
    },
    {
      "codigo": "42500",
      "action": "updated",
      "productId": "69f2ed746860740b8bee561f"
    },
    {
      "codigo": "41606",
      "action": "updated",
      "productId": "69f2ed896860740b8bee5d7d"
    },
    {
      "codigo": "28832",
      "action": "updated",
      "productId": "69f2ed4d6860740b8bee4723"
    },
    {
      "codigo": "38097",
      "action": "updated",
      "productId": "69f2ed686860740b8bee5031"
    },
    {
      "codigo": "39125",
      "action": "updated",
      "productId": "69f2ed686860740b8bee5063"
    },
    {
      "codigo": "41102",
      "action": "updated",
      "productId": "69f2ed826860740b8bee5a17"
    },
    {
      "codigo": "38096",
      "action": "updated",
      "productId": "69f2ed686860740b8bee5061"
    },
    {
      "codigo": "38098",
      "action": "updated",
      "productId": "69f2ed686860740b8bee5117"
    },
    {
      "codigo": "40664",
      "action": "updated",
      "productId": "69f2ed976860740b8bee622e"
    },
    {
      "codigo": "40663",
      "action": "updated",
      "productId": "69f2ed966860740b8bee6229"
    },
    {
      "codigo": "40259",
      "action": "updated",
      "productId": "69f2ed9c6860740b8bee63c9"
    },
    {
      "codigo": "25195",
      "action": "updated",
      "productId": "69f2ed636860740b8bee4e7f"
    },
    {
      "codigo": "38562",
      "action": "updated",
      "productId": "69f2eda46860740b8bee6739"
    },
    {
      "codigo": "36698",
      "action": "updated",
      "productId": "69f2ed716860740b8bee54af"
    },
    {
      "codigo": "38196",
      "action": "updated",
      "productId": "69f2edaa6860740b8bee68dd"
    },
    {
      "codigo": "39977",
      "action": "updated",
      "productId": "69f2eda16860740b8bee661d"
    },
    {
      "codigo": "39969",
      "action": "updated",
      "productId": "69f2eda26860740b8bee6654"
    },
    {
      "codigo": "39126",
      "action": "updated",
      "productId": "69f2eda26860740b8bee664e"
    },
    {
      "codigo": "39124",
      "action": "updated",
      "productId": "69f2eda46860740b8bee6767"
    },
    {
      "codigo": "39127",
      "action": "updated",
      "productId": "69f2eda46860740b8bee670c"
    },
    {
      "codigo": "33799",
      "action": "updated",
      "productId": "69f2ed746860740b8bee55f1"
    },
    {
      "codigo": "30211",
      "action": "updated",
      "productId": "69f2ed756860740b8bee567b"
    },
    {
      "codigo": "38082",
      "action": "updated",
      "productId": "69f2edb26860740b8bee6b53"
    },
    {
      "codigo": "28830",
      "action": "updated",
      "productId": "69f2ed756860740b8bee56a9"
    },
    {
      "codigo": "35336",
      "action": "updated",
      "productId": "69f2ed816860740b8bee5989"
    },
    {
      "codigo": "37915",
      "action": "updated",
      "productId": "69f2edb26860740b8bee6b81"
    },
    {
      "codigo": "35430",
      "action": "updated",
      "productId": "69f2ed7f6860740b8bee592d"
    },
    {
      "codigo": "37508",
      "action": "updated",
      "productId": "69f2edb56860740b8bee6cf1"
    },
    {
      "codigo": "37507",
      "action": "updated",
      "productId": "69f2edb16860740b8bee6b25"
    },
    {
      "codigo": "35429",
      "action": "updated",
      "productId": "69f2ed826860740b8bee59b8"
    },
    {
      "codigo": "27973",
      "action": "updated",
      "productId": "69f2ed866860740b8bee5be1"
    },
    {
      "codigo": "27912",
      "action": "updated",
      "productId": "69f2ed866860740b8bee5c12"
    },
    {
      "codigo": "31202",
      "action": "updated",
      "productId": "69f2ed876860740b8bee5c97"
    },
    {
      "codigo": "35416",
      "action": "updated",
      "productId": "69f2ed946860740b8bee61cd"
    },
    {
      "codigo": "37217",
      "action": "updated",
      "productId": "69f2edb26860740b8bee6bdd"
    },
    {
      "codigo": "31862",
      "action": "updated",
      "productId": "69f2ed896860740b8bee5d25"
    },
    {
      "codigo": "31863",
      "action": "updated",
      "productId": "69f2ed886860740b8bee5cc5"
    },
    {
      "codigo": "31864",
      "action": "updated",
      "productId": "69f2ed886860740b8bee5d22"
    },
    {
      "codigo": "34432",
      "action": "updated",
      "productId": "69f2ed886860740b8bee5cf3"
    },
    {
      "codigo": "36972",
      "action": "updated",
      "productId": "69f2edb46860740b8bee6c67"
    },
    {
      "codigo": "31686",
      "action": "updated",
      "productId": "69f2ed896860740b8bee5dac"
    },
    {
      "codigo": "31258",
      "action": "updated",
      "productId": "69f2ed8a6860740b8bee5e08"
    },
    {
      "codigo": "30823",
      "action": "updated",
      "productId": "69f2ed9a6860740b8bee636b"
    },
    {
      "codigo": "31257",
      "action": "updated",
      "productId": "69f2ed8d6860740b8bee5e91"
    },
    {
      "codigo": "34481",
      "action": "updated",
      "productId": "69f2ed8d6860740b8bee5f25"
    },
    {
      "codigo": "31157",
      "action": "updated",
      "productId": "69f2ed946860740b8bee6143"
    },
    {
      "codigo": "30215",
      "action": "updated",
      "productId": "69f2ed946860740b8bee6173"
    },
    {
      "codigo": "35873",
      "action": "updated",
      "productId": "69f2edba6860740b8bee6f4c"
    },
    {
      "codigo": "24035",
      "action": "updated",
      "productId": "69f2ed9c6860740b8bee6451"
    },
    {
      "codigo": "16394",
      "action": "updated",
      "productId": "69f2ed9c6860740b8bee63ce"
    },
    {
      "codigo": "23434",
      "action": "updated",
      "productId": "69f2ed986860740b8bee6289"
    },
    {
      "codigo": "34092",
      "action": "updated",
      "productId": "69f2ed9e6860740b8bee653c"
    },
    {
      "codigo": "35414",
      "action": "updated",
      "productId": "69f2edc36860740b8bee72df"
    },
    {
      "codigo": "34978",
      "action": "updated",
      "productId": "69f2edcd6860740b8bee761b"
    },
    {
      "codigo": "29172",
      "action": "updated",
      "productId": "69f2edb86860740b8bee6e33"
    },
    {
      "codigo": "35232",
      "action": "updated",
      "productId": "69f2edc16860740b8bee71a1"
    },
    {
      "codigo": "34264",
      "action": "updated",
      "productId": "69f2edd46860740b8bee789f"
    },
    {
      "codigo": "35053",
      "action": "updated",
      "productId": "69f2edc36860740b8bee7255"
    },
    {
      "codigo": "34859",
      "action": "updated",
      "productId": "69f2edd06860740b8bee772f"
    },
    {
      "codigo": "34776",
      "action": "updated",
      "productId": "69f2edc66860740b8bee73c5"
    },
    {
      "codigo": "34093",
      "action": "updated",
      "productId": "69f2eddb6860740b8bee78b8"
    },
    {
      "codigo": "34774",
      "action": "updated",
      "productId": "69f2edc56860740b8bee730d"
    },
    {
      "codigo": "31382",
      "action": "updated",
      "productId": "69f3d79743593ae9f97a9e4b"
    },
    {
      "codigo": "34091",
      "action": "updated",
      "productId": "69f2ede26860740b8bee7bdb"
    },
    {
      "codigo": "34086",
      "action": "updated",
      "productId": "69f2ede26860740b8bee7b5a"
    },
    {
      "codigo": "33530",
      "action": "updated",
      "productId": "69f2ede46860740b8bee7c37"
    },
    {
      "codigo": "31075",
      "action": "updated",
      "productId": "69f2edc66860740b8bee733c"
    },
    {
      "codigo": "32941",
      "action": "updated",
      "productId": "69f2ede66860740b8bee7d1d"
    },
    {
      "codigo": "32766",
      "action": "updated",
      "productId": "69f2ede76860740b8bee7d7d"
    },
    {
      "codigo": "32765",
      "action": "updated",
      "productId": "69f2ede96860740b8bee7d95"
    },
    {
      "codigo": "32382",
      "action": "updated",
      "productId": "69f2ede86860740b8bee7d83"
    },
    {
      "codigo": "32366",
      "action": "updated",
      "productId": "69f2ede96860740b8bee7d8e"
    },
    {
      "codigo": "30969",
      "action": "updated",
      "productId": "69f3d79d43593ae9f97aa0d2"
    },
    {
      "codigo": "30912",
      "action": "updated",
      "productId": "69f3d79d43593ae9f97aa0d6"
    },
    {
      "codigo": "30209",
      "action": "updated",
      "productId": "69f2edc96860740b8bee747f"
    },
    {
      "codigo": "28837",
      "action": "updated",
      "productId": "69f3d7a343593ae9f97aa249"
    },
    {
      "codigo": "28614",
      "action": "updated",
      "productId": "69f3d7a743593ae9f97aa3bf"
    },
    {
      "codigo": "27851",
      "action": "updated",
      "productId": "69f3d7a943593ae9f97aa47e"
    },
    {
      "codigo": "27029",
      "action": "updated",
      "productId": "69f3d7ac43593ae9f97aa593"
    },
    {
      "codigo": "28745",
      "action": "updated",
      "productId": "69f3d7a443593ae9f97aa303"
    },
    {
      "codigo": "27000",
      "action": "updated",
      "productId": "69f2edc36860740b8bee7227"
    },
    {
      "codigo": "26750",
      "action": "updated",
      "productId": "69f2edca6860740b8bee74dd"
    },
    {
      "codigo": "26678",
      "action": "updated",
      "productId": "69f3d7af43593ae9f97aa67c"
    },
    {
      "codigo": "25863",
      "action": "updated",
      "productId": "69f3d7b343593ae9f97aa7f4"
    },
    {
      "codigo": "24091",
      "action": "updated",
      "productId": "69f3d7b843593ae9f97aa9c6"
    },
    {
      "codigo": "25862",
      "action": "updated",
      "productId": "69f3d7b343593ae9f97aa827"
    },
    {
      "codigo": "25861",
      "action": "updated",
      "productId": "69f3d7b443593ae9f97aa8ae"
    },
    {
      "codigo": "25680",
      "action": "updated",
      "productId": "69f2edc96860740b8bee74db"
    },
    {
      "codigo": "24092",
      "action": "updated",
      "productId": "69f3d7b943593ae9f97aaa82"
    },
    {
      "codigo": "22563",
      "action": "updated",
      "productId": "69f3d7bc43593ae9f97aab0f"
    },
    {
      "codigo": "21914",
      "action": "updated",
      "productId": "69f2edcc6860740b8bee75bf"
    },
    {
      "codigo": "20372",
      "action": "updated",
      "productId": "69f2edcc6860740b8bee75ed"
    },
    {
      "codigo": "16595",
      "action": "created",
      "productId": "69f5a66d8d645b58ce7b13c0"
    },
    {
      "codigo": "55719",
      "action": "updated",
      "productId": "69f3798a7cdf7fb086a4045b"
    },
    {
      "codigo": "46972",
      "action": "updated",
      "productId": "69f379787cdf7fb086a3fe09"
    },
    {
      "codigo": "18338",
      "action": "updated",
      "productId": "69f3d7c643593ae9f97aae3e"
    },
    {
      "codigo": "18337",
      "action": "updated",
      "productId": "69f3d7c443593ae9f97aadbc"
    },
    {
      "codigo": "18694",
      "action": "updated",
      "productId": "69f3d7c543593ae9f97aadf1"
    },
    {
      "codigo": "55106",
      "action": "updated",
      "productId": "69f379807cdf7fb086a40131"
    },
    {
      "codigo": "43093",
      "action": "updated",
      "productId": "69f3797b7cdf7fb086a3ff4b"
    },
    {
      "codigo": "14905",
      "action": "created",
      "productId": "69f5a6708d645b58ce7b158d"
    },
    {
      "codigo": "51040",
      "action": "updated",
      "productId": "69f3797f7cdf7fb086a4008f"
    },
    {
      "codigo": "47782",
      "action": "updated",
      "productId": "69f3798d7cdf7fb086a405f4"
    },
    {
      "codigo": "52319",
      "action": "updated",
      "productId": "69f3798f7cdf7fb086a4069e"
    },
    {
      "codigo": "39848",
      "action": "updated",
      "productId": "69f379927cdf7fb086a408a3"
    },
    {
      "codigo": "38108",
      "action": "updated",
      "productId": "69f379947cdf7fb086a4090f"
    },
    {
      "codigo": "48186",
      "action": "updated",
      "productId": "69f379807cdf7fb086a400e0"
    },
    {
      "codigo": "54492",
      "action": "created",
      "productId": "69f5a6738d645b58ce7b17d2"
    },
    {
      "codigo": "50322",
      "action": "updated",
      "productId": "69f379537cdf7fb086a3f511"
    },
    {
      "codigo": "32109",
      "action": "updated",
      "productId": "69f379927cdf7fb086a408a1"
    },
    {
      "codigo": "55485",
      "action": "updated",
      "productId": "69f2ecb16860740b8bee1c2d"
    },
    {
      "codigo": "52769",
      "action": "updated",
      "productId": "69f2ed186860740b8bee392b"
    },
    {
      "codigo": "55488",
      "action": "updated",
      "productId": "69f2ecb16860740b8bee1c73"
    },
    {
      "codigo": "55487",
      "action": "updated",
      "productId": "69f2ecb16860740b8bee1c31"
    },
    {
      "codigo": "55489",
      "action": "updated",
      "productId": "69f2ecb26860740b8bee1d04"
    },
    {
      "codigo": "55486",
      "action": "updated",
      "productId": "69f2ecb26860740b8bee1cdf"
    },
    {
      "codigo": "55490",
      "action": "updated",
      "productId": "69f2ecb16860740b8bee1c9b"
    },
    {
      "codigo": "57926",
      "action": "updated",
      "productId": "69f2ecc96860740b8bee229d"
    },
    {
      "codigo": "55492",
      "action": "updated",
      "productId": "69f2ecb16860740b8bee1c99"
    },
    {
      "codigo": "55491",
      "action": "updated",
      "productId": "69f2ecb26860740b8bee1d29"
    },
    {
      "codigo": "55493",
      "action": "updated",
      "productId": "69f2ecb66860740b8bee1d73"
    },
    {
      "codigo": "55494",
      "action": "updated",
      "productId": "69f2ecb76860740b8bee1dbd"
    },
    {
      "codigo": "57606",
      "action": "updated",
      "productId": "69f2ecb86860740b8bee1e3d"
    },
    {
      "codigo": "57816",
      "action": "updated",
      "productId": "69f2ecc66860740b8bee2196"
    },
    {
      "codigo": "57815",
      "action": "updated",
      "productId": "69f2ecc76860740b8bee21e2"
    },
    {
      "codigo": "57817",
      "action": "updated",
      "productId": "69f2ecc66860740b8bee2165"
    },
    {
      "codigo": "57814",
      "action": "updated",
      "productId": "69f2ecc66860740b8bee2191"
    },
    {
      "codigo": "57757",
      "action": "updated",
      "productId": "69f2ecd16860740b8bee2498"
    },
    {
      "codigo": "57751",
      "action": "updated",
      "productId": "69f2ecd06860740b8bee2471"
    },
    {
      "codigo": "57749",
      "action": "updated",
      "productId": "69f2ecd26860740b8bee24ea"
    },
    {
      "codigo": "57605",
      "action": "updated",
      "productId": "69f2ecd26860740b8bee24e8"
    },
    {
      "codigo": "57750",
      "action": "updated",
      "productId": "69f2ecd36860740b8bee255b"
    },
    {
      "codigo": "57748",
      "action": "updated",
      "productId": "69f2ecd26860740b8bee2534"
    },
    {
      "codigo": "57527",
      "action": "updated",
      "productId": "69f2ecda6860740b8bee273b"
    },
    {
      "codigo": "57526",
      "action": "updated",
      "productId": "69f2ecdc6860740b8bee278d"
    },
    {
      "codigo": "56711",
      "action": "updated",
      "productId": "69f2ecdf6860740b8bee28d9"
    },
    {
      "codigo": "57425",
      "action": "updated",
      "productId": "69f2ecde6860740b8bee2808"
    },
    {
      "codigo": "57015",
      "action": "updated",
      "productId": "69f2ece06860740b8bee2903"
    },
    {
      "codigo": "56539",
      "action": "updated",
      "productId": "69f2ece26860740b8bee29cb"
    },
    {
      "codigo": "56910",
      "action": "updated",
      "productId": "69f2ecdf6860740b8bee2885"
    },
    {
      "codigo": "56908",
      "action": "updated",
      "productId": "69f2ecdf6860740b8bee28d7"
    },
    {
      "codigo": "56710",
      "action": "updated",
      "productId": "69f2ece26860740b8bee29a2"
    },
    {
      "codigo": "56534",
      "action": "updated",
      "productId": "69f2ece46860740b8bee2a1d"
    },
    {
      "codigo": "56538",
      "action": "updated",
      "productId": "69f2ece56860740b8bee2a6f"
    },
    {
      "codigo": "56535",
      "action": "updated",
      "productId": "69f2ece66860740b8bee2ac6"
    },
    {
      "codigo": "56292",
      "action": "updated",
      "productId": "69f2ece66860740b8bee2a9d"
    },
    {
      "codigo": "56533",
      "action": "updated",
      "productId": "69f2ece66860740b8bee2b13"
    },
    {
      "codigo": "56532",
      "action": "updated",
      "productId": "69f2ece76860740b8bee2b3c"
    },
    {
      "codigo": "56186",
      "action": "updated",
      "productId": "69f2ece86860740b8bee2b66"
    },
    {
      "codigo": "56398",
      "action": "updated",
      "productId": "69f2ece86860740b8bee2b6a"
    },
    {
      "codigo": "56434",
      "action": "updated",
      "productId": "69f2ece86860740b8bee2bbb"
    },
    {
      "codigo": "56210",
      "action": "updated",
      "productId": "69f2ecec6860740b8bee2c39"
    },
    {
      "codigo": "56280",
      "action": "updated",
      "productId": "69f2ecec6860740b8bee2c5f"
    },
    {
      "codigo": "56174",
      "action": "updated",
      "productId": "69f2eced6860740b8bee2cad"
    },
    {
      "codigo": "55569",
      "action": "updated",
      "productId": "69f2ecec6860740b8bee2c0c"
    },
    {
      "codigo": "56106",
      "action": "updated",
      "productId": "69f2ecef6860740b8bee2d08"
    },
    {
      "codigo": "56105",
      "action": "updated",
      "productId": "69f2ecc96860740b8bee2276"
    },
    {
      "codigo": "55522",
      "action": "updated",
      "productId": "69f2ecef6860740b8bee2d00"
    },
    {
      "codigo": "55473",
      "action": "updated",
      "productId": "69f2ecf26860740b8bee2df5"
    },
    {
      "codigo": "55292",
      "action": "updated",
      "productId": "69f2ecf46860740b8bee2e99"
    },
    {
      "codigo": "55278",
      "action": "updated",
      "productId": "69f2ecf16860740b8bee2dcc"
    },
    {
      "codigo": "55282",
      "action": "updated",
      "productId": "69f2ecf36860740b8bee2e23"
    },
    {
      "codigo": "55279",
      "action": "updated",
      "productId": "69f2ecf56860740b8bee2ec2"
    },
    {
      "codigo": "55230",
      "action": "updated",
      "productId": "69f2ecf36860740b8bee2e70"
    },
    {
      "codigo": "55280",
      "action": "updated",
      "productId": "69f2ecf36860740b8bee2e1e"
    },
    {
      "codigo": "55247",
      "action": "updated",
      "productId": "69f2ecf66860740b8bee2f3d"
    },
    {
      "codigo": "55246",
      "action": "updated",
      "productId": "69f2ecf66860740b8bee2f66"
    },
    {
      "codigo": "55245",
      "action": "updated",
      "productId": "69f2ecf56860740b8bee2f14"
    },
    {
      "codigo": "55215",
      "action": "updated",
      "productId": "69f2ecf96860740b8bee300a"
    },
    {
      "codigo": "55204",
      "action": "updated",
      "productId": "69f2ecf76860740b8bee2fb8"
    },
    {
      "codigo": "55223",
      "action": "updated",
      "productId": "69f2ecf76860740b8bee2f8f"
    },
    {
      "codigo": "55214",
      "action": "updated",
      "productId": "69f2ecf96860740b8bee3033"
    },
    {
      "codigo": "55224",
      "action": "updated",
      "productId": "69f2ecf86860740b8bee2fe1"
    },
    {
      "codigo": "55213",
      "action": "updated",
      "productId": "69f2ecf96860740b8bee305c"
    },
    {
      "codigo": "55202",
      "action": "updated",
      "productId": "69f2ecfb6860740b8bee30ae"
    },
    {
      "codigo": "55197",
      "action": "updated",
      "productId": "69f2ecfb6860740b8bee3085"
    },
    {
      "codigo": "55184",
      "action": "updated",
      "productId": "69f2ecfc6860740b8bee30d7"
    },
    {
      "codigo": "55113",
      "action": "updated",
      "productId": "69f2ecfe6860740b8bee3156"
    },
    {
      "codigo": "55118",
      "action": "updated",
      "productId": "69f2ecfd6860740b8bee3102"
    },
    {
      "codigo": "55087",
      "action": "updated",
      "productId": "69f2ecfe6860740b8bee31cd"
    },
    {
      "codigo": "55111",
      "action": "updated",
      "productId": "69f2ecfe6860740b8bee31a4"
    },
    {
      "codigo": "55110",
      "action": "updated",
      "productId": "69f2ecfd6860740b8bee3154"
    },
    {
      "codigo": "54869",
      "action": "updated",
      "productId": "69f2ed006860740b8bee329a"
    },
    {
      "codigo": "54008",
      "action": "updated",
      "productId": "69f2ed066860740b8bee33b9"
    },
    {
      "codigo": "53738",
      "action": "updated",
      "productId": "69f2ed066860740b8bee340d"
    },
    {
      "codigo": "53989",
      "action": "updated",
      "productId": "69f2ed066860740b8bee33e2"
    },
    {
      "codigo": "53970",
      "action": "updated",
      "productId": "69f2ed066860740b8bee343a"
    },
    {
      "codigo": "53740",
      "action": "updated",
      "productId": "69f2ed066860740b8bee340f"
    },
    {
      "codigo": "51138",
      "action": "updated",
      "productId": "69f2ecbf6860740b8bee1f80"
    },
    {
      "codigo": "51135",
      "action": "updated",
      "productId": "69f2ecbf6860740b8bee1f54"
    },
    {
      "codigo": "53541",
      "action": "updated",
      "productId": "69f2ed096860740b8bee352a"
    },
    {
      "codigo": "51133",
      "action": "updated",
      "productId": "69f2ecbf6860740b8bee1fa2"
    },
    {
      "codigo": "51564",
      "action": "updated",
      "productId": "69f2ecc06860740b8bee205b"
    },
    {
      "codigo": "51102",
      "action": "updated",
      "productId": "69f2ecc06860740b8bee2035"
    },
    {
      "codigo": "53367",
      "action": "updated",
      "productId": "69f2ed0c6860740b8bee357e"
    },
    {
      "codigo": "53364",
      "action": "updated",
      "productId": "69f2ed0d6860740b8bee3620"
    },
    {
      "codigo": "53363",
      "action": "updated",
      "productId": "69f2ed0d6860740b8bee35cf"
    },
    {
      "codigo": "53291",
      "action": "updated",
      "productId": "69f2ed0e6860740b8bee3649"
    },
    {
      "codigo": "53225",
      "action": "updated",
      "productId": "69f2ed106860740b8bee3716"
    },
    {
      "codigo": "53069",
      "action": "updated",
      "productId": "69f2ed0f6860740b8bee36c4"
    },
    {
      "codigo": "53068",
      "action": "updated",
      "productId": "69f2ed0f6860740b8bee369b"
    },
    {
      "codigo": "53065",
      "action": "updated",
      "productId": "69f2ed116860740b8bee373f"
    },
    {
      "codigo": "53064",
      "action": "updated",
      "productId": "69f2ed126860740b8bee37ba"
    },
    {
      "codigo": "53066",
      "action": "updated",
      "productId": "69f2ed106860740b8bee36ed"
    },
    {
      "codigo": "52897",
      "action": "updated",
      "productId": "69f2ed156860740b8bee385e"
    },
    {
      "codigo": "53040",
      "action": "updated",
      "productId": "69f2ed146860740b8bee380c"
    },
    {
      "codigo": "53062",
      "action": "updated",
      "productId": "69f2ed126860740b8bee3791"
    },
    {
      "codigo": "52896",
      "action": "updated",
      "productId": "69f2ed156860740b8bee3887"
    },
    {
      "codigo": "52753",
      "action": "updated",
      "productId": "69f2ed176860740b8bee38de"
    },
    {
      "codigo": "52768",
      "action": "updated",
      "productId": "69f2ed176860740b8bee38d9"
    },
    {
      "codigo": "52745",
      "action": "updated",
      "productId": "69f2ed1f6860740b8bee3a9c"
    },
    {
      "codigo": "49858",
      "action": "updated",
      "productId": "69f2ecc66860740b8bee218f"
    },
    {
      "codigo": "49859",
      "action": "updated",
      "productId": "69f2ecc46860740b8bee2119"
    },
    {
      "codigo": "52756",
      "action": "updated",
      "productId": "69f2ed186860740b8bee3954"
    },
    {
      "codigo": "49857",
      "action": "updated",
      "productId": "69f2ecc56860740b8bee213f"
    },
    {
      "codigo": "52187",
      "action": "updated",
      "productId": "69f2ed236860740b8bee3b44"
    },
    {
      "codigo": "52185",
      "action": "updated",
      "productId": "69f2ed266860740b8bee3c6a"
    },
    {
      "codigo": "52115",
      "action": "updated",
      "productId": "69f2ed256860740b8bee3bec"
    },
    {
      "codigo": "51263",
      "action": "updated",
      "productId": "69f2ed296860740b8bee3d3c"
    },
    {
      "codigo": "52038",
      "action": "updated",
      "productId": "69f3d6cc43593ae9f97a5cf3"
    },
    {
      "codigo": "50525",
      "action": "updated",
      "productId": "69f2ed316860740b8bee3f5e"
    },
    {
      "codigo": "51611",
      "action": "updated",
      "productId": "69f2ed2c6860740b8bee3e0e"
    },
    {
      "codigo": "51563",
      "action": "updated",
      "productId": "69f2ed096860740b8bee3501"
    },
    {
      "codigo": "50380",
      "action": "updated",
      "productId": "69f2ed356860740b8bee4089"
    },
    {
      "codigo": "50510",
      "action": "updated",
      "productId": "69f2ed346860740b8bee4033"
    },
    {
      "codigo": "51121",
      "action": "updated",
      "productId": "69f2ed336860740b8bee3f89"
    },
    {
      "codigo": "49785",
      "action": "updated",
      "productId": "69f2ed376860740b8bee40ba"
    },
    {
      "codigo": "50263",
      "action": "updated",
      "productId": "69f2ed376860740b8bee40bd"
    },
    {
      "codigo": "49820",
      "action": "updated",
      "productId": "69f2ed3a6860740b8bee4237"
    },
    {
      "codigo": "49317",
      "action": "updated",
      "productId": "69f3d6e543593ae9f97a63f3"
    },
    {
      "codigo": "49467",
      "action": "updated",
      "productId": "69f2ed3a6860740b8bee420c"
    },
    {
      "codigo": "50186",
      "action": "updated",
      "productId": "69f2ed386860740b8bee4161"
    },
    {
      "codigo": "49525",
      "action": "updated",
      "productId": "69f2ed3c6860740b8bee42e3"
    },
    {
      "codigo": "49521",
      "action": "updated",
      "productId": "69f2ed3b6860740b8bee42b8"
    },
    {
      "codigo": "49294",
      "action": "updated",
      "productId": "69f2ed3b6860740b8bee428d"
    },
    {
      "codigo": "49702",
      "action": "updated",
      "productId": "69f2ed3a6860740b8bee4262"
    },
    {
      "codigo": "49335",
      "action": "updated",
      "productId": "69f2ed3c6860740b8bee430e"
    },
    {
      "codigo": "49229",
      "action": "updated",
      "productId": "69f2ed3d6860740b8bee433a"
    },
    {
      "codigo": "48981",
      "action": "updated",
      "productId": "69f2ed406860740b8bee4466"
    },
    {
      "codigo": "49228",
      "action": "updated",
      "productId": "69f2ed3e6860740b8bee43ba"
    },
    {
      "codigo": "49130",
      "action": "updated",
      "productId": "69f2ed416860740b8bee4491"
    },
    {
      "codigo": "49117",
      "action": "updated",
      "productId": "69f2ed426860740b8bee44e7"
    },
    {
      "codigo": "48982",
      "action": "updated",
      "productId": "69f2ed436860740b8bee453d"
    },
    {
      "codigo": "49114",
      "action": "updated",
      "productId": "69f2ed416860740b8bee44bc"
    },
    {
      "codigo": "48755",
      "action": "updated",
      "productId": "69f3d6f143593ae9f97a6718"
    },
    {
      "codigo": "48906",
      "action": "updated",
      "productId": "69f2ed446860740b8bee45be"
    },
    {
      "codigo": "48753",
      "action": "updated",
      "productId": "69f2ed436860740b8bee4568"
    },
    {
      "codigo": "48754",
      "action": "updated",
      "productId": "69f2ed446860740b8bee4593"
    },
    {
      "codigo": "45878",
      "action": "updated",
      "productId": "69f2ed1c6860740b8bee39b0"
    },
    {
      "codigo": "48752",
      "action": "updated",
      "productId": "69f2ed466860740b8bee4614"
    },
    {
      "codigo": "48451",
      "action": "updated",
      "productId": "69f2ed4d6860740b8bee471e"
    },
    {
      "codigo": "45879",
      "action": "updated",
      "productId": "69f2ed1b6860740b8bee397f"
    },
    {
      "codigo": "45883",
      "action": "updated",
      "productId": "69f2ed1d6860740b8bee39df"
    },
    {
      "codigo": "45880",
      "action": "updated",
      "productId": "69f2ed1b6860740b8bee3987"
    },
    {
      "codigo": "45882",
      "action": "updated",
      "productId": "69f2ed1d6860740b8bee39b8"
    },
    {
      "codigo": "45881",
      "action": "updated",
      "productId": "69f2ed1c6860740b8bee39b2"
    },
    {
      "codigo": "48216",
      "action": "updated",
      "productId": "69f2ed4e6860740b8bee47c2"
    },
    {
      "codigo": "48182",
      "action": "updated",
      "productId": "69f2ed516860740b8bee486e"
    },
    {
      "codigo": "48108",
      "action": "updated",
      "productId": "69f2ed4f6860740b8bee47ed"
    },
    {
      "codigo": "47944",
      "action": "updated",
      "productId": "69f2ed516860740b8bee4843"
    },
    {
      "codigo": "46293",
      "action": "updated",
      "productId": "69f2ed606860740b8bee4d78"
    },
    {
      "codigo": "48054",
      "action": "updated",
      "productId": "69f2ed506860740b8bee4818"
    },
    {
      "codigo": "47937",
      "action": "updated",
      "productId": "69f2ed526860740b8bee48c4"
    },
    {
      "codigo": "47688",
      "action": "updated",
      "productId": "69f3d70143593ae9f97a6b35"
    },
    {
      "codigo": "47689",
      "action": "updated",
      "productId": "69f2ed546860740b8bee4945"
    },
    {
      "codigo": "45789",
      "action": "updated",
      "productId": "69f2ed606860740b8bee4da3"
    },
    {
      "codigo": "47200",
      "action": "updated",
      "productId": "69f2ed5b6860740b8bee4ba3"
    },
    {
      "codigo": "46292",
      "action": "updated",
      "productId": "69f2ed626860740b8bee4e7b"
    },
    {
      "codigo": "45758",
      "action": "updated",
      "productId": "69f2ed606860740b8bee4dce"
    },
    {
      "codigo": "44808",
      "action": "updated",
      "productId": "69f2ed686860740b8bee5095"
    },
    {
      "codigo": "44497",
      "action": "updated",
      "productId": "69f2ed6c6860740b8bee5230"
    },
    {
      "codigo": "43763",
      "action": "updated",
      "productId": "69f2ed6f6860740b8bee53ca"
    },
    {
      "codigo": "43764",
      "action": "updated",
      "productId": "69f2ed6d6860740b8bee52b5"
    },
    {
      "codigo": "45204",
      "action": "updated",
      "productId": "69f2ed686860740b8bee5093"
    },
    {
      "codigo": "45197",
      "action": "updated",
      "productId": "69f2ed666860740b8bee4fd7"
    },
    {
      "codigo": "32947",
      "action": "updated",
      "productId": "69f3d6ef43593ae9f97a666d"
    },
    {
      "codigo": "44264",
      "action": "updated",
      "productId": "69f2ed6f6860740b8bee539b"
    },
    {
      "codigo": "44243",
      "action": "updated",
      "productId": "69f2ed6f6860740b8bee53ce"
    },
    {
      "codigo": "28447",
      "action": "updated",
      "productId": "69f2ed9c6860740b8bee63d0"
    },
    {
      "codigo": "27357",
      "action": "updated",
      "productId": "69f2ed626860740b8bee4e4f"
    },
    {
      "codigo": "43275",
      "action": "updated",
      "productId": "69f2ed726860740b8bee54dd"
    },
    {
      "codigo": "43274",
      "action": "updated",
      "productId": "69f2ed736860740b8bee5595"
    },
    {
      "codigo": "43238",
      "action": "updated",
      "productId": "69f2ed726860740b8bee5511"
    },
    {
      "codigo": "43239",
      "action": "updated",
      "productId": "69f2ed736860740b8bee553e"
    },
    {
      "codigo": "42990",
      "action": "updated",
      "productId": "69f2ed796860740b8bee573e"
    },
    {
      "codigo": "41117",
      "action": "updated",
      "productId": "69f2ed536860740b8bee48ef"
    },
    {
      "codigo": "42712",
      "action": "updated",
      "productId": "69f2ed786860740b8bee5706"
    },
    {
      "codigo": "42867",
      "action": "updated",
      "productId": "69f2ed7a6860740b8bee5771"
    },
    {
      "codigo": "36529",
      "action": "updated",
      "productId": "69f2ed406860740b8bee4411"
    },
    {
      "codigo": "36528",
      "action": "updated",
      "productId": "69f2ed406860740b8bee4415"
    },
    {
      "codigo": "41612",
      "action": "updated",
      "productId": "69f2ed846860740b8bee5b56"
    },
    {
      "codigo": "42980",
      "action": "updated",
      "productId": "69f2ed7d6860740b8bee58d1"
    },
    {
      "codigo": "41687",
      "action": "updated",
      "productId": "69f2ed846860740b8bee5b27"
    },
    {
      "codigo": "42161",
      "action": "updated",
      "productId": "69f2ed826860740b8bee5a15"
    },
    {
      "codigo": "41771",
      "action": "updated",
      "productId": "69f2ed846860740b8bee5b5a"
    },
    {
      "codigo": "41610",
      "action": "updated",
      "productId": "69f2ed856860740b8bee5bb1"
    },
    {
      "codigo": "42030",
      "action": "updated",
      "productId": "69f2ed836860740b8bee5a4e"
    },
    {
      "codigo": "41769",
      "action": "updated",
      "productId": "69f2ed866860740b8bee5be3"
    },
    {
      "codigo": "41525",
      "action": "updated",
      "productId": "69f2ed876860740b8bee5c40"
    },
    {
      "codigo": "40887",
      "action": "updated",
      "productId": "69f2ed926860740b8bee6090"
    },
    {
      "codigo": "40788",
      "action": "updated",
      "productId": "69f2ed936860740b8bee60eb"
    },
    {
      "codigo": "41106",
      "action": "updated",
      "productId": "69f2ed946860740b8bee6175"
    },
    {
      "codigo": "25330",
      "action": "updated",
      "productId": "69f2ed576860740b8bee4a72"
    },
    {
      "codigo": "34431",
      "action": "updated",
      "productId": "69f2ed596860740b8bee4b74"
    },
    {
      "codigo": "23740",
      "action": "updated",
      "productId": "69f2ed586860740b8bee4acd"
    },
    {
      "codigo": "29636",
      "action": "updated",
      "productId": "69f2ed5b6860740b8bee4ba1"
    },
    {
      "codigo": "14190",
      "action": "updated",
      "productId": "69f2ed5c6860740b8bee4c20"
    },
    {
      "codigo": "28867",
      "action": "updated",
      "productId": "69f2ed5b6860740b8bee4bf5"
    },
    {
      "codigo": "24378",
      "action": "updated",
      "productId": "69f2ed5d6860740b8bee4c50"
    },
    {
      "codigo": "31217",
      "action": "updated",
      "productId": "69f2ed5d6860740b8bee4c4c"
    },
    {
      "codigo": "14597",
      "action": "updated",
      "productId": "69f2ed5d6860740b8bee4ca5"
    },
    {
      "codigo": "24427",
      "action": "updated",
      "productId": "69f2ed5d6860740b8bee4cd1"
    },
    {
      "codigo": "40639",
      "action": "updated",
      "productId": "69f2ed9a6860740b8bee633d"
    },
    {
      "codigo": "21778",
      "action": "updated",
      "productId": "69f2ed5d6860740b8bee4c7c"
    },
    {
      "codigo": "40358",
      "action": "updated",
      "productId": "69f2ed9e6860740b8bee6537"
    },
    {
      "codigo": "40294",
      "action": "updated",
      "productId": "69f2ed9d6860740b8bee6483"
    },
    {
      "codigo": "39944",
      "action": "updated",
      "productId": "69f2eda16860740b8bee65ef"
    },
    {
      "codigo": "23486",
      "action": "updated",
      "productId": "69f2ed5f6860740b8bee4d22"
    },
    {
      "codigo": "40105",
      "action": "updated",
      "productId": "69f2eda06860740b8bee65c1"
    },
    {
      "codigo": "39956",
      "action": "updated",
      "productId": "69f2eda26860740b8bee6650"
    },
    {
      "codigo": "39747",
      "action": "updated",
      "productId": "69f2eda56860740b8bee67e9"
    },
    {
      "codigo": "39362",
      "action": "updated",
      "productId": "69f2eda36860740b8bee66d5"
    },
    {
      "codigo": "39406",
      "action": "updated",
      "productId": "69f2eda66860740b8bee6845"
    },
    {
      "codigo": "38761",
      "action": "updated",
      "productId": "69f2eda66860740b8bee6817"
    },
    {
      "codigo": "36587",
      "action": "updated",
      "productId": "69f3d73243593ae9f97a7bcf"
    },
    {
      "codigo": "39343",
      "action": "updated",
      "productId": "69f2eda96860740b8bee6882"
    },
    {
      "codigo": "39299",
      "action": "updated",
      "productId": "69f2eda96860740b8bee6884"
    },
    {
      "codigo": "38689",
      "action": "updated",
      "productId": "69f2eda86860740b8bee6850"
    },
    {
      "codigo": "38616",
      "action": "updated",
      "productId": "69f2eda86860740b8bee687b"
    },
    {
      "codigo": "39342",
      "action": "updated",
      "productId": "69f2edab6860740b8bee6909"
    },
    {
      "codigo": "32359",
      "action": "updated",
      "productId": "69f2ed6e6860740b8bee536d"
    },
    {
      "codigo": "38453",
      "action": "updated",
      "productId": "69f2eda86860740b8bee684e"
    },
    {
      "codigo": "38671",
      "action": "updated",
      "productId": "69f2edac6860740b8bee6938"
    },
    {
      "codigo": "38274",
      "action": "updated",
      "productId": "69f2edad6860740b8bee69e5"
    },
    {
      "codigo": "36085",
      "action": "updated",
      "productId": "69f2ed806860740b8bee595b"
    },
    {
      "codigo": "37934",
      "action": "updated",
      "productId": "69f2edae6860740b8bee6a44"
    },
    {
      "codigo": "38313",
      "action": "updated",
      "productId": "69f2edae6860740b8bee6a3f"
    },
    {
      "codigo": "37882",
      "action": "updated",
      "productId": "69f2edb06860740b8bee6af7"
    },
    {
      "codigo": "38121",
      "action": "updated",
      "productId": "69f2edb06860740b8bee6a9b"
    },
    {
      "codigo": "37896",
      "action": "updated",
      "productId": "69f2edb26860740b8bee6baf"
    },
    {
      "codigo": "37704",
      "action": "updated",
      "productId": "69f2edb36860740b8bee6c0b"
    },
    {
      "codigo": "37702",
      "action": "updated",
      "productId": "69f2edb36860740b8bee6c39"
    },
    {
      "codigo": "34429",
      "action": "updated",
      "productId": "69f2ed8a6860740b8bee5db0"
    },
    {
      "codigo": "37536",
      "action": "updated",
      "productId": "69f2edb46860740b8bee6c95"
    },
    {
      "codigo": "28835",
      "action": "updated",
      "productId": "69f2ed8a6860740b8bee5e0c"
    },
    {
      "codigo": "37510",
      "action": "updated",
      "productId": "69f2edb46860740b8bee6cc3"
    },
    {
      "codigo": "37224",
      "action": "updated",
      "productId": "69f2edb66860740b8bee6d7b"
    },
    {
      "codigo": "28833",
      "action": "updated",
      "productId": "69f2ed8c6860740b8bee5e63"
    },
    {
      "codigo": "23814",
      "action": "updated",
      "productId": "69f2ed8d6860740b8bee5ec0"
    },
    {
      "codigo": "6653",
      "action": "updated",
      "productId": "69f2ed8d6860740b8bee5ef3"
    },
    {
      "codigo": "24376",
      "action": "updated",
      "productId": "69f2ed8e6860740b8bee5fad"
    },
    {
      "codigo": "34363",
      "action": "updated",
      "productId": "69f2ed8d6860740b8bee5ec8"
    },
    {
      "codigo": "21159",
      "action": "updated",
      "productId": "69f2ed8e6860740b8bee602f"
    },
    {
      "codigo": "24374",
      "action": "updated",
      "productId": "69f2ed8d6860740b8bee5ef5"
    },
    {
      "codigo": "24373",
      "action": "updated",
      "productId": "69f2ed8d6860740b8bee5f51"
    },
    {
      "codigo": "24375",
      "action": "updated",
      "productId": "69f2ed8d6860740b8bee5f81"
    },
    {
      "codigo": "24124",
      "action": "updated",
      "productId": "69f2ed8f6860740b8bee605d"
    },
    {
      "codigo": "36821",
      "action": "updated",
      "productId": "69f2edb66860740b8bee6da9"
    },
    {
      "codigo": "24371",
      "action": "updated",
      "productId": "69f2ed926860740b8bee608c"
    },
    {
      "codigo": "36798",
      "action": "updated",
      "productId": "69f2edb66860740b8bee6d1f"
    },
    {
      "codigo": "36800",
      "action": "updated",
      "productId": "69f2edb66860740b8bee6d4d"
    },
    {
      "codigo": "36801",
      "action": "updated",
      "productId": "69f3d76443593ae9f97a8ce0"
    },
    {
      "codigo": "36702",
      "action": "updated",
      "productId": "69f2edb76860740b8bee6ddb"
    },
    {
      "codigo": "23813",
      "action": "updated",
      "productId": "69f2ed986860740b8bee625c"
    },
    {
      "codigo": "24422",
      "action": "updated",
      "productId": "69f2ed936860740b8bee60e9"
    },
    {
      "codigo": "32354",
      "action": "updated",
      "productId": "69f2ed956860740b8bee61fb"
    },
    {
      "codigo": "36136",
      "action": "updated",
      "productId": "69f2edba6860740b8bee6f1a"
    },
    {
      "codigo": "36857",
      "action": "updated",
      "productId": "69f2edb96860740b8bee6e91"
    },
    {
      "codigo": "36234",
      "action": "updated",
      "productId": "69f2edbb6860740b8bee6fa8"
    },
    {
      "codigo": "32355",
      "action": "updated",
      "productId": "69f2ed996860740b8bee630f"
    },
    {
      "codigo": "27355",
      "action": "updated",
      "productId": "69f2ed996860740b8bee62e1"
    },
    {
      "codigo": "33635",
      "action": "updated",
      "productId": "69f2ed9b6860740b8bee6399"
    },
    {
      "codigo": "35396",
      "action": "updated",
      "productId": "69f2edc16860740b8bee719f"
    },
    {
      "codigo": "35153",
      "action": "updated",
      "productId": "69f2edc66860740b8bee733f"
    },
    {
      "codigo": "35784",
      "action": "updated",
      "productId": "69f2edc06860740b8bee7141"
    },
    {
      "codigo": "35550",
      "action": "updated",
      "productId": "69f2edc16860740b8bee716f"
    },
    {
      "codigo": "18267",
      "action": "updated",
      "productId": "69f2ed9e6860740b8bee64dd"
    },
    {
      "codigo": "35664",
      "action": "updated",
      "productId": "69f2edc16860740b8bee71f9"
    },
    {
      "codigo": "28842",
      "action": "updated",
      "productId": "69f2edb76860740b8bee6dd9"
    },
    {
      "codigo": "35853",
      "action": "updated",
      "productId": "69f2edc36860740b8bee7288"
    },
    {
      "codigo": "31161",
      "action": "updated",
      "productId": "69f2edb96860740b8bee6e93"
    },
    {
      "codigo": "29610",
      "action": "updated",
      "productId": "69f2edb86860740b8bee6e61"
    },
    {
      "codigo": "35062",
      "action": "updated",
      "productId": "69f2edc76860740b8bee73f3"
    },
    {
      "codigo": "28856",
      "action": "updated",
      "productId": "69f2edbb6860740b8bee6fa3"
    },
    {
      "codigo": "32361",
      "action": "updated",
      "productId": "69f2edba6860740b8bee6f1e"
    },
    {
      "codigo": "9513",
      "action": "updated",
      "productId": "69f2edc96860740b8bee7481"
    },
    {
      "codigo": "32360",
      "action": "updated",
      "productId": "69f2edbd6860740b8bee70b7"
    },
    {
      "codigo": "35020",
      "action": "updated",
      "productId": "69f2edc86860740b8bee7421"
    },
    {
      "codigo": "34787",
      "action": "updated",
      "productId": "69f2edce6860740b8bee7649"
    },
    {
      "codigo": "28106",
      "action": "updated",
      "productId": "69f2edbc6860740b8bee702d"
    },
    {
      "codigo": "34972",
      "action": "updated",
      "productId": "69f2edcf6860740b8bee7677"
    },
    {
      "codigo": "34864",
      "action": "updated",
      "productId": "69f2edd26860740b8bee778b"
    },
    {
      "codigo": "34862",
      "action": "updated",
      "productId": "69f2edd26860740b8bee77b9"
    },
    {
      "codigo": "34780",
      "action": "updated",
      "productId": "69f2edd26860740b8bee77e7"
    },
    {
      "codigo": "34532",
      "action": "updated",
      "productId": "69f2edd36860740b8bee7815"
    },
    {
      "codigo": "34382",
      "action": "updated",
      "productId": "69f2edd36860740b8bee7843"
    },
    {
      "codigo": "34387",
      "action": "updated",
      "productId": "69f2eddc6860740b8bee790f"
    },
    {
      "codigo": "34437",
      "action": "updated",
      "productId": "69f2edd66860740b8bee78a5"
    },
    {
      "codigo": "34386",
      "action": "updated",
      "productId": "69f2eddb6860740b8bee78b2"
    },
    {
      "codigo": "33975",
      "action": "updated",
      "productId": "69f2edde6860740b8bee7a99"
    },
    {
      "codigo": "34385",
      "action": "updated",
      "productId": "69f2edd96860740b8bee78ac"
    },
    {
      "codigo": "34245",
      "action": "updated",
      "productId": "69f2eddb6860740b8bee78b4"
    },
    {
      "codigo": "34188",
      "action": "updated",
      "productId": "69f2edde6860740b8bee7a6b"
    },
    {
      "codigo": "34248",
      "action": "updated",
      "productId": "69f2edde6860740b8bee7a0f"
    },
    {
      "codigo": "33980",
      "action": "updated",
      "productId": "69f2ede26860740b8bee7b24"
    },
    {
      "codigo": "33815",
      "action": "updated",
      "productId": "69f2ede26860740b8bee7b58"
    },
    {
      "codigo": "33707",
      "action": "updated",
      "productId": "69f2ede26860740b8bee7c09"
    },
    {
      "codigo": "33835",
      "action": "updated",
      "productId": "69f2ede26860740b8bee7b29"
    },
    {
      "codigo": "33706",
      "action": "updated",
      "productId": "69f2ede06860740b8bee7ac8"
    },
    {
      "codigo": "32948",
      "action": "updated",
      "productId": "69f2ede46860740b8bee7c65"
    },
    {
      "codigo": "32357",
      "action": "updated",
      "productId": "69f2ede66860740b8bee7cef"
    },
    {
      "codigo": "31684",
      "action": "updated",
      "productId": "69f2ede86860740b8bee7d85"
    },
    {
      "codigo": "31401",
      "action": "updated",
      "productId": "69f2ede96860740b8bee7d8c"
    },
    {
      "codigo": "32945",
      "action": "updated",
      "productId": "69f2ede56860740b8bee7cc1"
    },
    {
      "codigo": "31491",
      "action": "updated",
      "productId": "69f2ede96860740b8bee7d99"
    },
    {
      "codigo": "32450",
      "action": "updated",
      "productId": "69f2ede96860740b8bee7d91"
    },
    {
      "codigo": "30617",
      "action": "updated",
      "productId": "69f3d79a43593ae9f97a9f01"
    },
    {
      "codigo": "31338",
      "action": "updated",
      "productId": "69f3d79c43593ae9f97a9fb7"
    },
    {
      "codigo": "31056",
      "action": "updated",
      "productId": "69f3d79a43593ae9f97a9f03"
    },
    {
      "codigo": "30611",
      "action": "updated",
      "productId": "69f3d79d43593ae9f97aa073"
    },
    {
      "codigo": "30616",
      "action": "updated",
      "productId": "69f3d79d43593ae9f97aa015"
    },
    {
      "codigo": "31335",
      "action": "updated",
      "productId": "69f2eded6860740b8bee7da1"
    },
    {
      "codigo": "31334",
      "action": "updated",
      "productId": "69f2edee6860740b8bee7da5"
    },
    {
      "codigo": "31061",
      "action": "updated",
      "productId": "69f3d79c43593ae9f97a9fbc"
    },
    {
      "codigo": "30977",
      "action": "updated",
      "productId": "69f3d79d43593ae9f97aa044"
    },
    {
      "codigo": "30369",
      "action": "updated",
      "productId": "69f3d7a043593ae9f97aa12f"
    },
    {
      "codigo": "30254",
      "action": "updated",
      "productId": "69f3d7a043593ae9f97aa15e"
    },
    {
      "codigo": "28685",
      "action": "updated",
      "productId": "69f3d7a343593ae9f97aa27b"
    },
    {
      "codigo": "30202",
      "action": "updated",
      "productId": "69f3d7a143593ae9f97aa190"
    },
    {
      "codigo": "30201",
      "action": "updated",
      "productId": "69f3d7a243593ae9f97aa1e9"
    },
    {
      "codigo": "28437",
      "action": "updated",
      "productId": "69f3d7a543593ae9f97aa361"
    },
    {
      "codigo": "29755",
      "action": "updated",
      "productId": "69f3d7a343593ae9f97aa218"
    },
    {
      "codigo": "29721",
      "action": "updated",
      "productId": "69f3d7a343593ae9f97aa24c"
    },
    {
      "codigo": "29338",
      "action": "updated",
      "productId": "69f3d7a343593ae9f97aa27f"
    },
    {
      "codigo": "28460",
      "action": "updated",
      "productId": "69f3d7a843593ae9f97aa3ee"
    },
    {
      "codigo": "28104",
      "action": "updated",
      "productId": "69f3d7a843593ae9f97aa41d"
    },
    {
      "codigo": "28098",
      "action": "updated",
      "productId": "69f2edcb6860740b8bee7591"
    },
    {
      "codigo": "27470",
      "action": "updated",
      "productId": "69f3d7aa43593ae9f97aa4d7"
    },
    {
      "codigo": "27351",
      "action": "updated",
      "productId": "69f3d7a943593ae9f97aa47a"
    },
    {
      "codigo": "27349",
      "action": "updated",
      "productId": "69f3d7ab43593ae9f97aa508"
    },
    {
      "codigo": "26018",
      "action": "updated",
      "productId": "69f3d7b043593ae9f97aa709"
    },
    {
      "codigo": "25410",
      "action": "updated",
      "productId": "69f3d7b243593ae9f97aa7c5"
    },
    {
      "codigo": "26015",
      "action": "updated",
      "productId": "69f3d7af43593ae9f97aa6da"
    },
    {
      "codigo": "26026",
      "action": "updated",
      "productId": "69f3d7b043593ae9f97aa738"
    },
    {
      "codigo": "26428",
      "action": "updated",
      "productId": "69f3d7af43593ae9f97aa6ab"
    },
    {
      "codigo": "25864",
      "action": "updated",
      "productId": "69f3d7b143593ae9f97aa796"
    },
    {
      "codigo": "26027",
      "action": "updated",
      "productId": "69f3d7b143593ae9f97aa767"
    },
    {
      "codigo": "25370",
      "action": "updated",
      "productId": "69f3d7b543593ae9f97aa8dd"
    },
    {
      "codigo": "23410",
      "action": "updated",
      "productId": "69f3d7b643593ae9f97aa939"
    },
    {
      "codigo": "24957",
      "action": "updated",
      "productId": "69f2edca6860740b8bee7535"
    },
    {
      "codigo": "24385",
      "action": "updated",
      "productId": "69f3d7b843593ae9f97aa997"
    },
    {
      "codigo": "24103",
      "action": "updated",
      "productId": "69f3d7b843593ae9f97aa9f5"
    },
    {
      "codigo": "22362",
      "action": "updated",
      "productId": "69f3d7bb43593ae9f97aaae0"
    },
    {
      "codigo": "24377",
      "action": "updated",
      "productId": "69f3d7b843593ae9f97aa968"
    },
    {
      "codigo": "22714",
      "action": "updated",
      "productId": "69f3d7b943593ae9f97aaa53"
    },
    {
      "codigo": "22840",
      "action": "updated",
      "productId": "69f3d7ba43593ae9f97aaab1"
    },
    {
      "codigo": "22087",
      "action": "updated",
      "productId": "69f3d7be43593ae9f97aabcb"
    },
    {
      "codigo": "20842",
      "action": "updated",
      "productId": "69f3d7c043593ae9f97aacb5"
    },
    {
      "codigo": "17895",
      "action": "updated",
      "productId": "69f3d7c343593ae9f97aad6e"
    },
    {
      "codigo": "21285",
      "action": "updated",
      "productId": "69f3d7bf43593ae9f97aac58"
    },
    {
      "codigo": "22084",
      "action": "updated",
      "productId": "69f3d7be43593ae9f97aab9c"
    },
    {
      "codigo": "15367",
      "action": "created",
      "productId": "69f5a7318d645b58ce7b8518"
    },
    {
      "codigo": "19715",
      "action": "updated",
      "productId": "69f3d7c443593ae9f97aad9d"
    },
    {
      "codigo": "19706",
      "action": "updated",
      "productId": "69f3d7c543593ae9f97aae0d"
    },
    {
      "codigo": "18952",
      "action": "updated",
      "productId": "69f3d7c543593ae9f97aadd6"
    },
    {
      "codigo": "14128",
      "action": "created",
      "productId": "69f5a7328d645b58ce7b8646"
    },
    {
      "codigo": "15105",
      "action": "created",
      "productId": "69f5a7328d645b58ce7b871d"
    },
    {
      "codigo": "17813",
      "action": "updated",
      "productId": "69f3d7c843593ae9f97aaeaa"
    },
    {
      "codigo": "11842",
      "action": "created",
      "productId": "69f5a7358d645b58ce7b87ff"
    },
    {
      "codigo": "57351",
      "action": "updated",
      "productId": "69f327706078808f7c01a642"
    },
    {
      "codigo": "55139",
      "action": "created",
      "productId": "69f5a7368d645b58ce7b88e1"
    },
    {
      "codigo": "57564",
      "action": "updated",
      "productId": "69f379807cdf7fb086a40182"
    },
    {
      "codigo": "51280",
      "action": "updated",
      "productId": "69f3797d7cdf7fb086a3ffed"
    },
    {
      "codigo": "51281",
      "action": "updated",
      "productId": "69f379797cdf7fb086a3fea9"
    },
    {
      "codigo": "51278",
      "action": "updated",
      "productId": "69f3797a7cdf7fb086a3fefa"
    },
    {
      "codigo": "57284",
      "action": "updated",
      "productId": "69f3794d7cdf7fb086a3f31d"
    },
    {
      "codigo": "57285",
      "action": "updated",
      "productId": "69f3794d7cdf7fb086a3f3fc"
    },
    {
      "codigo": "52740",
      "action": "updated",
      "productId": "69f379907cdf7fb086a406f3"
    },
    {
      "codigo": "57406",
      "action": "updated",
      "productId": "69f3794d7cdf7fb086a3f440"
    },
    {
      "codigo": "57556",
      "action": "updated",
      "productId": "69f379817cdf7fb086a40224"
    },
    {
      "codigo": "57323",
      "action": "updated",
      "productId": "69f379737cdf7fb086a3fd6c"
    },
    {
      "codigo": "51988",
      "action": "updated",
      "productId": "69f3797d7cdf7fb086a4003e"
    },
    {
      "codigo": "57407",
      "action": "updated",
      "productId": "69f379597cdf7fb086a3f623"
    },
    {
      "codigo": "57408",
      "action": "updated",
      "productId": "69f379527cdf7fb086a3f484"
    },
    {
      "codigo": "57409",
      "action": "updated",
      "productId": "69f379597cdf7fb086a3f669"
    },
    {
      "codigo": "57324",
      "action": "updated",
      "productId": "69f379797cdf7fb086a3fe59"
    },
    {
      "codigo": "57336",
      "action": "updated",
      "productId": "69f379537cdf7fb086a3f554"
    },
    {
      "codigo": "57255",
      "action": "created",
      "productId": "69f5a73f8d645b58ce7b90ec"
    },
    {
      "codigo": "54894",
      "action": "updated",
      "productId": "69f327726078808f7c01a64e"
    },
    {
      "codigo": "54335",
      "action": "updated",
      "productId": "69f379597cdf7fb086a3f61f"
    },
    {
      "codigo": "54455",
      "action": "created",
      "productId": "69f5a7428d645b58ce7b926a"
    },
    {
      "codigo": "54337",
      "action": "updated",
      "productId": "69f379467cdf7fb086a3f209"
    },
    {
      "codigo": "54465",
      "action": "updated",
      "productId": "69f379477cdf7fb086a3f2b6"
    },
    {
      "codigo": "54262",
      "action": "updated",
      "productId": "69f379467cdf7fb086a3f20d"
    },
    {
      "codigo": "54329",
      "action": "updated",
      "productId": "69f379477cdf7fb086a3f254"
    },
    {
      "codigo": "54274",
      "action": "updated",
      "productId": "69f379487cdf7fb086a3f2e9"
    },
    {
      "codigo": "58083",
      "action": "updated",
      "productId": "69f379537cdf7fb086a3f4c8"
    },
    {
      "codigo": "57256",
      "action": "updated",
      "productId": "69f379537cdf7fb086a3f5d9"
    },
    {
      "codigo": "57995",
      "action": "updated",
      "productId": "69f379617cdf7fb086a3f805"
    },
    {
      "codigo": "57987",
      "action": "updated",
      "productId": "69f379637cdf7fb086a3f84b"
    },
    {
      "codigo": "54338",
      "action": "updated",
      "productId": "69f379537cdf7fb086a3f50e"
    },
    {
      "codigo": "54546",
      "action": "updated",
      "productId": "69f3795b7cdf7fb086a3f6b3"
    },
    {
      "codigo": "54260",
      "action": "updated",
      "productId": "69f3795b7cdf7fb086a3f6b5"
    },
    {
      "codigo": "57988",
      "action": "updated",
      "productId": "69f379667cdf7fb086a3f91d"
    },
    {
      "codigo": "54344",
      "action": "updated",
      "productId": "69f3795a7cdf7fb086a3f6ad"
    },
    {
      "codigo": "57989",
      "action": "updated",
      "productId": "69f379657cdf7fb086a3f8d7"
    },
    {
      "codigo": "58000",
      "action": "updated",
      "productId": "69f379667cdf7fb086a3f963"
    },
    {
      "codigo": "57994",
      "action": "updated",
      "productId": "69f379677cdf7fb086a3f9a9"
    },
    {
      "codigo": "57997",
      "action": "updated",
      "productId": "69f3796a7cdf7fb086a3fa35"
    },
    {
      "codigo": "57996",
      "action": "updated",
      "productId": "69f3796d7cdf7fb086a3fba4"
    },
    {
      "codigo": "57990",
      "action": "updated",
      "productId": "69f3796b7cdf7fb086a3fac1"
    },
    {
      "codigo": "57998",
      "action": "updated",
      "productId": "69f3796b7cdf7fb086a3fa7b"
    },
    {
      "codigo": "57991",
      "action": "updated",
      "productId": "69f3796c7cdf7fb086a3fb0c"
    },
    {
      "codigo": "57999",
      "action": "updated",
      "productId": "69f3796f7cdf7fb086a3fbf0"
    },
    {
      "codigo": "57992",
      "action": "updated",
      "productId": "69f3796c7cdf7fb086a3fb58"
    },
    {
      "codigo": "54336",
      "action": "updated",
      "productId": "69f3796a7cdf7fb086a3f9ef"
    },
    {
      "codigo": "54284",
      "action": "updated",
      "productId": "69f379717cdf7fb086a3fc3c"
    },
    {
      "codigo": "57469",
      "action": "updated",
      "productId": "69f379847cdf7fb086a40275"
    },
    {
      "codigo": "55312",
      "action": "updated",
      "productId": "69f379747cdf7fb086a3fdb9"
    },
    {
      "codigo": "57818",
      "action": "updated",
      "productId": "69f379867cdf7fb086a40317"
    },
    {
      "codigo": "57703",
      "action": "updated",
      "productId": "69f379867cdf7fb086a40368"
    },
    {
      "codigo": "30905",
      "action": "created",
      "productId": "69f5a7538d645b58ce7ba200"
    },
    {
      "codigo": "57209",
      "action": "updated",
      "productId": "69f379877cdf7fb086a403b9"
    },
    {
      "codigo": "57208",
      "action": "updated",
      "productId": "69f379877cdf7fb086a4040a"
    },
    {
      "codigo": "57206",
      "action": "updated",
      "productId": "69f3798a7cdf7fb086a404ac"
    },
    {
      "codigo": "57203",
      "action": "updated",
      "productId": "69f379857cdf7fb086a402c6"
    },
    {
      "codigo": "55768",
      "action": "updated",
      "productId": "69f3798b7cdf7fb086a40550"
    },
    {
      "codigo": "49071",
      "action": "updated",
      "productId": "69f3798a7cdf7fb086a404fe"
    },
    {
      "codigo": "54429",
      "action": "updated",
      "productId": "69f379727cdf7fb086a3fc8c"
    },
    {
      "codigo": "38034",
      "action": "updated",
      "productId": "69f379907cdf7fb086a40748"
    },
    {
      "codigo": "46656",
      "action": "updated",
      "productId": "69f379917cdf7fb086a407f2"
    },
    {
      "codigo": "54682",
      "action": "updated",
      "productId": "69f379727cdf7fb086a3fc8a"
    },
    {
      "codigo": "54687",
      "action": "updated",
      "productId": "69f379737cdf7fb086a3fd20"
    },
    {
      "codigo": "54680",
      "action": "updated",
      "productId": "69f3798e7cdf7fb086a40649"
    },
    {
      "codigo": "32654",
      "action": "updated",
      "productId": "69f379927cdf7fb086a40847"
    },
    {
      "codigo": "48659",
      "action": "updated",
      "productId": "69f379817cdf7fb086a401d3"
    },
    {
      "codigo": "46749",
      "action": "updated",
      "productId": "69f379917cdf7fb086a4079d"
    },
    {
      "codigo": "34010",
      "action": "updated",
      "productId": "69f379957cdf7fb086a409ab"
    },
    {
      "codigo": "57358",
      "action": "created",
      "productId": "69f5a75f8d645b58ce7ba748"
    },
    {
      "codigo": "33892",
      "action": "updated",
      "productId": "69f379977cdf7fb086a40a3a"
    },
    {
      "codigo": "34213",
      "action": "updated",
      "productId": "69f379987cdf7fb086a40abb"
    },
    {
      "codigo": "57269",
      "action": "created",
      "productId": "69f5a75f8d645b58ce7ba76f"
    },
    {
      "codigo": "55766",
      "action": "created",
      "productId": "69f5a7608d645b58ce7ba790"
    },
    {
      "codigo": "55794",
      "action": "created",
      "productId": "69f5a7608d645b58ce7ba7a6"
    },
    {
      "codigo": "55795",
      "action": "created",
      "productId": "69f5a7608d645b58ce7ba7a8"
    },
    {
      "codigo": "55769",
      "action": "created",
      "productId": "69f5a7618d645b58ce7ba7bd"
    },
    {
      "codigo": "55793",
      "action": "created",
      "productId": "69f5a7628d645b58ce7ba7e2"
    },
    {
      "codigo": "43958",
      "action": "created",
      "productId": "69f5a7648d645b58ce7ba7f7"
    },
    {
      "codigo": "55765",
      "action": "created",
      "productId": "69f5a7648d645b58ce7ba80d"
    },
    {
      "codigo": "43961",
      "action": "created",
      "productId": "69f5a7658d645b58ce7ba8af"
    },
    {
      "codigo": "51340",
      "action": "created",
      "productId": "69f5a7658d645b58ce7ba8b4"
    },
    {
      "codigo": "54801",
      "action": "created",
      "productId": "69f5a7658d645b58ce7ba8b6"
    },
    {
      "codigo": "55758",
      "action": "created",
      "productId": "69f5a7668d645b58ce7baa95"
    },
    {
      "codigo": "51924",
      "action": "created",
      "productId": "69f5a7668d645b58ce7bab38"
    },
    {
      "codigo": "47126",
      "action": "created",
      "productId": "69f5a7668d645b58ce7bab3d"
    },
    {
      "codigo": "47125",
      "action": "created",
      "productId": "69f5a7678d645b58ce7babdf"
    },
    {
      "codigo": "43471",
      "action": "created",
      "productId": "69f5a7678d645b58ce7bad32"
    },
    {
      "codigo": "56152",
      "action": "created",
      "productId": "69f5a7688d645b58ce7bade6"
    },
    {
      "codigo": "57189",
      "action": "created",
      "productId": "69f5a76a8d645b58ce7bae9a"
    },
    {
      "codigo": "57017",
      "action": "created",
      "productId": "69f5a76a8d645b58ce7baf4e"
    },
    {
      "codigo": "23071",
      "action": "created",
      "productId": "69f5a76a8d645b58ce7bb002"
    },
    {
      "codigo": "58134",
      "action": "created",
      "productId": "69f5a76b8d645b58ce7bb0b6"
    },
    {
      "codigo": "58133",
      "action": "created",
      "productId": "69f5a76c8d645b58ce7bb16b"
    },
    {
      "codigo": "58130",
      "action": "created",
      "productId": "69f5a76c8d645b58ce7bb16f"
    },
    {
      "codigo": "58131",
      "action": "created",
      "productId": "69f5a76d8d645b58ce7bb224"
    },
    {
      "codigo": "58098",
      "action": "created",
      "productId": "69f5a76d8d645b58ce7bb228"
    },
    {
      "codigo": "52583",
      "action": "created",
      "productId": "69f5a76d8d645b58ce7bb2da"
    },
    {
      "codigo": "56513",
      "action": "created",
      "productId": "69f5a76d8d645b58ce7bb38f"
    },
    {
      "codigo": "56520",
      "action": "created",
      "productId": "69f5a76d8d645b58ce7bb4f3"
    },
    {
      "codigo": "56512",
      "action": "created",
      "productId": "69f5a7708d645b58ce7bb656"
    },
    {
      "codigo": "58039",
      "action": "created",
      "productId": "69f5a7708d645b58ce7bb70a"
    },
    {
      "codigo": "58096",
      "action": "created",
      "productId": "69f5a7718d645b58ce7bb7be"
    },
    {
      "codigo": "58095",
      "action": "created",
      "productId": "69f5a7728d645b58ce7bb872"
    },
    {
      "codigo": "52317",
      "action": "created",
      "productId": "69f5a7728d645b58ce7bb926"
    },
    {
      "codigo": "58097",
      "action": "created",
      "productId": "69f5a7738d645b58ce7bb9da"
    },
    {
      "codigo": "57364",
      "action": "created",
      "productId": "69f5a7738d645b58ce7bba90"
    },
    {
      "codigo": "52371",
      "action": "created",
      "productId": "69f5a7738d645b58ce7bba92"
    },
    {
      "codigo": "54611",
      "action": "created",
      "productId": "69f5a7738d645b58ce7bbbf8"
    },
    {
      "codigo": "57510",
      "action": "created",
      "productId": "69f5a7738d645b58ce7bbbfa"
    },
    {
      "codigo": "54610",
      "action": "created",
      "productId": "69f5a7758d645b58ce7bbd5e"
    },
    {
      "codigo": "58099",
      "action": "created",
      "productId": "69f5a7758d645b58ce7bbe12"
    },
    {
      "codigo": "53703",
      "action": "created",
      "productId": "69f5a7768d645b58ce7bbec6"
    },
    {
      "codigo": "51226",
      "action": "created",
      "productId": "69f5a7768d645b58ce7bbf7a"
    },
    {
      "codigo": "56165",
      "action": "created",
      "productId": "69f5a7798d645b58ce7bc02e"
    },
    {
      "codigo": "56801",
      "action": "created",
      "productId": "69f5a7798d645b58ce7bc0e6"
    },
    {
      "codigo": "56180",
      "action": "created",
      "productId": "69f5a7798d645b58ce7bc0e4"
    },
    {
      "codigo": "50898",
      "action": "created",
      "productId": "69f5a77a8d645b58ce7bc24e"
    },
    {
      "codigo": "57509",
      "action": "created",
      "productId": "69f5a77a8d645b58ce7bc250"
    },
    {
      "codigo": "51721",
      "action": "created",
      "productId": "69f5a77a8d645b58ce7bc252"
    },
    {
      "codigo": "57741",
      "action": "created",
      "productId": "69f5a77a8d645b58ce7bc466"
    },
    {
      "codigo": "57740",
      "action": "created",
      "productId": "69f5a77b8d645b58ce7bc51b"
    },
    {
      "codigo": "57739",
      "action": "created",
      "productId": "69f5a77b8d645b58ce7bc51f"
    },
    {
      "codigo": "57185",
      "action": "created",
      "productId": "69f5a77b8d645b58ce7bc682"
    },
    {
      "codigo": "54638",
      "action": "created",
      "productId": "69f5a77c8d645b58ce7bc736"
    },
    {
      "codigo": "57747",
      "action": "created",
      "productId": "69f5a77d8d645b58ce7bc7ec"
    },
    {
      "codigo": "57950",
      "action": "created",
      "productId": "69f5a77d8d645b58ce7bc7ee"
    },
    {
      "codigo": "57745",
      "action": "created",
      "productId": "69f5a77f8d645b58ce7bc952"
    },
    {
      "codigo": "57243",
      "action": "created",
      "productId": "69f5a77f8d645b58ce7bca06"
    },
    {
      "codigo": "57746",
      "action": "created",
      "productId": "69f5a7808d645b58ce7bcaba"
    },
    {
      "codigo": "57744",
      "action": "created",
      "productId": "69f5a7808d645b58ce7bcb6e"
    },
    {
      "codigo": "57743",
      "action": "created",
      "productId": "69f5a7808d645b58ce7bcc22"
    },
    {
      "codigo": "57241",
      "action": "created",
      "productId": "69f5a7818d645b58ce7bccd6"
    },
    {
      "codigo": "57242",
      "action": "created",
      "productId": "69f5a7818d645b58ce7bcd8a"
    },
    {
      "codigo": "57238",
      "action": "created",
      "productId": "69f5a7828d645b58ce7bce3e"
    },
    {
      "codigo": "57240",
      "action": "created",
      "productId": "69f5a7838d645b58ce7bcef3"
    },
    {
      "codigo": "56162",
      "action": "created",
      "productId": "69f5a7838d645b58ce7bcef6"
    },
    {
      "codigo": "56158",
      "action": "created",
      "productId": "69f5a7848d645b58ce7bd05c"
    },
    {
      "codigo": "57237",
      "action": "created",
      "productId": "69f5a7848d645b58ce7bd111"
    },
    {
      "codigo": "56800",
      "action": "created",
      "productId": "69f5a7868d645b58ce7bd1c6"
    },
    {
      "codigo": "57235",
      "action": "created",
      "productId": "69f5a7868d645b58ce7bd1cb"
    },
    {
      "codigo": "54629",
      "action": "created",
      "productId": "69f5a7868d645b58ce7bd330"
    },
    {
      "codigo": "56159",
      "action": "created",
      "productId": "69f5a7878d645b58ce7bd3e5"
    },
    {
      "codigo": "54640",
      "action": "created",
      "productId": "69f5a7878d645b58ce7bd49a"
    },
    {
      "codigo": "54632",
      "action": "created",
      "productId": "69f5a7888d645b58ce7bd54f"
    },
    {
      "codigo": "54399",
      "action": "created",
      "productId": "69f5a7898d645b58ce7bd605"
    },
    {
      "codigo": "54401",
      "action": "created",
      "productId": "69f5a7898d645b58ce7bd608"
    },
    {
      "codigo": "53937",
      "action": "created",
      "productId": "69f5a78a8d645b58ce7bd76e"
    },
    {
      "codigo": "52126",
      "action": "created",
      "productId": "69f5a78b8d645b58ce7bd825"
    },
    {
      "codigo": "51622",
      "action": "created",
      "productId": "69f5a78c8d645b58ce7bd8dc"
    },
    {
      "codigo": "53349",
      "action": "created",
      "productId": "69f5a78d8d645b58ce7bd995"
    },
    {
      "codigo": "52739",
      "action": "created",
      "productId": "69f5a78d8d645b58ce7bd997"
    },
    {
      "codigo": "52294",
      "action": "created",
      "productId": "69f5a78e8d645b58ce7bdb09"
    },
    {
      "codigo": "50055",
      "action": "created",
      "productId": "69f5a78e8d645b58ce7bdb0b"
    },
    {
      "codigo": "45335",
      "action": "created",
      "productId": "69f5a78e8d645b58ce7bdb0d"
    },
    {
      "codigo": "50899",
      "action": "created",
      "productId": "69f5a7908d645b58ce7bdd30"
    },
    {
      "codigo": "39522",
      "action": "created",
      "productId": "69f5a7918d645b58ce7bdde9"
    },
    {
      "codigo": "49730",
      "action": "created",
      "productId": "69f5a7918d645b58ce7bdea6"
    },
    {
      "codigo": "28664",
      "action": "created",
      "productId": "69f5a7918d645b58ce7bdf67"
    },
    {
      "codigo": "29422",
      "action": "created",
      "productId": "69f5a7918d645b58ce7bdf69"
    },
    {
      "codigo": "28571",
      "action": "created",
      "productId": "69f5a7928d645b58ce7bdf6d"
    },
    {
      "codigo": "50671",
      "action": "created",
      "productId": "69f5a7938d645b58ce7be1a2"
    },
    {
      "codigo": "19808",
      "action": "created",
      "productId": "69f5a7948d645b58ce7be262"
    },
    {
      "codigo": "31413",
      "action": "created",
      "productId": "69f5a7948d645b58ce7be32c"
    },
    {
      "codigo": "39629",
      "action": "created",
      "productId": "69f5a7948d645b58ce7be330"
    },
    {
      "codigo": "43134",
      "action": "created",
      "productId": "69f5a7958d645b58ce7be4c1"
    },
    {
      "codigo": "26118",
      "action": "created",
      "productId": "69f5a7968d645b58ce7be58d"
    },
    {
      "codigo": "43135",
      "action": "created",
      "productId": "69f5a7968d645b58ce7be659"
    },
    {
      "codigo": "51946",
      "action": "created",
      "productId": "69f5a7978d645b58ce7be725"
    },
    {
      "codigo": "51947",
      "action": "created",
      "productId": "69f5a7978d645b58ce7be7f1"
    },
    {
      "codigo": "55647",
      "action": "created",
      "productId": "69f5a7998d645b58ce7be8bd"
    },
    {
      "codigo": "31101",
      "action": "created",
      "productId": "69f5a79b8d645b58ce7be989"
    },
    {
      "codigo": "57574",
      "action": "created",
      "productId": "69f5a79b8d645b58ce7bea55"
    },
    {
      "codigo": "56430",
      "action": "created",
      "productId": "69f5a79c8d645b58ce7beb21"
    },
    {
      "codigo": "57573",
      "action": "created",
      "productId": "69f5a79c8d645b58ce7bebed"
    },
    {
      "codigo": "54204",
      "action": "created",
      "productId": "69f5a79e8d645b58ce7becb9"
    },
    {
      "codigo": "55128",
      "action": "created",
      "productId": "69f5a79f8d645b58ce7bed85"
    },
    {
      "codigo": "52497",
      "action": "created",
      "productId": "69f5a79f8d645b58ce7bee52"
    },
    {
      "codigo": "52498",
      "action": "created",
      "productId": "69f5a79f8d645b58ce7bee56"
    },
    {
      "codigo": "53373",
      "action": "created",
      "productId": "69f5a79f8d645b58ce7befe9"
    },
    {
      "codigo": "52495",
      "action": "created",
      "productId": "69f5a7a08d645b58ce7bf0b5"
    },
    {
      "codigo": "40709",
      "action": "created",
      "productId": "69f5a7a18d645b58ce7bf181"
    },
    {
      "codigo": "23937",
      "action": "created",
      "productId": "69f5a7a28d645b58ce7bf24d"
    },
    {
      "codigo": "52057",
      "action": "created",
      "productId": "69f5a7a38d645b58ce7bf319"
    },
    {
      "codigo": "1628",
      "action": "created",
      "productId": "69f5a7a48d645b58ce7bf3e5"
    },
    {
      "codigo": "55517",
      "action": "created",
      "productId": "69f5a7a58d645b58ce7bf4b1"
    },
    {
      "codigo": "54950",
      "action": "created",
      "productId": "69f5a7a58d645b58ce7bf57d"
    },
    {
      "codigo": "55242",
      "action": "created",
      "productId": "69f5a7a68d645b58ce7bf649"
    },
    {
      "codigo": "54946",
      "action": "created",
      "productId": "69f5a7a68d645b58ce7bf715"
    },
    {
      "codigo": "52996",
      "action": "created",
      "productId": "69f5a7a78d645b58ce7bf7e1"
    },
    {
      "codigo": "49579",
      "action": "created",
      "productId": "69f5a7a78d645b58ce7bf8ad"
    },
    {
      "codigo": "49576",
      "action": "created",
      "productId": "69f5a7a88d645b58ce7bf979"
    },
    {
      "codigo": "42213",
      "action": "created",
      "productId": "69f5a7a98d645b58ce7bfa45"
    },
    {
      "codigo": "54103",
      "action": "created",
      "productId": "69f5a7aa8d645b58ce7bfb11"
    },
    {
      "codigo": "46041",
      "action": "created",
      "productId": "69f5a7aa8d645b58ce7bfbdd"
    },
    {
      "codigo": "30080",
      "action": "created",
      "productId": "69f5a7aa8d645b58ce7bfcaa"
    },
    {
      "codigo": "44465",
      "action": "created",
      "productId": "69f5a7ab8d645b58ce7bfcae"
    },
    {
      "codigo": "36738",
      "action": "created",
      "productId": "69f5a7ab8d645b58ce7bfe41"
    },
    {
      "codigo": "44198",
      "action": "created",
      "productId": "69f5a7ac8d645b58ce7bff0d"
    },
    {
      "codigo": "57060",
      "action": "created",
      "productId": "69f5a7ad8d645b58ce7bffd9"
    },
    {
      "codigo": "26900",
      "action": "created",
      "productId": "69f5a7ae8d645b58ce7c00a5"
    },
    {
      "codigo": "24773",
      "action": "created",
      "productId": "69f5a7ae8d645b58ce7c0173"
    },
    {
      "codigo": "26897",
      "action": "created",
      "productId": "69f5a7ae8d645b58ce7c0175"
    },
    {
      "codigo": "58067",
      "action": "created",
      "productId": "69f5a7af8d645b58ce7c0309"
    },
    {
      "codigo": "26896",
      "action": "created",
      "productId": "69f5a7b08d645b58ce7c03d5"
    },
    {
      "codigo": "57061",
      "action": "created",
      "productId": "69f5a7b08d645b58ce7c04a1"
    },
    {
      "codigo": "47071",
      "action": "created",
      "productId": "69f5a7b18d645b58ce7c056d"
    },
    {
      "codigo": "47594",
      "action": "created",
      "productId": "69f5a7b18d645b58ce7c063d"
    },
    {
      "codigo": "16183",
      "action": "created",
      "productId": "69f5a7b18d645b58ce7c0644"
    },
    {
      "codigo": "55497",
      "action": "created",
      "productId": "69f5a7b18d645b58ce7c0646"
    },
    {
      "codigo": "16184",
      "action": "created",
      "productId": "69f5a7b18d645b58ce7c0711"
    },
    {
      "codigo": "43111",
      "action": "created",
      "productId": "69f5a7b28d645b58ce7c08a9"
    },
    {
      "codigo": "37581",
      "action": "created",
      "productId": "69f5a7b38d645b58ce7c0a43"
    },
    {
      "codigo": "43110",
      "action": "created",
      "productId": "69f5a7b38d645b58ce7c0a45"
    },
    {
      "codigo": "42399",
      "action": "created",
      "productId": "69f5a7b58d645b58ce7c0bdd"
    },
    {
      "codigo": "10314",
      "action": "created",
      "productId": "69f5a7b58d645b58ce7c0cac"
    },
    {
      "codigo": "55575",
      "action": "created",
      "productId": "69f5a7b78d645b58ce7c0d7b"
    },
    {
      "codigo": "57758",
      "action": "created",
      "productId": "69f5a7b88d645b58ce7c0e4e"
    },
    {
      "codigo": "57993",
      "action": "created",
      "productId": "69f5a7b88d645b58ce7c0e4c"
    },
    {
      "codigo": "57759",
      "action": "created",
      "productId": "69f5a7b88d645b58ce7c0fea"
    },
    {
      "codigo": "57967",
      "action": "created",
      "productId": "69f5a7b88d645b58ce7c0fec"
    },
    {
      "codigo": "56954",
      "action": "created",
      "productId": "69f5a7b88d645b58ce7c1186"
    },
    {
      "codigo": "56938",
      "action": "created",
      "productId": "69f5a7b98d645b58ce7c1256"
    },
    {
      "codigo": "56937",
      "action": "created",
      "productId": "69f5a7ba8d645b58ce7c125a"
    },
    {
      "codigo": "55695",
      "action": "created",
      "productId": "69f5a7bc8d645b58ce7c13f3"
    },
    {
      "codigo": "55694",
      "action": "created",
      "productId": "69f5a7be8d645b58ce7c14c2"
    },
    {
      "codigo": "54339",
      "action": "created",
      "productId": "69f5a7bf8d645b58ce7c1591"
    },
    {
      "codigo": "53932",
      "action": "created",
      "productId": "69f5a7bf8d645b58ce7c1660"
    },
    {
      "codigo": "55661",
      "action": "created",
      "productId": "69f5a7c08d645b58ce7c1731"
    },
    {
      "codigo": "52058",
      "action": "created",
      "productId": "69f5a7c08d645b58ce7c1733"
    },
    {
      "codigo": "52619",
      "action": "created",
      "productId": "69f5a7c08d645b58ce7c18cd"
    },
    {
      "codigo": "51039",
      "action": "created",
      "productId": "69f5a7c18d645b58ce7c199c"
    },
    {
      "codigo": "52718",
      "action": "created",
      "productId": "69f5a7c28d645b58ce7c1a6b"
    },
    {
      "codigo": "52618",
      "action": "created",
      "productId": "69f5a7c38d645b58ce7c1b3b"
    },
    {
      "codigo": "51015",
      "action": "created",
      "productId": "69f5a7c38d645b58ce7c1b3f"
    },
    {
      "codigo": "50974",
      "action": "created",
      "productId": "69f5a7c48d645b58ce7c1cd8"
    },
    {
      "codigo": "50756",
      "action": "created",
      "productId": "69f5a7c58d645b58ce7c1da7"
    },
    {
      "codigo": "50757",
      "action": "created",
      "productId": "69f5a7c68d645b58ce7c1e76"
    },
    {
      "codigo": "50752",
      "action": "created",
      "productId": "69f5a7c68d645b58ce7c1f46"
    },
    {
      "codigo": "50753",
      "action": "created",
      "productId": "69f5a7c68d645b58ce7c1f4a"
    },
    {
      "codigo": "48629",
      "action": "created",
      "productId": "69f5a7c68d645b58ce7c20e3"
    },
    {
      "codigo": "45387",
      "action": "created",
      "productId": "69f5a7c78d645b58ce7c21b2"
    },
    {
      "codigo": "48628",
      "action": "created",
      "productId": "69f5a7c78d645b58ce7c2281"
    },
    {
      "codigo": "45385",
      "action": "created",
      "productId": "69f5a7c78d645b58ce7c2350"
    },
    {
      "codigo": "48627",
      "action": "created",
      "productId": "69f5a7c88d645b58ce7c2420"
    },
    {
      "codigo": "26890",
      "action": "created",
      "productId": "69f5a7c88d645b58ce7c2424"
    },
    {
      "codigo": "45384",
      "action": "created",
      "productId": "69f5a7c88d645b58ce7c25bd"
    },
    {
      "codigo": "45599",
      "action": "created",
      "productId": "69f5a7c98d645b58ce7c268d"
    },
    {
      "codigo": "41375",
      "action": "created",
      "productId": "69f5a7cb8d645b58ce7c275f"
    },
    {
      "codigo": "41376",
      "action": "created",
      "productId": "69f5a7cb8d645b58ce7c2763"
    },
    {
      "codigo": "38963",
      "action": "created",
      "productId": "69f5a7cb8d645b58ce7c2768"
    },
    {
      "codigo": "22035",
      "action": "created",
      "productId": "69f5a7cb8d645b58ce7c276a"
    },
    {
      "codigo": "58136",
      "action": "created",
      "productId": "69f5a7cc8d645b58ce7c2906"
    },
    {
      "codigo": "40080",
      "action": "created",
      "productId": "69f5a7cc8d645b58ce7c29d7"
    },
    {
      "codigo": "58135",
      "action": "created",
      "productId": "69f5a7cc8d645b58ce7c2aa6"
    },
    {
      "codigo": "22034",
      "action": "created",
      "productId": "69f5a7cc8d645b58ce7c2d0d"
    },
    {
      "codigo": "26877",
      "action": "created",
      "productId": "69f5a7cd8d645b58ce7c2ddd"
    },
    {
      "codigo": "22033",
      "action": "created",
      "productId": "69f5a7cd8d645b58ce7c2ead"
    },
    {
      "codigo": "55910",
      "action": "created",
      "productId": "69f5a7ce8d645b58ce7c2f7d"
    },
    {
      "codigo": "55918",
      "action": "created",
      "productId": "69f5a7cf8d645b58ce7c304d"
    },
    {
      "codigo": "55786",
      "action": "created",
      "productId": "69f5a7cf8d645b58ce7c311d"
    },
    {
      "codigo": "57777",
      "action": "created",
      "productId": "69f5a7cf8d645b58ce7c31ee"
    },
    {
      "codigo": "57465",
      "action": "created",
      "productId": "69f5a7d08d645b58ce7c32bf"
    },
    {
      "codigo": "57229",
      "action": "created",
      "productId": "69f5a7d18d645b58ce7c3390"
    },
    {
      "codigo": "58125",
      "action": "created",
      "productId": "69f5a7d18d645b58ce7c3461"
    },
    {
      "codigo": "57230",
      "action": "created",
      "productId": "69f5a7d28d645b58ce7c3532"
    },
    {
      "codigo": "55914",
      "action": "created",
      "productId": "69f5a7d28d645b58ce7c3603"
    },
    {
      "codigo": "53999",
      "action": "created",
      "productId": "69f5a7d38d645b58ce7c36d4"
    },
    {
      "codigo": "57514",
      "action": "created",
      "productId": "69f5a7d38d645b58ce7c37a5"
    },
    {
      "codigo": "55917",
      "action": "created",
      "productId": "69f5a7d48d645b58ce7c3878"
    },
    {
      "codigo": "57513",
      "action": "created",
      "productId": "69f5a7d48d645b58ce7c387a"
    },
    {
      "codigo": "55687",
      "action": "created",
      "productId": "69f5a7d48d645b58ce7c3a18"
    },
    {
      "codigo": "55554",
      "action": "created",
      "productId": "69f5a7d58d645b58ce7c3ae9"
    },
    {
      "codigo": "55553",
      "action": "created",
      "productId": "69f5a7d68d645b58ce7c3bba"
    },
    {
      "codigo": "57561",
      "action": "created",
      "productId": "69f5a7d78d645b58ce7c3c8c"
    },
    {
      "codigo": "53885",
      "action": "created",
      "productId": "69f5a7d88d645b58ce7c3c90"
    },
    {
      "codigo": "53998",
      "action": "created",
      "productId": "69f5a7d88d645b58ce7c3d60"
    },
    {
      "codigo": "53708",
      "action": "created",
      "productId": "69f5a7d98d645b58ce7c3efe"
    },
    {
      "codigo": "53707",
      "action": "created",
      "productId": "69f5a7d98d645b58ce7c3fcf"
    },
    {
      "codigo": "53710",
      "action": "created",
      "productId": "69f5a7da8d645b58ce7c3fd4"
    },
    {
      "codigo": "53684",
      "action": "created",
      "productId": "69f5a7da8d645b58ce7c4171"
    },
    {
      "codigo": "53685",
      "action": "created",
      "productId": "69f5a7db8d645b58ce7c4242"
    },
    {
      "codigo": "57001",
      "action": "created",
      "productId": "69f5a7db8d645b58ce7c4313"
    },
    {
      "codigo": "58112",
      "action": "created",
      "productId": "69f5a7dc8d645b58ce7c43e4"
    },
    {
      "codigo": "58111",
      "action": "created",
      "productId": "69f5a7de8d645b58ce7c44b5"
    },
    {
      "codigo": "57231",
      "action": "created",
      "productId": "69f5a7de8d645b58ce7c4586"
    },
    {
      "codigo": "51524",
      "action": "created",
      "productId": "69f5a7df8d645b58ce7c4657"
    },
    {
      "codigo": "58084",
      "action": "created",
      "productId": "69f5a7df8d645b58ce7c4728"
    },
    {
      "codigo": "58088",
      "action": "created",
      "productId": "69f5a7e08d645b58ce7c47f9"
    },
    {
      "codigo": "58086",
      "action": "created",
      "productId": "69f5a7e08d645b58ce7c48ca"
    },
    {
      "codigo": "56371",
      "action": "created",
      "productId": "69f5a7e18d645b58ce7c499b"
    },
    {
      "codigo": "51521",
      "action": "created",
      "productId": "69f5a7e18d645b58ce7c4a6c"
    },
    {
      "codigo": "58013",
      "action": "created",
      "productId": "69f5a7e18d645b58ce7c4a73"
    },
    {
      "codigo": "51520",
      "action": "created",
      "productId": "69f5a7e18d645b58ce7c4a75"
    },
    {
      "codigo": "57630",
      "action": "created",
      "productId": "69f5a7e28d645b58ce7c4cdf"
    },
    {
      "codigo": "51442",
      "action": "created",
      "productId": "69f5a7e48d645b58ce7c4db0"
    },
    {
      "codigo": "51213",
      "action": "created",
      "productId": "69f5a7e58d645b58ce7c4e81"
    },
    {
      "codigo": "58052",
      "action": "created",
      "productId": "69f5a7e68d645b58ce7c4f54"
    },
    {
      "codigo": "50683",
      "action": "created",
      "productId": "69f5a7e68d645b58ce7c4f56"
    },
    {
      "codigo": "50684",
      "action": "created",
      "productId": "69f5a7e68d645b58ce7c5029"
    },
    {
      "codigo": "58049",
      "action": "created",
      "productId": "69f5a7e68d645b58ce7c51c8"
    },
    {
      "codigo": "54496",
      "action": "created",
      "productId": "69f5a7e78d645b58ce7c529a"
    },
    {
      "codigo": "54021",
      "action": "created",
      "productId": "69f5a7e78d645b58ce7c536c"
    },
    {
      "codigo": "58051",
      "action": "created",
      "productId": "69f5a7e88d645b58ce7c543e"
    },
    {
      "codigo": "54020",
      "action": "created",
      "productId": "69f5a7e98d645b58ce7c5510"
    },
    {
      "codigo": "55912",
      "action": "created",
      "productId": "69f5a7e98d645b58ce7c55e3"
    },
    {
      "codigo": "54022",
      "action": "created",
      "productId": "69f5a7ea8d645b58ce7c56b8"
    },
    {
      "codigo": "55911",
      "action": "created",
      "productId": "69f5a7ea8d645b58ce7c56ba"
    },
    {
      "codigo": "53671",
      "action": "created",
      "productId": "69f5a7ec8d645b58ce7c585e"
    },
    {
      "codigo": "53423",
      "action": "created",
      "productId": "69f5a7ec8d645b58ce7c5863"
    },
    {
      "codigo": "55934",
      "action": "created",
      "productId": "69f5a7ec8d645b58ce7c5865"
    },
    {
      "codigo": "53422",
      "action": "created",
      "productId": "69f5a7ec8d645b58ce7c5ad5"
    },
    {
      "codigo": "55913",
      "action": "created",
      "productId": "69f5a7ed8d645b58ce7c5ba8"
    },
    {
      "codigo": "55907",
      "action": "created",
      "productId": "69f5a7ed8d645b58ce7c5c7b"
    },
    {
      "codigo": "53424",
      "action": "created",
      "productId": "69f5a7ee8d645b58ce7c5d4e"
    },
    {
      "codigo": "53425",
      "action": "created",
      "productId": "69f5a7ee8d645b58ce7c5e21"
    },
    {
      "codigo": "55933",
      "action": "created",
      "productId": "69f5a7ef8d645b58ce7c5ef4"
    },
    {
      "codigo": "57466",
      "action": "created",
      "productId": "69f5a7f08d645b58ce7c5fc7"
    },
    {
      "codigo": "57232",
      "action": "created",
      "productId": "69f5a7f18d645b58ce7c609a"
    },
    {
      "codigo": "57973",
      "action": "created",
      "productId": "69f5a7f28d645b58ce7c616d"
    },
    {
      "codigo": "57963",
      "action": "created",
      "productId": "69f5a7f28d645b58ce7c6240"
    },
    {
      "codigo": "57972",
      "action": "created",
      "productId": "69f5a7f28d645b58ce7c6245"
    },
    {
      "codigo": "57233",
      "action": "created",
      "productId": "69f5a7f38d645b58ce7c63e7"
    },
    {
      "codigo": "57234",
      "action": "created",
      "productId": "69f5a7f38d645b58ce7c63ed"
    },
    {
      "codigo": "54110",
      "action": "created",
      "productId": "69f5a7f38d645b58ce7c63ef"
    },
    {
      "codigo": "51796",
      "action": "created",
      "productId": "69f5a7f48d645b58ce7c665f"
    },
    {
      "codigo": "53794",
      "action": "created",
      "productId": "69f5a7f48d645b58ce7c6736"
    },
    {
      "codigo": "49646",
      "action": "created",
      "productId": "69f5a7f48d645b58ce7c6734"
    },
    {
      "codigo": "51541",
      "action": "created",
      "productId": "69f5a7f68d645b58ce7c68d8"
    },
    {
      "codigo": "56557",
      "action": "created",
      "productId": "69f5a7f78d645b58ce7c69ab"
    },
    {
      "codigo": "57698",
      "action": "created",
      "productId": "69f5a7f88d645b58ce7c6a7e"
    },
    {
      "codigo": "57317",
      "action": "created",
      "productId": "69f5a7f98d645b58ce7c6b51"
    },
    {
      "codigo": "57347",
      "action": "created",
      "productId": "69f5a7f98d645b58ce7c6b56"
    },
    {
      "codigo": "56824",
      "action": "created",
      "productId": "69f5a7f98d645b58ce7c6cf7"
    },
    {
      "codigo": "57315",
      "action": "created",
      "productId": "69f5a7fa8d645b58ce7c6dca"
    },
    {
      "codigo": "57305",
      "action": "created",
      "productId": "69f5a7fa8d645b58ce7c6e9d"
    },
    {
      "codigo": "57306",
      "action": "created",
      "productId": "69f5a7fa8d645b58ce7c6f70"
    },
    {
      "codigo": "57304",
      "action": "created",
      "productId": "69f5a7fa8d645b58ce7c6f75"
    },
    {
      "codigo": "57051",
      "action": "created",
      "productId": "69f5a7fc8d645b58ce7c7117"
    },
    {
      "codigo": "56206",
      "action": "created",
      "productId": "69f5a7fc8d645b58ce7c711a"
    },
    {
      "codigo": "56951",
      "action": "created",
      "productId": "69f5a7fc8d645b58ce7c72be"
    },
    {
      "codigo": "55921",
      "action": "created",
      "productId": "69f5a7fc8d645b58ce7c72c1"
    },
    {
      "codigo": "55919",
      "action": "created",
      "productId": "69f5a7fc8d645b58ce7c72c5"
    },
    {
      "codigo": "55909",
      "action": "created",
      "productId": "69f5a7fd8d645b58ce7c7466"
    },
    {
      "codigo": "56586",
      "action": "created",
      "productId": "69f5a7ff8d645b58ce7c7608"
    },
    {
      "codigo": "55902",
      "action": "created",
      "productId": "69f5a7ff8d645b58ce7c76e1"
    },
    {
      "codigo": "55904",
      "action": "created",
      "productId": "69f5a7ff8d645b58ce7c76e3"
    },
    {
      "codigo": "56585",
      "action": "created",
      "productId": "69f5a7ff8d645b58ce7c76e5"
    },
    {
      "codigo": "56484",
      "action": "created",
      "productId": "69f5a7ff8d645b58ce7c76e7"
    },
    {
      "codigo": "55803",
      "action": "created",
      "productId": "69f5a8028d645b58ce7c7a27"
    },
    {
      "codigo": "55906",
      "action": "created",
      "productId": "69f5a8048d645b58ce7c7afa"
    },
    {
      "codigo": "55871",
      "action": "created",
      "productId": "69f5a8058d645b58ce7c7bcd"
    },
    {
      "codigo": "55343",
      "action": "created",
      "productId": "69f5a8058d645b58ce7c7ca0"
    },
    {
      "codigo": "55805",
      "action": "created",
      "productId": "69f5a8058d645b58ce7c7d73"
    },
    {
      "codigo": "55515",
      "action": "created",
      "productId": "69f5a8068d645b58ce7c7e46"
    },
    {
      "codigo": "55804",
      "action": "created",
      "productId": "69f5a8068d645b58ce7c7f19"
    },
    {
      "codigo": "54843",
      "action": "created",
      "productId": "69f5a8078d645b58ce7c7fec"
    },
    {
      "codigo": "55188",
      "action": "created",
      "productId": "69f5a8088d645b58ce7c80bf"
    },
    {
      "codigo": "54299",
      "action": "created",
      "productId": "69f5a8088d645b58ce7c8192"
    },
    {
      "codigo": "53899",
      "action": "created",
      "productId": "69f5a8098d645b58ce7c8265"
    },
    {
      "codigo": "53880",
      "action": "created",
      "productId": "69f5a80a8d645b58ce7c8338"
    },
    {
      "codigo": "54253",
      "action": "created",
      "productId": "69f5a80b8d645b58ce7c840b"
    },
    {
      "codigo": "53760",
      "action": "created",
      "productId": "69f5a80b8d645b58ce7c84de"
    },
    {
      "codigo": "53687",
      "action": "created",
      "productId": "69f5a80c8d645b58ce7c85b1"
    },
    {
      "codigo": "53761",
      "action": "created",
      "productId": "69f5a80c8d645b58ce7c85b6"
    },
    {
      "codigo": "54118",
      "action": "created",
      "productId": "69f5a80d8d645b58ce7c8757"
    },
    {
      "codigo": "53689",
      "action": "created",
      "productId": "69f5a80d8d645b58ce7c882a"
    },
    {
      "codigo": "53688",
      "action": "created",
      "productId": "69f5a80e8d645b58ce7c88fd"
    },
    {
      "codigo": "53670",
      "action": "created",
      "productId": "69f5a80e8d645b58ce7c89d0"
    },
    {
      "codigo": "53638",
      "action": "created",
      "productId": "69f5a80f8d645b58ce7c8aa3"
    },
    {
      "codigo": "53576",
      "action": "created",
      "productId": "69f5a8118d645b58ce7c8b76"
    },
    {
      "codigo": "53637",
      "action": "created",
      "productId": "69f5a8118d645b58ce7c8c49"
    },
    {
      "codigo": "53711",
      "action": "created",
      "productId": "69f5a8118d645b58ce7c8c4e"
    },
    {
      "codigo": "52847",
      "action": "created",
      "productId": "69f5a8128d645b58ce7c8def"
    },
    {
      "codigo": "48250",
      "action": "created",
      "productId": "69f5a8128d645b58ce7c8ec2"
    },
    {
      "codigo": "53679",
      "action": "created",
      "productId": "69f5a8138d645b58ce7c8f95"
    },
    {
      "codigo": "48081",
      "action": "created",
      "productId": "69f5a8138d645b58ce7c9068"
    },
    {
      "codigo": "52031",
      "action": "created",
      "productId": "69f5a8148d645b58ce7c913b"
    },
    {
      "codigo": "51842",
      "action": "created",
      "productId": "69f5a8158d645b58ce7c920e"
    },
    {
      "codigo": "49489",
      "action": "created",
      "productId": "69f5a8168d645b58ce7c92e1"
    },
    {
      "codigo": "51441",
      "action": "created",
      "productId": "69f5a8178d645b58ce7c93b6"
    },
    {
      "codigo": "51841",
      "action": "created",
      "productId": "69f5a8178d645b58ce7c93b8"
    },
    {
      "codigo": "51516",
      "action": "created",
      "productId": "69f5a8178d645b58ce7c955a"
    },
    {
      "codigo": "50908",
      "action": "created",
      "productId": "69f5a8188d645b58ce7c962d"
    },
    {
      "codigo": "51440",
      "action": "created",
      "productId": "69f5a8188d645b58ce7c9632"
    },
    {
      "codigo": "50907",
      "action": "created",
      "productId": "69f5a8188d645b58ce7c97d3"
    },
    {
      "codigo": "51326",
      "action": "created",
      "productId": "69f5a8188d645b58ce7c98a6"
    },
    {
      "codigo": "51324",
      "action": "created",
      "productId": "69f5a8198d645b58ce7c9979"
    },
    {
      "codigo": "51323",
      "action": "created",
      "productId": "69f5a8198d645b58ce7c9a4c"
    },
    {
      "codigo": "51244",
      "action": "created",
      "productId": "69f5a81b8d645b58ce7c9b1f"
    },
    {
      "codigo": "50119",
      "action": "created",
      "productId": "69f5a81d8d645b58ce7c9bf2"
    },
    {
      "codigo": "50298",
      "action": "created",
      "productId": "69f5a81d8d645b58ce7c9cc5"
    },
    {
      "codigo": "49719",
      "action": "created",
      "productId": "69f5a81d8d645b58ce7c9d44"
    },
    {
      "codigo": "49645",
      "action": "created",
      "productId": "69f5a81d8d645b58ce7c9d49"
    },
    {
      "codigo": "49647",
      "action": "created",
      "productId": "69f5a81e8d645b58ce7c9dc6"
    },
    {
      "codigo": "49491",
      "action": "created",
      "productId": "69f5a81e8d645b58ce7c9ec0"
    },
    {
      "codigo": "49664",
      "action": "created",
      "productId": "69f5a81e8d645b58ce7c9ec5"
    },
    {
      "codigo": "49710",
      "action": "created",
      "productId": "69f5a81e8d645b58ce7c9fbf"
    },
    {
      "codigo": "49657",
      "action": "created",
      "productId": "69f5a81e8d645b58ce7ca03d"
    },
    {
      "codigo": "48156",
      "action": "created",
      "productId": "69f5a8208d645b58ce7ca0bc"
    },
    {
      "codigo": "47369",
      "action": "created",
      "productId": "69f5a8208d645b58ce7ca13b"
    },
    {
      "codigo": "41851",
      "action": "created",
      "productId": "69f5a8238d645b58ce7ca1ba"
    },
    {
      "codigo": "56872",
      "action": "created",
      "productId": "69f5a8238d645b58ce7ca239"
    },
    {
      "codigo": "57563",
      "action": "created",
      "productId": "69f5a8248d645b58ce7ca2b8"
    },
    {
      "codigo": "57089",
      "action": "created",
      "productId": "69f5a8248d645b58ce7ca337"
    },
    {
      "codigo": "57088",
      "action": "created",
      "productId": "69f5a8248d645b58ce7ca3b6"
    },
    {
      "codigo": "57091",
      "action": "created",
      "productId": "69f5a8258d645b58ce7ca438"
    },
    {
      "codigo": "57871",
      "action": "created",
      "productId": "69f5a8258d645b58ce7ca43a"
    },
    {
      "codigo": "57870",
      "action": "created",
      "productId": "69f5a8258d645b58ce7ca4b8"
    },
    {
      "codigo": "57644",
      "action": "created",
      "productId": "69f5a8268d645b58ce7ca5b2"
    },
    {
      "codigo": "57192",
      "action": "created",
      "productId": "69f5a8278d645b58ce7ca637"
    },
    {
      "codigo": "57191",
      "action": "created",
      "productId": "69f5a8278d645b58ce7ca6bc"
    },
    {
      "codigo": "55104",
      "action": "updated",
      "productId": "69f3d80043593ae9f97ac225"
    },
    {
      "codigo": "55103",
      "action": "updated",
      "productId": "69f3d80043593ae9f97ac21c"
    },
    {
      "codigo": "55102",
      "action": "updated",
      "productId": "69f3d80043593ae9f97ac21e"
    },
    {
      "codigo": "55101",
      "action": "updated",
      "productId": "69f3d80043593ae9f97ac264"
    },
    {
      "codigo": "52396",
      "action": "updated",
      "productId": "69f3d84c43593ae9f97ae3a2"
    },
    {
      "codigo": "53285",
      "action": "updated",
      "productId": "69f3d83143593ae9f97ad793"
    },
    {
      "codigo": "51484",
      "action": "updated",
      "productId": "69f3d86643593ae9f97aef85"
    },
    {
      "codigo": "51494",
      "action": "updated",
      "productId": "69f3d86243593ae9f97aeddc"
    },
    {
      "codigo": "54580",
      "action": "updated",
      "productId": "69f3d80a43593ae9f97ac6be"
    },
    {
      "codigo": "50356",
      "action": "updated",
      "productId": "69f3d88343593ae9f97afdf3"
    },
    {
      "codigo": "51451",
      "action": "updated",
      "productId": "69f3d86a43593ae9f97af0d9"
    },
    {
      "codigo": "50355",
      "action": "updated",
      "productId": "69f3d88643593ae9f97b0067"
    },
    {
      "codigo": "48643",
      "action": "updated",
      "productId": "69f3d8aa43593ae9f97b136e"
    },
    {
      "codigo": "48594",
      "action": "updated",
      "productId": "69f3d8ad43593ae9f97b15ec"
    },
    {
      "codigo": "48315",
      "action": "updated",
      "productId": "69f3d8b343593ae9f97b1984"
    },
    {
      "codigo": "48316",
      "action": "updated",
      "productId": "69f3d8b343593ae9f97b1980"
    },
    {
      "codigo": "48025",
      "action": "updated",
      "productId": "69f3d8b943593ae9f97b1d7e"
    },
    {
      "codigo": "48026",
      "action": "updated",
      "productId": "69f3d8b843593ae9f97b1cc4"
    },
    {
      "codigo": "45548",
      "action": "updated",
      "productId": "69f3d8db43593ae9f97b34de"
    },
    {
      "codigo": "39815",
      "action": "updated",
      "productId": "69f3d8f943593ae9f97b4d94"
    },
    {
      "codigo": "47663",
      "action": "updated",
      "productId": "69f3d8c043593ae9f97b2294"
    },
    {
      "codigo": "47364",
      "action": "updated",
      "productId": "69f3d8c743593ae9f97b26ff"
    },
    {
      "codigo": "45346",
      "action": "updated",
      "productId": "69f3d8db43593ae9f97b360e"
    },
    {
      "codigo": "47137",
      "action": "updated",
      "productId": "69f3d8cc43593ae9f97b2b10"
    },
    {
      "codigo": "41481",
      "action": "updated",
      "productId": "69f3d8f443593ae9f97b48d7"
    },
    {
      "codigo": "41480",
      "action": "updated",
      "productId": "69f3d8f443593ae9f97b49a5"
    },
    {
      "codigo": "25802",
      "action": "updated",
      "productId": "69f3d93043593ae9f97b7817"
    },
    {
      "codigo": "46547",
      "action": "updated",
      "productId": "69f3d8d143593ae9f97b2d4e"
    },
    {
      "codigo": "44379",
      "action": "updated",
      "productId": "69f3d8e443593ae9f97b3b8c"
    },
    {
      "codigo": "45986",
      "action": "updated",
      "productId": "69f3d8d943593ae9f97b3416"
    },
    {
      "codigo": "38692",
      "action": "updated",
      "productId": "69f3d90843593ae9f97b5a3b"
    },
    {
      "codigo": "553",
      "action": "updated",
      "productId": "69f3d92343593ae9f97b6d71"
    },
    {
      "codigo": "14497",
      "action": "updated",
      "productId": "69f3d93c43593ae9f97b7ff2"
    },
    {
      "codigo": "24264",
      "action": "updated",
      "productId": "69f3d93743593ae9f97b7d6c"
    },
    {
      "codigo": "36736",
      "action": "updated",
      "productId": "69f3d91543593ae9f97b632c"
    },
    {
      "codigo": "26193",
      "action": "updated",
      "productId": "69f3d93343593ae9f97b7af6"
    },
    {
      "codigo": "32432",
      "action": "updated",
      "productId": "69f3d92943593ae9f97b725a"
    },
    {
      "codigo": "14899",
      "action": "updated",
      "productId": "69f3d93e43593ae9f97b8097"
    },
    {
      "codigo": "13931",
      "action": "updated",
      "productId": "69f3d93e43593ae9f97b8029"
    },
    {
      "codigo": "13310",
      "action": "updated",
      "productId": "69f3d94043593ae9f97b8105"
    },
    {
      "codigo": "53896",
      "action": "created",
      "productId": "69f5a83f8d645b58ce7cbf1c"
    },
    {
      "codigo": "56450",
      "action": "created",
      "productId": "69f5a83f8d645b58ce7cbf1f"
    },
    {
      "codigo": "57361",
      "action": "created",
      "productId": "69f5a8438d645b58ce7cc1b2"
    },
    {
      "codigo": "57403",
      "action": "created",
      "productId": "69f5a8438d645b58ce7cc1b4"
    },
    {
      "codigo": "46741",
      "action": "updated",
      "productId": "69f3d8cb43593ae9f97b29ee"
    },
    {
      "codigo": "57360",
      "action": "created",
      "productId": "69f5a8438d645b58ce7cc372"
    },
    {
      "codigo": "56401",
      "action": "created",
      "productId": "69f5a8438d645b58ce7cc374"
    },
    {
      "codigo": "57359",
      "action": "created",
      "productId": "69f5a8448d645b58ce7cc609"
    },
    {
      "codigo": "55720",
      "action": "updated",
      "productId": "69f3d7f143593ae9f97abd19"
    },
    {
      "codigo": "58075",
      "action": "created",
      "productId": "69f5a8448d645b58ce7cc6ea"
    },
    {
      "codigo": "55771",
      "action": "updated",
      "productId": "69f3d7e643593ae9f97ab970"
    },
    {
      "codigo": "51446",
      "action": "updated",
      "productId": "69f3d86a43593ae9f97af186"
    },
    {
      "codigo": "51445",
      "action": "updated",
      "productId": "69f3d86a43593ae9f97af12e"
    },
    {
      "codigo": "55762",
      "action": "created",
      "productId": "69f5a8458d645b58ce7cca61"
    },
    {
      "codigo": "58068",
      "action": "created",
      "productId": "69f5a8468d645b58ce7ccc1a"
    },
    {
      "codigo": "56320",
      "action": "created",
      "productId": "69f5a8468d645b58ce7cccfa"
    },
    {
      "codigo": "45976",
      "action": "updated",
      "productId": "69f3d8d643593ae9f97b3160"
    },
    {
      "codigo": "41781",
      "action": "updated",
      "productId": "69f3d8f043593ae9f97b454a"
    },
    {
      "codigo": "43698",
      "action": "updated",
      "productId": "69f3d8e343593ae9f97b3b1e"
    },
    {
      "codigo": "53927",
      "action": "created",
      "productId": "69f5a8488d645b58ce7cd07b"
    },
    {
      "codigo": "53295",
      "action": "created",
      "productId": "69f5a84a8d645b58ce7cd161"
    },
    {
      "codigo": "57464",
      "action": "created",
      "productId": "69f5a84b8d645b58ce7cd24a"
    },
    {
      "codigo": "38256",
      "action": "updated",
      "productId": "69f3d90d43593ae9f97b5d70"
    },
    {
      "codigo": "51981",
      "action": "created",
      "productId": "69f5a84b8d645b58ce7cd165"
    },
    {
      "codigo": "51979",
      "action": "created",
      "productId": "69f5a84c8d645b58ce7cd251"
    },
    {
      "codigo": "43697",
      "action": "updated",
      "productId": "69f3d8e643593ae9f97b3ea2"
    },
    {
      "codigo": "58118",
      "action": "created",
      "productId": "69f5a84d8d645b58ce7cd5ec"
    },
    {
      "codigo": "51978",
      "action": "created",
      "productId": "69f5a84e8d645b58ce7cd7c0"
    },
    {
      "codigo": "54860",
      "action": "created",
      "productId": "69f5a84e8d645b58ce7cd7c5"
    },
    {
      "codigo": "58104",
      "action": "created",
      "productId": "69f5a84e8d645b58ce7cd8b0"
    },
    {
      "codigo": "51977",
      "action": "created",
      "productId": "69f5a84f8d645b58ce7cda87"
    },
    {
      "codigo": "51976",
      "action": "created",
      "productId": "69f5a84f8d645b58ce7cda8b"
    },
    {
      "codigo": "31915",
      "action": "updated",
      "productId": "69f3d8db43593ae9f97b3544"
    },
    {
      "codigo": "50808",
      "action": "created",
      "productId": "69f5a8548d645b58ce7cdd63"
    },
    {
      "codigo": "53413",
      "action": "updated",
      "productId": "69f3d82b43593ae9f97ad573"
    },
    {
      "codigo": "48039",
      "action": "created",
      "productId": "69f5a8558d645b58ce7cdf4e"
    },
    {
      "codigo": "54779",
      "action": "created",
      "productId": "69f5a8558d645b58ce7cdf52"
    },
    {
      "codigo": "54565",
      "action": "created",
      "productId": "69f5a8568d645b58ce7ce13d"
    },
    {
      "codigo": "55983",
      "action": "created",
      "productId": "69f5a8568d645b58ce7ce13f"
    },
    {
      "codigo": "50807",
      "action": "updated",
      "productId": "69f3d85b43593ae9f97aea63"
    },
    {
      "codigo": "55989",
      "action": "created",
      "productId": "69f5a8578d645b58ce7ce32b"
    },
    {
      "codigo": "42805",
      "action": "updated",
      "productId": "69f3d8ed43593ae9f97b43b6"
    },
    {
      "codigo": "55984",
      "action": "created",
      "productId": "69f5a85a8d645b58ce7ce60a"
    },
    {
      "codigo": "55845",
      "action": "created",
      "productId": "69f5a85b8d645b58ce7ce701"
    },
    {
      "codigo": "55848",
      "action": "created",
      "productId": "69f5a85c8d645b58ce7ce7f8"
    },
    {
      "codigo": "55847",
      "action": "created",
      "productId": "69f5a85c8d645b58ce7ce8ef"
    },
    {
      "codigo": "55846",
      "action": "created",
      "productId": "69f5a85d8d645b58ce7ce9ea"
    },
    {
      "codigo": "56150",
      "action": "created",
      "productId": "69f5a85d8d645b58ce7ce9e8"
    },
    {
      "codigo": "58053",
      "action": "created",
      "productId": "69f5a85d8d645b58ce7cebd4"
    },
    {
      "codigo": "54593",
      "action": "created",
      "productId": "69f5a85e8d645b58ce7ceccb"
    },
    {
      "codigo": "51255",
      "action": "created",
      "productId": "69f5a85f8d645b58ce7cedc2"
    },
    {
      "codigo": "57156",
      "action": "created",
      "productId": "69f5a8608d645b58ce7ceeb9"
    },
    {
      "codigo": "56408",
      "action": "created",
      "productId": "69f5a8608d645b58ce7cefb0"
    },
    {
      "codigo": "55331",
      "action": "created",
      "productId": "69f5a8608d645b58ce7cf0a7"
    },
    {
      "codigo": "57370",
      "action": "created",
      "productId": "69f5a8628d645b58ce7cf19e"
    },
    {
      "codigo": "57376",
      "action": "created",
      "productId": "69f5a8638d645b58ce7cf295"
    },
    {
      "codigo": "57378",
      "action": "created",
      "productId": "69f5a8638d645b58ce7cf38d"
    },
    {
      "codigo": "57377",
      "action": "created",
      "productId": "69f5a8638d645b58ce7cf390"
    },
    {
      "codigo": "57375",
      "action": "created",
      "productId": "69f5a8648d645b58ce7cf488"
    },
    {
      "codigo": "57379",
      "action": "created",
      "productId": "69f5a8648d645b58ce7cf674"
    },
    {
      "codigo": "57374",
      "action": "created",
      "productId": "69f5a8668d645b58ce7cf76d"
    },
    {
      "codigo": "57371",
      "action": "created",
      "productId": "69f5a8668d645b58ce7cf772"
    },
    {
      "codigo": "57373",
      "action": "created",
      "productId": "69f5a8678d645b58ce7cf95f"
    },
    {
      "codigo": "57369",
      "action": "created",
      "productId": "69f5a8678d645b58ce7cfa58"
    },
    {
      "codigo": "57372",
      "action": "created",
      "productId": "69f5a8688d645b58ce7cfb51"
    },
    {
      "codigo": "56796",
      "action": "created",
      "productId": "69f5a86a8d645b58ce7cfc4c"
    },
    {
      "codigo": "56799",
      "action": "created",
      "productId": "69f5a86a8d645b58ce7cfc4e"
    },
    {
      "codigo": "57158",
      "action": "created",
      "productId": "69f5a86a8d645b58ce7cfe3c"
    },
    {
      "codigo": "57669",
      "action": "created",
      "productId": "69f5a86b8d645b58ce7cff35"
    },
    {
      "codigo": "57665",
      "action": "created",
      "productId": "69f5a86c8d645b58ce7d002e"
    },
    {
      "codigo": "56795",
      "action": "created",
      "productId": "69f5a86d8d645b58ce7d0127"
    },
    {
      "codigo": "57670",
      "action": "created",
      "productId": "69f5a86e8d645b58ce7d0220"
    },
    {
      "codigo": "57667",
      "action": "created",
      "productId": "69f5a86e8d645b58ce7d0225"
    },
    {
      "codigo": "56712",
      "action": "created",
      "productId": "69f5a86f8d645b58ce7d0412"
    },
    {
      "codigo": "57668",
      "action": "created",
      "productId": "69f5a8708d645b58ce7d050b"
    },
    {
      "codigo": "57226",
      "action": "created",
      "productId": "69f5a8718d645b58ce7d0604"
    },
    {
      "codigo": "57225",
      "action": "created",
      "productId": "69f5a8718d645b58ce7d06fd"
    },
    {
      "codigo": "57217",
      "action": "created",
      "productId": "69f5a8728d645b58ce7d07f8"
    },
    {
      "codigo": "57224",
      "action": "created",
      "productId": "69f5a8728d645b58ce7d07fa"
    },
    {
      "codigo": "57216",
      "action": "created",
      "productId": "69f5a8738d645b58ce7d09e8"
    },
    {
      "codigo": "57213",
      "action": "created",
      "productId": "69f5a8748d645b58ce7d0ae1"
    },
    {
      "codigo": "57214",
      "action": "created",
      "productId": "69f5a8758d645b58ce7d0bda"
    },
    {
      "codigo": "57215",
      "action": "created",
      "productId": "69f5a8758d645b58ce7d0cd3"
    },
    {
      "codigo": "57223",
      "action": "created",
      "productId": "69f5a8778d645b58ce7d0dcc"
    },
    {
      "codigo": "55455",
      "action": "created",
      "productId": "69f5a8778d645b58ce7d0ec5"
    },
    {
      "codigo": "55888",
      "action": "created",
      "productId": "69f5a8778d645b58ce7d0fbe"
    },
    {
      "codigo": "55889",
      "action": "created",
      "productId": "69f5a8788d645b58ce7d10b7"
    },
    {
      "codigo": "55890",
      "action": "created",
      "productId": "69f5a8788d645b58ce7d10bc"
    },
    {
      "codigo": "55891",
      "action": "created",
      "productId": "69f5a8798d645b58ce7d12a9"
    },
    {
      "codigo": "55892",
      "action": "created",
      "productId": "69f5a87a8d645b58ce7d13a2"
    },
    {
      "codigo": "55052",
      "action": "created",
      "productId": "69f5a87b8d645b58ce7d149b"
    },
    {
      "codigo": "56526",
      "action": "created",
      "productId": "69f5a87b8d645b58ce7d1594"
    },
    {
      "codigo": "54728",
      "action": "created",
      "productId": "69f5a87b8d645b58ce7d168f"
    },
    {
      "codigo": "56527",
      "action": "created",
      "productId": "69f5a87b8d645b58ce7d1691"
    },
    {
      "codigo": "56363",
      "action": "created",
      "productId": "69f5a87d8d645b58ce7d187f"
    },
    {
      "codigo": "56797",
      "action": "created",
      "productId": "69f5a87e8d645b58ce7d1978"
    },
    {
      "codigo": "56798",
      "action": "created",
      "productId": "69f5a87e8d645b58ce7d1a71"
    },
    {
      "codigo": "55977",
      "action": "updated",
      "productId": "69f3d7d843593ae9f97ab3a7"
    },
    {
      "codigo": "57594",
      "action": "created",
      "productId": "69f5a87f8d645b58ce7d1c61"
    },
    {
      "codigo": "56365",
      "action": "created",
      "productId": "69f5a8808d645b58ce7d1d5c"
    },
    {
      "codigo": "55781",
      "action": "created",
      "productId": "69f5a8808d645b58ce7d1d5e"
    },
    {
      "codigo": "56364",
      "action": "created",
      "productId": "69f5a8818d645b58ce7d1f4c"
    },
    {
      "codigo": "56151",
      "action": "updated",
      "productId": "69f3d7d443593ae9f97ab256"
    },
    {
      "codigo": "56278",
      "action": "created",
      "productId": "69f5a8828d645b58ce7d213c"
    },
    {
      "codigo": "56362",
      "action": "created",
      "productId": "69f5a8838d645b58ce7d2235"
    },
    {
      "codigo": "55670",
      "action": "updated",
      "productId": "69f3d7f143593ae9f97abc9e"
    },
    {
      "codigo": "55744",
      "action": "updated",
      "productId": "69f3d7eb43593ae9f97aba27"
    },
    {
      "codigo": "55745",
      "action": "updated",
      "productId": "69f3d7ed43593ae9f97abb5e"
    },
    {
      "codigo": "53713",
      "action": "updated",
      "productId": "69f3d82743593ae9f97ad358"
    },
    {
      "codigo": "54309",
      "action": "updated",
      "productId": "69f3d81743593ae9f97acd57"
    },
    {
      "codigo": "55741",
      "action": "updated",
      "productId": "69f3d7ed43593ae9f97abb9d"
    },
    {
      "codigo": "53950",
      "action": "updated",
      "productId": "69f3d81d43593ae9f97acf7f"
    },
    {
      "codigo": "53949",
      "action": "updated",
      "productId": "69f3d81d43593ae9f97acfc4"
    },
    {
      "codigo": "55746",
      "action": "updated",
      "productId": "69f3d7ee43593ae9f97abbdc"
    },
    {
      "codigo": "53268",
      "action": "updated",
      "productId": "69f3d81443593ae9f97acb7f"
    },
    {
      "codigo": "53564",
      "action": "updated",
      "productId": "69f3d82a43593ae9f97ad445"
    },
    {
      "codigo": "53562",
      "action": "updated",
      "productId": "69f3d82a43593ae9f97ad443"
    },
    {
      "codigo": "53366",
      "action": "updated",
      "productId": "69f3d82c43593ae9f97ad5c0"
    },
    {
      "codigo": "45155",
      "action": "created",
      "productId": "69f5a8908d645b58ce7d2fb9"
    },
    {
      "codigo": "51709",
      "action": "updated",
      "productId": "69f3d85c43593ae9f97aeb01"
    },
    {
      "codigo": "53005",
      "action": "updated",
      "productId": "69f3d83b43593ae9f97adbc4"
    },
    {
      "codigo": "51708",
      "action": "updated",
      "productId": "69f3d86043593ae9f97aec43"
    },
    {
      "codigo": "51707",
      "action": "updated",
      "productId": "69f3d85f43593ae9f97aeba1"
    },
    {
      "codigo": "51706",
      "action": "updated",
      "productId": "69f3d86143593ae9f97aece5"
    },
    {
      "codigo": "51537",
      "action": "updated",
      "productId": "69f3d84643593ae9f97ae21c"
    },
    {
      "codigo": "51704",
      "action": "updated",
      "productId": "69f3d86043593ae9f97aec48"
    },
    {
      "codigo": "51703",
      "action": "updated",
      "productId": "69f3d86143593ae9f97aed36"
    },
    {
      "codigo": "51257",
      "action": "updated",
      "productId": "69f3d86f43593ae9f97af39b"
    },
    {
      "codigo": "50919",
      "action": "updated",
      "productId": "69f3d87743593ae9f97af86b"
    },
    {
      "codigo": "51256",
      "action": "updated",
      "productId": "69f3d86f43593ae9f97af448"
    },
    {
      "codigo": "50162",
      "action": "updated",
      "productId": "69f3d88543593ae9f97b000d"
    },
    {
      "codigo": "50915",
      "action": "updated",
      "productId": "69f3d87d43593ae9f97afb29"
    },
    {
      "codigo": "50916",
      "action": "updated",
      "productId": "69f3d87c43593ae9f97afa1e"
    },
    {
      "codigo": "50918",
      "action": "updated",
      "productId": "69f3d87a43593ae9f97af9c6"
    },
    {
      "codigo": "49651",
      "action": "updated",
      "productId": "69f3d87e43593ae9f97afbdb"
    },
    {
      "codigo": "49302",
      "action": "updated",
      "productId": "69f3d89d43593ae9f97b0cb6"
    },
    {
      "codigo": "49674",
      "action": "updated",
      "productId": "69f3d89243593ae9f97b06bb"
    },
    {
      "codigo": "49309",
      "action": "updated",
      "productId": "69f3d89b43593ae9f97b0c03"
    },
    {
      "codigo": "39994",
      "action": "updated",
      "productId": "69f3d81b43593ae9f97ace6b"
    },
    {
      "codigo": "48972",
      "action": "updated",
      "productId": "69f3d8a243593ae9f97b0fe0"
    },
    {
      "codigo": "48537",
      "action": "updated",
      "productId": "69f3d8ae43593ae9f97b1701"
    },
    {
      "codigo": "48584",
      "action": "updated",
      "productId": "69f3d8ac43593ae9f97b1590"
    },
    {
      "codigo": "44473",
      "action": "updated",
      "productId": "69f3d86443593ae9f97aee86"
    },
    {
      "codigo": "44472",
      "action": "updated",
      "productId": "69f3d86643593ae9f97aef30"
    },
    {
      "codigo": "48971",
      "action": "updated",
      "productId": "69f3d8a643593ae9f97b11a7"
    },
    {
      "codigo": "40562",
      "action": "updated",
      "productId": "69f3d85a43593ae9f97ae9c5"
    },
    {
      "codigo": "48020",
      "action": "updated",
      "productId": "69f3d8b943593ae9f97b1e38"
    },
    {
      "codigo": "48014",
      "action": "updated",
      "productId": "69f3d8b943593ae9f97b1ddb"
    },
    {
      "codigo": "47420",
      "action": "updated",
      "productId": "69f3d8c443593ae9f97b2526"
    },
    {
      "codigo": "47329",
      "action": "updated",
      "productId": "69f3d8c843593ae9f97b2874"
    },
    {
      "codigo": "47391",
      "action": "updated",
      "productId": "69f3d8c743593ae9f97b2705"
    },
    {
      "codigo": "46746",
      "action": "updated",
      "productId": "69f3d8c843593ae9f97b2816"
    },
    {
      "codigo": "46745",
      "action": "updated",
      "productId": "69f3d8cd43593ae9f97b2c28"
    },
    {
      "codigo": "36364",
      "action": "updated",
      "productId": "69f3d86043593ae9f97aebf2"
    },
    {
      "codigo": "36362",
      "action": "updated",
      "productId": "69f3d86343593ae9f97aee31"
    },
    {
      "codigo": "46546",
      "action": "updated",
      "productId": "69f3d8d143593ae9f97b2d45"
    },
    {
      "codigo": "46193",
      "action": "updated",
      "productId": "69f3d8d243593ae9f97b2e67"
    },
    {
      "codigo": "46192",
      "action": "updated",
      "productId": "69f3d8d243593ae9f97b2e6b"
    },
    {
      "codigo": "46545",
      "action": "updated",
      "productId": "69f3d8d243593ae9f97b2e07"
    },
    {
      "codigo": "46544",
      "action": "updated",
      "productId": "69f3d8d343593ae9f97b2f81"
    },
    {
      "codigo": "46084",
      "action": "updated",
      "productId": "69f3d8d743593ae9f97b31c8"
    },
    {
      "codigo": "45702",
      "action": "updated",
      "productId": "69f3d8dd43593ae9f97b36d2"
    },
    {
      "codigo": "45156",
      "action": "updated",
      "productId": "69f3d8de43593ae9f97b379a"
    },
    {
      "codigo": "46063",
      "action": "updated",
      "productId": "69f3d8d843593ae9f97b32ea"
    },
    {
      "codigo": "42338",
      "action": "updated",
      "productId": "69f3d8ed43593ae9f97b441b"
    },
    {
      "codigo": "44772",
      "action": "updated",
      "productId": "69f3d8e143593ae9f97b3a56"
    },
    {
      "codigo": "36432",
      "action": "updated",
      "productId": "69f3d8f543593ae9f97b4a0f"
    },
    {
      "codigo": "41212",
      "action": "updated",
      "productId": "69f3d8f943593ae9f97b4cc9"
    },
    {
      "codigo": "41213",
      "action": "updated",
      "productId": "69f3d8f943593ae9f97b4d2e"
    },
    {
      "codigo": "40539",
      "action": "updated",
      "productId": "69f3d8fe43593ae9f97b5120"
    },
    {
      "codigo": "44444",
      "action": "updated",
      "productId": "69f3d8e443593ae9f97b3bee"
    },
    {
      "codigo": "38495",
      "action": "updated",
      "productId": "69f3d90a43593ae9f97b5bd3"
    },
    {
      "codigo": "39996",
      "action": "updated",
      "productId": "69f3d90343593ae9f97b55dc"
    },
    {
      "codigo": "40563",
      "action": "updated",
      "productId": "69f3d8ff43593ae9f97b5185"
    },
    {
      "codigo": "35189",
      "action": "updated",
      "productId": "69f3d91e43593ae9f97b6a8e"
    },
    {
      "codigo": "37663",
      "action": "updated",
      "productId": "69f3d91043593ae9f97b5fe4"
    },
    {
      "codigo": "37965",
      "action": "updated",
      "productId": "69f3d90e43593ae9f97b5e40"
    },
    {
      "codigo": "36571",
      "action": "updated",
      "productId": "69f3d91843593ae9f97b660c"
    },
    {
      "codigo": "37672",
      "action": "updated",
      "productId": "69f3d91043593ae9f97b60b6"
    },
    {
      "codigo": "35226",
      "action": "updated",
      "productId": "69f3d90243593ae9f97b54ad"
    },
    {
      "codigo": "36569",
      "action": "updated",
      "productId": "69f3d91843593ae9f97b6610"
    },
    {
      "codigo": "33950",
      "action": "updated",
      "productId": "69f3d91d43593ae9f97b68ef"
    },
    {
      "codigo": "34852",
      "action": "updated",
      "productId": "69f3d91d43593ae9f97b69bc"
    },
    {
      "codigo": "36363",
      "action": "updated",
      "productId": "69f3d91b43593ae9f97b67af"
    },
    {
      "codigo": "31825",
      "action": "updated",
      "productId": "69f3d91d43593ae9f97b68eb"
    },
    {
      "codigo": "8095",
      "action": "updated",
      "productId": "69f3d92243593ae9f97b6c9b"
    },
    {
      "codigo": "33773",
      "action": "updated",
      "productId": "69f3d92343593ae9f97b6e3f"
    },
    {
      "codigo": "34516",
      "action": "updated",
      "productId": "69f3d92343593ae9f97b6ea8"
    },
    {
      "codigo": "25916",
      "action": "updated",
      "productId": "69f3d93343593ae9f97b7a8d"
    },
    {
      "codigo": "28197",
      "action": "updated",
      "productId": "69f3d93043593ae9f97b7880"
    },
    {
      "codigo": "31826",
      "action": "updated",
      "productId": "69f3d92943593ae9f97b71f0"
    },
    {
      "codigo": "34291",
      "action": "updated",
      "productId": "69f3d92543593ae9f97b6f11"
    },
    {
      "codigo": "30272",
      "action": "updated",
      "productId": "69f3d92b43593ae9f97b73fd"
    },
    {
      "codigo": "25965",
      "action": "updated",
      "productId": "69f3d93443593ae9f97b7bc8"
    },
    {
      "codigo": "52362",
      "action": "created",
      "productId": "69f5a8bc8d645b58ce7d7921"
    },
    {
      "codigo": "22535",
      "action": "updated",
      "productId": "69f3d93943593ae9f97b7eaa"
    },
    {
      "codigo": "56668",
      "action": "created",
      "productId": "69f5a8bd8d645b58ce7d7a20"
    },
    {
      "codigo": "52867",
      "action": "created",
      "productId": "69f5a8c08d645b58ce7d7c15"
    },
    {
      "codigo": "54783",
      "action": "created",
      "productId": "69f5a8c08d645b58ce7d7c17"
    },
    {
      "codigo": "52858",
      "action": "created",
      "productId": "69f5a8c18d645b58ce7d7e0d"
    },
    {
      "codigo": "54703",
      "action": "created",
      "productId": "69f5a8c18d645b58ce7d7e0f"
    },
    {
      "codigo": "54702",
      "action": "created",
      "productId": "69f5a8c18d645b58ce7d8003"
    },
    {
      "codigo": "52857",
      "action": "created",
      "productId": "69f5a8c18d645b58ce7d8008"
    },
    {
      "codigo": "54748",
      "action": "created",
      "productId": "69f5a8c28d645b58ce7d81fb"
    },
    {
      "codigo": "57946",
      "action": "created",
      "productId": "69f5a8c58d645b58ce7d82f7"
    },
    {
      "codigo": "56222",
      "action": "updated",
      "productId": "69f3d7c843593ae9f97aae59"
    },
    {
      "codigo": "57071",
      "action": "created",
      "productId": "69f5a8c68d645b58ce7d84ed"
    },
    {
      "codigo": "57944",
      "action": "created",
      "productId": "69f5a8c68d645b58ce7d84f2"
    },
    {
      "codigo": "57945",
      "action": "created",
      "productId": "69f5a8c68d645b58ce7d86e5"
    },
    {
      "codigo": "57246",
      "action": "created",
      "productId": "69f5a8c68d645b58ce7d87e1"
    },
    {
      "codigo": "57244",
      "action": "created",
      "productId": "69f5a8c78d645b58ce7d88dd"
    },
    {
      "codigo": "56221",
      "action": "updated",
      "productId": "69f3d7c843593ae9f97aae74"
    },
    {
      "codigo": "56220",
      "action": "updated",
      "productId": "69f3d7c843593ae9f97aae8f"
    },
    {
      "codigo": "57943",
      "action": "created",
      "productId": "69f5a8c88d645b58ce7d8ad5"
    },
    {
      "codigo": "56219",
      "action": "updated",
      "productId": "69f3d7ca43593ae9f97aaf00"
    },
    {
      "codigo": "56684",
      "action": "created",
      "productId": "69f5a8c88d645b58ce7d8ccb"
    },
    {
      "codigo": "56217",
      "action": "updated",
      "productId": "69f3d7cb43593ae9f97aaf3b"
    },
    {
      "codigo": "56218",
      "action": "updated",
      "productId": "69f3d7ca43593ae9f97aaefb"
    },
    {
      "codigo": "57245",
      "action": "created",
      "productId": "69f5a8c98d645b58ce7d90b3"
    },
    {
      "codigo": "56216",
      "action": "updated",
      "productId": "69f3d7cc43593ae9f97ab024"
    },
    {
      "codigo": "56215",
      "action": "updated",
      "productId": "69f3d7cb43593ae9f97aafca"
    },
    {
      "codigo": "56214",
      "action": "updated",
      "productId": "69f3d7cd43593ae9f97ab0af"
    },
    {
      "codigo": "56213",
      "action": "updated",
      "productId": "69f3d7cc43593ae9f97ab052"
    },
    {
      "codigo": "55726",
      "action": "updated",
      "productId": "69f3d7ea43593ae9f97ab9ad"
    },
    {
      "codigo": "55728",
      "action": "updated",
      "productId": "69f3d7ea43593ae9f97ab9ea"
    },
    {
      "codigo": "54945",
      "action": "updated",
      "productId": "69f3d80243593ae9f97ac3e8"
    },
    {
      "codigo": "55842",
      "action": "updated",
      "productId": "69f3d7de43593ae9f97ab66a"
    },
    {
      "codigo": "55730",
      "action": "updated",
      "productId": "69f3d7ec43593ae9f97abaa1"
    },
    {
      "codigo": "55615",
      "action": "updated",
      "productId": "69f3d7f243593ae9f97abd99"
    },
    {
      "codigo": "54983",
      "action": "updated",
      "productId": "69f3d80343593ae9f97ac42a"
    },
    {
      "codigo": "54838",
      "action": "updated",
      "productId": "69f3d80743593ae9f97ac533"
    },
    {
      "codigo": "54837",
      "action": "updated",
      "productId": "69f3d80843593ae9f97ac5b6"
    },
    {
      "codigo": "54544",
      "action": "updated",
      "productId": "69f3d80b43593ae9f97ac747"
    },
    {
      "codigo": "54536",
      "action": "updated",
      "productId": "69f3d80a43593ae9f97ac700"
    },
    {
      "codigo": "54535",
      "action": "updated",
      "productId": "69f3d80b43593ae9f97ac745"
    },
    {
      "codigo": "54534",
      "action": "updated",
      "productId": "69f3d80c43593ae9f97ac7c9"
    },
    {
      "codigo": "54542",
      "action": "updated",
      "productId": "69f3d80e43593ae9f97ac893"
    },
    {
      "codigo": "54541",
      "action": "updated",
      "productId": "69f3d80d43593ae9f97ac80c"
    },
    {
      "codigo": "54530",
      "action": "updated",
      "productId": "69f3d80e43593ae9f97ac84f"
    },
    {
      "codigo": "54538",
      "action": "updated",
      "productId": "69f3d80e43593ae9f97ac897"
    },
    {
      "codigo": "54527",
      "action": "updated",
      "productId": "69f3d80f43593ae9f97ac918"
    },
    {
      "codigo": "54208",
      "action": "updated",
      "productId": "69f3d81c43593ae9f97aceb1"
    },
    {
      "codigo": "53775",
      "action": "updated",
      "productId": "69f3d82443593ae9f97ad279"
    },
    {
      "codigo": "53773",
      "action": "updated",
      "productId": "69f3d82443593ae9f97ad232"
    },
    {
      "codigo": "52866",
      "action": "updated",
      "productId": "69f3d83f43593ae9f97add96"
    },
    {
      "codigo": "52363",
      "action": "updated",
      "productId": "69f3d84b43593ae9f97ae354"
    },
    {
      "codigo": "52862",
      "action": "updated",
      "productId": "69f3d83f43593ae9f97add45"
    },
    {
      "codigo": "52855",
      "action": "updated",
      "productId": "69f3d84143593ae9f97adec6"
    },
    {
      "codigo": "52360",
      "action": "updated",
      "productId": "69f3d84943593ae9f97ae2b8"
    },
    {
      "codigo": "52098",
      "action": "updated",
      "productId": "69f3d85543593ae9f97ae83a"
    },
    {
      "codigo": "49461",
      "action": "updated",
      "productId": "69f3d89743593ae9f97b0931"
    },
    {
      "codigo": "45904",
      "action": "updated",
      "productId": "69f3d8d743593ae9f97b31ca"
    },
    {
      "codigo": "51486",
      "action": "updated",
      "productId": "69f3d86943593ae9f97af084"
    },
    {
      "codigo": "45903",
      "action": "updated",
      "productId": "69f3d8d943593ae9f97b347a"
    },
    {
      "codigo": "50887",
      "action": "updated",
      "productId": "69f3d87e43593ae9f97afb82"
    },
    {
      "codigo": "50888",
      "action": "updated",
      "productId": "69f3d87d43593ae9f97afad0"
    },
    {
      "codigo": "49688",
      "action": "updated",
      "productId": "69f3d89243593ae9f97b0715"
    },
    {
      "codigo": "49734",
      "action": "updated",
      "productId": "69f3d89243593ae9f97b0661"
    },
    {
      "codigo": "49460",
      "action": "updated",
      "productId": "69f3d89943593ae9f97b0a9d"
    },
    {
      "codigo": "44713",
      "action": "updated",
      "productId": "69f3d8df43593ae9f97b38c8"
    },
    {
      "codigo": "40313",
      "action": "updated",
      "productId": "69f3d8fd43593ae9f97b5056"
    },
    {
      "codigo": "39550",
      "action": "updated",
      "productId": "69f3d90343593ae9f97b5577"
    },
    {
      "codigo": "43537",
      "action": "updated",
      "productId": "69f3d8e743593ae9f97b3f07"
    },
    {
      "codigo": "41643",
      "action": "updated",
      "productId": "69f3d8f243593ae9f97b480d"
    },
    {
      "codigo": "37967",
      "action": "updated",
      "productId": "69f3d90c43593ae9f97b5d05"
    },
    {
      "codigo": "40281",
      "action": "updated",
      "productId": "69f3d8ff43593ae9f97b5250"
    },
    {
      "codigo": "36866",
      "action": "updated",
      "productId": "69f3d91143593ae9f97b611f"
    },
    {
      "codigo": "29120",
      "action": "updated",
      "productId": "69f3d92943593ae9f97b72c6"
    },
    {
      "codigo": "32256",
      "action": "updated",
      "productId": "69f3d92643593ae9f97b704c"
    },
    {
      "codigo": "24344",
      "action": "updated",
      "productId": "69f3d8ee43593ae9f97b4480"
    },
    {
      "codigo": "37864",
      "action": "updated",
      "productId": "69f3d90f43593ae9f97b5eae"
    },
    {
      "codigo": "24881",
      "action": "updated",
      "productId": "69f3d93243593ae9f97b7a24"
    },
    {
      "codigo": "25972",
      "action": "updated",
      "productId": "69f3d93143593ae9f97b7952"
    },
    {
      "codigo": "36612",
      "action": "updated",
      "productId": "69f3d91643593ae9f97b6395"
    },
    {
      "codigo": "36610",
      "action": "updated",
      "productId": "69f3d91743593ae9f97b64d0"
    },
    {
      "codigo": "56346",
      "action": "created",
      "productId": "69f5a8e58d645b58ce7dc87f"
    },
    {
      "codigo": "26471",
      "action": "updated",
      "productId": "69f3d93243593ae9f97b79bb"
    },
    {
      "codigo": "19328",
      "action": "updated",
      "productId": "69f3d93c43593ae9f97b7f86"
    },
    {
      "codigo": "19329",
      "action": "updated",
      "productId": "69f3d93b43593ae9f97b7f18"
    },
    {
      "codigo": "19325",
      "action": "updated",
      "productId": "69f3d93b43593ae9f97b7f4f"
    },
    {
      "codigo": "19327",
      "action": "updated",
      "productId": "69f3d93b43593ae9f97b7ee1"
    },
    {
      "codigo": "56442",
      "action": "created",
      "productId": "69f5a8e98d645b58ce7dce7a"
    },
    {
      "codigo": "56804",
      "action": "created",
      "productId": "69f5a8e98d645b58ce7dce7c"
    },
    {
      "codigo": "57570",
      "action": "created",
      "productId": "69f5a8ea8d645b58ce7dd07a"
    },
    {
      "codigo": "57066",
      "action": "created",
      "productId": "69f5a8ea8d645b58ce7dd17c"
    },
    {
      "codigo": "58113",
      "action": "created",
      "productId": "69f5a8eb8d645b58ce7dd27e"
    },
    {
      "codigo": "54856",
      "action": "created",
      "productId": "69f5a8ec8d645b58ce7dd380"
    },
    {
      "codigo": "48721",
      "action": "created",
      "productId": "69f5a8ed8d645b58ce7dd482"
    },
    {
      "codigo": "55763",
      "action": "updated",
      "productId": "69f3d7e543593ae9f97ab848"
    },
    {
      "codigo": "57836",
      "action": "created",
      "productId": "69f5a8f08d645b58ce7dd685"
    },
    {
      "codigo": "57571",
      "action": "created",
      "productId": "69f5a8f08d645b58ce7dd788"
    },
    {
      "codigo": "48068",
      "action": "created",
      "productId": "69f5a8f08d645b58ce7dd78e"
    },
    {
      "codigo": "56699",
      "action": "created",
      "productId": "69f5a8f08d645b58ce7dd88f"
    },
    {
      "codigo": "48368",
      "action": "created",
      "productId": "69f5a8f18d645b58ce7dda91"
    },
    {
      "codigo": "47566",
      "action": "created",
      "productId": "69f5a8f18d645b58ce7ddb94"
    },
    {
      "codigo": "55193",
      "action": "updated",
      "productId": "69f3d7fa43593ae9f97ac119"
    },
    {
      "codigo": "58141",
      "action": "created",
      "productId": "69f5a8f28d645b58ce7ddd98"
    },
    {
      "codigo": "58139",
      "action": "created",
      "productId": "69f5a8f28d645b58ce7dde9b"
    },
    {
      "codigo": "58140",
      "action": "created",
      "productId": "69f5a8f28d645b58ce7ddf9e"
    },
    {
      "codigo": "32785",
      "action": "updated",
      "productId": "69f3d92243593ae9f97b6d09"
    },
    {
      "codigo": "53233",
      "action": "updated",
      "productId": "69f3d83243593ae9f97ad875"
    },
    {
      "codigo": "46706",
      "action": "updated",
      "productId": "69f3d8cb43593ae9f97b2a4d"
    },
    {
      "codigo": "58004",
      "action": "created",
      "productId": "69f5a8f48d645b58ce7de3a8"
    },
    {
      "codigo": "52330",
      "action": "updated",
      "productId": "69f3d84d43593ae9f97ae3f4"
    },
    {
      "codigo": "50039",
      "action": "updated",
      "productId": "69f3d87143593ae9f97af54e"
    },
    {
      "codigo": "53580",
      "action": "updated",
      "productId": "69f3d82d43593ae9f97ad60d"
    },
    {
      "codigo": "48658",
      "action": "updated",
      "productId": "69f3d8a743593ae9f97b12b8"
    },
    {
      "codigo": "40619",
      "action": "updated",
      "productId": "69f3d8fd43593ae9f97b50bb"
    },
    {
      "codigo": "47144",
      "action": "updated",
      "productId": "69f3d8cc43593ae9f97b2aac"
    },
    {
      "codigo": "54855",
      "action": "created",
      "productId": "69f5a8f78d645b58ce7deab9"
    },
    {
      "codigo": "54854",
      "action": "created",
      "productId": "69f5a8f88d645b58ce7debbe"
    },
    {
      "codigo": "54858",
      "action": "created",
      "productId": "69f5a8f98d645b58ce7decc3"
    },
    {
      "codigo": "56703",
      "action": "created",
      "productId": "69f5a8fa8d645b58ce7dedc8"
    },
    {
      "codigo": "54233",
      "action": "created",
      "productId": "69f5a8fa8d645b58ce7deecf"
    },
    {
      "codigo": "56761",
      "action": "created",
      "productId": "69f5a8fc8d645b58ce7defd6"
    },
    {
      "codigo": "56734",
      "action": "created",
      "productId": "69f5a8fc8d645b58ce7df0dd"
    },
    {
      "codigo": "54755",
      "action": "created",
      "productId": "69f5a8fd8d645b58ce7df1e6"
    },
    {
      "codigo": "56763",
      "action": "created",
      "productId": "69f5a8fd8d645b58ce7df1e8"
    },
    {
      "codigo": "51410",
      "action": "created",
      "productId": "69f5a8fd8d645b58ce7df3f3"
    },
    {
      "codigo": "49251",
      "action": "created",
      "productId": "69f5a8fd8d645b58ce7df4fb"
    },
    {
      "codigo": "56865",
      "action": "created",
      "productId": "69f5a8fe8d645b58ce7df603"
    },
    {
      "codigo": "49952",
      "action": "created",
      "productId": "69f5a9008d645b58ce7df70b"
    },
    {
      "codigo": "49944",
      "action": "created",
      "productId": "69f5a9018d645b58ce7df813"
    },
    {
      "codigo": "53735",
      "action": "created",
      "productId": "69f5a9018d645b58ce7df91b"
    },
    {
      "codigo": "56447",
      "action": "created",
      "productId": "69f5a9028d645b58ce7dfa23"
    },
    {
      "codigo": "49943",
      "action": "created",
      "productId": "69f5a9028d645b58ce7dfa2b"
    },
    {
      "codigo": "46833",
      "action": "created",
      "productId": "69f5a9028d645b58ce7dfa2e"
    },
    {
      "codigo": "46832",
      "action": "created",
      "productId": "69f5a9028d645b58ce7dfb33"
    },
    {
      "codigo": "53992",
      "action": "created",
      "productId": "69f5a9038d645b58ce7dfc3d"
    },
    {
      "codigo": "46027",
      "action": "created",
      "productId": "69f5a9038d645b58ce7dfc3f"
    },
    {
      "codigo": "46022",
      "action": "created",
      "productId": "69f5a9038d645b58ce7dff4f"
    },
    {
      "codigo": "57085",
      "action": "created",
      "productId": "69f5a9038d645b58ce7e0058"
    },
    {
      "codigo": "57413",
      "action": "created",
      "productId": "69f5a9048d645b58ce7e0263"
    },
    {
      "codigo": "46023",
      "action": "created",
      "productId": "69f5a9048d645b58ce7e0268"
    },
    {
      "codigo": "57086",
      "action": "created",
      "productId": "69f5a9078d645b58ce7e0473"
    },
    {
      "codigo": "57014",
      "action": "created",
      "productId": "69f5a9088d645b58ce7e057b"
    },
    {
      "codigo": "57414",
      "action": "created",
      "productId": "69f5a9098d645b58ce7e0683"
    },
    {
      "codigo": "57120",
      "action": "created",
      "productId": "69f5a9098d645b58ce7e078b"
    },
    {
      "codigo": "55627",
      "action": "created",
      "productId": "69f5a90a8d645b58ce7e0893"
    },
    {
      "codigo": "57119",
      "action": "created",
      "productId": "69f5a90a8d645b58ce7e099b"
    },
    {
      "codigo": "56915",
      "action": "created",
      "productId": "69f5a90a8d645b58ce7e0aa3"
    },
    {
      "codigo": "57645",
      "action": "created",
      "productId": "69f5a90a8d645b58ce7e0aa8"
    },
    {
      "codigo": "55734",
      "action": "created",
      "productId": "69f5a90b8d645b58ce7e0cb5"
    },
    {
      "codigo": "58015",
      "action": "created",
      "productId": "69f5a90b8d645b58ce7e0cb7"
    },
    {
      "codigo": "57118",
      "action": "created",
      "productId": "69f5a90b8d645b58ce7e0dbf"
    },
    {
      "codigo": "57116",
      "action": "created",
      "productId": "69f5a90c8d645b58ce7e0fcb"
    },
    {
      "codigo": "57115",
      "action": "created",
      "productId": "69f5a90d8d645b58ce7e10d5"
    },
    {
      "codigo": "57063",
      "action": "created",
      "productId": "69f5a90d8d645b58ce7e10d7"
    },
    {
      "codigo": "57114",
      "action": "created",
      "productId": "69f5a90d8d645b58ce7e11e1"
    },
    {
      "codigo": "57536",
      "action": "created",
      "productId": "69f5a90e8d645b58ce7e11e4"
    },
    {
      "codigo": "57079",
      "action": "created",
      "productId": "69f5a90e8d645b58ce7e14f3"
    },
    {
      "codigo": "57112",
      "action": "created",
      "productId": "69f5a90e8d645b58ce7e14f8"
    },
    {
      "codigo": "57113",
      "action": "created",
      "productId": "69f5a9108d645b58ce7e1703"
    },
    {
      "codigo": "57566",
      "action": "created",
      "productId": "69f5a9118d645b58ce7e180b"
    },
    {
      "codigo": "57568",
      "action": "created",
      "productId": "69f5a9128d645b58ce7e1913"
    },
    {
      "codigo": "56680",
      "action": "created",
      "productId": "69f5a9128d645b58ce7e1918"
    },
    {
      "codigo": "57084",
      "action": "created",
      "productId": "69f5a9138d645b58ce7e1b23"
    },
    {
      "codigo": "57727",
      "action": "created",
      "productId": "69f5a9138d645b58ce7e1c2b"
    },
    {
      "codigo": "56864",
      "action": "created",
      "productId": "69f5a9148d645b58ce7e1d35"
    },
    {
      "codigo": "57082",
      "action": "created",
      "productId": "69f5a9148d645b58ce7e1d37"
    },
    {
      "codigo": "56764",
      "action": "created",
      "productId": "69f5a9158d645b58ce7e1f43"
    },
    {
      "codigo": "56740",
      "action": "created",
      "productId": "69f5a9158d645b58ce7e204b"
    },
    {
      "codigo": "56739",
      "action": "created",
      "productId": "69f5a9158d645b58ce7e2153"
    },
    {
      "codigo": "56762",
      "action": "created",
      "productId": "69f5a9168d645b58ce7e225b"
    },
    {
      "codigo": "56760",
      "action": "created",
      "productId": "69f5a9168d645b58ce7e2363"
    },
    {
      "codigo": "56759",
      "action": "created",
      "productId": "69f5a9188d645b58ce7e246b"
    },
    {
      "codigo": "56758",
      "action": "created",
      "productId": "69f5a9188d645b58ce7e2573"
    },
    {
      "codigo": "56338",
      "action": "created",
      "productId": "69f5a9198d645b58ce7e267b"
    },
    {
      "codigo": "56337",
      "action": "created",
      "productId": "69f5a9198d645b58ce7e2680"
    },
    {
      "codigo": "56693",
      "action": "created",
      "productId": "69f5a91a8d645b58ce7e288b"
    },
    {
      "codigo": "56738",
      "action": "created",
      "productId": "69f5a91a8d645b58ce7e2993"
    },
    {
      "codigo": "56336",
      "action": "created",
      "productId": "69f5a91a8d645b58ce7e2a9b"
    },
    {
      "codigo": "56735",
      "action": "created",
      "productId": "69f5a91b8d645b58ce7e2ba3"
    },
    {
      "codigo": "56335",
      "action": "created",
      "productId": "69f5a91b8d645b58ce7e2cab"
    },
    {
      "codigo": "56406",
      "action": "created",
      "productId": "69f5a91b8d645b58ce7e2db3"
    },
    {
      "codigo": "56330",
      "action": "created",
      "productId": "69f5a91c8d645b58ce7e2ebb"
    },
    {
      "codigo": "56340",
      "action": "created",
      "productId": "69f5a91c8d645b58ce7e2fc6"
    },
    {
      "codigo": "56334",
      "action": "created",
      "productId": "69f5a91c8d645b58ce7e2fc9"
    },
    {
      "codigo": "56404",
      "action": "created",
      "productId": "69f5a91c8d645b58ce7e2fcc"
    },
    {
      "codigo": "56329",
      "action": "created",
      "productId": "69f5a91d8d645b58ce7e31d9"
    },
    {
      "codigo": "56211",
      "action": "updated",
      "productId": "69f3d7cd43593ae9f97ab0e3"
    },
    {
      "codigo": "56212",
      "action": "updated",
      "productId": "69f3d7cc43593ae9f97ab056"
    },
    {
      "codigo": "56328",
      "action": "created",
      "productId": "69f5a9208d645b58ce7e35f5"
    },
    {
      "codigo": "56279",
      "action": "created",
      "productId": "69f5a9208d645b58ce7e35f9"
    },
    {
      "codigo": "56227",
      "action": "updated",
      "productId": "69f3d7cb43593ae9f97aaf64"
    },
    {
      "codigo": "55757",
      "action": "updated",
      "productId": "69f3d7e143593ae9f97ab71f"
    },
    {
      "codigo": "56225",
      "action": "updated",
      "productId": "69f3d7cb43593ae9f97aaf3f"
    },
    {
      "codigo": "56226",
      "action": "updated",
      "productId": "69f3d7cc43593ae9f97aaff7"
    },
    {
      "codigo": "56052",
      "action": "updated",
      "productId": "69f3d7dc43593ae9f97ab4d1"
    },
    {
      "codigo": "56050",
      "action": "updated",
      "productId": "69f3d7db43593ae9f97ab492"
    },
    {
      "codigo": "55748",
      "action": "updated",
      "productId": "69f3d7e243593ae9f97ab791"
    },
    {
      "codigo": "55747",
      "action": "updated",
      "productId": "69f3d7e443593ae9f97ab7cc"
    },
    {
      "codigo": "56049",
      "action": "updated",
      "productId": "69f3d7dc43593ae9f97ab4d7"
    },
    {
      "codigo": "55429",
      "action": "updated",
      "productId": "69f3d7f243593ae9f97abd59"
    },
    {
      "codigo": "55749",
      "action": "updated",
      "productId": "69f3d7e543593ae9f97ab8bb"
    },
    {
      "codigo": "54372",
      "action": "updated",
      "productId": "69f3d81043593ae9f97ac95b"
    },
    {
      "codigo": "55736",
      "action": "updated",
      "productId": "69f3d7ed43593ae9f97abb1f"
    },
    {
      "codigo": "54857",
      "action": "updated",
      "productId": "69f3d80543593ae9f97ac4ae"
    },
    {
      "codigo": "55450",
      "action": "updated",
      "productId": "69f3d7f443593ae9f97abed9"
    },
    {
      "codigo": "55682",
      "action": "updated",
      "productId": "69f3d7f143593ae9f97abc99"
    },
    {
      "codigo": "55449",
      "action": "updated",
      "productId": "69f3d7f443593ae9f97abe99"
    },
    {
      "codigo": "54243",
      "action": "updated",
      "productId": "69f3d81643593ae9f97acc8b"
    },
    {
      "codigo": "54370",
      "action": "updated",
      "productId": "69f3d81243593ae9f97aca6d"
    },
    {
      "codigo": "54371",
      "action": "updated",
      "productId": "69f3d81243593ae9f97aca6f"
    },
    {
      "codigo": "54802",
      "action": "updated",
      "productId": "69f3d80943593ae9f97ac5f9"
    },
    {
      "codigo": "54362",
      "action": "updated",
      "productId": "69f3d81343593ae9f97acb3c"
    },
    {
      "codigo": "54232",
      "action": "updated",
      "productId": "69f3d81a43593ae9f97acde1"
    },
    {
      "codigo": "50779",
      "action": "updated",
      "productId": "69f3d87f43593ae9f97afc8e"
    },
    {
      "codigo": "54209",
      "action": "updated",
      "productId": "69f3d81b43593ae9f97ace26"
    },
    {
      "codigo": "53183",
      "action": "updated",
      "productId": "69f3d83843593ae9f97ada43"
    },
    {
      "codigo": "53184",
      "action": "updated",
      "productId": "69f3d83743593ae9f97ad9a9"
    },
    {
      "codigo": "51168",
      "action": "updated",
      "productId": "69f3d84d43593ae9f97ae3f2"
    },
    {
      "codigo": "53181",
      "action": "updated",
      "productId": "69f3d83843593ae9f97ada94"
    },
    {
      "codigo": "48009",
      "action": "updated",
      "productId": "69f3d83e43593ae9f97adcf8"
    },
    {
      "codigo": "49951",
      "action": "updated",
      "productId": "69f3d88943593ae9f97b0175"
    },
    {
      "codigo": "49953",
      "action": "updated",
      "productId": "69f3d88a43593ae9f97b01cf"
    },
    {
      "codigo": "49949",
      "action": "updated",
      "productId": "69f3d88a43593ae9f97b0229"
    },
    {
      "codigo": "49948",
      "action": "updated",
      "productId": "69f3d88b43593ae9f97b0283"
    },
    {
      "codigo": "49947",
      "action": "updated",
      "productId": "69f3d88b43593ae9f97b02dd"
    },
    {
      "codigo": "49941",
      "action": "updated",
      "productId": "69f3d88c43593ae9f97b0399"
    },
    {
      "codigo": "49939",
      "action": "updated",
      "productId": "69f3d88d43593ae9f97b049f"
    },
    {
      "codigo": "49176",
      "action": "updated",
      "productId": "69f3d88443593ae9f97afeff"
    },
    {
      "codigo": "49938",
      "action": "updated",
      "productId": "69f3d88e43593ae9f97b04f9"
    },
    {
      "codigo": "49940",
      "action": "updated",
      "productId": "69f3d88c43593ae9f97b0394"
    },
    {
      "codigo": "48143",
      "action": "updated",
      "productId": "69f3d89943593ae9f97b0a9b"
    },
    {
      "codigo": "48743",
      "action": "updated",
      "productId": "69f3d8a643593ae9f97b1206"
    },
    {
      "codigo": "48538",
      "action": "updated",
      "productId": "69f3d8ab43593ae9f97b147f"
    },
    {
      "codigo": "48536",
      "action": "updated",
      "productId": "69f3d8ae43593ae9f97b16a1"
    },
    {
      "codigo": "47612",
      "action": "updated",
      "productId": "69f3d8c043593ae9f97b2237"
    },
    {
      "codigo": "48513",
      "action": "updated",
      "productId": "69f3d8ae43593ae9f97b16fd"
    },
    {
      "codigo": "48539",
      "action": "updated",
      "productId": "69f3d8a043593ae9f97b0ed1"
    },
    {
      "codigo": "48019",
      "action": "updated",
      "productId": "69f3d8b843593ae9f97b1d21"
    },
    {
      "codigo": "48029",
      "action": "updated",
      "productId": "69f3d8b643593ae9f97b1c0a"
    },
    {
      "codigo": "47350",
      "action": "updated",
      "productId": "69f3d8c543593ae9f97b25e2"
    },
    {
      "codigo": "48435",
      "action": "updated",
      "productId": "69f3d8b243593ae9f97b1922"
    },
    {
      "codigo": "48035",
      "action": "updated",
      "productId": "69f3d8b743593ae9f97b1c67"
    },
    {
      "codigo": "47354",
      "action": "updated",
      "productId": "69f3d8c643593ae9f97b2640"
    },
    {
      "codigo": "45919",
      "action": "updated",
      "productId": "69f3d8c743593ae9f97b2702"
    },
    {
      "codigo": "46170",
      "action": "updated",
      "productId": "69f3d8d143593ae9f97b2d4c"
    },
    {
      "codigo": "47357",
      "action": "updated",
      "productId": "69f3d8c643593ae9f97b269e"
    },
    {
      "codigo": "43600",
      "action": "updated",
      "productId": "69f3d88343593ae9f97afdf5"
    },
    {
      "codigo": "46169",
      "action": "updated",
      "productId": "69f3d8d343593ae9f97b2f84"
    },
    {
      "codigo": "47198",
      "action": "updated",
      "productId": "69f3d8c943593ae9f97b2930"
    },
    {
      "codigo": "41999",
      "action": "updated",
      "productId": "69f3d8ed43593ae9f97b4352"
    },
    {
      "codigo": "43426",
      "action": "updated",
      "productId": "69f3d8e643593ae9f97b3dda"
    },
    {
      "codigo": "40776",
      "action": "updated",
      "productId": "69f3d8f743593ae9f97b4bff"
    },
    {
      "codigo": "39339",
      "action": "updated",
      "productId": "69f3d8e243593ae9f97b3aba"
    },
    {
      "codigo": "25872",
      "action": "updated",
      "productId": "69f3d92f43593ae9f97b7745"
    },
    {
      "codigo": "41552",
      "action": "updated",
      "productId": "69f3d8f343593ae9f97b4872"
    },
    {
      "codigo": "58062",
      "action": "created",
      "productId": "69f5a93f8d645b58ce7e7af8"
    },
    {
      "codigo": "58061",
      "action": "created",
      "productId": "69f5a93f8d645b58ce7e7c06"
    },
    {
      "codigo": "27891",
      "action": "updated",
      "productId": "69f3d92c43593ae9f97b753a"
    },
    {
      "codigo": "39363",
      "action": "updated",
      "productId": "69f3d90543593ae9f97b5772"
    },
    {
      "codigo": "27713",
      "action": "updated",
      "productId": "69f3d89143593ae9f97b0607"
    },
    {
      "codigo": "39002",
      "action": "updated",
      "productId": "69f3d90943593ae9f97b5aa2"
    },
    {
      "codigo": "31495",
      "action": "updated",
      "productId": "69f3d8f743593ae9f97b4b9a"
    },
    {
      "codigo": "39015",
      "action": "updated",
      "productId": "69f3d90a43593ae9f97b5b6d"
    },
    {
      "codigo": "56962",
      "action": "created",
      "productId": "69f5a9448d645b58ce7e8363"
    },
    {
      "codigo": "57147",
      "action": "created",
      "productId": "69f5a9448d645b58ce7e8368"
    },
    {
      "codigo": "57146",
      "action": "created",
      "productId": "69f5a9458d645b58ce7e8476"
    },
    {
      "codigo": "58063",
      "action": "created",
      "productId": "69f5a9458d645b58ce7e8690"
    },
    {
      "codigo": "53726",
      "action": "created",
      "productId": "69f5a9468d645b58ce7e879f"
    },
    {
      "codigo": "56436",
      "action": "created",
      "productId": "69f5a9468d645b58ce7e88ae"
    },
    {
      "codigo": "57287",
      "action": "created",
      "productId": "69f5a9478d645b58ce7e89bd"
    },
    {
      "codigo": "55024",
      "action": "created",
      "productId": "69f5a9478d645b58ce7e8acc"
    },
    {
      "codigo": "57484",
      "action": "created",
      "productId": "69f5a9488d645b58ce7e8bdb"
    },
    {
      "codigo": "57673",
      "action": "created",
      "productId": "69f5a9488d645b58ce7e8cea"
    },
    {
      "codigo": "57441",
      "action": "created",
      "productId": "69f5a9488d645b58ce7e8cef"
    },
    {
      "codigo": "57283",
      "action": "created",
      "productId": "69f5a94b8d645b58ce7e8f0a"
    },
    {
      "codigo": "57281",
      "action": "created",
      "productId": "69f5a94b8d645b58ce7e8f10"
    },
    {
      "codigo": "57289",
      "action": "created",
      "productId": "69f5a94b8d645b58ce7e8f13"
    },
    {
      "codigo": "55218",
      "action": "created",
      "productId": "69f5a94c8d645b58ce7e923a"
    },
    {
      "codigo": "55077",
      "action": "created",
      "productId": "69f5a94d8d645b58ce7e934a"
    },
    {
      "codigo": "57278",
      "action": "created",
      "productId": "69f5a94d8d645b58ce7e934f"
    },
    {
      "codigo": "57264",
      "action": "created",
      "productId": "69f5a94d8d645b58ce7e945f"
    },
    {
      "codigo": "57280",
      "action": "created",
      "productId": "69f5a94d8d645b58ce7e956f"
    },
    {
      "codigo": "57545",
      "action": "created",
      "productId": "69f5a9508d645b58ce7e978a"
    },
    {
      "codigo": "57608",
      "action": "created",
      "productId": "69f5a9508d645b58ce7e978f"
    },
    {
      "codigo": "57544",
      "action": "created",
      "productId": "69f5a9518d645b58ce7e99aa"
    },
    {
      "codigo": "57528",
      "action": "created",
      "productId": "69f5a9528d645b58ce7e9aba"
    },
    {
      "codigo": "57543",
      "action": "created",
      "productId": "69f5a9538d645b58ce7e9bca"
    },
    {
      "codigo": "57499",
      "action": "created",
      "productId": "69f5a9538d645b58ce7e9cda"
    },
    {
      "codigo": "57531",
      "action": "created",
      "productId": "69f5a9548d645b58ce7e9dea"
    },
    {
      "codigo": "57512",
      "action": "created",
      "productId": "69f5a9548d645b58ce7e9efa"
    },
    {
      "codigo": "57530",
      "action": "created",
      "productId": "69f5a9558d645b58ce7ea00a"
    },
    {
      "codigo": "57496",
      "action": "created",
      "productId": "69f5a9558d645b58ce7ea11a"
    },
    {
      "codigo": "57490",
      "action": "created",
      "productId": "69f5a9568d645b58ce7ea22b"
    },
    {
      "codigo": "57382",
      "action": "created",
      "productId": "69f5a9568d645b58ce7ea22e"
    },
    {
      "codigo": "57275",
      "action": "created",
      "productId": "69f5a9588d645b58ce7ea44b"
    },
    {
      "codigo": "57276",
      "action": "created",
      "productId": "69f5a9588d645b58ce7ea44f"
    },
    {
      "codigo": "57277",
      "action": "created",
      "productId": "69f5a9588d645b58ce7ea453"
    },
    {
      "codigo": "57273",
      "action": "created",
      "productId": "69f5a95a8d645b58ce7ea77a"
    },
    {
      "codigo": "57274",
      "action": "created",
      "productId": "69f5a95a8d645b58ce7ea77f"
    },
    {
      "codigo": "57271",
      "action": "created",
      "productId": "69f5a95a8d645b58ce7ea99a"
    },
    {
      "codigo": "57270",
      "action": "created",
      "productId": "69f5a95b8d645b58ce7eaaaa"
    },
    {
      "codigo": "57268",
      "action": "created",
      "productId": "69f5a95c8d645b58ce7eabba"
    },
    {
      "codigo": "57266",
      "action": "created",
      "productId": "69f5a95c8d645b58ce7eaccc"
    },
    {
      "codigo": "57267",
      "action": "created",
      "productId": "69f5a95c8d645b58ce7eacce"
    },
    {
      "codigo": "57141",
      "action": "created",
      "productId": "69f5a95e8d645b58ce7eaeea"
    },
    {
      "codigo": "56847",
      "action": "created",
      "productId": "69f5a95e8d645b58ce7eaffa"
    },
    {
      "codigo": "57265",
      "action": "created",
      "productId": "69f5a95e8d645b58ce7eb10a"
    },
    {
      "codigo": "56490",
      "action": "created",
      "productId": "69f5a9608d645b58ce7eb21a"
    },
    {
      "codigo": "55908",
      "action": "updated",
      "productId": "69f3d7d943593ae9f97ab3e1"
    },
    {
      "codigo": "56518",
      "action": "created",
      "productId": "69f5a9608d645b58ce7eb32d"
    },
    {
      "codigo": "56238",
      "action": "created",
      "productId": "69f5a9608d645b58ce7eb548"
    },
    {
      "codigo": "55816",
      "action": "updated",
      "productId": "69f3d7dc43593ae9f97ab4d4"
    },
    {
      "codigo": "56403",
      "action": "created",
      "productId": "69f5a9618d645b58ce7eb766"
    },
    {
      "codigo": "56233",
      "action": "created",
      "productId": "69f5a9628d645b58ce7eb876"
    },
    {
      "codigo": "56229",
      "action": "updated",
      "productId": "69f3d7cb43593ae9f97aaf86"
    },
    {
      "codigo": "55819",
      "action": "updated",
      "productId": "69f3d7de43593ae9f97ab6a7"
    },
    {
      "codigo": "55760",
      "action": "updated",
      "productId": "69f3d7e543593ae9f97ab8f9"
    },
    {
      "codigo": "53527",
      "action": "updated",
      "productId": "69f3d82a43593ae9f97ad447"
    },
    {
      "codigo": "54391",
      "action": "updated",
      "productId": "69f3d81343593ae9f97acb39"
    },
    {
      "codigo": "52871",
      "action": "updated",
      "productId": "69f3d81d43593ae9f97acf3a"
    },
    {
      "codigo": "55412",
      "action": "updated",
      "productId": "69f3d7f843593ae9f97abf1e"
    },
    {
      "codigo": "52511",
      "action": "updated",
      "productId": "69f3d82443593ae9f97ad1ec"
    },
    {
      "codigo": "52870",
      "action": "updated",
      "productId": "69f3d83f43593ae9f97add94"
    },
    {
      "codigo": "52852",
      "action": "updated",
      "productId": "69f3d84243593ae9f97adf13"
    },
    {
      "codigo": "51134",
      "action": "updated",
      "productId": "69f3d84543593ae9f97adffd"
    },
    {
      "codigo": "52673",
      "action": "updated",
      "productId": "69f3d84543593ae9f97ae134"
    },
    {
      "codigo": "52659",
      "action": "updated",
      "productId": "69f3d84543593ae9f97ae09a"
    },
    {
      "codigo": "52110",
      "action": "updated",
      "productId": "69f3d85443593ae9f97ae74f"
    },
    {
      "codigo": "52276",
      "action": "updated",
      "productId": "69f3d85043593ae9f97ae5c4"
    },
    {
      "codigo": "52280",
      "action": "updated",
      "productId": "69f3d84f43593ae9f97ae576"
    },
    {
      "codigo": "48192",
      "action": "created",
      "productId": "69f5a96c8d645b58ce7ec95a"
    },
    {
      "codigo": "51908",
      "action": "updated",
      "productId": "69f3d85843593ae9f97ae927"
    },
    {
      "codigo": "51623",
      "action": "updated",
      "productId": "69f3d86243593ae9f97aed88"
    },
    {
      "codigo": "51990",
      "action": "updated",
      "productId": "69f3d85843593ae9f97ae8d8"
    },
    {
      "codigo": "51489",
      "action": "updated",
      "productId": "69f3d86643593ae9f97aefda"
    },
    {
      "codigo": "51434",
      "action": "updated",
      "productId": "69f3d86d43593ae9f97af28e"
    },
    {
      "codigo": "51433",
      "action": "updated",
      "productId": "69f3d86d43593ae9f97af2e6"
    },
    {
      "codigo": "43226",
      "action": "updated",
      "productId": "69f3d81643593ae9f97acc47"
    },
    {
      "codigo": "48031",
      "action": "updated",
      "productId": "69f3d83c43593ae9f97adc15"
    },
    {
      "codigo": "43225",
      "action": "updated",
      "productId": "69f3d81543593ae9f97acc03"
    },
    {
      "codigo": "43224",
      "action": "updated",
      "productId": "69f3d81743593ae9f97accd3"
    },
    {
      "codigo": "50913",
      "action": "updated",
      "productId": "69f3d87d43593ae9f97afa77"
    },
    {
      "codigo": "50902",
      "action": "updated",
      "productId": "69f3d86c43593ae9f97af1de"
    },
    {
      "codigo": "50336",
      "action": "updated",
      "productId": "69f3d88643593ae9f97b00c6"
    },
    {
      "codigo": "45373",
      "action": "updated",
      "productId": "69f3d84543593ae9f97adfad"
    },
    {
      "codigo": "49545",
      "action": "updated",
      "productId": "69f3d89343593ae9f97b07c9"
    },
    {
      "codigo": "50283",
      "action": "updated",
      "productId": "69f3d86543593ae9f97aeedb"
    },
    {
      "codigo": "48635",
      "action": "updated",
      "productId": "69f3d8aa43593ae9f97b13c9"
    },
    {
      "codigo": "49316",
      "action": "updated",
      "productId": "69f3d89a43593ae9f97b0ba7"
    },
    {
      "codigo": "47085",
      "action": "updated",
      "productId": "69f3d8ab43593ae9f97b1535"
    },
    {
      "codigo": "48921",
      "action": "updated",
      "productId": "69f3d8a543593ae9f97b1096"
    },
    {
      "codigo": "49544",
      "action": "updated",
      "productId": "69f3d89443593ae9f97b0823"
    },
    {
      "codigo": "49510",
      "action": "updated",
      "productId": "69f3d89843593ae9f97b09e5"
    },
    {
      "codigo": "47960",
      "action": "updated",
      "productId": "69f3d8bd43593ae9f97b2066"
    },
    {
      "codigo": "48556",
      "action": "updated",
      "productId": "69f3d8ad43593ae9f97b15f0"
    },
    {
      "codigo": "47661",
      "action": "updated",
      "productId": "69f3d8bd43593ae9f97b20c3"
    },
    {
      "codigo": "44941",
      "action": "updated",
      "productId": "69f3d88343593ae9f97afea5"
    },
    {
      "codigo": "46621",
      "action": "updated",
      "productId": "69f3d8bc43593ae9f97b1fac"
    },
    {
      "codigo": "47933",
      "action": "updated",
      "productId": "69f3d8c043593ae9f97b21da"
    },
    {
      "codigo": "46619",
      "action": "updated",
      "productId": "69f3d8cc43593ae9f97b2b0c"
    },
    {
      "codigo": "47660",
      "action": "updated",
      "productId": "69f3d8c243593ae9f97b23ae"
    },
    {
      "codigo": "44871",
      "action": "updated",
      "productId": "69f3d8de43593ae9f97b3736"
    },
    {
      "codigo": "47022",
      "action": "updated",
      "productId": "69f3d8ce43593ae9f97b2c87"
    },
    {
      "codigo": "42886",
      "action": "updated",
      "productId": "69f3d8e843593ae9f97b3fce"
    },
    {
      "codigo": "42885",
      "action": "updated",
      "productId": "69f3d8e843593ae9f97b4032"
    },
    {
      "codigo": "46186",
      "action": "updated",
      "productId": "69f3d8d543593ae9f97b30a0"
    },
    {
      "codigo": "45771",
      "action": "updated",
      "productId": "69f3d8db43593ae9f97b35ab"
    },
    {
      "codigo": "33059",
      "action": "updated",
      "productId": "69f3d89743593ae9f97b08d7"
    },
    {
      "codigo": "42644",
      "action": "updated",
      "productId": "69f3d8ea43593ae9f97b4097"
    },
    {
      "codigo": "42871",
      "action": "updated",
      "productId": "69f3d8ea43593ae9f97b415e"
    },
    {
      "codigo": "46519",
      "action": "updated",
      "productId": "69f3d8d343593ae9f97b3040"
    },
    {
      "codigo": "29007",
      "action": "updated",
      "productId": "69f3d8a143593ae9f97b0f2b"
    },
    {
      "codigo": "42106",
      "action": "updated",
      "productId": "69f3d8ec43593ae9f97b42ee"
    },
    {
      "codigo": "40079",
      "action": "updated",
      "productId": "69f3d8ff43593ae9f97b5254"
    },
    {
      "codigo": "40660",
      "action": "updated",
      "productId": "69f3d8f943593ae9f97b4df8"
    },
    {
      "codigo": "41742",
      "action": "updated",
      "productId": "69f3d8f043593ae9f97b4614"
    },
    {
      "codigo": "40128",
      "action": "updated",
      "productId": "69f3d90043593ae9f97b5319"
    },
    {
      "codigo": "40655",
      "action": "updated",
      "productId": "69f3d8fa43593ae9f97b4ec2"
    },
    {
      "codigo": "40651",
      "action": "updated",
      "productId": "69f3d8fc43593ae9f97b4ff1"
    },
    {
      "codigo": "39808",
      "action": "updated",
      "productId": "69f3d90043593ae9f97b537e"
    },
    {
      "codigo": "40376",
      "action": "updated",
      "productId": "69f3d8ff43593ae9f97b51ea"
    },
    {
      "codigo": "39781",
      "action": "updated",
      "productId": "69f3d90143593ae9f97b53e5"
    },
    {
      "codigo": "41810",
      "action": "updated",
      "productId": "69f3d8f143593ae9f97b46e0"
    },
    {
      "codigo": "39322",
      "action": "updated",
      "productId": "69f3d90543593ae9f97b570b"
    },
    {
      "codigo": "39097",
      "action": "updated",
      "productId": "69f3d90543593ae9f97b583d"
    },
    {
      "codigo": "39201",
      "action": "updated",
      "productId": "69f3d90643593ae9f97b58a3"
    },
    {
      "codigo": "38993",
      "action": "updated",
      "productId": "69f3d90843593ae9f97b59d5"
    },
    {
      "codigo": "38303",
      "action": "updated",
      "productId": "69f3d90943593ae9f97b5aa6"
    },
    {
      "codigo": "37309",
      "action": "updated",
      "productId": "69f3d90e43593ae9f97b5ea9"
    },
    {
      "codigo": "39023",
      "action": "updated",
      "productId": "69f3d90743593ae9f97b596f"
    },
    {
      "codigo": "36681",
      "action": "updated",
      "productId": "69f3d91243593ae9f97b61f1"
    },
    {
      "codigo": "37188",
      "action": "updated",
      "productId": "69f3d91043593ae9f97b604d"
    },
    {
      "codigo": "36680",
      "action": "updated",
      "productId": "69f3d91343593ae9f97b625a"
    },
    {
      "codigo": "36405",
      "action": "updated",
      "productId": "69f3d91643593ae9f97b6402"
    },
    {
      "codigo": "30624",
      "action": "updated",
      "productId": "69f3d92743593ae9f97b70b5"
    },
    {
      "codigo": "37157",
      "action": "updated",
      "productId": "69f3d91243593ae9f97b6188"
    },
    {
      "codigo": "38037",
      "action": "updated",
      "productId": "69f3d90b43593ae9f97b5c39"
    },
    {
      "codigo": "32239",
      "action": "updated",
      "productId": "69f3d92743593ae9f97b711f"
    },
    {
      "codigo": "30427",
      "action": "updated",
      "productId": "69f3d92943593ae9f97b732f"
    },
    {
      "codigo": "58058",
      "action": "created",
      "productId": "69f5a98a8d645b58ce7f10a1"
    },
    {
      "codigo": "31240",
      "action": "updated",
      "productId": "69f3d92943593ae9f97b725f"
    },
    {
      "codigo": "24265",
      "action": "updated",
      "productId": "69f3d93543593ae9f97b7c31"
    },
    {
      "codigo": "30109",
      "action": "updated",
      "productId": "69f3d92c43593ae9f97b753c"
    },
    {
      "codigo": "29006",
      "action": "updated",
      "productId": "69f3d92e43593ae9f97b76dc"
    },
    {
      "codigo": "24297",
      "action": "updated",
      "productId": "69f3d93743593ae9f97b7d03"
    },
    {
      "codigo": "57824",
      "action": "created",
      "productId": "69f5a9908d645b58ce7f154c"
    },
    {
      "codigo": "55829",
      "action": "created",
      "productId": "69f5a9908d645b58ce7f1550"
    },
    {
      "codigo": "56458",
      "action": "created",
      "productId": "69f5a9908d645b58ce7f16ab"
    },
    {
      "codigo": "57939",
      "action": "created",
      "productId": "69f5a9908d645b58ce7f16b0"
    },
    {
      "codigo": "56926",
      "action": "created",
      "productId": "69f5a9908d645b58ce7f180b"
    },
    {
      "codigo": "57440",
      "action": "created",
      "productId": "69f5a9928d645b58ce7f18bb"
    },
    {
      "codigo": "53231",
      "action": "created",
      "productId": "69f5a9938d645b58ce7f196b"
    },
    {
      "codigo": "57738",
      "action": "created",
      "productId": "69f5a9938d645b58ce7f1a1d"
    },
    {
      "codigo": "48980",
      "action": "created",
      "productId": "69f5a9938d645b58ce7f1a1f"
    },
    {
      "codigo": "57737",
      "action": "created",
      "productId": "69f5a9948d645b58ce7f1b7b"
    },
    {
      "codigo": "57736",
      "action": "created",
      "productId": "69f5a9948d645b58ce7f1c2b"
    },
    {
      "codigo": "57735",
      "action": "created",
      "productId": "69f5a9948d645b58ce7f1cdb"
    },
    {
      "codigo": "50419",
      "action": "created",
      "productId": "69f5a9958d645b58ce7f1d8c"
    },
    {
      "codigo": "58059",
      "action": "created",
      "productId": "69f5a9958d645b58ce7f1d90"
    },
    {
      "codigo": "56819",
      "action": "created",
      "productId": "69f5a9958d645b58ce7f1e40"
    },
    {
      "codigo": "53236",
      "action": "created",
      "productId": "69f5a9968d645b58ce7f1f9c"
    },
    {
      "codigo": "57938",
      "action": "created",
      "productId": "69f5a9968d645b58ce7f204d"
    },
    {
      "codigo": "57937",
      "action": "created",
      "productId": "69f5a9978d645b58ce7f20fe"
    },
    {
      "codigo": "57940",
      "action": "created",
      "productId": "69f5a9978d645b58ce7f21af"
    },
    {
      "codigo": "57941",
      "action": "created",
      "productId": "69f5a9998d645b58ce7f2260"
    },
    {
      "codigo": "57247",
      "action": "created",
      "productId": "69f5a99a8d645b58ce7f2311"
    },
    {
      "codigo": "57030",
      "action": "created",
      "productId": "69f5a99a8d645b58ce7f23c2"
    },
    {
      "codigo": "57931",
      "action": "created",
      "productId": "69f5a99b8d645b58ce7f2473"
    },
    {
      "codigo": "57932",
      "action": "created",
      "productId": "69f5a99c8d645b58ce7f2524"
    },
    {
      "codigo": "51517",
      "action": "created",
      "productId": "69f5a99c8d645b58ce7f25d5"
    },
    {
      "codigo": "51609",
      "action": "created",
      "productId": "69f5a99c8d645b58ce7f2687"
    },
    {
      "codigo": "57609",
      "action": "created",
      "productId": "69f5a99c8d645b58ce7f268b"
    },
    {
      "codigo": "57549",
      "action": "created",
      "productId": "69f5a99d8d645b58ce7f27e8"
    },
    {
      "codigo": "57548",
      "action": "created",
      "productId": "69f5a99e8d645b58ce7f2899"
    },
    {
      "codigo": "57419",
      "action": "created",
      "productId": "69f5a9a08d645b58ce7f294c"
    },
    {
      "codigo": "57546",
      "action": "created",
      "productId": "69f5a9a08d645b58ce7f294e"
    },
    {
      "codigo": "57399",
      "action": "created",
      "productId": "69f5a9a08d645b58ce7f2aac"
    },
    {
      "codigo": "57254",
      "action": "created",
      "productId": "69f5a9a28d645b58ce7f2b60"
    },
    {
      "codigo": "57043",
      "action": "created",
      "productId": "69f5a9a28d645b58ce7f2b62"
    },
    {
      "codigo": "57327",
      "action": "created",
      "productId": "69f5a9a38d645b58ce7f2cc3"
    },
    {
      "codigo": "57028",
      "action": "created",
      "productId": "69f5a9a38d645b58ce7f2cc7"
    },
    {
      "codigo": "57029",
      "action": "created",
      "productId": "69f5a9a38d645b58ce7f2ccb"
    },
    {
      "codigo": "56993",
      "action": "created",
      "productId": "69f5a9a48d645b58ce7f2ed8"
    },
    {
      "codigo": "56928",
      "action": "created",
      "productId": "69f5a9a58d645b58ce7f2f8a"
    },
    {
      "codigo": "56927",
      "action": "created",
      "productId": "69f5a9a68d645b58ce7f303e"
    },
    {
      "codigo": "56925",
      "action": "created",
      "productId": "69f5a9a68d645b58ce7f3040"
    },
    {
      "codigo": "56855",
      "action": "created",
      "productId": "69f5a9a78d645b58ce7f31a0"
    },
    {
      "codigo": "56815",
      "action": "created",
      "productId": "69f5a9a88d645b58ce7f3252"
    },
    {
      "codigo": "56384",
      "action": "created",
      "productId": "69f5a9a98d645b58ce7f3304"
    },
    {
      "codigo": "56716",
      "action": "created",
      "productId": "69f5a9a98d645b58ce7f33b6"
    },
    {
      "codigo": "55019",
      "action": "updated",
      "productId": "69f3d80143593ae9f97ac3a6"
    },
    {
      "codigo": "55631",
      "action": "updated",
      "productId": "69f3d7f343593ae9f97abddd"
    },
    {
      "codigo": "56723",
      "action": "created",
      "productId": "69f5a9aa8d645b58ce7f351a"
    },
    {
      "codigo": "47778",
      "action": "created",
      "productId": "69f5a9ab8d645b58ce7f367a"
    },
    {
      "codigo": "53897",
      "action": "updated",
      "productId": "69f3d82143593ae9f97ad094"
    },
    {
      "codigo": "53793",
      "action": "updated",
      "productId": "69f3d82343593ae9f97ad162"
    },
    {
      "codigo": "54497",
      "action": "updated",
      "productId": "69f3d81243593ae9f97ac9e4"
    },
    {
      "codigo": "53011",
      "action": "updated",
      "productId": "69f3d81843593ae9f97acd9c"
    },
    {
      "codigo": "53753",
      "action": "updated",
      "productId": "69f3d82643593ae9f97ad30c"
    },
    {
      "codigo": "53445",
      "action": "updated",
      "productId": "69f3d81e43593ae9f97ad00a"
    },
    {
      "codigo": "53326",
      "action": "updated",
      "productId": "69f3d83043593ae9f97ad65a"
    },
    {
      "codigo": "53304",
      "action": "updated",
      "productId": "69f3d82343593ae9f97ad167"
    },
    {
      "codigo": "53315",
      "action": "updated",
      "productId": "69f3d83343593ae9f97ad8c2"
    },
    {
      "codigo": "53302",
      "action": "updated",
      "productId": "69f3d82243593ae9f97ad11d"
    },
    {
      "codigo": "53300",
      "action": "updated",
      "productId": "69f3d82543593ae9f97ad27d"
    },
    {
      "codigo": "53301",
      "action": "updated",
      "productId": "69f3d83143593ae9f97ad745"
    },
    {
      "codigo": "52893",
      "action": "updated",
      "productId": "69f3d83c43593ae9f97adcab"
    },
    {
      "codigo": "52894",
      "action": "updated",
      "productId": "69f3d82a43593ae9f97ad3f2"
    },
    {
      "codigo": "52892",
      "action": "updated",
      "productId": "69f3d82943593ae9f97ad3a5"
    },
    {
      "codigo": "53232",
      "action": "updated",
      "productId": "69f3d83543593ae9f97ad90f"
    },
    {
      "codigo": "52841",
      "action": "updated",
      "productId": "69f3d84443593ae9f97adf60"
    },
    {
      "codigo": "52934",
      "action": "updated",
      "productId": "69f3d84043593ae9f97ade31"
    },
    {
      "codigo": "50390",
      "action": "created",
      "productId": "69f5a9b78d645b58ce7f439a"
    },
    {
      "codigo": "52696",
      "action": "updated",
      "productId": "69f3d84543593ae9f97ae003"
    },
    {
      "codigo": "52116",
      "action": "updated",
      "productId": "69f3d85443593ae9f97ae751"
    },
    {
      "codigo": "52073",
      "action": "updated",
      "productId": "69f3d85643593ae9f97ae889"
    },
    {
      "codigo": "48983",
      "action": "updated",
      "productId": "69f3d81d43593ae9f97aceb5"
    },
    {
      "codigo": "51285",
      "action": "updated",
      "productId": "69f3d86e43593ae9f97af33e"
    },
    {
      "codigo": "52661",
      "action": "updated",
      "productId": "69f3d84643593ae9f97ae1ce"
    },
    {
      "codigo": "51053",
      "action": "updated",
      "productId": "69f3d87643593ae9f97af707"
    },
    {
      "codigo": "51054",
      "action": "updated",
      "productId": "69f3d87543593ae9f97af6ae"
    },
    {
      "codigo": "51055",
      "action": "updated",
      "productId": "69f3d87343593ae9f97af656"
    },
    {
      "codigo": "51051",
      "action": "updated",
      "productId": "69f3d87643593ae9f97af70b"
    },
    {
      "codigo": "50947",
      "action": "updated",
      "productId": "69f3d87743593ae9f97af866"
    },
    {
      "codigo": "50814",
      "action": "updated",
      "productId": "69f3d87f43593ae9f97afc34"
    },
    {
      "codigo": "50945",
      "action": "updated",
      "productId": "69f3d87643593ae9f97af7b6"
    },
    {
      "codigo": "50940",
      "action": "updated",
      "productId": "69f3d87843593ae9f97af917"
    },
    {
      "codigo": "50941",
      "action": "updated",
      "productId": "69f3d87843593ae9f97af91a"
    },
    {
      "codigo": "50813",
      "action": "updated",
      "productId": "69f3d88043593ae9f97afd98"
    },
    {
      "codigo": "47023",
      "action": "updated",
      "productId": "69f3d81e43593ae9f97ad00e"
    },
    {
      "codigo": "49814",
      "action": "updated",
      "productId": "69f3d89043593ae9f97b0553"
    },
    {
      "codigo": "49718",
      "action": "updated",
      "productId": "69f3d87743593ae9f97af80e"
    },
    {
      "codigo": "49812",
      "action": "updated",
      "productId": "69f3d89143593ae9f97b05ad"
    },
    {
      "codigo": "45249",
      "action": "updated",
      "productId": "69f3d84543593ae9f97ae000"
    },
    {
      "codigo": "45248",
      "action": "updated",
      "productId": "69f3d85243593ae9f97ae617"
    },
    {
      "codigo": "49683",
      "action": "updated",
      "productId": "69f3d89343593ae9f97b076f"
    },
    {
      "codigo": "49153",
      "action": "updated",
      "productId": "69f3d89e43593ae9f97b0dc5"
    },
    {
      "codigo": "49458",
      "action": "updated",
      "productId": "69f3d88643593ae9f97b00c1"
    },
    {
      "codigo": "49366",
      "action": "updated",
      "productId": "69f3d89943593ae9f97b0b4d"
    },
    {
      "codigo": "48984",
      "action": "updated",
      "productId": "69f3d8a243593ae9f97b0f85"
    },
    {
      "codigo": "48335",
      "action": "updated",
      "productId": "69f3d89443593ae9f97b087d"
    },
    {
      "codigo": "48334",
      "action": "updated",
      "productId": "69f3d89743593ae9f97b098b"
    },
    {
      "codigo": "47413",
      "action": "updated",
      "productId": "69f3d8c243593ae9f97b2411"
    },
    {
      "codigo": "48639",
      "action": "updated",
      "productId": "69f3d8a943593ae9f97b1313"
    },
    {
      "codigo": "48638",
      "action": "updated",
      "productId": "69f3d8ab43593ae9f97b14da"
    },
    {
      "codigo": "45815",
      "action": "updated",
      "productId": "69f3d8d743593ae9f97b31c6"
    },
    {
      "codigo": "47821",
      "action": "updated",
      "productId": "69f3d8bf43593ae9f97b2125"
    },
    {
      "codigo": "47819",
      "action": "updated",
      "productId": "69f3d8c143593ae9f97b22f2"
    },
    {
      "codigo": "40715",
      "action": "updated",
      "productId": "69f3d86c43593ae9f97af236"
    },
    {
      "codigo": "43950",
      "action": "updated",
      "productId": "69f3d8b043593ae9f97b180f"
    },
    {
      "codigo": "44951",
      "action": "updated",
      "productId": "69f3d8de43593ae9f97b37fe"
    },
    {
      "codigo": "42195",
      "action": "updated",
      "productId": "69f3d89e43593ae9f97b0d69"
    },
    {
      "codigo": "42782",
      "action": "updated",
      "productId": "69f3d8bf43593ae9f97b2121"
    },
    {
      "codigo": "43540",
      "action": "updated",
      "productId": "69f3d8e543593ae9f97b3cb3"
    },
    {
      "codigo": "44615",
      "action": "updated",
      "productId": "69f3d8e443593ae9f97b3b88"
    },
    {
      "codigo": "44614",
      "action": "updated",
      "productId": "69f3d8e043593ae9f97b398e"
    },
    {
      "codigo": "44598",
      "action": "updated",
      "productId": "69f3d8e443593ae9f97b3b85"
    },
    {
      "codigo": "41955",
      "action": "updated",
      "productId": "69f3d8f043593ae9f97b45af"
    },
    {
      "codigo": "43955",
      "action": "updated",
      "productId": "69f3d8df43593ae9f97b38ca"
    },
    {
      "codigo": "44209",
      "action": "updated",
      "productId": "69f3d8e643593ae9f97b3e3e"
    },
    {
      "codigo": "41219",
      "action": "updated",
      "productId": "69f3d8fa43593ae9f97b4e5d"
    },
    {
      "codigo": "40790",
      "action": "updated",
      "productId": "69f3d8fa43593ae9f97b4f27"
    },
    {
      "codigo": "57081",
      "action": "created",
      "productId": "69f5a9d48d645b58ce7f686e"
    },
    {
      "codigo": "31471",
      "action": "updated",
      "productId": "69f3d8f443593ae9f97b493c"
    },
    {
      "codigo": "35341",
      "action": "updated",
      "productId": "69f3d91e43593ae9f97b6afc"
    },
    {
      "codigo": "31411",
      "action": "updated",
      "productId": "69f3d90743593ae9f97b5909"
    },
    {
      "codigo": "56702",
      "action": "created",
      "productId": "69f5a9d78d645b58ce7f6cb4"
    },
    {
      "codigo": "33762",
      "action": "updated",
      "productId": "69f3d92543593ae9f97b6f16"
    },
    {
      "codigo": "56644",
      "action": "created",
      "productId": "69f5a9d88d645b58ce7f6ed8"
    },
    {
      "codigo": "57080",
      "action": "created",
      "productId": "69f5a9d88d645b58ce7f6edd"
    },
    {
      "codigo": "56252",
      "action": "created",
      "productId": "69f5a9d88d645b58ce7f6ff0"
    },
    {
      "codigo": "56343",
      "action": "created",
      "productId": "69f5a9d98d645b58ce7f7212"
    },
    {
      "codigo": "55792",
      "action": "updated",
      "productId": "69f3d7e143593ae9f97ab71d"
    },
    {
      "codigo": "56344",
      "action": "created",
      "productId": "69f5a9da8d645b58ce7f732a"
    },
    {
      "codigo": "56342",
      "action": "created",
      "productId": "69f5a9db8d645b58ce7f7550"
    },
    {
      "codigo": "56339",
      "action": "created",
      "productId": "69f5a9db8d645b58ce7f7554"
    },
    {
      "codigo": "53203",
      "action": "updated",
      "productId": "69f3d83643593ae9f97ad95c"
    },
    {
      "codigo": "52207",
      "action": "updated",
      "productId": "69f3d85143593ae9f97ae613"
    },
    {
      "codigo": "52206",
      "action": "updated",
      "productId": "69f3d85243593ae9f97ae6b0"
    },
    {
      "codigo": "46039",
      "action": "updated",
      "productId": "69f3d8d543593ae9f97b3100"
    },
    {
      "codigo": "48057",
      "action": "updated",
      "productId": "69f3d8b443593ae9f97b1af3"
    },
    {
      "codigo": "52201",
      "action": "updated",
      "productId": "69f3d85243593ae9f97ae6fe"
    },
    {
      "codigo": "51479",
      "action": "updated",
      "productId": "69f3d86843593ae9f97af02f"
    },
    {
      "codigo": "26153",
      "action": "updated",
      "productId": "69f3d91a43593ae9f97b66dd"
    },
    {
      "codigo": "43599",
      "action": "updated",
      "productId": "69f3d8e543593ae9f97b3d76"
    },
    {
      "codigo": "39553",
      "action": "updated",
      "productId": "69f3d90243593ae9f97b5512"
    },
    {
      "codigo": "35106",
      "action": "updated",
      "productId": "69f3d91d43593ae9f97b6a25"
    },
    {
      "codigo": "26152",
      "action": "updated",
      "productId": "69f3d91b43593ae9f97b6746"
    },
    {
      "codigo": "50635",
      "action": "updated",
      "productId": "69f3d88443593ae9f97aff59"
    },
    {
      "codigo": "46040",
      "action": "updated",
      "productId": "69f3d8d943593ae9f97b33b2"
    },
    {
      "codigo": "39552",
      "action": "updated",
      "productId": "69f3d90443593ae9f97b5641"
    },
    {
      "codigo": "56473",
      "action": "created",
      "productId": "69f5a9e28d645b58ce7f87fe"
    },
    {
      "codigo": "53596",
      "action": "created",
      "productId": "69f5a9e38d645b58ce7f891f"
    },
    {
      "codigo": "55361",
      "action": "created",
      "productId": "69f5a9e48d645b58ce7f8a40"
    },
    {
      "codigo": "56369",
      "action": "created",
      "productId": "69f5a9e58d645b58ce7f8b61"
    },
    {
      "codigo": "53990",
      "action": "created",
      "productId": "69f5a9e58d645b58ce7f8c83"
    },
    {
      "codigo": "53338",
      "action": "created",
      "productId": "69f5a9e58d645b58ce7f8c87"
    },
    {
      "codigo": "56074",
      "action": "created",
      "productId": "69f5a9e58d645b58ce7f8da7"
    },
    {
      "codigo": "58064",
      "action": "created",
      "productId": "69f5a9e68d645b58ce7f8fe5"
    },
    {
      "codigo": "57261",
      "action": "created",
      "productId": "69f5a9e68d645b58ce7f9106"
    },
    {
      "codigo": "57593",
      "action": "created",
      "productId": "69f5a9e78d645b58ce7f9227"
    },
    {
      "codigo": "56998",
      "action": "created",
      "productId": "69f5a9e78d645b58ce7f9348"
    },
    {
      "codigo": "49853",
      "action": "created",
      "productId": "69f5a9e88d645b58ce7f9469"
    },
    {
      "codigo": "57755",
      "action": "created",
      "productId": "69f5a9e88d645b58ce7f958c"
    },
    {
      "codigo": "57823",
      "action": "created",
      "productId": "69f5a9e88d645b58ce7f958e"
    },
    {
      "codigo": "55360",
      "action": "created",
      "productId": "69f5a9e88d645b58ce7f96b0"
    },
    {
      "codigo": "57353",
      "action": "created",
      "productId": "69f5a9e98d645b58ce7f98ee"
    },
    {
      "codigo": "57025",
      "action": "created",
      "productId": "69f5a9e98d645b58ce7f98f2"
    },
    {
      "codigo": "55415",
      "action": "created",
      "productId": "69f5a9e98d645b58ce7f9b2f"
    },
    {
      "codigo": "56673",
      "action": "created",
      "productId": "69f5a9ea8d645b58ce7f9c50"
    },
    {
      "codigo": "57522",
      "action": "created",
      "productId": "69f5a9ed8d645b58ce7f9c55"
    },
    {
      "codigo": "55571",
      "action": "created",
      "productId": "69f5a9ed8d645b58ce7f9d75"
    },
    {
      "codigo": "57524",
      "action": "created",
      "productId": "69f5a9ed8d645b58ce7f9d7a"
    },
    {
      "codigo": "57753",
      "action": "created",
      "productId": "69f5a9ef8d645b58ce7fa0d4"
    },
    {
      "codigo": "56976",
      "action": "created",
      "productId": "69f5a9ef8d645b58ce7fa1f5"
    },
    {
      "codigo": "57521",
      "action": "created",
      "productId": "69f5a9f08d645b58ce7fa316"
    },
    {
      "codigo": "57504",
      "action": "created",
      "productId": "69f5a9f08d645b58ce7fa437"
    },
    {
      "codigo": "57503",
      "action": "created",
      "productId": "69f5a9f18d645b58ce7fa55c"
    },
    {
      "codigo": "55725",
      "action": "created",
      "productId": "69f5a9f18d645b58ce7fa55a"
    },
    {
      "codigo": "56988",
      "action": "created",
      "productId": "69f5a9f28d645b58ce7fa79a"
    },
    {
      "codigo": "57822",
      "action": "created",
      "productId": "69f5a9f28d645b58ce7fa8bb"
    },
    {
      "codigo": "57756",
      "action": "created",
      "productId": "69f5a9f28d645b58ce7fa9dd"
    },
    {
      "codigo": "56986",
      "action": "created",
      "productId": "69f5a9f28d645b58ce7fa9e1"
    },
    {
      "codigo": "56985",
      "action": "created",
      "productId": "69f5a9f38d645b58ce7fac1e"
    },
    {
      "codigo": "57505",
      "action": "created",
      "productId": "69f5a9f38d645b58ce7fac23"
    },
    {
      "codigo": "57352",
      "action": "created",
      "productId": "69f5a9f38d645b58ce7fae62"
    },
    {
      "codigo": "56983",
      "action": "created",
      "productId": "69f5a9f38d645b58ce7fae64"
    },
    {
      "codigo": "56982",
      "action": "created",
      "productId": "69f5a9f48d645b58ce7faf86"
    },
    {
      "codigo": "56980",
      "action": "created",
      "productId": "69f5a9f58d645b58ce7fb1c3"
    },
    {
      "codigo": "56981",
      "action": "created",
      "productId": "69f5a9f58d645b58ce7fb2e4"
    },
    {
      "codigo": "56979",
      "action": "created",
      "productId": "69f5a9f58d645b58ce7fb2e9"
    },
    {
      "codigo": "56977",
      "action": "created",
      "productId": "69f5a9f68d645b58ce7fb526"
    },
    {
      "codigo": "56729",
      "action": "created",
      "productId": "69f5a9f68d645b58ce7fb649"
    },
    {
      "codigo": "56858",
      "action": "created",
      "productId": "69f5a9f68d645b58ce7fb64c"
    },
    {
      "codigo": "56728",
      "action": "created",
      "productId": "69f5a9f68d645b58ce7fb650"
    },
    {
      "codigo": "56687",
      "action": "created",
      "productId": "69f5a9f78d645b58ce7fb88d"
    },
    {
      "codigo": "56984",
      "action": "created",
      "productId": "69f5a9f88d645b58ce7fbacb"
    },
    {
      "codigo": "56500",
      "action": "created",
      "productId": "69f5a9f88d645b58ce7fbbf1"
    },
    {
      "codigo": "56501",
      "action": "created",
      "productId": "69f5a9f88d645b58ce7fbbef"
    },
    {
      "codigo": "56502",
      "action": "created",
      "productId": "69f5a9f88d645b58ce7fbbf5"
    },
    {
      "codigo": "56499",
      "action": "created",
      "productId": "69f5a9f88d645b58ce7fbd16"
    },
    {
      "codigo": "56495",
      "action": "created",
      "productId": "69f5a9f88d645b58ce7fbe36"
    },
    {
      "codigo": "56978",
      "action": "created",
      "productId": "69f5a9f98d645b58ce7fbe3b"
    },
    {
      "codigo": "56497",
      "action": "created",
      "productId": "69f5a9f98d645b58ce7fc196"
    },
    {
      "codigo": "56472",
      "action": "created",
      "productId": "69f5a9f98d645b58ce7fc3d3"
    },
    {
      "codigo": "56191",
      "action": "updated",
      "productId": "69f3d7ce43593ae9f97ab14d"
    },
    {
      "codigo": "56190",
      "action": "updated",
      "productId": "69f3d7cd43593ae9f97ab0e5"
    },
    {
      "codigo": "56189",
      "action": "updated",
      "productId": "69f3d7ce43593ae9f97ab14b"
    },
    {
      "codigo": "56291",
      "action": "created",
      "productId": "69f5a9fd8d645b58ce7fc851"
    },
    {
      "codigo": "56290",
      "action": "created",
      "productId": "69f5a9fe8d645b58ce7fc972"
    },
    {
      "codigo": "56288",
      "action": "created",
      "productId": "69f5a9ff8d645b58ce7fca93"
    },
    {
      "codigo": "55801",
      "action": "updated",
      "productId": "69f3d7dc43593ae9f97ab4da"
    },
    {
      "codigo": "55800",
      "action": "updated",
      "productId": "69f3d7dd43593ae9f97ab5b9"
    },
    {
      "codigo": "56183",
      "action": "updated",
      "productId": "69f3d7d443593ae9f97ab1e9"
    },
    {
      "codigo": "56069",
      "action": "updated",
      "productId": "69f3d7da43593ae9f97ab421"
    },
    {
      "codigo": "55799",
      "action": "updated",
      "productId": "69f3d7dd43593ae9f97ab5f4"
    },
    {
      "codigo": "56182",
      "action": "updated",
      "productId": "69f3d7d243593ae9f97ab1b3"
    },
    {
      "codigo": "56178",
      "action": "updated",
      "productId": "69f3d7d443593ae9f97ab1ee"
    },
    {
      "codigo": "55798",
      "action": "updated",
      "productId": "69f3d7de43593ae9f97ab6a9"
    },
    {
      "codigo": "56179",
      "action": "updated",
      "productId": "69f3d7d543593ae9f97ab2fb"
    },
    {
      "codigo": "55458",
      "action": "updated",
      "productId": "69f3d7f043593ae9f97abc5a"
    },
    {
      "codigo": "55414",
      "action": "updated",
      "productId": "69f3d7f343593ae9f97abddb"
    },
    {
      "codigo": "54433",
      "action": "created",
      "productId": "69f5aa048d645b58ce7fd813"
    },
    {
      "codigo": "55723",
      "action": "updated",
      "productId": "69f3d7ef43593ae9f97abc1b"
    },
    {
      "codigo": "55727",
      "action": "updated",
      "productId": "69f3d7eb43593ae9f97aba64"
    },
    {
      "codigo": "55789",
      "action": "updated",
      "productId": "69f3d7e443593ae9f97ab843"
    },
    {
      "codigo": "55788",
      "action": "updated",
      "productId": "69f3d7e543593ae9f97ab8fb"
    },
    {
      "codigo": "54834",
      "action": "updated",
      "productId": "69f3d80543593ae9f97ac4f0"
    },
    {
      "codigo": "54230",
      "action": "updated",
      "productId": "69f3d81743593ae9f97accd1"
    },
    {
      "codigo": "53206",
      "action": "updated",
      "productId": "69f3d83043593ae9f97ad6a7"
    },
    {
      "codigo": "54507",
      "action": "updated",
      "productId": "69f3d81143593ae9f97ac99f"
    },
    {
      "codigo": "54895",
      "action": "updated",
      "productId": "69f3d80743593ae9f97ac536"
    },
    {
      "codigo": "54432",
      "action": "updated",
      "productId": "69f3d81243593ae9f97ac9e8"
    },
    {
      "codigo": "55787",
      "action": "updated",
      "productId": "69f3d7e443593ae9f97ab807"
    },
    {
      "codigo": "53895",
      "action": "updated",
      "productId": "69f3d82143593ae9f97ad097"
    },
    {
      "codigo": "53437",
      "action": "updated",
      "productId": "69f3d82b43593ae9f97ad526"
    },
    {
      "codigo": "52726",
      "action": "updated",
      "productId": "69f3d84043593ae9f97ade2c"
    },
    {
      "codigo": "51529",
      "action": "created",
      "productId": "69f5aa0d8d645b58ce7fe91a"
    },
    {
      "codigo": "49045",
      "action": "created",
      "productId": "69f5aa0d8d645b58ce7fea41"
    },
    {
      "codigo": "53018",
      "action": "updated",
      "productId": "69f3d83943593ae9f97adb77"
    },
    {
      "codigo": "52464",
      "action": "updated",
      "productId": "69f3d84543593ae9f97ae136"
    },
    {
      "codigo": "51175",
      "action": "updated",
      "productId": "69f3d86f43593ae9f97af4f6"
    },
    {
      "codigo": "50499",
      "action": "updated",
      "productId": "69f3d87f43593ae9f97afd3f"
    },
    {
      "codigo": "51203",
      "action": "updated",
      "productId": "69f3d86f43593ae9f97af44a"
    },
    {
      "codigo": "51201",
      "action": "updated",
      "productId": "69f3d87243593ae9f97af5a6"
    },
    {
      "codigo": "51202",
      "action": "updated",
      "productId": "69f3d86e43593ae9f97af396"
    },
    {
      "codigo": "51794",
      "action": "updated",
      "productId": "69f3d85b43593ae9f97aeab2"
    },
    {
      "codigo": "51791",
      "action": "updated",
      "productId": "69f3d85c43593ae9f97aeb50"
    },
    {
      "codigo": "52149",
      "action": "updated",
      "productId": "69f3d85443593ae9f97ae7eb"
    },
    {
      "codigo": "49851",
      "action": "updated",
      "productId": "69f3d88c43593ae9f97b0397"
    },
    {
      "codigo": "48208",
      "action": "updated",
      "productId": "69f3d8b043593ae9f97b1816"
    },
    {
      "codigo": "49854",
      "action": "updated",
      "productId": "69f3d88b43593ae9f97b0337"
    },
    {
      "codigo": "48206",
      "action": "updated",
      "productId": "69f3d8b043593ae9f97b1814"
    },
    {
      "codigo": "49946",
      "action": "updated",
      "productId": "69f3d87343593ae9f97af5fe"
    },
    {
      "codigo": "48283",
      "action": "updated",
      "productId": "69f3d8af43593ae9f97b17b2"
    },
    {
      "codigo": "48560",
      "action": "updated",
      "productId": "69f3d8ab43593ae9f97b1424"
    },
    {
      "codigo": "49098",
      "action": "updated",
      "productId": "69f3d89e43593ae9f97b0dc7"
    },
    {
      "codigo": "48964",
      "action": "updated",
      "productId": "69f3d8a543593ae9f97b103b"
    },
    {
      "codigo": "48738",
      "action": "updated",
      "productId": "69f3d8a643593ae9f97b1204"
    },
    {
      "codigo": "48119",
      "action": "updated",
      "productId": "69f3d8b343593ae9f97b1a39"
    },
    {
      "codigo": "47989",
      "action": "updated",
      "productId": "69f3d8ba43593ae9f97b1e95"
    },
    {
      "codigo": "47406",
      "action": "updated",
      "productId": "69f3d8c243593ae9f97b240d"
    },
    {
      "codigo": "47850",
      "action": "updated",
      "productId": "69f3d8bc43593ae9f97b2009"
    },
    {
      "codigo": "47382",
      "action": "updated",
      "productId": "69f3d8c443593ae9f97b2584"
    },
    {
      "codigo": "43230",
      "action": "updated",
      "productId": "69f3d8e743593ae9f97b3f6a"
    },
    {
      "codigo": "47581",
      "action": "updated",
      "productId": "69f3d8c143593ae9f97b2350"
    },
    {
      "codigo": "45653",
      "action": "updated",
      "productId": "69f3d8db43593ae9f97b3546"
    },
    {
      "codigo": "45746",
      "action": "updated",
      "productId": "69f3d8d843593ae9f97b334e"
    },
    {
      "codigo": "46624",
      "action": "updated",
      "productId": "69f3d8cc43593ae9f97b2bc9"
    },
    {
      "codigo": "47645",
      "action": "updated",
      "productId": "69f3d8c243593ae9f97b246f"
    },
    {
      "codigo": "47323",
      "action": "updated",
      "productId": "69f3d8c843593ae9f97b28d2"
    },
    {
      "codigo": "42604",
      "action": "updated",
      "productId": "69f3d8ea43593ae9f97b4226"
    },
    {
      "codigo": "41630",
      "action": "updated",
      "productId": "69f3d8f143593ae9f97b46e2"
    },
    {
      "codigo": "42944",
      "action": "updated",
      "productId": "69f3d8ea43593ae9f97b41c2"
    },
    {
      "codigo": "41632",
      "action": "updated",
      "productId": "69f3d8f243593ae9f97b47a8"
    },
    {
      "codigo": "37752",
      "action": "updated",
      "productId": "69f3d90d43593ae9f97b5d72"
    },
    {
      "codigo": "41629",
      "action": "updated",
      "productId": "69f3d8f443593ae9f97b49a3"
    },
    {
      "codigo": "42942",
      "action": "updated",
      "productId": "69f3d8ec43593ae9f97b428a"
    },
    {
      "codigo": "41627",
      "action": "updated",
      "productId": "69f3d8f443593ae9f97b4a0c"
    },
    {
      "codigo": "27878",
      "action": "updated",
      "productId": "69f3d90443593ae9f97b56a6"
    },
    {
      "codigo": "33343",
      "action": "updated",
      "productId": "69f3d8f643593ae9f97b4b35"
    },
    {
      "codigo": "36830",
      "action": "updated",
      "productId": "69f3d91343593ae9f97b625f"
    },
    {
      "codigo": "34997",
      "action": "updated",
      "productId": "69f3d91f43593ae9f97b6bc9"
    },
    {
      "codigo": "34996",
      "action": "updated",
      "productId": "69f3d92043593ae9f97b6c32"
    },
    {
      "codigo": "36640",
      "action": "updated",
      "productId": "69f3d91643593ae9f97b6400"
    },
    {
      "codigo": "36639",
      "action": "updated",
      "productId": "69f3d91743593ae9f97b6539"
    },
    {
      "codigo": "35493",
      "action": "updated",
      "productId": "69f3d91c43593ae9f97b6881"
    },
    {
      "codigo": "36637",
      "action": "updated",
      "productId": "69f3d91743593ae9f97b65a2"
    },
    {
      "codigo": "27619",
      "action": "updated",
      "productId": "69f3d92d43593ae9f97b7673"
    },
    {
      "codigo": "35900",
      "action": "updated",
      "productId": "69f3d91c43593ae9f97b6818"
    },
    {
      "codigo": "35724",
      "action": "updated",
      "productId": "69f3d91e43593ae9f97b6af8"
    },
    {
      "codigo": "34470",
      "action": "updated",
      "productId": "69f3d92243593ae9f97b6d05"
    },
    {
      "codigo": "36133",
      "action": "updated",
      "productId": "69f2edbb6860740b8bee6fff"
    },
    {
      "codigo": "44804",
      "action": "updated",
      "productId": "69f2ed696860740b8bee5174"
    },
    {
      "codigo": "31714",
      "action": "updated",
      "productId": "69f2ede76860740b8bee7d4d"
    },
    {
      "codigo": "21062",
      "action": "updated",
      "productId": "69f3d7bd43593ae9f97aab3e"
    },
    {
      "codigo": "58143",
      "action": "created",
      "productId": "69f5aa288d645b58ce802cec"
    },
    {
      "codigo": "55535",
      "action": "updated",
      "productId": "69f2ecee6860740b8bee2cd6"
    },
    {
      "codigo": "42179",
      "action": "updated",
      "productId": "69f2ed836860740b8bee5a4c"
    },
    {
      "codigo": "55527",
      "action": "updated",
      "productId": "69f2ecf06860740b8bee2d7a"
    },
    {
      "codigo": "55530",
      "action": "updated",
      "productId": "69f2ecef6860740b8bee2d06"
    },
    {
      "codigo": "34115",
      "action": "updated",
      "productId": "69f2ede06860740b8bee7acc"
    },
    {
      "codigo": "34114",
      "action": "updated",
      "productId": "69f2edde6860740b8bee7a3d"
    },
    {
      "codigo": "21061",
      "action": "updated",
      "productId": "69f3d7c043593ae9f97aacb9"
    },
    {
      "codigo": "19197",
      "action": "updated",
      "productId": "69f3d7c443593ae9f97aadb9"
    },
    {
      "codigo": "11982",
      "action": "created",
      "productId": "69f5aa2c8d645b58ce803640"
    },
    {
      "codigo": "58018",
      "action": "created",
      "productId": "69f5aa2f8d645b58ce803894"
    },
    {
      "codigo": "58045",
      "action": "created",
      "productId": "69f5aa308d645b58ce8039c0"
    },
    {
      "codigo": "58032",
      "action": "created",
      "productId": "69f5aa318d645b58ce803aed"
    },
    {
      "codigo": "58044",
      "action": "created",
      "productId": "69f5aa318d645b58ce803af1"
    },
    {
      "codigo": "58050",
      "action": "created",
      "productId": "69f5aa318d645b58ce803d44"
    },
    {
      "codigo": "58030",
      "action": "created",
      "productId": "69f5aa328d645b58ce803e70"
    },
    {
      "codigo": "58040",
      "action": "created",
      "productId": "69f5aa328d645b58ce803f9c"
    },
    {
      "codigo": "58019",
      "action": "created",
      "productId": "69f5aa328d645b58ce8040cc"
    },
    {
      "codigo": "57909",
      "action": "created",
      "productId": "69f5aa328d645b58ce8040ca"
    },
    {
      "codigo": "58020",
      "action": "created",
      "productId": "69f5aa348d645b58ce804320"
    },
    {
      "codigo": "57906",
      "action": "created",
      "productId": "69f5aa368d645b58ce80444c"
    },
    {
      "codigo": "57907",
      "action": "created",
      "productId": "69f5aa368d645b58ce804451"
    },
    {
      "codigo": "57908",
      "action": "created",
      "productId": "69f5aa368d645b58ce80457c"
    },
    {
      "codigo": "57905",
      "action": "created",
      "productId": "69f5aa368d645b58ce8047d0"
    },
    {
      "codigo": "57952",
      "action": "created",
      "productId": "69f5aa378d645b58ce8048fe"
    },
    {
      "codigo": "57912",
      "action": "created",
      "productId": "69f5aa378d645b58ce804900"
    },
    {
      "codigo": "57915",
      "action": "created",
      "productId": "69f5aa378d645b58ce804a2c"
    },
    {
      "codigo": "57903",
      "action": "created",
      "productId": "69f5aa378d645b58ce804b5b"
    },
    {
      "codigo": "57904",
      "action": "created",
      "productId": "69f5aa378d645b58ce804c84"
    },
    {
      "codigo": "57902",
      "action": "created",
      "productId": "69f5aa388d645b58ce804ed8"
    },
    {
      "codigo": "57901",
      "action": "created",
      "productId": "69f5aa398d645b58ce805004"
    },
    {
      "codigo": "57865",
      "action": "created",
      "productId": "69f5aa3a8d645b58ce805130"
    },
    {
      "codigo": "57864",
      "action": "created",
      "productId": "69f5aa3b8d645b58ce80525d"
    },
    {
      "codigo": "57863",
      "action": "created",
      "productId": "69f5aa3b8d645b58ce805261"
    },
    {
      "codigo": "57862",
      "action": "created",
      "productId": "69f5aa3b8d645b58ce8054b6"
    },
    {
      "codigo": "56950",
      "action": "created",
      "productId": "69f5aa3b8d645b58ce8054b9"
    },
    {
      "codigo": "57861",
      "action": "created",
      "productId": "69f5aa3b8d645b58ce8054bd"
    },
    {
      "codigo": "57859",
      "action": "created",
      "productId": "69f5aa3b8d645b58ce805710"
    },
    {
      "codigo": "57857",
      "action": "created",
      "productId": "69f5aa3c8d645b58ce80583d"
    },
    {
      "codigo": "57858",
      "action": "created",
      "productId": "69f5aa3c8d645b58ce805969"
    },
    {
      "codigo": "57856",
      "action": "created",
      "productId": "69f5aa3d8d645b58ce805bbe"
    },
    {
      "codigo": "57424",
      "action": "created",
      "productId": "69f5aa3d8d645b58ce805bc0"
    },
    {
      "codigo": "57222",
      "action": "created",
      "productId": "69f5aa3e8d645b58ce805e14"
    },
    {
      "codigo": "56753",
      "action": "created",
      "productId": "69f5aa3e8d645b58ce805f40"
    },
    {
      "codigo": "56780",
      "action": "created",
      "productId": "69f5aa3e8d645b58ce805f45"
    },
    {
      "codigo": "56637",
      "action": "created",
      "productId": "69f5aa3e8d645b58ce806073"
    },
    {
      "codigo": "56639",
      "action": "created",
      "productId": "69f5aa3e8d645b58ce80619d"
    },
    {
      "codigo": "56636",
      "action": "created",
      "productId": "69f5aa3f8d645b58ce8062c8"
    },
    {
      "codigo": "56754",
      "action": "created",
      "productId": "69f5aa3f8d645b58ce8063f4"
    },
    {
      "codigo": "56633",
      "action": "created",
      "productId": "69f5aa408d645b58ce806648"
    },
    {
      "codigo": "56634",
      "action": "created",
      "productId": "69f5aa408d645b58ce806775"
    },
    {
      "codigo": "57855",
      "action": "created",
      "productId": "69f5aa408d645b58ce806778"
    },
    {
      "codigo": "56617",
      "action": "created",
      "productId": "69f5aa408d645b58ce8069d4"
    },
    {
      "codigo": "56599",
      "action": "created",
      "productId": "69f5aa418d645b58ce8069d9"
    },
    {
      "codigo": "56593",
      "action": "created",
      "productId": "69f5aa418d645b58ce806c34"
    },
    {
      "codigo": "55710",
      "action": "created",
      "productId": "69f5aa428d645b58ce806d64"
    },
    {
      "codigo": "55775",
      "action": "created",
      "productId": "69f5aa438d645b58ce806e94"
    },
    {
      "codigo": "54122",
      "action": "created",
      "productId": "69f5aa438d645b58ce806fc5"
    },
    {
      "codigo": "47498",
      "action": "created",
      "productId": "69f5aa438d645b58ce806fc9"
    },
    {
      "codigo": "54121",
      "action": "created",
      "productId": "69f5aa438d645b58ce8070f9"
    },
    {
      "codigo": "55774",
      "action": "created",
      "productId": "69f5aa438d645b58ce8070fd"
    },
    {
      "codigo": "55772",
      "action": "created",
      "productId": "69f5aa448d645b58ce807486"
    },
    {
      "codigo": "54120",
      "action": "created",
      "productId": "69f5aa448d645b58ce80748a"
    },
    {
      "codigo": "55773",
      "action": "created",
      "productId": "69f5aa448d645b58ce80748d"
    },
    {
      "codigo": "54119",
      "action": "created",
      "productId": "69f5aa448d645b58ce807815"
    },
    {
      "codigo": "47813",
      "action": "created",
      "productId": "69f5aa448d645b58ce807946"
    },
    {
      "codigo": "47812",
      "action": "created",
      "productId": "69f5aa458d645b58ce807a78"
    },
    {
      "codigo": "47811",
      "action": "created",
      "productId": "69f5aa458d645b58ce807baa"
    },
    {
      "codigo": "47497",
      "action": "created",
      "productId": "69f5aa468d645b58ce807cdc"
    },
    {
      "codigo": "47671",
      "action": "created",
      "productId": "69f5aa478d645b58ce807e0e"
    },
    {
      "codigo": "47387",
      "action": "created",
      "productId": "69f5aa478d645b58ce807e13"
    },
    {
      "codigo": "16682",
      "action": "created",
      "productId": "69f5aa478d645b58ce808072"
    },
    {
      "codigo": "19599",
      "action": "created",
      "productId": "69f5aa478d645b58ce8081a4"
    },
    {
      "codigo": "19598",
      "action": "created",
      "productId": "69f5aa488d645b58ce8082d6"
    },
    {
      "codigo": "47709",
      "action": "created",
      "productId": "69f5aa498d645b58ce808409"
    },
    {
      "codigo": "8521",
      "action": "created",
      "productId": "69f5aa498d645b58ce80840d"
    },
    {
      "codigo": "44965",
      "action": "created",
      "productId": "69f5aa4a8d645b58ce80866e"
    },
    {
      "codigo": "47718",
      "action": "created",
      "productId": "69f5aa4a8d645b58ce808670"
    },
    {
      "codigo": "8525",
      "action": "created",
      "productId": "69f5aa4b8d645b58ce8088d0"
    },
    {
      "codigo": "38025",
      "action": "created",
      "productId": "69f5aa4b8d645b58ce808a02"
    },
    {
      "codigo": "38024",
      "action": "created",
      "productId": "69f5aa4c8d645b58ce808b34"
    },
    {
      "codigo": "9438",
      "action": "created",
      "productId": "69f5aa4c8d645b58ce808c69"
    },
    {
      "codigo": "8520",
      "action": "created",
      "productId": "69f5aa4c8d645b58ce808c6b"
    },
    {
      "codigo": "8519",
      "action": "created",
      "productId": "69f5aa4c8d645b58ce808c6f"
    },
    {
      "codigo": "9439",
      "action": "created",
      "productId": "69f5aa4d8d645b58ce809002"
    },
    {
      "codigo": "7760",
      "action": "created",
      "productId": "69f5aa4d8d645b58ce809004"
    },
    {
      "codigo": "31595",
      "action": "created",
      "productId": "69f5aa4d8d645b58ce809006"
    },
    {
      "codigo": "7757",
      "action": "created",
      "productId": "69f5aa4d8d645b58ce80900a"
    },
    {
      "codigo": "34342",
      "action": "created",
      "productId": "69f5aa4e8d645b58ce8094c5"
    },
    {
      "codigo": "27291",
      "action": "created",
      "productId": "69f5aa4f8d645b58ce8095f7"
    },
    {
      "codigo": "27289",
      "action": "created",
      "productId": "69f5aa508d645b58ce809729"
    },
    {
      "codigo": "19597",
      "action": "created",
      "productId": "69f5aa508d645b58ce80985b"
    },
    {
      "codigo": "4624",
      "action": "created",
      "productId": "69f5aa508d645b58ce80998d"
    },
    {
      "codigo": "16686",
      "action": "created",
      "productId": "69f5aa508d645b58ce809992"
    },
    {
      "codigo": "19596",
      "action": "created",
      "productId": "69f5aa518d645b58ce809bf1"
    },
    {
      "codigo": "31596",
      "action": "created",
      "productId": "69f5aa528d645b58ce809d25"
    },
    {
      "codigo": "24185",
      "action": "created",
      "productId": "69f5aa528d645b58ce809d27"
    },
    {
      "codigo": "16684",
      "action": "created",
      "productId": "69f5aa538d645b58ce809f87"
    },
    {
      "codigo": "24186",
      "action": "created",
      "productId": "69f5aa538d645b58ce80a0b9"
    },
    {
      "codigo": "10528",
      "action": "created",
      "productId": "69f5aa548d645b58ce80a1eb"
    },
    {
      "codigo": "13046",
      "action": "created",
      "productId": "69f5aa558d645b58ce80a31e"
    },
    {
      "codigo": "58093",
      "action": "created",
      "productId": "69f5aa568d645b58ce80a450"
    },
    {
      "codigo": "57523",
      "action": "created",
      "productId": "69f5aa568d645b58ce80a582"
    },
    {
      "codigo": "50458",
      "action": "created",
      "productId": "69f5aa568d645b58ce80a6b4"
    },
    {
      "codigo": "56143",
      "action": "created",
      "productId": "69f5aa578d645b58ce80a7e7"
    },
    {
      "codigo": "55039",
      "action": "created",
      "productId": "69f5aa588d645b58ce80a7eb"
    },
    {
      "codigo": "57968",
      "action": "created",
      "productId": "69f5aa588d645b58ce80aa4a"
    },
    {
      "codigo": "56745",
      "action": "created",
      "productId": "69f5aa5b8d645b58ce80ab7c"
    },
    {
      "codigo": "57165",
      "action": "created",
      "productId": "69f5aa5b8d645b58ce80ab81"
    },
    {
      "codigo": "56477",
      "action": "created",
      "productId": "69f5aa5b8d645b58ce80ade0"
    },
    {
      "codigo": "56901",
      "action": "created",
      "productId": "69f5aa5e8d645b58ce80af12"
    },
    {
      "codigo": "57942",
      "action": "created",
      "productId": "69f5aa5e8d645b58ce80af1a"
    },
    {
      "codigo": "56746",
      "action": "created",
      "productId": "69f5aa5e8d645b58ce80b04a"
    },
    {
      "codigo": "57805",
      "action": "created",
      "productId": "69f5aa5e8d645b58ce80b04c"
    },
    {
      "codigo": "56691",
      "action": "created",
      "productId": "69f5aa5f8d645b58ce80b3da"
    },
    {
      "codigo": "56903",
      "action": "created",
      "productId": "69f5aa608d645b58ce80b50c"
    },
    {
      "codigo": "56476",
      "action": "created",
      "productId": "69f5aa618d645b58ce80b63e"
    },
    {
      "codigo": "56625",
      "action": "created",
      "productId": "69f5aa628d645b58ce80b770"
    },
    {
      "codigo": "56146",
      "action": "updated",
      "productId": "69f3d7d543593ae9f97ab291"
    },
    {
      "codigo": "56313",
      "action": "created",
      "productId": "69f5aa638d645b58ce80b8a5"
    },
    {
      "codigo": "56145",
      "action": "updated",
      "productId": "69f3d7d543593ae9f97ab28f"
    },
    {
      "codigo": "56093",
      "action": "updated",
      "productId": "69f3d7da43593ae9f97ab41c"
    },
    {
      "codigo": "55738",
      "action": "updated",
      "productId": "69f3d7ec43593ae9f97abae0"
    },
    {
      "codigo": "55552",
      "action": "updated",
      "productId": "69f3d7f343593ae9f97abe59"
    },
    {
      "codigo": "55375",
      "action": "updated",
      "productId": "69f3d7f843593ae9f97abf1a"
    },
    {
      "codigo": "56079",
      "action": "updated",
      "productId": "69f3d7d743593ae9f97ab334"
    },
    {
      "codigo": "56078",
      "action": "updated",
      "productId": "69f3d7d843593ae9f97ab36d"
    },
    {
      "codigo": "55373",
      "action": "updated",
      "productId": "69f3d7f843593ae9f97abfa2"
    },
    {
      "codigo": "55372",
      "action": "updated",
      "productId": "69f3d7f843593ae9f97abf9c"
    },
    {
      "codigo": "56077",
      "action": "updated",
      "productId": "69f3d7de43593ae9f97ab62f"
    },
    {
      "codigo": "55186",
      "action": "updated",
      "productId": "69f3d7f943593ae9f97ac0d9"
    },
    {
      "codigo": "55160",
      "action": "updated",
      "productId": "69f3d7f943593ae9f97ac059"
    },
    {
      "codigo": "55162",
      "action": "updated",
      "productId": "69f3d7f843593ae9f97abf9f"
    },
    {
      "codigo": "55159",
      "action": "updated",
      "productId": "69f3d7f943593ae9f97ac099"
    },
    {
      "codigo": "55158",
      "action": "updated",
      "productId": "69f3d7fc43593ae9f97ac199"
    },
    {
      "codigo": "55157",
      "action": "updated",
      "productId": "69f3d7fd43593ae9f97ac1d9"
    },
    {
      "codigo": "55180",
      "action": "updated",
      "productId": "69f3d7fb43593ae9f97ac159"
    },
    {
      "codigo": "55086",
      "action": "updated",
      "productId": "69f3d80143593ae9f97ac322"
    },
    {
      "codigo": "55049",
      "action": "updated",
      "productId": "69f3d80143593ae9f97ac364"
    },
    {
      "codigo": "54332",
      "action": "updated",
      "productId": "69f3d81343593ae9f97acaf3"
    },
    {
      "codigo": "54914",
      "action": "updated",
      "productId": "69f3d80443593ae9f97ac46c"
    },
    {
      "codigo": "54804",
      "action": "updated",
      "productId": "69f3d80943593ae9f97ac5fd"
    },
    {
      "codigo": "53247",
      "action": "updated",
      "productId": "69f3d83143593ae9f97ad6f4"
    },
    {
      "codigo": "54795",
      "action": "updated",
      "productId": "69f3d80943593ae9f97ac63f"
    },
    {
      "codigo": "53360",
      "action": "updated",
      "productId": "69f3d83143593ae9f97ad743"
    },
    {
      "codigo": "53245",
      "action": "updated",
      "productId": "69f3d83143593ae9f97ad828"
    },
    {
      "codigo": "53072",
      "action": "updated",
      "productId": "69f3d83843593ae9f97ada91"
    },
    {
      "codigo": "53092",
      "action": "updated",
      "productId": "69f3d83743593ae9f97ad9f6"
    },
    {
      "codigo": "52452",
      "action": "updated",
      "productId": "69f3d84b43593ae9f97ae306"
    },
    {
      "codigo": "52389",
      "action": "created",
      "productId": "69f5aa7a8d645b58ce80dd85"
    },
    {
      "codigo": "50829",
      "action": "updated",
      "productId": "69f3d87f43593ae9f97afce6"
    },
    {
      "codigo": "52405",
      "action": "updated",
      "productId": "69f3d84e43593ae9f97ae492"
    },
    {
      "codigo": "48733",
      "action": "updated",
      "productId": "69f3d83c43593ae9f97adc13"
    },
    {
      "codigo": "50421",
      "action": "updated",
      "productId": "69f3d88543593ae9f97affb3"
    },
    {
      "codigo": "47569",
      "action": "updated",
      "productId": "69f3d85a43593ae9f97aea14"
    },
    {
      "codigo": "52385",
      "action": "updated",
      "productId": "69f3d84e43593ae9f97ae490"
    },
    {
      "codigo": "45575",
      "action": "updated",
      "productId": "69f3d84843593ae9f97ae26a"
    },
    {
      "codigo": "49254",
      "action": "updated",
      "productId": "69f3d89d43593ae9f97b0cba"
    },
    {
      "codigo": "49375",
      "action": "updated",
      "productId": "69f3d89843593ae9f97b0a3f"
    },
    {
      "codigo": "48794",
      "action": "updated",
      "productId": "69f3d8a543593ae9f97b10f5"
    },
    {
      "codigo": "49253",
      "action": "updated",
      "productId": "69f3d89f43593ae9f97b0e77"
    },
    {
      "codigo": "48776",
      "action": "updated",
      "productId": "69f3d8a543593ae9f97b10f3"
    },
    {
      "codigo": "48111",
      "action": "updated",
      "productId": "69f3d8b643593ae9f97b1b51"
    },
    {
      "codigo": "45021",
      "action": "updated",
      "productId": "69f3d85943593ae9f97ae976"
    },
    {
      "codigo": "37878",
      "action": "updated",
      "productId": "69f3d83843593ae9f97adb2a"
    },
    {
      "codigo": "45213",
      "action": "updated",
      "productId": "69f3d8cf43593ae9f97b2ce6"
    },
    {
      "codigo": "48110",
      "action": "updated",
      "productId": "69f3d8b643593ae9f97b1b55"
    },
    {
      "codigo": "47999",
      "action": "updated",
      "productId": "69f3d8ba43593ae9f97b1ef2"
    },
    {
      "codigo": "38192",
      "action": "updated",
      "productId": "69f3d89b43593ae9f97b0c05"
    },
    {
      "codigo": "44622",
      "action": "updated",
      "productId": "69f3d8de43593ae9f97b3862"
    },
    {
      "codigo": "47998",
      "action": "updated",
      "productId": "69f3d8bc43593ae9f97b1f4f"
    },
    {
      "codigo": "42852",
      "action": "updated",
      "productId": "69f3d8ca43593ae9f97b298f"
    },
    {
      "codigo": "41205",
      "action": "updated",
      "productId": "69f3d8b343593ae9f97b1a96"
    },
    {
      "codigo": "42963",
      "action": "updated",
      "productId": "69f3d8ea43593ae9f97b409b"
    },
    {
      "codigo": "40454",
      "action": "updated",
      "productId": "69f3d8e143593ae9f97b39f2"
    },
    {
      "codigo": "42093",
      "action": "updated",
      "productId": "69f3d8ef43593ae9f97b44e5"
    },
    {
      "codigo": "41869",
      "action": "updated",
      "productId": "69f3d8f043593ae9f97b4679"
    },
    {
      "codigo": "40653",
      "action": "updated",
      "productId": "69f3d8fb43593ae9f97b4f8c"
    },
    {
      "codigo": "38095",
      "action": "updated",
      "productId": "69f3d90b43593ae9f97b5c9f"
    },
    {
      "codigo": "27232",
      "action": "updated",
      "productId": "69f3d8f743593ae9f97b4c64"
    },
    {
      "codigo": "40240",
      "action": "updated",
      "productId": "69f3d90143593ae9f97b53e7"
    },
    {
      "codigo": "39749",
      "action": "updated",
      "productId": "69f3d90543593ae9f97b5776"
    },
    {
      "codigo": "29910",
      "action": "updated",
      "productId": "69f3d92c43593ae9f97b7466"
    },
    {
      "codigo": "37717",
      "action": "updated",
      "productId": "69f3d90f43593ae9f97b5f7b"
    },
    {
      "codigo": "33634",
      "action": "updated",
      "productId": "69f3d92643593ae9f97b6fe3"
    },
    {
      "codigo": "26746",
      "action": "updated",
      "productId": "69f3d92f43593ae9f97b77ae"
    },
    {
      "codigo": "28493",
      "action": "updated",
      "productId": "69f3d92d43593ae9f97b760a"
    },
    {
      "codigo": "30100",
      "action": "updated",
      "productId": "69f3d92c43593ae9f97b74cf"
    },
    {
      "codigo": "33637",
      "action": "updated",
      "productId": "69f3d92843593ae9f97b7123"
    },
    {
      "codigo": "27522",
      "action": "updated",
      "productId": "69f3d93143593ae9f97b78e9"
    },
    {
      "codigo": "23345",
      "action": "updated",
      "productId": "69f3d93743593ae9f97b7c9a"
    },
    {
      "codigo": "23906",
      "action": "updated",
      "productId": "69f3d93843593ae9f97b7dd6"
    },
    {
      "codigo": "26456",
      "action": "updated",
      "productId": "69f3d93443593ae9f97b7b5f"
    },
    {
      "codigo": "23734",
      "action": "updated",
      "productId": "69f3d93943593ae9f97b7e40"
    },
    {
      "codigo": "16743",
      "action": "updated",
      "productId": "69f3d93e43593ae9f97b8060"
    },
    {
      "codigo": "56006",
      "action": "created",
      "productId": "69f5aa928d645b58ce811512"
    },
    {
      "codigo": "56005",
      "action": "created",
      "productId": "69f5aa938d645b58ce81165c"
    },
    {
      "codigo": "57977",
      "action": "created",
      "productId": "69f5aa938d645b58ce81165e"
    },
    {
      "codigo": "56004",
      "action": "created",
      "productId": "69f5aa938d645b58ce8118ee"
    },
    {
      "codigo": "50115",
      "action": "created",
      "productId": "69f5aa948d645b58ce811a39"
    },
    {
      "codigo": "57577",
      "action": "created",
      "productId": "69f5aa978d645b58ce811b84"
    },
    {
      "codigo": "57598",
      "action": "created",
      "productId": "69f5aa978d645b58ce811b8a"
    },
    {
      "codigo": "57788",
      "action": "created",
      "productId": "69f5aa978d645b58ce811cd3"
    },
    {
      "codigo": "57462",
      "action": "created",
      "productId": "69f5aa998d645b58ce811f69"
    },
    {
      "codigo": "57562",
      "action": "created",
      "productId": "69f5aa998d645b58ce811f6d"
    },
    {
      "codigo": "57576",
      "action": "created",
      "productId": "69f5aa9a8d645b58ce811f6f"
    },
    {
      "codigo": "57461",
      "action": "created",
      "productId": "69f5aa9a8d645b58ce811f72"
    },
    {
      "codigo": "56505",
      "action": "created",
      "productId": "69f5aa9a8d645b58ce812203"
    },
    {
      "codigo": "55150",
      "action": "created",
      "productId": "69f5aa9c8d645b58ce8125de"
    },
    {
      "codigo": "54865",
      "action": "created",
      "productId": "69f5aa9c8d645b58ce8125e0"
    },
    {
      "codigo": "54745",
      "action": "created",
      "productId": "69f5aa9f8d645b58ce812872"
    },
    {
      "codigo": "54743",
      "action": "created",
      "productId": "69f5aaa08d645b58ce8129bd"
    },
    {
      "codigo": "54742",
      "action": "created",
      "productId": "69f5aaa08d645b58ce812b09"
    },
    {
      "codigo": "54424",
      "action": "created",
      "productId": "69f5aaa08d645b58ce812b0d"
    },
    {
      "codigo": "53329",
      "action": "created",
      "productId": "69f5aaa18d645b58ce812d9e"
    },
    {
      "codigo": "49918",
      "action": "created",
      "productId": "69f5aaa28d645b58ce812eea"
    },
    {
      "codigo": "54554",
      "action": "created",
      "productId": "69f5aaa28d645b58ce812eed"
    },
    {
      "codigo": "52925",
      "action": "created",
      "productId": "69f5aaa28d645b58ce813038"
    },
    {
      "codigo": "52710",
      "action": "created",
      "productId": "69f5aaa28d645b58ce8132ca"
    },
    {
      "codigo": "52622",
      "action": "created",
      "productId": "69f5aaa48d645b58ce813415"
    },
    {
      "codigo": "51404",
      "action": "created",
      "productId": "69f5aaa88d645b58ce813564"
    },
    {
      "codigo": "52112",
      "action": "created",
      "productId": "69f5aaa68d645b58ce813560"
    },
    {
      "codigo": "49920",
      "action": "created",
      "productId": "69f5aaa98d645b58ce8137f6"
    },
    {
      "codigo": "47166",
      "action": "created",
      "productId": "69f5aaaa8d645b58ce813941"
    },
    {
      "codigo": "49919",
      "action": "created",
      "productId": "69f5aaaa8d645b58ce813a8c"
    },
    {
      "codigo": "48525",
      "action": "created",
      "productId": "69f5aaab8d645b58ce813bd7"
    },
    {
      "codigo": "50896",
      "action": "created",
      "productId": "69f5aaab8d645b58ce813d23"
    },
    {
      "codigo": "49921",
      "action": "created",
      "productId": "69f5aaab8d645b58ce813d27"
    },
    {
      "codigo": "44687",
      "action": "created",
      "productId": "69f5aaad8d645b58ce813fb8"
    },
    {
      "codigo": "44253",
      "action": "created",
      "productId": "69f5aaad8d645b58ce813fbd"
    },
    {
      "codigo": "44654",
      "action": "created",
      "productId": "69f5aaae8d645b58ce81424e"
    },
    {
      "codigo": "44655",
      "action": "created",
      "productId": "69f5aaae8d645b58ce814399"
    },
    {
      "codigo": "44653",
      "action": "created",
      "productId": "69f5aaaf8d645b58ce8144e4"
    },
    {
      "codigo": "44372",
      "action": "created",
      "productId": "69f5aab08d645b58ce81462f"
    },
    {
      "codigo": "41818",
      "action": "created",
      "productId": "69f5aab18d645b58ce81477a"
    },
    {
      "codigo": "41776",
      "action": "created",
      "productId": "69f5aab18d645b58ce8148c7"
    },
    {
      "codigo": "42299",
      "action": "created",
      "productId": "69f5aab18d645b58ce8148c9"
    },
    {
      "codigo": "41774",
      "action": "created",
      "productId": "69f5aab28d645b58ce814b5b"
    },
    {
      "codigo": "39430",
      "action": "created",
      "productId": "69f5aab38d645b58ce814ca6"
    },
    {
      "codigo": "41183",
      "action": "created",
      "productId": "69f5aab38d645b58ce814df4"
    },
    {
      "codigo": "39429",
      "action": "created",
      "productId": "69f5aab38d645b58ce814df6"
    },
    {
      "codigo": "40672",
      "action": "created",
      "productId": "69f5aab38d645b58ce814dfb"
    },
    {
      "codigo": "35347",
      "action": "created",
      "productId": "69f5aab48d645b58ce8151d3"
    },
    {
      "codigo": "35217",
      "action": "created",
      "productId": "69f5aab48d645b58ce81531f"
    },
    {
      "codigo": "39232",
      "action": "created",
      "productId": "69f5aab58d645b58ce815469"
    },
    {
      "codigo": "38678",
      "action": "created",
      "productId": "69f5aab68d645b58ce8155b4"
    },
    {
      "codigo": "9435",
      "action": "created",
      "productId": "69f5aab88d645b58ce815702"
    },
    {
      "codigo": "35348",
      "action": "created",
      "productId": "69f5aab88d645b58ce815704"
    },
    {
      "codigo": "32238",
      "action": "created",
      "productId": "69f5aab88d645b58ce815708"
    },
    {
      "codigo": "9300",
      "action": "created",
      "productId": "69f5aab88d645b58ce815852"
    },
    {
      "codigo": "4709",
      "action": "created",
      "productId": "69f5aab88d645b58ce815ae4"
    },
    {
      "codigo": "30206",
      "action": "created",
      "productId": "69f5aab98d645b58ce815c2f"
    },
    {
      "codigo": "5282",
      "action": "created",
      "productId": "69f5aab98d645b58ce815ec3"
    },
    {
      "codigo": "30832",
      "action": "created",
      "productId": "69f5aab98d645b58ce815ec5"
    },
    {
      "codigo": "29699",
      "action": "created",
      "productId": "69f5aaba8d645b58ce816157"
    },
    {
      "codigo": "29949",
      "action": "created",
      "productId": "69f5aabb8d645b58ce8162a2"
    },
    {
      "codigo": "23317",
      "action": "created",
      "productId": "69f5aabd8d645b58ce8163ef"
    },
    {
      "codigo": "27263",
      "action": "created",
      "productId": "69f5aabd8d645b58ce8163f1"
    },
    {
      "codigo": "24178",
      "action": "created",
      "productId": "69f5aabe8d645b58ce8163f9"
    },
    {
      "codigo": "24177",
      "action": "created",
      "productId": "69f5aabe8d645b58ce816546"
    },
    {
      "codigo": "28352",
      "action": "created",
      "productId": "69f5aabe8d645b58ce816544"
    },
    {
      "codigo": "27493",
      "action": "created",
      "productId": "69f5aabe8d645b58ce816548"
    },
    {
      "codigo": "25060",
      "action": "created",
      "productId": "69f5aabf8d645b58ce816bf8"
    },
    {
      "codigo": "27261",
      "action": "created",
      "productId": "69f5aabf8d645b58ce816d59"
    },
    {
      "codigo": "26903",
      "action": "created",
      "productId": "69f5aabf8d645b58ce816eba"
    },
    {
      "codigo": "20688",
      "action": "created",
      "productId": "69f5aac28d645b58ce81701b"
    },
    {
      "codigo": "16706",
      "action": "created",
      "productId": "69f5aac28d645b58ce81717c"
    },
    {
      "codigo": "1331",
      "action": "created",
      "productId": "69f5aac48d645b58ce8172de"
    },
    {
      "codigo": "55096",
      "action": "created",
      "productId": "69f5aac48d645b58ce817443"
    },
    {
      "codigo": "53162",
      "action": "created",
      "productId": "69f5aac48d645b58ce817448"
    },
    {
      "codigo": "53161",
      "action": "created",
      "productId": "69f5aac48d645b58ce81744a"
    },
    {
      "codigo": "55091",
      "action": "created",
      "productId": "69f5aac58d645b58ce81786a"
    },
    {
      "codigo": "57502",
      "action": "created",
      "productId": "69f5aac58d645b58ce8179cd"
    },
    {
      "codigo": "55685",
      "action": "created",
      "productId": "69f5aac68d645b58ce817b33"
    },
    {
      "codigo": "57501",
      "action": "created",
      "productId": "69f5aac68d645b58ce817b35"
    },
    {
      "codigo": "57339",
      "action": "created",
      "productId": "69f5aac88d645b58ce817dfc"
    },
    {
      "codigo": "56891",
      "action": "created",
      "productId": "69f5aaca8d645b58ce817f62"
    },
    {
      "codigo": "56281",
      "action": "created",
      "productId": "69f5aacc8d645b58ce8180c8"
    },
    {
      "codigo": "56885",
      "action": "created",
      "productId": "69f5aacd8d645b58ce81822f"
    },
    {
      "codigo": "56881",
      "action": "created",
      "productId": "69f5aacd8d645b58ce818233"
    },
    {
      "codigo": "56884",
      "action": "created",
      "productId": "69f5aacd8d645b58ce8184fe"
    },
    {
      "codigo": "55877",
      "action": "created",
      "productId": "69f5aacd8d645b58ce818500"
    },
    {
      "codigo": "55885",
      "action": "created",
      "productId": "69f5aacd8d645b58ce818503"
    },
    {
      "codigo": "56880",
      "action": "created",
      "productId": "69f5aace8d645b58ce818507"
    },
    {
      "codigo": "55809",
      "action": "created",
      "productId": "69f5aacf8d645b58ce818a92"
    },
    {
      "codigo": "55808",
      "action": "created",
      "productId": "69f5aad08d645b58ce818bf8"
    },
    {
      "codigo": "55692",
      "action": "created",
      "productId": "69f5aad48d645b58ce818d5e"
    },
    {
      "codigo": "55691",
      "action": "created",
      "productId": "69f5aad58d645b58ce818ec4"
    },
    {
      "codigo": "55100",
      "action": "created",
      "productId": "69f5aad58d645b58ce81902a"
    },
    {
      "codigo": "55410",
      "action": "created",
      "productId": "69f5aad58d645b58ce819031"
    },
    {
      "codigo": "55259",
      "action": "created",
      "productId": "69f5aad58d645b58ce819033"
    },
    {
      "codigo": "55093",
      "action": "created",
      "productId": "69f5aad68d645b58ce81945c"
    },
    {
      "codigo": "55092",
      "action": "created",
      "productId": "69f5aad78d645b58ce8195c2"
    },
    {
      "codigo": "55177",
      "action": "created",
      "productId": "69f5aad78d645b58ce819728"
    },
    {
      "codigo": "55097",
      "action": "created",
      "productId": "69f5aad88d645b58ce819890"
    },
    {
      "codigo": "55098",
      "action": "created",
      "productId": "69f5aad88d645b58ce819892"
    },
    {
      "codigo": "55090",
      "action": "created",
      "productId": "69f5aadb8d645b58ce819b5a"
    },
    {
      "codigo": "53946",
      "action": "created",
      "productId": "69f5aadc8d645b58ce819cc0"
    },
    {
      "codigo": "53614",
      "action": "created",
      "productId": "69f5aadd8d645b58ce819e26"
    },
    {
      "codigo": "54311",
      "action": "created",
      "productId": "69f5aadd8d645b58ce819f8c"
    },
    {
      "codigo": "50060",
      "action": "created",
      "productId": "69f5aade8d645b58ce81a0f2"
    },
    {
      "codigo": "49636",
      "action": "created",
      "productId": "69f5aade8d645b58ce81a258"
    },
    {
      "codigo": "54310",
      "action": "created",
      "productId": "69f5aade8d645b58ce81a3be"
    },
    {
      "codigo": "52620",
      "action": "created",
      "productId": "69f5aade8d645b58ce81a3c3"
    },
    {
      "codigo": "49624",
      "action": "created",
      "productId": "69f5aadf8d645b58ce81a68a"
    },
    {
      "codigo": "49629",
      "action": "created",
      "productId": "69f5aadf8d645b58ce81a7f0"
    },
    {
      "codigo": "49499",
      "action": "created",
      "productId": "69f5aae18d645b58ce81a956"
    },
    {
      "codigo": "49496",
      "action": "created",
      "productId": "69f5aae28d645b58ce81aabc"
    },
    {
      "codigo": "48005",
      "action": "created",
      "productId": "69f5aae38d645b58ce81ac23"
    },
    {
      "codigo": "47854",
      "action": "created",
      "productId": "69f5aae38d645b58ce81ac27"
    },
    {
      "codigo": "48004",
      "action": "created",
      "productId": "69f5aae38d645b58ce81aeee"
    },
    {
      "codigo": "48000",
      "action": "created",
      "productId": "69f5aae48d645b58ce81b054"
    },
    {
      "codigo": "47633",
      "action": "created",
      "productId": "69f5aae58d645b58ce81b1ba"
    },
    {
      "codigo": "47625",
      "action": "created",
      "productId": "69f5aae58d645b58ce81b320"
    },
    {
      "codigo": "47623",
      "action": "created",
      "productId": "69f5aae58d645b58ce81b486"
    },
    {
      "codigo": "47624",
      "action": "created",
      "productId": "69f5aae58d645b58ce81b5ec"
    },
    {
      "codigo": "38502",
      "action": "created",
      "productId": "69f5aae78d645b58ce81b752"
    },
    {
      "codigo": "45031",
      "action": "created",
      "productId": "69f5aae78d645b58ce81b8b8"
    },
    {
      "codigo": "47327",
      "action": "created",
      "productId": "69f5aae78d645b58ce81ba1e"
    },
    {
      "codigo": "47325",
      "action": "created",
      "productId": "69f5aae88d645b58ce81bb84"
    },
    {
      "codigo": "44573",
      "action": "created",
      "productId": "69f5aae98d645b58ce81bceb"
    },
    {
      "codigo": "45029",
      "action": "created",
      "productId": "69f5aae98d645b58ce81bcef"
    },
    {
      "codigo": "44680",
      "action": "created",
      "productId": "69f5aae98d645b58ce81bfb7"
    },
    {
      "codigo": "44676",
      "action": "created",
      "productId": "69f5aaea8d645b58ce81c11e"
    },
    {
      "codigo": "42198",
      "action": "created",
      "productId": "69f5aaea8d645b58ce81c286"
    },
    {
      "codigo": "44191",
      "action": "created",
      "productId": "69f5aaea8d645b58ce81c28a"
    },
    {
      "codigo": "43793",
      "action": "created",
      "productId": "69f5aaea8d645b58ce81c28e"
    },
    {
      "codigo": "43792",
      "action": "created",
      "productId": "69f5aaed8d645b58ce81c6ba"
    },
    {
      "codigo": "39242",
      "action": "created",
      "productId": "69f5aaed8d645b58ce81c823"
    },
    {
      "codigo": "21168",
      "action": "created",
      "productId": "69f5aaed8d645b58ce81c826"
    },
    {
      "codigo": "40992",
      "action": "created",
      "productId": "69f5aaed8d645b58ce81c82a"
    },
    {
      "codigo": "39240",
      "action": "created",
      "productId": "69f5aaee8d645b58ce81cc56"
    },
    {
      "codigo": "40990",
      "action": "created",
      "productId": "69f5aaef8d645b58ce81cdbd"
    },
    {
      "codigo": "12154",
      "action": "created",
      "productId": "69f5aaef8d645b58ce81cf24"
    },
    {
      "codigo": "12155",
      "action": "created",
      "productId": "69f5aaef8d645b58ce81d08b"
    },
    {
      "codigo": "9321",
      "action": "created",
      "productId": "69f5aaf08d645b58ce81d1f2"
    },
    {
      "codigo": "37939",
      "action": "created",
      "productId": "69f5aaf08d645b58ce81d359"
    },
    {
      "codigo": "8246",
      "action": "created",
      "productId": "69f5aaf28d645b58ce81d4c0"
    },
    {
      "codigo": "27663",
      "action": "created",
      "productId": "69f5aaf28d645b58ce81d628"
    },
    {
      "codigo": "27662",
      "action": "created",
      "productId": "69f5aaf28d645b58ce81d78e"
    },
    {
      "codigo": "27248",
      "action": "created",
      "productId": "69f5aaf28d645b58ce81d793"
    },
    {
      "codigo": "32448",
      "action": "created",
      "productId": "69f5aaf48d645b58ce81da5c"
    },
    {
      "codigo": "27247",
      "action": "created",
      "productId": "69f5aaf48d645b58ce81da61"
    },
    {
      "codigo": "21927",
      "action": "created",
      "productId": "69f5aaf48d645b58ce81dd2a"
    },
    {
      "codigo": "32446",
      "action": "created",
      "productId": "69f5aaf48d645b58ce81dd31"
    },
    {
      "codigo": "21928",
      "action": "created",
      "productId": "69f5aaf48d645b58ce81dd33"
    },
    {
      "codigo": "32447",
      "action": "created",
      "productId": "69f5aaf48d645b58ce81dffd"
    },
    {
      "codigo": "32445",
      "action": "created",
      "productId": "69f5aaf58d645b58ce81e2c6"
    },
    {
      "codigo": "25391",
      "action": "created",
      "productId": "69f5aaf68d645b58ce81e42d"
    },
    {
      "codigo": "32442",
      "action": "created",
      "productId": "69f5aaf78d645b58ce81e594"
    },
    {
      "codigo": "32441",
      "action": "created",
      "productId": "69f5aaf78d645b58ce81e6fb"
    },
    {
      "codigo": "32443",
      "action": "created",
      "productId": "69f5aaf78d645b58ce81e862"
    },
    {
      "codigo": "32440",
      "action": "created",
      "productId": "69f5aaf78d645b58ce81e9c9"
    },
    {
      "codigo": "25494",
      "action": "created",
      "productId": "69f5aaf88d645b58ce81eb30"
    },
    {
      "codigo": "32439",
      "action": "created",
      "productId": "69f5aaf98d645b58ce81ec97"
    },
    {
      "codigo": "32444",
      "action": "created",
      "productId": "69f5aaf98d645b58ce81edfe"
    },
    {
      "codigo": "25496",
      "action": "created",
      "productId": "69f5aafa8d645b58ce81ef66"
    },
    {
      "codigo": "34597",
      "action": "created",
      "productId": "69f5aafa8d645b58ce81efab"
    },
    {
      "codigo": "25495",
      "action": "created",
      "productId": "69f5aafb8d645b58ce81f001"
    },
    {
      "codigo": "34598",
      "action": "created",
      "productId": "69f5aafb8d645b58ce81f05e"
    },
    {
      "codigo": "34596",
      "action": "created",
      "productId": "69f5aafb8d645b58ce81f0bb"
    },
    {
      "codigo": "35624",
      "action": "created",
      "productId": "69f5aafc8d645b58ce81f11c"
    },
    {
      "codigo": "35623",
      "action": "created",
      "productId": "69f5aafc8d645b58ce81f17d"
    },
    {
      "codigo": "10734",
      "action": "created",
      "productId": "69f5aafc8d645b58ce81f1de"
    },
    {
      "codigo": "34595",
      "action": "created",
      "productId": "69f5aaff8d645b58ce81f23f"
    },
    {
      "codigo": "34594",
      "action": "created",
      "productId": "69f5aaff8d645b58ce81f244"
    },
    {
      "codigo": "55512",
      "action": "created",
      "productId": "69f5ab008d645b58ce81f301"
    },
    {
      "codigo": "57811",
      "action": "created",
      "productId": "69f5ab018d645b58ce81f362"
    },
    {
      "codigo": "54725",
      "action": "created",
      "productId": "69f5ab028d645b58ce81f3c3"
    },
    {
      "codigo": "57762",
      "action": "created",
      "productId": "69f5ab028d645b58ce81f426"
    },
    {
      "codigo": "53195",
      "action": "created",
      "productId": "69f5ab028d645b58ce81f429"
    },
    {
      "codigo": "56318",
      "action": "created",
      "productId": "69f5ab028d645b58ce81f489"
    },
    {
      "codigo": "57841",
      "action": "created",
      "productId": "69f5ab038d645b58ce81f547"
    },
    {
      "codigo": "48960",
      "action": "created",
      "productId": "69f5ab038d645b58ce81f5a9"
    },
    {
      "codigo": "48642",
      "action": "created",
      "productId": "69f5ab058d645b58ce81f60b"
    },
    {
      "codigo": "57853",
      "action": "created",
      "productId": "69f5ab068d645b58ce81f66d"
    },
    {
      "codigo": "57849",
      "action": "created",
      "productId": "69f5ab078d645b58ce81f6d5"
    },
    {
      "codigo": "57851",
      "action": "created",
      "productId": "69f5ab078d645b58ce81f73d"
    },
    {
      "codigo": "57848",
      "action": "created",
      "productId": "69f5ab088d645b58ce81f7a5"
    },
    {
      "codigo": "57840",
      "action": "created",
      "productId": "69f5ab088d645b58ce81f80d"
    },
    {
      "codigo": "57843",
      "action": "created",
      "productId": "69f5ab098d645b58ce81f877"
    },
    {
      "codigo": "57839",
      "action": "created",
      "productId": "69f5ab098d645b58ce81f879"
    },
    {
      "codigo": "56876",
      "action": "created",
      "productId": "69f5ab098d645b58ce81f947"
    },
    {
      "codigo": "57846",
      "action": "created",
      "productId": "69f5ab0a8d645b58ce81f9b1"
    },
    {
      "codigo": "56628",
      "action": "created",
      "productId": "69f5ab0b8d645b58ce81fa1b"
    },
    {
      "codigo": "56277",
      "action": "created",
      "productId": "69f5ab0d8d645b58ce81fa85"
    },
    {
      "codigo": "49440",
      "action": "created",
      "productId": "69f5ab0d8d645b58ce81faef"
    },
    {
      "codigo": "49441",
      "action": "created",
      "productId": "69f5ab0d8d645b58ce81faf4"
    },
    {
      "codigo": "56075",
      "action": "created",
      "productId": "69f5ab0d8d645b58ce81fb5e"
    },
    {
      "codigo": "55513",
      "action": "created",
      "productId": "69f5ab0e8d645b58ce81fc32"
    },
    {
      "codigo": "55514",
      "action": "created",
      "productId": "69f5ab0f8d645b58ce81fca5"
    },
    {
      "codigo": "54331",
      "action": "created",
      "productId": "69f5ab0f8d645b58ce81fca8"
    },
    {
      "codigo": "55510",
      "action": "created",
      "productId": "69f5ab0f8d645b58ce81fcab"
    },
    {
      "codigo": "49627",
      "action": "created",
      "productId": "69f5ab0f8d645b58ce81fdf3"
    },
    {
      "codigo": "49439",
      "action": "created",
      "productId": "69f5ab108d645b58ce81fe64"
    },
    {
      "codigo": "47314",
      "action": "created",
      "productId": "69f5ab118d645b58ce81fed5"
    },
    {
      "codigo": "44346",
      "action": "created",
      "productId": "69f5ab128d645b58ce81ff46"
    },
    {
      "codigo": "45559",
      "action": "created",
      "productId": "69f5ab128d645b58ce81ffb7"
    },
    {
      "codigo": "44341",
      "action": "created",
      "productId": "69f5ab128d645b58ce820029"
    },
    {
      "codigo": "49351",
      "action": "created",
      "productId": "69f5ab128d645b58ce82002d"
    },
    {
      "codigo": "30309",
      "action": "created",
      "productId": "69f5ab138d645b58ce82010a"
    },
    {
      "codigo": "49350",
      "action": "created",
      "productId": "69f5ab138d645b58ce82010f"
    },
    {
      "codigo": "48204",
      "action": "created",
      "productId": "69f5ab138d645b58ce820181"
    },
    {
      "codigo": "43373",
      "action": "created",
      "productId": "69f5ab148d645b58ce820261"
    },
    {
      "codigo": "41623",
      "action": "created",
      "productId": "69f5ab148d645b58ce820264"
    },
    {
      "codigo": "44347",
      "action": "created",
      "productId": "69f5ab158d645b58ce820344"
    },
    {
      "codigo": "40339",
      "action": "created",
      "productId": "69f5ab168d645b58ce8203b6"
    },
    {
      "codigo": "40498",
      "action": "created",
      "productId": "69f5ab168d645b58ce820428"
    },
    {
      "codigo": "29872",
      "action": "created",
      "productId": "69f5ab188d645b58ce82049a"
    },
    {
      "codigo": "25271",
      "action": "created",
      "productId": "69f5ab188d645b58ce82049f"
    },
    {
      "codigo": "42385",
      "action": "created",
      "productId": "69f5ab188d645b58ce820584"
    },
    {
      "codigo": "37635",
      "action": "created",
      "productId": "69f5ab188d645b58ce820586"
    },
    {
      "codigo": "40334",
      "action": "created",
      "productId": "69f5ab188d645b58ce8205fd"
    },
    {
      "codigo": "41158",
      "action": "created",
      "productId": "69f5ab198d645b58ce8206e4"
    },
    {
      "codigo": "34993",
      "action": "created",
      "productId": "69f5ab198d645b58ce82075a"
    },
    {
      "codigo": "37634",
      "action": "created",
      "productId": "69f5ab198d645b58ce8207d0"
    },
    {
      "codigo": "15632",
      "action": "created",
      "productId": "69f5ab1a8d645b58ce820846"
    },
    {
      "codigo": "40333",
      "action": "created",
      "productId": "69f5ab1a8d645b58ce8208bc"
    },
    {
      "codigo": "35310",
      "action": "created",
      "productId": "69f5ab1b8d645b58ce820932"
    },
    {
      "codigo": "35167",
      "action": "created",
      "productId": "69f5ab1b8d645b58ce8209a9"
    },
    {
      "codigo": "31769",
      "action": "created",
      "productId": "69f5ab1c8d645b58ce820a21"
    },
    {
      "codigo": "9829",
      "action": "created",
      "productId": "69f5ab1c8d645b58ce820a25"
    },
    {
      "codigo": "36479",
      "action": "created",
      "productId": "69f5ab1e8d645b58ce820d17"
    },
    {
      "codigo": "35877",
      "action": "created",
      "productId": "69f5ab1e8d645b58ce820e93"
    },
    {
      "codigo": "36526",
      "action": "created",
      "productId": "69f5ab1e8d645b58ce821013"
    },
    {
      "codigo": "35649",
      "action": "created",
      "productId": "69f5ab1e8d645b58ce821016"
    },
    {
      "codigo": "30311",
      "action": "created",
      "productId": "69f5ab1e8d645b58ce82101b"
    },
    {
      "codigo": "20223",
      "action": "created",
      "productId": "69f5ab1e8d645b58ce82101d"
    },
    {
      "codigo": "16487",
      "action": "created",
      "productId": "69f5ab1f8d645b58ce82119c"
    },
    {
      "codigo": "11418",
      "action": "created",
      "productId": "69f5ab208d645b58ce821790"
    },
    {
      "codigo": "49782",
      "action": "created",
      "productId": "69f5ab218d645b58ce821911"
    },
    {
      "codigo": "53863",
      "action": "created",
      "productId": "69f5ab228d645b58ce821a92"
    },
    {
      "codigo": "53197",
      "action": "created",
      "productId": "69f5ab248d645b58ce821c14"
    },
    {
      "codigo": "51338",
      "action": "created",
      "productId": "69f5ab248d645b58ce821c18"
    },
    {
      "codigo": "57955",
      "action": "created",
      "productId": "69f5ab268d645b58ce821f15"
    },
    {
      "codigo": "57956",
      "action": "created",
      "productId": "69f5ab268d645b58ce822097"
    },
    {
      "codigo": "57889",
      "action": "created",
      "productId": "69f5ab268d645b58ce82209a"
    },
    {
      "codigo": "57888",
      "action": "created",
      "productId": "69f5ab278d645b58ce822398"
    },
    {
      "codigo": "57887",
      "action": "created",
      "productId": "69f5ab278d645b58ce822519"
    },
    {
      "codigo": "57886",
      "action": "created",
      "productId": "69f5ab288d645b58ce82269a"
    },
    {
      "codigo": "57885",
      "action": "created",
      "productId": "69f5ab298d645b58ce82281b"
    },
    {
      "codigo": "57884",
      "action": "created",
      "productId": "69f5ab2a8d645b58ce82299c"
    },
    {
      "codigo": "57882",
      "action": "created",
      "productId": "69f5ab2c8d645b58ce822b1d"
    },
    {
      "codigo": "57780",
      "action": "created",
      "productId": "69f5ab2c8d645b58ce822c9f"
    },
    {
      "codigo": "57883",
      "action": "created",
      "productId": "69f5ab2c8d645b58ce822ca2"
    },
    {
      "codigo": "57483",
      "action": "created",
      "productId": "69f5ab2d8d645b58ce822fa0"
    },
    {
      "codigo": "57880",
      "action": "created",
      "productId": "69f5ab2e8d645b58ce823121"
    },
    {
      "codigo": "57881",
      "action": "created",
      "productId": "69f5ab2f8d645b58ce8232a4"
    },
    {
      "codigo": "57481",
      "action": "created",
      "productId": "69f5ab2f8d645b58ce8232a6"
    },
    {
      "codigo": "57879",
      "action": "created",
      "productId": "69f5ab2f8d645b58ce8232ac"
    },
    {
      "codigo": "57778",
      "action": "created",
      "productId": "69f5ab2f8d645b58ce82342b"
    },
    {
      "codigo": "57380",
      "action": "created",
      "productId": "69f5ab308d645b58ce82372a"
    },
    {
      "codigo": "57193",
      "action": "created",
      "productId": "69f5ab338d645b58ce823a27"
    },
    {
      "codigo": "57125",
      "action": "created",
      "productId": "69f5ab338d645b58ce823a2d"
    },
    {
      "codigo": "57182",
      "action": "created",
      "productId": "69f5ab338d645b58ce823bac"
    },
    {
      "codigo": "57124",
      "action": "created",
      "productId": "69f5ab338d645b58ce823d2e"
    },
    {
      "codigo": "57122",
      "action": "created",
      "productId": "69f5ab358d645b58ce82402b"
    },
    {
      "codigo": "57123",
      "action": "created",
      "productId": "69f5ab358d645b58ce8241ac"
    },
    {
      "codigo": "57068",
      "action": "created",
      "productId": "69f5ab358d645b58ce82432e"
    },
    {
      "codigo": "56694",
      "action": "created",
      "productId": "69f5ab358d645b58ce824331"
    },
    {
      "codigo": "56528",
      "action": "created",
      "productId": "69f5ab378d645b58ce82462f"
    },
    {
      "codigo": "56243",
      "action": "created",
      "productId": "69f5ab388d645b58ce8247b2"
    },
    {
      "codigo": "55832",
      "action": "created",
      "productId": "69f5ab388d645b58ce8247b4"
    },
    {
      "codigo": "55830",
      "action": "created",
      "productId": "69f5ab398d645b58ce824ab2"
    },
    {
      "codigo": "55831",
      "action": "created",
      "productId": "69f5ab3a8d645b58ce824c34"
    },
    {
      "codigo": "55702",
      "action": "created",
      "productId": "69f5ab3a8d645b58ce824db6"
    },
    {
      "codigo": "55699",
      "action": "created",
      "productId": "69f5ab3b8d645b58ce824f38"
    },
    {
      "codigo": "55651",
      "action": "created",
      "productId": "69f5ab3c8d645b58ce8250ba"
    },
    {
      "codigo": "52627",
      "action": "created",
      "productId": "69f5ab3c8d645b58ce82523c"
    },
    {
      "codigo": "55183",
      "action": "created",
      "productId": "69f5ab3d8d645b58ce825241"
    },
    {
      "codigo": "55649",
      "action": "created",
      "productId": "69f5ab3d8d645b58ce825540"
    },
    {
      "codigo": "54521",
      "action": "created",
      "productId": "69f5ab3e8d645b58ce8256c2"
    },
    {
      "codigo": "54211",
      "action": "created",
      "productId": "69f5ab3f8d645b58ce825844"
    },
    {
      "codigo": "53933",
      "action": "created",
      "productId": "69f5ab418d645b58ce8259c6"
    },
    {
      "codigo": "53605",
      "action": "created",
      "productId": "69f5ab418d645b58ce825b48"
    },
    {
      "codigo": "54185",
      "action": "created",
      "productId": "69f5ab418d645b58ce825cca"
    },
    {
      "codigo": "53395",
      "action": "created",
      "productId": "69f5ab428d645b58ce825e4e"
    },
    {
      "codigo": "53602",
      "action": "created",
      "productId": "69f5ab428d645b58ce825e50"
    },
    {
      "codigo": "53198",
      "action": "created",
      "productId": "69f5ab438d645b58ce826154"
    },
    {
      "codigo": "53601",
      "action": "created",
      "productId": "69f5ab438d645b58ce826152"
    },
    {
      "codigo": "52940",
      "action": "created",
      "productId": "69f5ab448d645b58ce826454"
    },
    {
      "codigo": "53600",
      "action": "created",
      "productId": "69f5ab458d645b58ce8265d6"
    },
    {
      "codigo": "53033",
      "action": "created",
      "productId": "69f5ab478d645b58ce82675a"
    },
    {
      "codigo": "52712",
      "action": "created",
      "productId": "69f5ab478d645b58ce82675c"
    },
    {
      "codigo": "52629",
      "action": "created",
      "productId": "69f5ab478d645b58ce8268de"
    },
    {
      "codigo": "50483",
      "action": "created",
      "productId": "69f5ab498d645b58ce826bde"
    },
    {
      "codigo": "52060",
      "action": "created",
      "productId": "69f5ab498d645b58ce826d62"
    },
    {
      "codigo": "52286",
      "action": "created",
      "productId": "69f5ab498d645b58ce826d64"
    },
    {
      "codigo": "51749",
      "action": "created",
      "productId": "69f5ab4a8d645b58ce827064"
    },
    {
      "codigo": "50839",
      "action": "created",
      "productId": "69f5ab4a8d645b58ce8271e6"
    },
    {
      "codigo": "50838",
      "action": "created",
      "productId": "69f5ab4b8d645b58ce827368"
    },
    {
      "codigo": "50227",
      "action": "created",
      "productId": "69f5ab4c8d645b58ce8274ea"
    },
    {
      "codigo": "49280",
      "action": "created",
      "productId": "69f5ab4d8d645b58ce82766d"
    },
    {
      "codigo": "49094",
      "action": "created",
      "productId": "69f5ab4e8d645b58ce8277f0"
    },
    {
      "codigo": "49095",
      "action": "created",
      "productId": "69f5ab4f8d645b58ce827973"
    },
    {
      "codigo": "49093",
      "action": "created",
      "productId": "69f5ab4f8d645b58ce827af6"
    },
    {
      "codigo": "49092",
      "action": "created",
      "productId": "69f5ab4f8d645b58ce827c79"
    },
    {
      "codigo": "49090",
      "action": "created",
      "productId": "69f5ab508d645b58ce827dfd"
    },
    {
      "codigo": "49089",
      "action": "created",
      "productId": "69f5ab508d645b58ce827e00"
    },
    {
      "codigo": "43661",
      "action": "created",
      "productId": "69f5ab518d645b58ce828102"
    },
    {
      "codigo": "48416",
      "action": "created",
      "productId": "69f5ab518d645b58ce828285"
    },
    {
      "codigo": "48641",
      "action": "created",
      "productId": "69f5ab538d645b58ce828409"
    },
    {
      "codigo": "43608",
      "action": "created",
      "productId": "69f5ab538d645b58ce82840d"
    },
    {
      "codigo": "43606",
      "action": "created",
      "productId": "69f5ab538d645b58ce82870f"
    },
    {
      "codigo": "47584",
      "action": "created",
      "productId": "69f5ab538d645b58ce828713"
    },
    {
      "codigo": "43605",
      "action": "created",
      "productId": "69f5ab538d645b58ce828895"
    },
    {
      "codigo": "47514",
      "action": "created",
      "productId": "69f5ab548d645b58ce828b97"
    },
    {
      "codigo": "42945",
      "action": "created",
      "productId": "69f5ab558d645b58ce828d1a"
    },
    {
      "codigo": "43284",
      "action": "created",
      "productId": "69f5ab558d645b58ce828d1f"
    },
    {
      "codigo": "41843",
      "action": "created",
      "productId": "69f5ab568d645b58ce829020"
    },
    {
      "codigo": "42746",
      "action": "created",
      "productId": "69f5ab578d645b58ce8291a4"
    },
    {
      "codigo": "42745",
      "action": "created",
      "productId": "69f5ab578d645b58ce8291a8"
    },
    {
      "codigo": "39921",
      "action": "created",
      "productId": "69f5ab588d645b58ce8294bb"
    },
    {
      "codigo": "41200",
      "action": "created",
      "productId": "69f5ab598d645b58ce829660"
    },
    {
      "codigo": "40878",
      "action": "created",
      "productId": "69f5ab598d645b58ce829805"
    },
    {
      "codigo": "36549",
      "action": "created",
      "productId": "69f5ab5a8d645b58ce8299ab"
    },
    {
      "codigo": "58124",
      "action": "updated",
      "productId": "69f379947cdf7fb086a40928"
    },
    {
      "codigo": "30759",
      "action": "created",
      "productId": "69f5ab5a8d645b58ce829b54"
    },
    {
      "codigo": "40877",
      "action": "created",
      "productId": "69f5ab5a8d645b58ce829cfd"
    },
    {
      "codigo": "41198",
      "action": "created",
      "productId": "69f5ab5b8d645b58ce829ea2"
    },
    {
      "codigo": "36965",
      "action": "created",
      "productId": "69f5ab5b8d645b58ce82a04a"
    },
    {
      "codigo": "55194",
      "action": "updated",
      "productId": "69f3d93f43593ae9f97b80ce"
    },
    {
      "codigo": "25587",
      "action": "created",
      "productId": "69f5ab5e8d645b58ce82a539"
    },
    {
      "codigo": "55668",
      "action": "updated",
      "productId": "69f379987cdf7fb086a40a90"
    },
    {
      "codigo": "56444",
      "action": "updated",
      "productId": "69f3d94043593ae9f97b813c"
    },
    {
      "codigo": "57892",
      "action": "updated",
      "productId": "69f379f27cdf7fb086a4181a"
    },
    {
      "codigo": "58069",
      "action": "updated",
      "productId": "69f379977cdf7fb086a40a65"
    },
    {
      "codigo": "58106",
      "action": "updated",
      "productId": "69f3276a6078808f7c01a5e7"
    },
    {
      "codigo": "58110",
      "action": "updated",
      "productId": "69f379957cdf7fb086a4098c"
    },
    {
      "codigo": "57553",
      "action": "updated",
      "productId": "69f3799c7cdf7fb086a40b15"
    },
    {
      "codigo": "58107",
      "action": "updated",
      "productId": "69f3276a6078808f7c01a615"
    },
    {
      "codigo": "58090",
      "action": "updated",
      "productId": "69f379947cdf7fb086a40941"
    },
    {
      "codigo": "57715",
      "action": "updated",
      "productId": "69f3799b7cdf7fb086a40ae6"
    },
    {
      "codigo": "58102",
      "action": "updated",
      "productId": "69f379957cdf7fb086a4095a"
    },
    {
      "codigo": "54786",
      "action": "updated",
      "productId": "69f3799c7cdf7fb086a40b13"
    },
    {
      "codigo": "58065",
      "action": "updated",
      "productId": "69f3799d7cdf7fb086a40b69"
    },
    {
      "codigo": "58066",
      "action": "updated",
      "productId": "69f3799e7cdf7fb086a40b97"
    },
    {
      "codigo": "57894",
      "action": "updated",
      "productId": "69f379a07cdf7fb086a40bf3"
    },
    {
      "codigo": "55862",
      "action": "updated",
      "productId": "69f3799f7cdf7fb086a40bc5"
    },
    {
      "codigo": "52478",
      "action": "updated",
      "productId": "69f379a47cdf7fb086a40c7d"
    },
    {
      "codigo": "57969",
      "action": "updated",
      "productId": "69f379a97cdf7fb086a40d35"
    },
    {
      "codigo": "55872",
      "action": "updated",
      "productId": "69f379a37cdf7fb086a40c21"
    },
    {
      "codigo": "53734",
      "action": "updated",
      "productId": "69f379a57cdf7fb086a40cab"
    },
    {
      "codigo": "55114",
      "action": "updated",
      "productId": "69f379a47cdf7fb086a40c4f"
    },
    {
      "codigo": "52087",
      "action": "updated",
      "productId": "69f379a67cdf7fb086a40cd9"
    },
    {
      "codigo": "58022",
      "action": "updated",
      "productId": "69f379aa7cdf7fb086a40d63"
    },
    {
      "codigo": "57812",
      "action": "updated",
      "productId": "69f379ab7cdf7fb086a40d91"
    },
    {
      "codigo": "52368",
      "action": "updated",
      "productId": "69f379a97cdf7fb086a40d07"
    },
    {
      "codigo": "55976",
      "action": "updated",
      "productId": "69f379ae7cdf7fb086a40e1b"
    },
    {
      "codigo": "58024",
      "action": "updated",
      "productId": "69f379ad7cdf7fb086a40dbf"
    },
    {
      "codigo": "55134",
      "action": "updated",
      "productId": "69f379b27cdf7fb086a40ea9"
    },
    {
      "codigo": "55426",
      "action": "updated",
      "productId": "69f379b17cdf7fb086a40e77"
    },
    {
      "codigo": "56997",
      "action": "updated",
      "productId": "69f379ad7cdf7fb086a40ded"
    },
    {
      "codigo": "55778",
      "action": "updated",
      "productId": "69f379b27cdf7fb086a40ea7"
    },
    {
      "codigo": "54288",
      "action": "updated",
      "productId": "69f379af7cdf7fb086a40e49"
    },
    {
      "codigo": "57455",
      "action": "updated",
      "productId": "69f379b57cdf7fb086a40f2f"
    },
    {
      "codigo": "54549",
      "action": "updated",
      "productId": "69f379b47cdf7fb086a40f01"
    },
    {
      "codigo": "53833",
      "action": "updated",
      "productId": "69f379b77cdf7fb086a40f8b"
    },
    {
      "codigo": "55287",
      "action": "updated",
      "productId": "69f379ba7cdf7fb086a41021"
    },
    {
      "codigo": "58026",
      "action": "updated",
      "productId": "69f379c07cdf7fb086a4111c"
    },
    {
      "codigo": "55291",
      "action": "updated",
      "productId": "69f379b77cdf7fb086a40f5d"
    },
    {
      "codigo": "58029",
      "action": "updated",
      "productId": "69f379c07cdf7fb086a41120"
    },
    {
      "codigo": "54861",
      "action": "updated",
      "productId": "69f379bf7cdf7fb086a410b7"
    },
    {
      "codigo": "56264",
      "action": "updated",
      "productId": "69f379bf7cdf7fb086a410e9"
    },
    {
      "codigo": "55391",
      "action": "updated",
      "productId": "69f379c67cdf7fb086a411ef"
    },
    {
      "codigo": "58025",
      "action": "updated",
      "productId": "69f379c57cdf7fb086a411b9"
    },
    {
      "codigo": "55135",
      "action": "updated",
      "productId": "69f379c27cdf7fb086a41183"
    },
    {
      "codigo": "57949",
      "action": "updated",
      "productId": "69f379c87cdf7fb086a4125c"
    },
    {
      "codigo": "58033",
      "action": "updated",
      "productId": "69f379c87cdf7fb086a41260"
    },
    {
      "codigo": "55260",
      "action": "updated",
      "productId": "69f379d27cdf7fb086a4139f"
    },
    {
      "codigo": "55855",
      "action": "updated",
      "productId": "69f379cb7cdf7fb086a412c7"
    },
    {
      "codigo": "52366",
      "action": "updated",
      "productId": "69f379b87cdf7fb086a40fef"
    },
    {
      "codigo": "49372",
      "action": "updated",
      "productId": "69f379b77cdf7fb086a40fbd"
    },
    {
      "codigo": "55874",
      "action": "updated",
      "productId": "69f379cf7cdf7fb086a41333"
    },
    {
      "codigo": "52805",
      "action": "updated",
      "productId": "69f379be7cdf7fb086a41085"
    },
    {
      "codigo": "55436",
      "action": "updated",
      "productId": "69f379d37cdf7fb086a4140b"
    },
    {
      "codigo": "51965",
      "action": "updated",
      "productId": "69f379ce7cdf7fb086a412fd"
    },
    {
      "codigo": "54051",
      "action": "updated",
      "productId": "69f379d27cdf7fb086a413d5"
    },
    {
      "codigo": "53704",
      "action": "updated",
      "productId": "69f379d57cdf7fb086a41441"
    },
    {
      "codigo": "49060",
      "action": "updated",
      "productId": "69f379be7cdf7fb086a41053"
    },
    {
      "codigo": "55782",
      "action": "updated",
      "productId": "69f379d97cdf7fb086a414ad"
    },
    {
      "codigo": "55353",
      "action": "updated",
      "productId": "69f379da7cdf7fb086a41519"
    },
    {
      "codigo": "57555",
      "action": "updated",
      "productId": "69f379db7cdf7fb086a4154f"
    },
    {
      "codigo": "55548",
      "action": "updated",
      "productId": "69f379dc7cdf7fb086a41585"
    },
    {
      "codigo": "57429",
      "action": "updated",
      "productId": "69f379df7cdf7fb086a415bb"
    },
    {
      "codigo": "55295",
      "action": "updated",
      "productId": "69f379eb7cdf7fb086a4176c"
    },
    {
      "codigo": "56259",
      "action": "updated",
      "productId": "69f379e17cdf7fb086a415f1"
    },
    {
      "codigo": "57896",
      "action": "updated",
      "productId": "69f379ed7cdf7fb086a417a5"
    },
    {
      "codigo": "52635",
      "action": "updated",
      "productId": "69f379d87cdf7fb086a41477"
    },
    {
      "codigo": "53152",
      "action": "updated",
      "productId": "69f379d97cdf7fb086a414e3"
    },
    {
      "codigo": "57893",
      "action": "updated",
      "productId": "69f379f07cdf7fb086a41816"
    },
    {
      "codigo": "57875",
      "action": "updated",
      "productId": "69f379f47cdf7fb086a41826"
    },
    {
      "codigo": "57874",
      "action": "updated",
      "productId": "69f379f37cdf7fb086a4181e"
    },
    {
      "codigo": "57876",
      "action": "updated",
      "productId": "69f379f37cdf7fb086a41822"
    },
    {
      "codigo": "57869",
      "action": "updated",
      "productId": "69f3d98443593ae9f97b91dc"
    },
    {
      "codigo": "57873",
      "action": "updated",
      "productId": "69f3d98243593ae9f97b91a3"
    },
    {
      "codigo": "57810",
      "action": "updated",
      "productId": "69f379e77cdf7fb086a416c9"
    },
    {
      "codigo": "57837",
      "action": "updated",
      "productId": "69f3d98543593ae9f97b924e"
    },
    {
      "codigo": "57789",
      "action": "updated",
      "productId": "69f3d98543593ae9f97b9287"
    },
    {
      "codigo": "57731",
      "action": "updated",
      "productId": "69f3d98443593ae9f97b9215"
    },
    {
      "codigo": "57730",
      "action": "updated",
      "productId": "69f3d98543593ae9f97b92c0"
    },
    {
      "codigo": "57760",
      "action": "updated",
      "productId": "69f3d98943593ae9f97b9416"
    },
    {
      "codigo": "57732",
      "action": "updated",
      "productId": "69f3d98743593ae9f97b92f9"
    },
    {
      "codigo": "57714",
      "action": "updated",
      "productId": "69f3d98843593ae9f97b93a4"
    },
    {
      "codigo": "57729",
      "action": "updated",
      "productId": "69f3d98743593ae9f97b936b"
    },
    {
      "codigo": "57717",
      "action": "updated",
      "productId": "69f3d98943593ae9f97b93dd"
    },
    {
      "codigo": "57676",
      "action": "updated",
      "productId": "69f3d98a43593ae9f97b944f"
    },
    {
      "codigo": "57718",
      "action": "updated",
      "productId": "69f3d98743593ae9f97b9332"
    },
    {
      "codigo": "57631",
      "action": "updated",
      "productId": "69f3d98c43593ae9f97b9488"
    },
    {
      "codigo": "57529",
      "action": "updated",
      "productId": "69f3d98c43593ae9f97b94c1"
    },
    {
      "codigo": "57438",
      "action": "updated",
      "productId": "69f3d98e43593ae9f97b9533"
    },
    {
      "codigo": "57601",
      "action": "updated",
      "productId": "69f3d98d43593ae9f97b94fa"
    },
    {
      "codigo": "57430",
      "action": "updated",
      "productId": "69f3d98f43593ae9f97b956c"
    },
    {
      "codigo": "57426",
      "action": "updated",
      "productId": "69f3d99143593ae9f97b95df"
    },
    {
      "codigo": "57427",
      "action": "updated",
      "productId": "69f3d99043593ae9f97b95a5"
    },
    {
      "codigo": "57431",
      "action": "updated",
      "productId": "69f3d99343593ae9f97b9619"
    },
    {
      "codigo": "57309",
      "action": "updated",
      "productId": "69f3d99343593ae9f97b9653"
    },
    {
      "codigo": "57303",
      "action": "updated",
      "productId": "69f3d99543593ae9f97b96c8"
    },
    {
      "codigo": "57313",
      "action": "updated",
      "productId": "69f3d99443593ae9f97b968d"
    },
    {
      "codigo": "57302",
      "action": "updated",
      "productId": "69f3d99543593ae9f97b96cc"
    },
    {
      "codigo": "57135",
      "action": "updated",
      "productId": "69f3d99643593ae9f97b973b"
    },
    {
      "codigo": "57134",
      "action": "updated",
      "productId": "69f3d99743593ae9f97b9775"
    },
    {
      "codigo": "57297",
      "action": "updated",
      "productId": "69f3d99843593ae9f97b97af"
    },
    {
      "codigo": "57129",
      "action": "updated",
      "productId": "69f3d99a43593ae9f97b985d"
    },
    {
      "codigo": "57130",
      "action": "updated",
      "productId": "69f3d99943593ae9f97b97e9"
    },
    {
      "codigo": "56970",
      "action": "updated",
      "productId": "69f3d99a43593ae9f97b9823"
    },
    {
      "codigo": "56914",
      "action": "updated",
      "productId": "69f3d99c43593ae9f97b990b"
    },
    {
      "codigo": "57034",
      "action": "updated",
      "productId": "69f3d99c43593ae9f97b98d1"
    },
    {
      "codigo": "57033",
      "action": "updated",
      "productId": "69f3d99d43593ae9f97b9945"
    },
    {
      "codigo": "56672",
      "action": "updated",
      "productId": "69f379e37cdf7fb086a4165d"
    },
    {
      "codigo": "56664",
      "action": "updated",
      "productId": "69f3d99c43593ae9f97b9897"
    },
    {
      "codigo": "56554",
      "action": "updated",
      "productId": "69f3d99e43593ae9f97b997f"
    },
    {
      "codigo": "56432",
      "action": "updated",
      "productId": "69f3d99f43593ae9f97b99b9"
    },
    {
      "codigo": "56649",
      "action": "updated",
      "productId": "69f3d9a043593ae9f97b99f3"
    },
    {
      "codigo": "56741",
      "action": "updated",
      "productId": "69f379e97cdf7fb086a41735"
    },
    {
      "codigo": "55959",
      "action": "updated",
      "productId": "69f3d9a143593ae9f97b9a67"
    },
    {
      "codigo": "56248",
      "action": "updated",
      "productId": "69f3d9a243593ae9f97b9aa1"
    },
    {
      "codigo": "56256",
      "action": "updated",
      "productId": "69f3d9a043593ae9f97b9a2d"
    },
    {
      "codigo": "56261",
      "action": "updated",
      "productId": "69f3d9a443593ae9f97b9b8a"
    },
    {
      "codigo": "56064",
      "action": "updated",
      "productId": "69f3d9a343593ae9f97b9adb"
    },
    {
      "codigo": "56265",
      "action": "updated",
      "productId": "69f3d9a443593ae9f97b9b50"
    },
    {
      "codigo": "55957",
      "action": "updated",
      "productId": "69f3d9a343593ae9f97b9b15"
    },
    {
      "codigo": "55480",
      "action": "updated",
      "productId": "69f3d9a743593ae9f97b9c38"
    },
    {
      "codigo": "55683",
      "action": "updated",
      "productId": "69f3d9a643593ae9f97b9bc4"
    },
    {
      "codigo": "55448",
      "action": "updated",
      "productId": "69f3d9a743593ae9f97b9c3d"
    },
    {
      "codigo": "55549",
      "action": "updated",
      "productId": "69f3d9a643593ae9f97b9bfe"
    },
    {
      "codigo": "55873",
      "action": "updated",
      "productId": "69f379e27cdf7fb086a41627"
    },
    {
      "codigo": "55481",
      "action": "updated",
      "productId": "69f3d9a843593ae9f97b9cad"
    },
    {
      "codigo": "55446",
      "action": "updated",
      "productId": "69f3d9aa43593ae9f97b9d5a"
    },
    {
      "codigo": "55621",
      "action": "updated",
      "productId": "69f3d9a843593ae9f97b9cb1"
    },
    {
      "codigo": "55946",
      "action": "updated",
      "productId": "69f3d9a843593ae9f97b9cea"
    },
    {
      "codigo": "55434",
      "action": "updated",
      "productId": "69f3d9ab43593ae9f97b9d94"
    },
    {
      "codigo": "55390",
      "action": "updated",
      "productId": "69f3d9ac43593ae9f97b9dd0"
    },
    {
      "codigo": "55379",
      "action": "updated",
      "productId": "69f3d9ac43593ae9f97b9e0b"
    },
    {
      "codigo": "55352",
      "action": "updated",
      "productId": "69f3d9ad43593ae9f97b9e46"
    },
    {
      "codigo": "55378",
      "action": "updated",
      "productId": "69f3d9ad43593ae9f97b9e82"
    },
    {
      "codigo": "55307",
      "action": "updated",
      "productId": "69f3d9ae43593ae9f97b9ebd"
    },
    {
      "codigo": "55296",
      "action": "updated",
      "productId": "69f3d9b043593ae9f97b9f33"
    },
    {
      "codigo": "55241",
      "action": "updated",
      "productId": "69f3d9b043593ae9f97b9ef8"
    },
    {
      "codigo": "55143",
      "action": "updated",
      "productId": "69f3d9b243593ae9f97b9fa9"
    },
    {
      "codigo": "54911",
      "action": "updated",
      "productId": "69f3d9b343593ae9f97ba01d"
    },
    {
      "codigo": "54912",
      "action": "updated",
      "productId": "69f3d9b143593ae9f97b9f6e"
    },
    {
      "codigo": "55423",
      "action": "updated",
      "productId": "69f379ee7cdf7fb086a41812"
    },
    {
      "codigo": "54922",
      "action": "updated",
      "productId": "69f379ed7cdf7fb086a417a7"
    },
    {
      "codigo": "54761",
      "action": "updated",
      "productId": "69f3d9b443593ae9f97ba058"
    },
    {
      "codigo": "54807",
      "action": "updated",
      "productId": "69f3d9b643593ae9f97ba093"
    },
    {
      "codigo": "54810",
      "action": "updated",
      "productId": "69f3d9b743593ae9f97ba0ce"
    },
    {
      "codigo": "54723",
      "action": "updated",
      "productId": "69f3d9b843593ae9f97ba109"
    },
    {
      "codigo": "54726",
      "action": "updated",
      "productId": "69f3d9b943593ae9f97ba232"
    },
    {
      "codigo": "54697",
      "action": "updated",
      "productId": "69f3d9b843593ae9f97ba145"
    },
    {
      "codigo": "54695",
      "action": "updated",
      "productId": "69f3d9b843593ae9f97ba1ba"
    },
    {
      "codigo": "54736",
      "action": "updated",
      "productId": "69f3d9b843593ae9f97ba149"
    },
    {
      "codigo": "54529",
      "action": "updated",
      "productId": "69f3d9b943593ae9f97ba1f5"
    },
    {
      "codigo": "54457",
      "action": "updated",
      "productId": "69f3d9b943593ae9f97ba234"
    },
    {
      "codigo": "54415",
      "action": "updated",
      "productId": "69f3d9ba43593ae9f97ba2a6"
    },
    {
      "codigo": "54266",
      "action": "updated",
      "productId": "69f3d9bc43593ae9f97ba2e1"
    },
    {
      "codigo": "54135",
      "action": "updated",
      "productId": "69f3d9bd43593ae9f97ba31c"
    },
    {
      "codigo": "54147",
      "action": "updated",
      "productId": "69f379e57cdf7fb086a41693"
    },
    {
      "codigo": "54134",
      "action": "updated",
      "productId": "69f3d9bf43593ae9f97ba408"
    },
    {
      "codigo": "54326",
      "action": "updated",
      "productId": "69f3d9bf43593ae9f97ba397"
    },
    {
      "codigo": "54148",
      "action": "updated",
      "productId": "69f3d9c043593ae9f97ba443"
    },
    {
      "codigo": "53590",
      "action": "updated",
      "productId": "69f3d9c243593ae9f97ba4f5"
    },
    {
      "codigo": "53561",
      "action": "updated",
      "productId": "69f3d9c243593ae9f97ba4f9"
    },
    {
      "codigo": "53826",
      "action": "updated",
      "productId": "69f3d9c243593ae9f97ba4b9"
    },
    {
      "codigo": "53560",
      "action": "updated",
      "productId": "69f3d9c543593ae9f97ba56a"
    },
    {
      "codigo": "46801",
      "action": "updated",
      "productId": "69f379d17cdf7fb086a41369"
    },
    {
      "codigo": "53818",
      "action": "updated",
      "productId": "69f3d9c543593ae9f97ba5a5"
    },
    {
      "codigo": "52657",
      "action": "updated",
      "productId": "69f3d9be43593ae9f97ba357"
    },
    {
      "codigo": "53249",
      "action": "updated",
      "productId": "69f3d9c643593ae9f97ba5e0"
    },
    {
      "codigo": "53544",
      "action": "updated",
      "productId": "69f3d9c843593ae9f97ba691"
    },
    {
      "codigo": "52995",
      "action": "updated",
      "productId": "69f3d9c743593ae9f97ba656"
    },
    {
      "codigo": "52663",
      "action": "updated",
      "productId": "69f3d9c143593ae9f97ba47e"
    },
    {
      "codigo": "52931",
      "action": "updated",
      "productId": "69f3d9ca43593ae9f97ba742"
    },
    {
      "codigo": "52840",
      "action": "updated",
      "productId": "69f3d9c843593ae9f97ba6cc"
    },
    {
      "codigo": "52406",
      "action": "updated",
      "productId": "69f3d9cd43593ae9f97ba7f5"
    },
    {
      "codigo": "52937",
      "action": "updated",
      "productId": "69f3d9c943593ae9f97ba707"
    },
    {
      "codigo": "52476",
      "action": "updated",
      "productId": "69f3d9ce43593ae9f97ba8a9"
    },
    {
      "codigo": "52404",
      "action": "updated",
      "productId": "69f3d9cd43593ae9f97ba7f7"
    },
    {
      "codigo": "52383",
      "action": "updated",
      "productId": "69f3d9ce43593ae9f97ba8a5"
    },
    {
      "codigo": "52779",
      "action": "updated",
      "productId": "69f3d9cc43593ae9f97ba782"
    },
    {
      "codigo": "51936",
      "action": "updated",
      "productId": "69f3d9c643593ae9f97ba61b"
    },
    {
      "codigo": "52284",
      "action": "updated",
      "productId": "69f3d9cf43593ae9f97ba91c"
    },
    {
      "codigo": "52256",
      "action": "updated",
      "productId": "69f3d9cd43593ae9f97ba869"
    },
    {
      "codigo": "52247",
      "action": "updated",
      "productId": "69f3d9d343593ae9f97ba994"
    },
    {
      "codigo": "52226",
      "action": "updated",
      "productId": "69f3d9d543593ae9f97baa88"
    },
    {
      "codigo": "47949",
      "action": "updated",
      "productId": "69f379e87cdf7fb086a416ff"
    },
    {
      "codigo": "52144",
      "action": "updated",
      "productId": "69f3d9d443593ae9f97baa0c"
    },
    {
      "codigo": "51618",
      "action": "updated",
      "productId": "69f3d9d543593ae9f97baa86"
    },
    {
      "codigo": "52248",
      "action": "updated",
      "productId": "69f3d9d143593ae9f97ba958"
    },
    {
      "codigo": "51617",
      "action": "updated",
      "productId": "69f3d9d443593ae9f97baa48"
    },
    {
      "codigo": "52078",
      "action": "updated",
      "productId": "69f3d9d643593ae9f97baafc"
    },
    {
      "codigo": "52255",
      "action": "updated",
      "productId": "69f3d9d643593ae9f97bab38"
    },
    {
      "codigo": "46890",
      "action": "updated",
      "productId": "69f3d9be43593ae9f97ba393"
    },
    {
      "codigo": "51596",
      "action": "updated",
      "productId": "69f3d9d643593ae9f97bab74"
    },
    {
      "codigo": "51016",
      "action": "updated",
      "productId": "69f3d9db43593ae9f97bac64"
    },
    {
      "codigo": "51093",
      "action": "updated",
      "productId": "69f3d9db43593ae9f97bac28"
    },
    {
      "codigo": "50252",
      "action": "updated",
      "productId": "69f3d9d743593ae9f97babb0"
    },
    {
      "codigo": "50254",
      "action": "updated",
      "productId": "69f3d9db43593ae9f97baca0"
    },
    {
      "codigo": "50251",
      "action": "updated",
      "productId": "69f3d9db43593ae9f97bacdc"
    },
    {
      "codigo": "47308",
      "action": "updated",
      "productId": "69f3d9d443593ae9f97ba9d0"
    },
    {
      "codigo": "49416",
      "action": "updated",
      "productId": "69f3d9dc43593ae9f97bad18"
    },
    {
      "codigo": "49417",
      "action": "updated",
      "productId": "69f3d9dd43593ae9f97bad54"
    },
    {
      "codigo": "45855",
      "action": "updated",
      "productId": "69f3d9cc43593ae9f97ba77d"
    },
    {
      "codigo": "49067",
      "action": "updated",
      "productId": "69f3d9de43593ae9f97bad90"
    },
    {
      "codigo": "49883",
      "action": "updated",
      "productId": "69f3d9e143593ae9f97bae46"
    },
    {
      "codigo": "48611",
      "action": "updated",
      "productId": "69f3d9df43593ae9f97badcc"
    },
    {
      "codigo": "47979",
      "action": "updated",
      "productId": "69f3d9e143593ae9f97bae48"
    },
    {
      "codigo": "49018",
      "action": "updated",
      "productId": "69f3d9e043593ae9f97bae08"
    },
    {
      "codigo": "48993",
      "action": "updated",
      "productId": "69f3d9e243593ae9f97baebd"
    },
    {
      "codigo": "48897",
      "action": "updated",
      "productId": "69f3d9e343593ae9f97bafb4"
    },
    {
      "codigo": "44081",
      "action": "updated",
      "productId": "69f3d9d943593ae9f97babec"
    },
    {
      "codigo": "46552",
      "action": "updated",
      "productId": "69f3d9e343593ae9f97baefc"
    },
    {
      "codigo": "48900",
      "action": "updated",
      "productId": "69f3d9e343593ae9f97baf76"
    },
    {
      "codigo": "44414",
      "action": "updated",
      "productId": "69f3d9e443593ae9f97baff6"
    },
    {
      "codigo": "30785",
      "action": "updated",
      "productId": "69f3d9e443593ae9f97baff3"
    },
    {
      "codigo": "46551",
      "action": "updated",
      "productId": "69f3d9e343593ae9f97baefe"
    },
    {
      "codigo": "46512",
      "action": "updated",
      "productId": "69f3d9e543593ae9f97bb072"
    },
    {
      "codigo": "46513",
      "action": "updated",
      "productId": "69f3d9e443593ae9f97bb06e"
    },
    {
      "codigo": "58132",
      "action": "created",
      "productId": "69f5abff8d645b58ce840e2a"
    },
    {
      "codigo": "21381",
      "action": "updated",
      "productId": "69f3d9e643593ae9f97bb076"
    },
    {
      "codigo": "43886",
      "action": "updated",
      "productId": "69f3d9e743593ae9f97bb07e"
    },
    {
      "codigo": "38379",
      "action": "updated",
      "productId": "69f3d9e643593ae9f97bb07a"
    },
    {
      "codigo": "37905",
      "action": "updated",
      "productId": "69f3d9e843593ae9f97bb082"
    },
    {
      "codigo": "42151",
      "action": "updated",
      "productId": "69f3d9e943593ae9f97bb08b"
    },
    {
      "codigo": "38696",
      "action": "updated",
      "productId": "69f3d9e943593ae9f97bb086"
    },
    {
      "codigo": "38695",
      "action": "updated",
      "productId": "69f3d9e943593ae9f97bb08e"
    },
    {
      "codigo": "23185",
      "action": "updated",
      "productId": "69f3d9ea43593ae9f97bb092"
    },
    {
      "codigo": "55961",
      "action": "created",
      "productId": "69f5ac048d645b58ce841e6a"
    },
    {
      "codigo": "51849",
      "action": "created",
      "productId": "69f5ac068d645b58ce842207"
    },
    {
      "codigo": "51799",
      "action": "created",
      "productId": "69f5ac078d645b58ce8423d8"
    },
    {
      "codigo": "50874",
      "action": "created",
      "productId": "69f5ac088d645b58ce8425a9"
    },
    {
      "codigo": "50411",
      "action": "created",
      "productId": "69f5ac088d645b58ce84277a"
    },
    {
      "codigo": "50409",
      "action": "created",
      "productId": "69f5ac0a8d645b58ce84294f"
    },
    {
      "codigo": "50302",
      "action": "created",
      "productId": "69f5ac0a8d645b58ce84294d"
    },
    {
      "codigo": "50303",
      "action": "created",
      "productId": "69f5ac0a8d645b58ce842ced"
    },
    {
      "codigo": "50026",
      "action": "created",
      "productId": "69f5ac0c8d645b58ce842ebe"
    },
    {
      "codigo": "49922",
      "action": "created",
      "productId": "69f5ac0c8d645b58ce842ec3"
    },
    {
      "codigo": "55811",
      "action": "created",
      "productId": "69f5ac0d8d645b58ce843260"
    },
    {
      "codigo": "55636",
      "action": "created",
      "productId": "69f5ac0d8d645b58ce843265"
    },
    {
      "codigo": "55639",
      "action": "created",
      "productId": "69f5ac0d8d645b58ce843436"
    },
    {
      "codigo": "56943",
      "action": "created",
      "productId": "69f5ac0f8d645b58ce8437d3"
    },
    {
      "codigo": "56782",
      "action": "created",
      "productId": "69f5ac108d645b58ce8439a4"
    },
    {
      "codigo": "49109",
      "action": "created",
      "productId": "69f5ac118d645b58ce843b75"
    },
    {
      "codigo": "49110",
      "action": "created",
      "productId": "69f5ac118d645b58ce843d46"
    },
    {
      "codigo": "57784",
      "action": "created",
      "productId": "69f5ac128d645b58ce843f17"
    },
    {
      "codigo": "48672",
      "action": "created",
      "productId": "69f5ac138d645b58ce8440e8"
    },
    {
      "codigo": "54084",
      "action": "created",
      "productId": "69f5ac148d645b58ce8442b9"
    },
    {
      "codigo": "54066",
      "action": "created",
      "productId": "69f5ac148d645b58ce8442be"
    },
    {
      "codigo": "54075",
      "action": "created",
      "productId": "69f5ac148d645b58ce84448f"
    },
    {
      "codigo": "54068",
      "action": "created",
      "productId": "69f5ac168d645b58ce84482d"
    },
    {
      "codigo": "54061",
      "action": "created",
      "productId": "69f5ac168d645b58ce844832"
    },
    {
      "codigo": "54073",
      "action": "created",
      "productId": "69f5ac178d645b58ce844bd1"
    },
    {
      "codigo": "48190",
      "action": "created",
      "productId": "69f5ac188d645b58ce844da3"
    },
    {
      "codigo": "54065",
      "action": "created",
      "productId": "69f5ac198d645b58ce844f75"
    },
    {
      "codigo": "48189",
      "action": "created",
      "productId": "69f5ac198d645b58ce844f7a"
    },
    {
      "codigo": "53930",
      "action": "created",
      "productId": "69f5ac1a8d645b58ce845319"
    },
    {
      "codigo": "56321",
      "action": "created",
      "productId": "69f5ac1a8d645b58ce8454eb"
    },
    {
      "codigo": "56322",
      "action": "created",
      "productId": "69f5ac1b8d645b58ce8456bd"
    },
    {
      "codigo": "55663",
      "action": "created",
      "productId": "69f5ac1b8d645b58ce8456c2"
    },
    {
      "codigo": "47973",
      "action": "created",
      "productId": "69f5ac1f8d645b58ce845a62"
    },
    {
      "codigo": "57785",
      "action": "created",
      "productId": "69f5ac208d645b58ce845c35"
    },
    {
      "codigo": "53691",
      "action": "created",
      "productId": "69f5ac208d645b58ce845c37"
    },
    {
      "codigo": "57696",
      "action": "created",
      "productId": "69f5ac208d645b58ce845e09"
    },
    {
      "codigo": "47788",
      "action": "created",
      "productId": "69f5ac228d645b58ce8461a9"
    },
    {
      "codigo": "53693",
      "action": "created",
      "productId": "69f5ac238d645b58ce8461ae"
    },
    {
      "codigo": "55822",
      "action": "created",
      "productId": "69f5ac248d645b58ce84654d"
    },
    {
      "codigo": "57695",
      "action": "created",
      "productId": "69f5ac268d645b58ce84671f"
    },
    {
      "codigo": "57693",
      "action": "created",
      "productId": "69f5ac268d645b58ce8468f1"
    },
    {
      "codigo": "57692",
      "action": "created",
      "productId": "69f5ac278d645b58ce846ac3"
    },
    {
      "codigo": "57699",
      "action": "created",
      "productId": "69f5ac288d645b58ce846c95"
    },
    {
      "codigo": "57697",
      "action": "created",
      "productId": "69f5ac288d645b58ce846e67"
    },
    {
      "codigo": "53389",
      "action": "created",
      "productId": "69f5ac288d645b58ce846e6c"
    },
    {
      "codigo": "57701",
      "action": "created",
      "productId": "69f5ac298d645b58ce84720b"
    },
    {
      "codigo": "53031",
      "action": "created",
      "productId": "69f5ac2a8d645b58ce8473dd"
    },
    {
      "codigo": "52993",
      "action": "created",
      "productId": "69f5ac2a8d645b58ce8473e2"
    },
    {
      "codigo": "54097",
      "action": "created",
      "productId": "69f5ac2b8d645b58ce847781"
    },
    {
      "codigo": "52580",
      "action": "created",
      "productId": "69f5ac2c8d645b58ce847953"
    },
    {
      "codigo": "53032",
      "action": "created",
      "productId": "69f5ac2e8d645b58ce847b25"
    },
    {
      "codigo": "53030",
      "action": "created",
      "productId": "69f5ac2e8d645b58ce847cf7"
    },
    {
      "codigo": "49383",
      "action": "created",
      "productId": "69f5ac308d645b58ce847eca"
    },
    {
      "codigo": "51789",
      "action": "created",
      "productId": "69f5ac308d645b58ce847ecd"
    },
    {
      "codigo": "51787",
      "action": "created",
      "productId": "69f5ac308d645b58ce84809f"
    },
    {
      "codigo": "57798",
      "action": "created",
      "productId": "69f5ac318d645b58ce848441"
    },
    {
      "codigo": "57776",
      "action": "created",
      "productId": "69f5ac318d645b58ce848443"
    },
    {
      "codigo": "57694",
      "action": "created",
      "productId": "69f5ac348d645b58ce8487e3"
    },
    {
      "codigo": "57700",
      "action": "created",
      "productId": "69f5ac348d645b58ce8489b5"
    },
    {
      "codigo": "57702",
      "action": "created",
      "productId": "69f5ac348d645b58ce848b87"
    },
    {
      "codigo": "57691",
      "action": "created",
      "productId": "69f5ac368d645b58ce848d59"
    },
    {
      "codigo": "57591",
      "action": "created",
      "productId": "69f5ac378d645b58ce848f2b"
    },
    {
      "codigo": "57569",
      "action": "created",
      "productId": "69f5ac378d645b58ce8490fd"
    },
    {
      "codigo": "57690",
      "action": "created",
      "productId": "69f5ac378d645b58ce8492cf"
    },
    {
      "codigo": "57689",
      "action": "created",
      "productId": "69f5ac388d645b58ce8494a1"
    },
    {
      "codigo": "57291",
      "action": "created",
      "productId": "69f5ac388d645b58ce849673"
    },
    {
      "codigo": "57154",
      "action": "created",
      "productId": "69f5ac3a8d645b58ce849845"
    },
    {
      "codigo": "57155",
      "action": "created",
      "productId": "69f5ac3a8d645b58ce849a18"
    },
    {
      "codigo": "57097",
      "action": "created",
      "productId": "69f5ac3a8d645b58ce849a1c"
    },
    {
      "codigo": "57096",
      "action": "created",
      "productId": "69f5ac3b8d645b58ce849dbb"
    },
    {
      "codigo": "56945",
      "action": "created",
      "productId": "69f5ac3c8d645b58ce849f8d"
    },
    {
      "codigo": "56940",
      "action": "created",
      "productId": "69f5ac3e8d645b58ce84a160"
    },
    {
      "codigo": "56939",
      "action": "created",
      "productId": "69f5ac3e8d645b58ce84a165"
    },
    {
      "codigo": "56944",
      "action": "created",
      "productId": "69f5ac3e8d645b58ce84a168"
    },
    {
      "codigo": "56785",
      "action": "created",
      "productId": "69f5ac408d645b58ce84a6d7"
    },
    {
      "codigo": "56784",
      "action": "created",
      "productId": "69f5ac408d645b58ce84a6d9"
    },
    {
      "codigo": "56783",
      "action": "created",
      "productId": "69f5ac408d645b58ce84aa79"
    },
    {
      "codigo": "56642",
      "action": "created",
      "productId": "69f5ac428d645b58ce84ac4b"
    },
    {
      "codigo": "56309",
      "action": "created",
      "productId": "69f5ac428d645b58ce84ac50"
    },
    {
      "codigo": "56199",
      "action": "created",
      "productId": "69f5ac428d645b58ce84ae22"
    },
    {
      "codigo": "55962",
      "action": "created",
      "productId": "69f5ac438d645b58ce84b1c1"
    },
    {
      "codigo": "55827",
      "action": "created",
      "productId": "69f5ac458d645b58ce84b393"
    },
    {
      "codigo": "55821",
      "action": "created",
      "productId": "69f5ac468d645b58ce84b565"
    },
    {
      "codigo": "55826",
      "action": "created",
      "productId": "69f5ac478d645b58ce84b737"
    },
    {
      "codigo": "55777",
      "action": "created",
      "productId": "69f5ac488d645b58ce84b73c"
    },
    {
      "codigo": "55776",
      "action": "created",
      "productId": "69f5ac498d645b58ce84badc"
    },
    {
      "codigo": "55707",
      "action": "created",
      "productId": "69f5ac498d645b58ce84bae0"
    },
    {
      "codigo": "55643",
      "action": "created",
      "productId": "69f5ac498d645b58ce84be7f"
    },
    {
      "codigo": "55641",
      "action": "created",
      "productId": "69f5ac4b8d645b58ce84c051"
    },
    {
      "codigo": "55696",
      "action": "created",
      "productId": "69f5ac4c8d645b58ce84c223"
    },
    {
      "codigo": "55637",
      "action": "created",
      "productId": "69f5ac4c8d645b58ce84c3f5"
    },
    {
      "codigo": "55632",
      "action": "created",
      "productId": "69f5ac4d8d645b58ce84c5c7"
    },
    {
      "codigo": "55464",
      "action": "created",
      "productId": "69f5ac4e8d645b58ce84c799"
    },
    {
      "codigo": "55310",
      "action": "created",
      "productId": "69f5ac4f8d645b58ce84c96d"
    },
    {
      "codigo": "55262",
      "action": "created",
      "productId": "69f5ac4f8d645b58ce84c970"
    },
    {
      "codigo": "55462",
      "action": "created",
      "productId": "69f5ac4f8d645b58ce84c974"
    },
    {
      "codigo": "55136",
      "action": "created",
      "productId": "69f5ac508d645b58ce84cee1"
    },
    {
      "codigo": "55117",
      "action": "created",
      "productId": "69f5ac518d645b58ce84d0b3"
    },
    {
      "codigo": "55129",
      "action": "created",
      "productId": "69f5ac538d645b58ce84d287"
    },
    {
      "codigo": "54937",
      "action": "created",
      "productId": "69f5ac538d645b58ce84d289"
    },
    {
      "codigo": "55023",
      "action": "created",
      "productId": "69f5ac538d645b58ce84d45c"
    },
    {
      "codigo": "54772",
      "action": "created",
      "productId": "69f5ac558d645b58ce84d7fd"
    },
    {
      "codigo": "54887",
      "action": "created",
      "productId": "69f5ac558d645b58ce84d7ff"
    },
    {
      "codigo": "54699",
      "action": "created",
      "productId": "69f5ac568d645b58ce84db9f"
    },
    {
      "codigo": "51158",
      "action": "created",
      "productId": "69f5ac568d645b58ce84dba4"
    },
    {
      "codigo": "51142",
      "action": "created",
      "productId": "69f5ac578d645b58ce84df43"
    },
    {
      "codigo": "50939",
      "action": "created",
      "productId": "69f5ac578d645b58ce84e115"
    },
    {
      "codigo": "54576",
      "action": "created",
      "productId": "69f5ac588d645b58ce84e2e7"
    },
    {
      "codigo": "54586",
      "action": "created",
      "productId": "69f5ac588d645b58ce84e4b9"
    },
    {
      "codigo": "54574",
      "action": "created",
      "productId": "69f5ac598d645b58ce84e4c0"
    },
    {
      "codigo": "54575",
      "action": "created",
      "productId": "69f5ac598d645b58ce84e68f"
    },
    {
      "codigo": "54573",
      "action": "created",
      "productId": "69f5ac5a8d645b58ce84ea2f"
    },
    {
      "codigo": "54572",
      "action": "created",
      "productId": "69f5ac5b8d645b58ce84ec01"
    },
    {
      "codigo": "50721",
      "action": "created",
      "productId": "69f5ac5d8d645b58ce84edd3"
    },
    {
      "codigo": "54438",
      "action": "created",
      "productId": "69f5ac5d8d645b58ce84efa5"
    },
    {
      "codigo": "54086",
      "action": "created",
      "productId": "69f5ac5e8d645b58ce84f177"
    },
    {
      "codigo": "54076",
      "action": "created",
      "productId": "69f5ac5f8d645b58ce84f17c"
    },
    {
      "codigo": "54074",
      "action": "created",
      "productId": "69f5ac5f8d645b58ce84f51b"
    },
    {
      "codigo": "54069",
      "action": "created",
      "productId": "69f5ac608d645b58ce84f6ed"
    },
    {
      "codigo": "54070",
      "action": "created",
      "productId": "69f5ac608d645b58ce84f8bf"
    },
    {
      "codigo": "54064",
      "action": "created",
      "productId": "69f5ac618d645b58ce84f8c4"
    },
    {
      "codigo": "54060",
      "action": "created",
      "productId": "69f5ac618d645b58ce84fc63"
    },
    {
      "codigo": "54057",
      "action": "created",
      "productId": "69f5ac638d645b58ce84fe35"
    },
    {
      "codigo": "54056",
      "action": "created",
      "productId": "69f5ac648d645b58ce850007"
    },
    {
      "codigo": "50295",
      "action": "created",
      "productId": "69f5ac658d645b58ce8501db"
    },
    {
      "codigo": "50297",
      "action": "created",
      "productId": "69f5ac658d645b58ce8501dd"
    },
    {
      "codigo": "53945",
      "action": "created",
      "productId": "69f5ac668d645b58ce85057d"
    },
    {
      "codigo": "50296",
      "action": "created",
      "productId": "69f5ac668d645b58ce85074f"
    },
    {
      "codigo": "53695",
      "action": "created",
      "productId": "69f5ac668d645b58ce850921"
    },
    {
      "codigo": "49985",
      "action": "created",
      "productId": "69f5ac678d645b58ce850af3"
    },
    {
      "codigo": "53646",
      "action": "created",
      "productId": "69f5ac678d645b58ce850cc5"
    },
    {
      "codigo": "53549",
      "action": "created",
      "productId": "69f5ac688d645b58ce850e97"
    },
    {
      "codigo": "53548",
      "action": "created",
      "productId": "69f5ac6a8d645b58ce851069"
    },
    {
      "codigo": "53319",
      "action": "created",
      "productId": "69f5ac6b8d645b58ce85123b"
    },
    {
      "codigo": "52918",
      "action": "created",
      "productId": "69f5ac6c8d645b58ce85140d"
    },
    {
      "codigo": "52917",
      "action": "created",
      "productId": "69f5ac6c8d645b58ce8515df"
    },
    {
      "codigo": "53275",
      "action": "created",
      "productId": "69f5ac6d8d645b58ce8517b2"
    },
    {
      "codigo": "49140",
      "action": "created",
      "productId": "69f5ac6d8d645b58ce8517b5"
    },
    {
      "codigo": "52636",
      "action": "created",
      "productId": "69f5ac6d8d645b58ce851989"
    },
    {
      "codigo": "52486",
      "action": "created",
      "productId": "69f5ac6d8d645b58ce85198c"
    },
    {
      "codigo": "52488",
      "action": "created",
      "productId": "69f5ac6f8d645b58ce851ef9"
    },
    {
      "codigo": "52591",
      "action": "created",
      "productId": "69f5ac708d645b58ce8520cb"
    },
    {
      "codigo": "52216",
      "action": "created",
      "productId": "69f5ac728d645b58ce85229f"
    },
    {
      "codigo": "49817",
      "action": "created",
      "productId": "69f5ac728d645b58ce8522a1"
    },
    {
      "codigo": "52214",
      "action": "created",
      "productId": "69f5ac728d645b58ce852641"
    },
    {
      "codigo": "52213",
      "action": "created",
      "productId": "69f5ac738d645b58ce852813"
    },
    {
      "codigo": "52147",
      "action": "created",
      "productId": "69f5ac738d645b58ce8529e5"
    },
    {
      "codigo": "48342",
      "action": "created",
      "productId": "69f5ac748d645b58ce852bb7"
    },
    {
      "codigo": "48340",
      "action": "created",
      "productId": "69f5ac748d645b58ce852d89"
    },
    {
      "codigo": "49431",
      "action": "created",
      "productId": "69f5ac758d645b58ce852f5b"
    },
    {
      "codigo": "48235",
      "action": "created",
      "productId": "69f5ac768d645b58ce85312d"
    },
    {
      "codigo": "51795",
      "action": "created",
      "productId": "69f5ac778d645b58ce8532ff"
    },
    {
      "codigo": "48188",
      "action": "created",
      "productId": "69f5ac788d645b58ce8534d1"
    },
    {
      "codigo": "51770",
      "action": "created",
      "productId": "69f5ac7a8d645b58ce8536a3"
    },
    {
      "codigo": "51739",
      "action": "created",
      "productId": "69f5ac7a8d645b58ce8536a8"
    },
    {
      "codigo": "51736",
      "action": "created",
      "productId": "69f5ac7a8d645b58ce853a47"
    },
    {
      "codigo": "51734",
      "action": "created",
      "productId": "69f5ac7b8d645b58ce853c19"
    },
    {
      "codigo": "48099",
      "action": "created",
      "productId": "69f5ac7b8d645b58ce853deb"
    },
    {
      "codigo": "51737",
      "action": "created",
      "productId": "69f5ac7b8d645b58ce853fbd"
    },
    {
      "codigo": "51630",
      "action": "created",
      "productId": "69f5ac7c8d645b58ce85418f"
    },
    {
      "codigo": "49107",
      "action": "created",
      "productId": "69f5ac7d8d645b58ce854361"
    },
    {
      "codigo": "51547",
      "action": "created",
      "productId": "69f5ac7f8d645b58ce854533"
    },
    {
      "codigo": "41535",
      "action": "created",
      "productId": "69f5ac7f8d645b58ce854705"
    },
    {
      "codigo": "50877",
      "action": "created",
      "productId": "69f5ac808d645b58ce8548d8"
    },
    {
      "codigo": "51546",
      "action": "created",
      "productId": "69f5ac808d645b58ce8548db"
    },
    {
      "codigo": "50872",
      "action": "created",
      "productId": "69f5ac808d645b58ce854aad"
    },
    {
      "codigo": "51100",
      "action": "created",
      "productId": "69f5ac818d645b58ce854e4d"
    },
    {
      "codigo": "50770",
      "action": "created",
      "productId": "69f5ac828d645b58ce85501f"
    },
    {
      "codigo": "48343",
      "action": "created",
      "productId": "69f5ac828d645b58ce8551f1"
    },
    {
      "codigo": "50408",
      "action": "created",
      "productId": "69f5ac838d645b58ce8553c3"
    },
    {
      "codigo": "50404",
      "action": "created",
      "productId": "69f5ac858d645b58ce855595"
    },
    {
      "codigo": "50312",
      "action": "created",
      "productId": "69f5ac868d645b58ce855767"
    },
    {
      "codigo": "50306",
      "action": "created",
      "productId": "69f5ac868d645b58ce855939"
    },
    {
      "codigo": "50301",
      "action": "created",
      "productId": "69f5ac868d645b58ce855b0b"
    },
    {
      "codigo": "50300",
      "action": "created",
      "productId": "69f5ac878d645b58ce855cdd"
    },
    {
      "codigo": "50188",
      "action": "created",
      "productId": "69f5ac888d645b58ce855eb0"
    },
    {
      "codigo": "50189",
      "action": "created",
      "productId": "69f5ac888d645b58ce855eb3"
    },
    {
      "codigo": "50187",
      "action": "created",
      "productId": "69f5ac888d645b58ce856253"
    },
    {
      "codigo": "50027",
      "action": "created",
      "productId": "69f5ac898d645b58ce856425"
    },
    {
      "codigo": "50025",
      "action": "created",
      "productId": "69f5ac8a8d645b58ce8565f7"
    },
    {
      "codigo": "45770",
      "action": "created",
      "productId": "69f5ac8b8d645b58ce8567c9"
    },
    {
      "codigo": "49382",
      "action": "created",
      "productId": "69f5ac8c8d645b58ce85699b"
    },
    {
      "codigo": "49334",
      "action": "created",
      "productId": "69f5ac8d8d645b58ce856b6d"
    },
    {
      "codigo": "49330",
      "action": "created",
      "productId": "69f5ac8e8d645b58ce856d3f"
    },
    {
      "codigo": "48736",
      "action": "created",
      "productId": "69f5ac8e8d645b58ce856f11"
    },
    {
      "codigo": "49215",
      "action": "created",
      "productId": "69f5ac8f8d645b58ce8570e5"
    },
    {
      "codigo": "49293",
      "action": "created",
      "productId": "69f5ac8f8d645b58ce8570e7"
    },
    {
      "codigo": "48914",
      "action": "created",
      "productId": "69f5ac8f8d645b58ce8572b9"
    },
    {
      "codigo": "48443",
      "action": "created",
      "productId": "69f5ac918d645b58ce857659"
    },
    {
      "codigo": "48698",
      "action": "created",
      "productId": "69f5ac918d645b58ce85782b"
    },
    {
      "codigo": "48244",
      "action": "created",
      "productId": "69f5ac928d645b58ce8579fd"
    },
    {
      "codigo": "48238",
      "action": "created",
      "productId": "69f5ac938d645b58ce857bcf"
    },
    {
      "codigo": "48237",
      "action": "created",
      "productId": "69f5ac948d645b58ce857da1"
    },
    {
      "codigo": "48236",
      "action": "created",
      "productId": "69f5ac948d645b58ce857f73"
    },
    {
      "codigo": "48098",
      "action": "created",
      "productId": "69f5ac958d645b58ce858147"
    },
    {
      "codigo": "41590",
      "action": "created",
      "productId": "69f5ac958d645b58ce85814a"
    },
    {
      "codigo": "47890",
      "action": "created",
      "productId": "69f5ac958d645b58ce8584e9"
    },
    {
      "codigo": "47931",
      "action": "created",
      "productId": "69f5ac958d645b58ce8584ee"
    },
    {
      "codigo": "47026",
      "action": "created",
      "productId": "69f5ac968d645b58ce85888d"
    },
    {
      "codigo": "43382",
      "action": "created",
      "productId": "69f5ac978d645b58ce858a5f"
    },
    {
      "codigo": "46743",
      "action": "created",
      "productId": "69f5ac978d645b58ce858c31"
    },
    {
      "codigo": "46662",
      "action": "created",
      "productId": "69f5ac998d645b58ce858e03"
    },
    {
      "codigo": "46652",
      "action": "created",
      "productId": "69f5ac9a8d645b58ce858fd9"
    },
    {
      "codigo": "46670",
      "action": "created",
      "productId": "69f5ac998d645b58ce858fd7"
    },
    {
      "codigo": "46630",
      "action": "created",
      "productId": "69f5ac9a8d645b58ce8591ac"
    },
    {
      "codigo": "42612",
      "action": "created",
      "productId": "69f5ac9a8d645b58ce85954b"
    },
    {
      "codigo": "46054",
      "action": "created",
      "productId": "69f5ac9b8d645b58ce85971e"
    },
    {
      "codigo": "42611",
      "action": "created",
      "productId": "69f5ac9b8d645b58ce859721"
    },
    {
      "codigo": "42290",
      "action": "created",
      "productId": "69f5ac9b8d645b58ce859ac1"
    },
    {
      "codigo": "42206",
      "action": "created",
      "productId": "69f5ac9c8d645b58ce859c93"
    },
    {
      "codigo": "45807",
      "action": "created",
      "productId": "69f5ac9d8d645b58ce859e65"
    },
    {
      "codigo": "45542",
      "action": "created",
      "productId": "69f5aca08d645b58ce85a037"
    },
    {
      "codigo": "43885",
      "action": "created",
      "productId": "69f5aca08d645b58ce85a03e"
    },
    {
      "codigo": "44698",
      "action": "created",
      "productId": "69f5aca08d645b58ce85a040"
    },
    {
      "codigo": "45535",
      "action": "created",
      "productId": "69f5aca18d645b58ce85a5ae"
    },
    {
      "codigo": "44229",
      "action": "created",
      "productId": "69f5aca18d645b58ce85a5b4"
    },
    {
      "codigo": "45462",
      "action": "created",
      "productId": "69f5aca18d645b58ce85a5b6"
    },
    {
      "codigo": "38258",
      "action": "created",
      "productId": "69f5aca18d645b58ce85a956"
    },
    {
      "codigo": "43293",
      "action": "created",
      "productId": "69f5aca28d645b58ce85acf9"
    },
    {
      "codigo": "43222",
      "action": "created",
      "productId": "69f5aca28d645b58ce85acf7"
    },
    {
      "codigo": "43467",
      "action": "created",
      "productId": "69f5aca28d645b58ce85aecc"
    },
    {
      "codigo": "39050",
      "action": "created",
      "productId": "69f5aca58d645b58ce85b26b"
    },
    {
      "codigo": "42602",
      "action": "created",
      "productId": "69f5aca58d645b58ce85b43d"
    },
    {
      "codigo": "42601",
      "action": "created",
      "productId": "69f5aca68d645b58ce85b60f"
    },
    {
      "codigo": "37274",
      "action": "created",
      "productId": "69f5aca68d645b58ce85b7e2"
    },
    {
      "codigo": "41772",
      "action": "created",
      "productId": "69f5aca78d645b58ce85b7e6"
    },
    {
      "codigo": "41749",
      "action": "created",
      "productId": "69f5aca78d645b58ce85bb85"
    },
    {
      "codigo": "41688",
      "action": "created",
      "productId": "69f5aca78d645b58ce85bd57"
    },
    {
      "codigo": "41394",
      "action": "created",
      "productId": "69f5aca88d645b58ce85bf29"
    },
    {
      "codigo": "41136",
      "action": "created",
      "productId": "69f5aca88d645b58ce85c0fb"
    },
    {
      "codigo": "41393",
      "action": "created",
      "productId": "69f5aca88d645b58ce85c100"
    },
    {
      "codigo": "40587",
      "action": "created",
      "productId": "69f5acaa8d645b58ce85c49f"
    },
    {
      "codigo": "39931",
      "action": "created",
      "productId": "69f5acac8d645b58ce85c671"
    },
    {
      "codigo": "38573",
      "action": "created",
      "productId": "69f5acac8d645b58ce85c847"
    },
    {
      "codigo": "40549",
      "action": "created",
      "productId": "69f5acac8d645b58ce85c849"
    },
    {
      "codigo": "40578",
      "action": "created",
      "productId": "69f5acac8d645b58ce85c84b"
    },
    {
      "codigo": "40253",
      "action": "created",
      "productId": "69f5acad8d645b58ce85cdb9"
    },
    {
      "codigo": "40278",
      "action": "created",
      "productId": "69f5acad8d645b58ce85cdbe"
    },
    {
      "codigo": "40081",
      "action": "created",
      "productId": "69f5acae8d645b58ce85d15d"
    },
    {
      "codigo": "35792",
      "action": "created",
      "productId": "69f5acae8d645b58ce85d32f"
    },
    {
      "codigo": "36269",
      "action": "created",
      "productId": "69f5acaf8d645b58ce85d501"
    },
    {
      "codigo": "39051",
      "action": "created",
      "productId": "69f5acb08d645b58ce85d6d3"
    },
    {
      "codigo": "30780",
      "action": "created",
      "productId": "69f5acb28d645b58ce85d8a7"
    },
    {
      "codigo": "32095",
      "action": "created",
      "productId": "69f5acb28d645b58ce85d8a9"
    },
    {
      "codigo": "38585",
      "action": "created",
      "productId": "69f5acb38d645b58ce85dc49"
    },
    {
      "codigo": "38326",
      "action": "created",
      "productId": "69f5acb38d645b58ce85dc4e"
    },
    {
      "codigo": "32621",
      "action": "created",
      "productId": "69f5acb48d645b58ce85dff1"
    },
    {
      "codigo": "35287",
      "action": "created",
      "productId": "69f5acb48d645b58ce85dfef"
    },
    {
      "codigo": "18827",
      "action": "created",
      "productId": "69f5acb48d645b58ce85e391"
    },
    {
      "codigo": "34886",
      "action": "created",
      "productId": "69f5acb58d645b58ce85e563"
    },
    {
      "codigo": "30781",
      "action": "created",
      "productId": "69f5acb58d645b58ce85e735"
    },
    {
      "codigo": "33743",
      "action": "created",
      "productId": "69f5acb58d645b58ce85e907"
    },
    {
      "codigo": "19713",
      "action": "created",
      "productId": "69f5acb88d645b58ce85ead9"
    },
    {
      "codigo": "15698",
      "action": "created",
      "productId": "69f5acb88d645b58ce85ecab"
    },
    {
      "codigo": "26802",
      "action": "created",
      "productId": "69f5acb98d645b58ce85ee7d"
    },
    {
      "codigo": "25407",
      "action": "created",
      "productId": "69f5acb98d645b58ce85f04f"
    },
    {
      "codigo": "33744",
      "action": "created",
      "productId": "69f5acba8d645b58ce85f221"
    },
    {
      "codigo": "36053",
      "action": "created",
      "productId": "69f5acba8d645b58ce85f3f3"
    },
    {
      "codigo": "37100",
      "action": "created",
      "productId": "69f5acbb8d645b58ce85f5c9"
    },
    {
      "codigo": "37271",
      "action": "created",
      "productId": "69f5acbb8d645b58ce85f5cb"
    },
    {
      "codigo": "36214",
      "action": "created",
      "productId": "69f5acbb8d645b58ce85f5cd"
    },
    {
      "codigo": "36978",
      "action": "created",
      "productId": "69f5acbc8d645b58ce85fb3b"
    },
    {
      "codigo": "36012",
      "action": "created",
      "productId": "69f5acbf8d645b58ce85fd0d"
    },
    {
      "codigo": "35771",
      "action": "created",
      "productId": "69f5acc08d645b58ce85fedf"
    },
    {
      "codigo": "35403",
      "action": "created",
      "productId": "69f5acc18d645b58ce8600b3"
    },
    {
      "codigo": "35162",
      "action": "created",
      "productId": "69f5acc18d645b58ce8600b5"
    },
    {
      "codigo": "35160",
      "action": "created",
      "productId": "69f5acc18d645b58ce860288"
    },
    {
      "codigo": "35161",
      "action": "created",
      "productId": "69f5acc28d645b58ce860627"
    },
    {
      "codigo": "34390",
      "action": "created",
      "productId": "69f5acc38d645b58ce8607fd"
    },
    {
      "codigo": "34873",
      "action": "created",
      "productId": "69f5acc38d645b58ce8607fb"
    },
    {
      "codigo": "28111",
      "action": "created",
      "productId": "69f5acc48d645b58ce8609cf"
    },
    {
      "codigo": "58109",
      "action": "created",
      "productId": "69f5acc48d645b58ce860d9c"
    },
    {
      "codigo": "58108",
      "action": "created",
      "productId": "69f5acc48d645b58ce860f86"
    },
    {
      "codigo": "32489",
      "action": "created",
      "productId": "69f5acc58d645b58ce861173"
    },
    {
      "codigo": "33616",
      "action": "created",
      "productId": "69f5acc58d645b58ce861175"
    },
    {
      "codigo": "27433",
      "action": "created",
      "productId": "69f5acc68d645b58ce86154b"
    },
    {
      "codigo": "34325",
      "action": "created",
      "productId": "69f5acc68d645b58ce86154d"
    },
    {
      "codigo": "29532",
      "action": "created",
      "productId": "69f5acc78d645b58ce861927"
    },
    {
      "codigo": "30855",
      "action": "created",
      "productId": "69f5acc78d645b58ce86192c"
    },
    {
      "codigo": "24865",
      "action": "created",
      "productId": "69f5acc98d645b58ce861d05"
    },
    {
      "codigo": "24904",
      "action": "created",
      "productId": "69f5acca8d645b58ce861ef4"
    },
    {
      "codigo": "57180",
      "action": "created",
      "productId": "69f5accb8d645b58ce8620e3"
    },
    {
      "codigo": "47720",
      "action": "created",
      "productId": "69f5accc8d645b58ce8622d4"
    },
    {
      "codigo": "50861",
      "action": "created",
      "productId": "69f5accc8d645b58ce8622d6"
    },
    {
      "codigo": "57713",
      "action": "created",
      "productId": "69f5accd8d645b58ce8626b2"
    },
    {
      "codigo": "58028",
      "action": "created",
      "productId": "69f5accd8d645b58ce8626b4"
    },
    {
      "codigo": "57712",
      "action": "created",
      "productId": "69f5accd8d645b58ce8628a5"
    },
    {
      "codigo": "55248",
      "action": "created",
      "productId": "69f5acce8d645b58ce862c80"
    },
    {
      "codigo": "57897",
      "action": "created",
      "productId": "69f5accf8d645b58ce862e74"
    },
    {
      "codigo": "57253",
      "action": "created",
      "productId": "69f5accf8d645b58ce862e72"
    },
    {
      "codigo": "57515",
      "action": "created",
      "productId": "69f5acd18d645b58ce863250"
    },
    {
      "codigo": "56400",
      "action": "created",
      "productId": "69f5acd38d645b58ce863441"
    },
    {
      "codigo": "52916",
      "action": "created",
      "productId": "69f5acd38d645b58ce863445"
    },
    {
      "codigo": "54267",
      "action": "created",
      "productId": "69f5acd48d645b58ce863822"
    },
    {
      "codigo": "52788",
      "action": "created",
      "productId": "69f5acd48d645b58ce863824"
    },
    {
      "codigo": "52229",
      "action": "created",
      "productId": "69f5acd48d645b58ce863c02"
    },
    {
      "codigo": "47893",
      "action": "created",
      "productId": "69f5acd58d645b58ce863c04"
    },
    {
      "codigo": "50994",
      "action": "created",
      "productId": "69f5acd68d645b58ce863fe0"
    },
    {
      "codigo": "50992",
      "action": "created",
      "productId": "69f5acd88d645b58ce8641d2"
    },
    {
      "codigo": "50234",
      "action": "created",
      "productId": "69f5acd88d645b58ce8641d4"
    },
    {
      "codigo": "50860",
      "action": "created",
      "productId": "69f5acda8d645b58ce8641d9"
    },
    {
      "codigo": "50104",
      "action": "created",
      "productId": "69f5acdc8d645b58ce8647a0"
    },
    {
      "codigo": "48620",
      "action": "created",
      "productId": "69f5acdd8d645b58ce864990"
    },
    {
      "codigo": "48787",
      "action": "created",
      "productId": "69f5acdd8d645b58ce864b80"
    },
    {
      "codigo": "48786",
      "action": "created",
      "productId": "69f5acdd8d645b58ce864b86"
    },
    {
      "codigo": "48934",
      "action": "created",
      "productId": "69f5acdd8d645b58ce864b89"
    },
    {
      "codigo": "49807",
      "action": "created",
      "productId": "69f5acdd8d645b58ce864d78"
    },
    {
      "codigo": "48575",
      "action": "created",
      "productId": "69f5acde8d645b58ce864f69"
    },
    {
      "codigo": "47982",
      "action": "created",
      "productId": "69f5ace28d645b58ce865532"
    },
    {
      "codigo": "47721",
      "action": "created",
      "productId": "69f5ace28d645b58ce865534"
    },
    {
      "codigo": "47432",
      "action": "created",
      "productId": "69f5ace38d645b58ce865910"
    },
    {
      "codigo": "47431",
      "action": "created",
      "productId": "69f5ace38d645b58ce865b01"
    },
    {
      "codigo": "47550",
      "action": "created",
      "productId": "69f5ace38d645b58ce865b05"
    },
    {
      "codigo": "42013",
      "action": "created",
      "productId": "69f5ace48d645b58ce865ee0"
    },
    {
      "codigo": "45819",
      "action": "created",
      "productId": "69f5ace48d645b58ce8660d0"
    },
    {
      "codigo": "46644",
      "action": "created",
      "productId": "69f5ace58d645b58ce8662c0"
    },
    {
      "codigo": "45853",
      "action": "created",
      "productId": "69f5ace58d645b58ce8664b0"
    },
    {
      "codigo": "44840",
      "action": "created",
      "productId": "69f5ace68d645b58ce8666a0"
    },
    {
      "codigo": "44005",
      "action": "created",
      "productId": "69f5ace78d645b58ce866890"
    },
    {
      "codigo": "26126",
      "action": "created",
      "productId": "69f5ace88d645b58ce866a80"
    },
    {
      "codigo": "22215",
      "action": "created",
      "productId": "69f5ace88d645b58ce866c70"
    },
    {
      "codigo": "43712",
      "action": "created",
      "productId": "69f5ace98d645b58ce866e60"
    },
    {
      "codigo": "20143",
      "action": "created",
      "productId": "69f5ace98d645b58ce867050"
    },
    {
      "codigo": "43715",
      "action": "created",
      "productId": "69f5acea8d645b58ce867242"
    },
    {
      "codigo": "20144",
      "action": "created",
      "productId": "69f5acea8d645b58ce867244"
    },
    {
      "codigo": "43714",
      "action": "created",
      "productId": "69f5acea8d645b58ce867620"
    },
    {
      "codigo": "43710",
      "action": "created",
      "productId": "69f5aceb8d645b58ce867810"
    },
    {
      "codigo": "43709",
      "action": "created",
      "productId": "69f5acec8d645b58ce867a00"
    },
    {
      "codigo": "43628",
      "action": "created",
      "productId": "69f5acee8d645b58ce867bf0"
    },
    {
      "codigo": "43532",
      "action": "created",
      "productId": "69f5acee8d645b58ce867de0"
    },
    {
      "codigo": "43377",
      "action": "created",
      "productId": "69f5acef8d645b58ce867fd0"
    },
    {
      "codigo": "43375",
      "action": "created",
      "productId": "69f5acef8d645b58ce8681c0"
    },
    {
      "codigo": "43282",
      "action": "created",
      "productId": "69f5acf08d645b58ce8683b1"
    },
    {
      "codigo": "43477",
      "action": "created",
      "productId": "69f5acf08d645b58ce8683b4"
    },
    {
      "codigo": "43283",
      "action": "created",
      "productId": "69f5acf08d645b58ce868790"
    },
    {
      "codigo": "43281",
      "action": "created",
      "productId": "69f5acf08d645b58ce868980"
    },
    {
      "codigo": "42230",
      "action": "created",
      "productId": "69f5acf18d645b58ce868b72"
    },
    {
      "codigo": "42051",
      "action": "created",
      "productId": "69f5acf18d645b58ce868b74"
    },
    {
      "codigo": "42053",
      "action": "created",
      "productId": "69f5acf28d645b58ce868f51"
    },
    {
      "codigo": "35390",
      "action": "created",
      "productId": "69f5acf28d645b58ce869141"
    },
    {
      "codigo": "41981",
      "action": "created",
      "productId": "69f5acf38d645b58ce869331"
    },
    {
      "codigo": "41980",
      "action": "created",
      "productId": "69f5acf48d645b58ce869521"
    },
    {
      "codigo": "41979",
      "action": "created",
      "productId": "69f5acf58d645b58ce869711"
    },
    {
      "codigo": "41344",
      "action": "created",
      "productId": "69f5acf68d645b58ce869901"
    },
    {
      "codigo": "39215",
      "action": "created",
      "productId": "69f5acf78d645b58ce869af1"
    },
    {
      "codigo": "39646",
      "action": "created",
      "productId": "69f5acf78d645b58ce869ce1"
    },
    {
      "codigo": "40217",
      "action": "created",
      "productId": "69f5acf78d645b58ce869ed1"
    },
    {
      "codigo": "32327",
      "action": "created",
      "productId": "69f5acf88d645b58ce86a0c1"
    },
    {
      "codigo": "39680",
      "action": "created",
      "productId": "69f5acf88d645b58ce86a2b1"
    },
    {
      "codigo": "38744",
      "action": "created",
      "productId": "69f5acf98d645b58ce86a4a1"
    },
    {
      "codigo": "38537",
      "action": "created",
      "productId": "69f5acf98d645b58ce86a691"
    },
    {
      "codigo": "35700",
      "action": "created",
      "productId": "69f5acfb8d645b58ce86a882"
    },
    {
      "codigo": "35889",
      "action": "created",
      "productId": "69f5acfb8d645b58ce86a886"
    },
    {
      "codigo": "36672",
      "action": "created",
      "productId": "69f5acfb8d645b58ce86ac61"
    },
    {
      "codigo": "36670",
      "action": "created",
      "productId": "69f5acfc8d645b58ce86ae51"
    },
    {
      "codigo": "35540",
      "action": "created",
      "productId": "69f5acfd8d645b58ce86b043"
    },
    {
      "codigo": "36666",
      "action": "created",
      "productId": "69f5acfd8d645b58ce86b045"
    },
    {
      "codigo": "35539",
      "action": "created",
      "productId": "69f5acfd8d645b58ce86b236"
    },
    {
      "codigo": "27920",
      "action": "created",
      "productId": "69f5acfe8d645b58ce86b425"
    },
    {
      "codigo": "26136",
      "action": "created",
      "productId": "69f5acff8d645b58ce86b801"
    },
    {
      "codigo": "32425",
      "action": "created",
      "productId": "69f5acff8d645b58ce86b9f2"
    },
    {
      "codigo": "31028",
      "action": "created",
      "productId": "69f5acff8d645b58ce86b9f6"
    },
    {
      "codigo": "31047",
      "action": "created",
      "productId": "69f5ad008d645b58ce86bdd1"
    },
    {
      "codigo": "31716",
      "action": "created",
      "productId": "69f5ad028d645b58ce86bfc1"
    },
    {
      "codigo": "31050",
      "action": "created",
      "productId": "69f5ad038d645b58ce86c1b5"
    },
    {
      "codigo": "32200",
      "action": "created",
      "productId": "69f5ad038d645b58ce86c1b7"
    },
    {
      "codigo": "31683",
      "action": "created",
      "productId": "69f5ad038d645b58ce86c1b9"
    },
    {
      "codigo": "31029",
      "action": "created",
      "productId": "69f5ad048d645b58ce86c781"
    },
    {
      "codigo": "27919",
      "action": "created",
      "productId": "69f5ad048d645b58ce86c971"
    },
    {
      "codigo": "26128",
      "action": "created",
      "productId": "69f5ad048d645b58ce86cb63"
    },
    {
      "codigo": "26127",
      "action": "created",
      "productId": "69f5ad048d645b58ce86cb65"
    },
    {
      "codigo": "26944",
      "action": "created",
      "productId": "69f5ad068d645b58ce86cf41"
    },
    {
      "codigo": "31682",
      "action": "created",
      "productId": "69f5ad078d645b58ce86d132"
    },
    {
      "codigo": "24390",
      "action": "created",
      "productId": "69f5ad088d645b58ce86d322"
    },
    {
      "codigo": "17950",
      "action": "created",
      "productId": "69f5ad098d645b58ce86d512"
    },
    {
      "codigo": "28319",
      "action": "created",
      "productId": "69f5ad098d645b58ce86d702"
    },
    {
      "codigo": "26134",
      "action": "created",
      "productId": "69f5ad0a8d645b58ce86d8f2"
    },
    {
      "codigo": "27865",
      "action": "created",
      "productId": "69f5ad0a8d645b58ce86dae4"
    },
    {
      "codigo": "26135",
      "action": "created",
      "productId": "69f5ad0b8d645b58ce86dae6"
    },
    {
      "codigo": "22953",
      "action": "created",
      "productId": "69f5ad0b8d645b58ce86dec2"
    },
    {
      "codigo": "22212",
      "action": "created",
      "productId": "69f5ad0c8d645b58ce86e0b2"
    },
    {
      "codigo": "25337",
      "action": "created",
      "productId": "69f5ad0c8d645b58ce86e2a2"
    },
    {
      "codigo": "32272",
      "action": "created",
      "productId": "69f5ad0d8d645b58ce86e492"
    },
    {
      "codigo": "32843",
      "action": "created",
      "productId": "69f5ad0e8d645b58ce86e682"
    },
    {
      "codigo": "33056",
      "action": "created",
      "productId": "69f5ad0f8d645b58ce86e876"
    },
    {
      "codigo": "33064",
      "action": "created",
      "productId": "69f5ad0f8d645b58ce86e874"
    },
    {
      "codigo": "36484",
      "action": "created",
      "productId": "69f5ad108d645b58ce86ec54"
    },
    {
      "codigo": "36591",
      "action": "created",
      "productId": "69f5ad108d645b58ce86ec56"
    },
    {
      "codigo": "33517",
      "action": "created",
      "productId": "69f5ad108d645b58ce86ee46"
    },
    {
      "codigo": "36602",
      "action": "created",
      "productId": "69f5ad118d645b58ce86f222"
    },
    {
      "codigo": "35727",
      "action": "created",
      "productId": "69f5ad128d645b58ce86f412"
    },
    {
      "codigo": "35541",
      "action": "created",
      "productId": "69f5ad128d645b58ce86f602"
    },
    {
      "codigo": "35944",
      "action": "created",
      "productId": "69f5ad138d645b58ce86f7f2"
    },
    {
      "codigo": "35392",
      "action": "created",
      "productId": "69f5ad158d645b58ce86f9e4"
    },
    {
      "codigo": "35391",
      "action": "created",
      "productId": "69f5ad158d645b58ce86f9e6"
    },
    {
      "codigo": "33895",
      "action": "created",
      "productId": "69f5ad168d645b58ce86fdc2"
    },
    {
      "codigo": "33959",
      "action": "created",
      "productId": "69f5ad178d645b58ce86ffb2"
    },
    {
      "codigo": "33685",
      "action": "created",
      "productId": "69f5ad178d645b58ce8701a2"
    },
    {
      "codigo": "33442",
      "action": "created",
      "productId": "69f5ad188d645b58ce870393"
    },
    {
      "codigo": "33424",
      "action": "created",
      "productId": "69f5ad188d645b58ce870397"
    },
    {
      "codigo": "33176",
      "action": "created",
      "productId": "69f5ad188d645b58ce870772"
    },
    {
      "codigo": "31869",
      "action": "created",
      "productId": "69f5ad188d645b58ce870962"
    },
    {
      "codigo": "31706",
      "action": "created",
      "productId": "69f5ad198d645b58ce870b52"
    },
    {
      "codigo": "26945",
      "action": "created",
      "productId": "69f5ad198d645b58ce870b57"
    },
    {
      "codigo": "31027",
      "action": "created",
      "productId": "69f5ad1c8d645b58ce870f33"
    },
    {
      "codigo": "29472",
      "action": "created",
      "productId": "69f5ad1c8d645b58ce870f37"
    },
    {
      "codigo": "29471",
      "action": "created",
      "productId": "69f5ad1c8d645b58ce871312"
    },
    {
      "codigo": "29176",
      "action": "created",
      "productId": "69f5ad1d8d645b58ce871502"
    },
    {
      "codigo": "22952",
      "action": "created",
      "productId": "69f5ad1d8d645b58ce8716f2"
    },
    {
      "codigo": "24391",
      "action": "created",
      "productId": "69f5ad1e8d645b58ce8718e4"
    },
    {
      "codigo": "26934",
      "action": "created",
      "productId": "69f5ad1e8d645b58ce8718e6"
    },
    {
      "codigo": "57706",
      "action": "created",
      "productId": "69f5ad1e8d645b58ce871ad8"
    },
    {
      "codigo": "27461",
      "action": "created",
      "productId": "69f5ad1e8d645b58ce871ccf"
    },
    {
      "codigo": "26125",
      "action": "created",
      "productId": "69f5ad1e8d645b58ce871eda"
    },
    {
      "codigo": "25210",
      "action": "created",
      "productId": "69f5ad1f8d645b58ce8720e0"
    },
    {
      "codigo": "23349",
      "action": "created",
      "productId": "69f5ad208d645b58ce8722e6"
    },
    {
      "codigo": "57485",
      "action": "created",
      "productId": "69f5ad218d645b58ce8722f3"
    },
    {
      "codigo": "22211",
      "action": "created",
      "productId": "69f5ad218d645b58ce872300"
    },
    {
      "codigo": "22214",
      "action": "created",
      "productId": "69f5ad228d645b58ce87230d"
    },
    {
      "codigo": "57489",
      "action": "created",
      "productId": "69f5ad228d645b58ce87231a"
    },
    {
      "codigo": "22209",
      "action": "created",
      "productId": "69f5ad238d645b58ce872329"
    },
    {
      "codigo": "21792",
      "action": "created",
      "productId": "69f5ad238d645b58ce87232b"
    },
    {
      "codigo": "57487",
      "action": "created",
      "productId": "69f5ad238d645b58ce872332"
    },
    {
      "codigo": "49312",
      "action": "created",
      "productId": "69f5ad238d645b58ce872334"
    },
    {
      "codigo": "57460",
      "action": "created",
      "productId": "69f5ad248d645b58ce872746"
    },
    {
      "codigo": "52539",
      "action": "created",
      "productId": "69f5ad248d645b58ce872748"
    },
    {
      "codigo": "56530",
      "action": "created",
      "productId": "69f5ad248d645b58ce872951"
    },
    {
      "codigo": "56250",
      "action": "created",
      "productId": "69f5ad258d645b58ce872b59"
    },
    {
      "codigo": "57457",
      "action": "created",
      "productId": "69f5ad258d645b58ce87316f"
    },
    {
      "codigo": "56658",
      "action": "created",
      "productId": "69f5ad268d645b58ce87337a"
    },
    {
      "codigo": "56669",
      "action": "created",
      "productId": "69f5ad268d645b58ce873585"
    },
    {
      "codigo": "57459",
      "action": "created",
      "productId": "69f5ad278d645b58ce873790"
    },
    {
      "codigo": "48399",
      "action": "created",
      "productId": "69f5ad278d645b58ce87399b"
    },
    {
      "codigo": "56028",
      "action": "created",
      "productId": "69f5ad288d645b58ce873baa"
    },
    {
      "codigo": "57286",
      "action": "created",
      "productId": "69f5ad298d645b58ce873db9"
    },
    {
      "codigo": "56031",
      "action": "created",
      "productId": "69f5ad298d645b58ce873fc9"
    },
    {
      "codigo": "54240",
      "action": "created",
      "productId": "69f5ad298d645b58ce873fcd"
    },
    {
      "codigo": "56080",
      "action": "created",
      "productId": "69f5ad2a8d645b58ce8743e6"
    },
    {
      "codigo": "57006",
      "action": "created",
      "productId": "69f5ad2a8d645b58ce8743f4"
    },
    {
      "codigo": "55526",
      "action": "created",
      "productId": "69f5ad2b8d645b58ce874603"
    },
    {
      "codigo": "55915",
      "action": "created",
      "productId": "69f5ad2b8d645b58ce874812"
    },
    {
      "codigo": "55417",
      "action": "created",
      "productId": "69f5ad2c8d645b58ce874a22"
    },
    {
      "codigo": "55628",
      "action": "created",
      "productId": "69f5ad2d8d645b58ce874c32"
    },
    {
      "codigo": "55419",
      "action": "created",
      "productId": "69f5ad2d8d645b58ce874e42"
    },
    {
      "codigo": "54747",
      "action": "created",
      "productId": "69f5ad2f8d645b58ce875052"
    },
    {
      "codigo": "54462",
      "action": "created",
      "productId": "69f5ad308d645b58ce875057"
    },
    {
      "codigo": "54038",
      "action": "created",
      "productId": "69f5ad308d645b58ce875472"
    },
    {
      "codigo": "54387",
      "action": "created",
      "productId": "69f5ad308d645b58ce875477"
    },
    {
      "codigo": "54705",
      "action": "created",
      "productId": "69f5ad308d645b58ce875687"
    },
    {
      "codigo": "53916",
      "action": "created",
      "productId": "69f5ad318d645b58ce875aa2"
    },
    {
      "codigo": "54010",
      "action": "created",
      "productId": "69f5ad318d645b58ce875cb2"
    },
    {
      "codigo": "54004",
      "action": "created",
      "productId": "69f5ad338d645b58ce875ec2"
    },
    {
      "codigo": "53482",
      "action": "created",
      "productId": "69f5ad338d645b58ce875ed0"
    },
    {
      "codigo": "53485",
      "action": "created",
      "productId": "69f5ad338d645b58ce8760e1"
    },
    {
      "codigo": "53479",
      "action": "created",
      "productId": "69f5ad358d645b58ce8762f2"
    },
    {
      "codigo": "53477",
      "action": "created",
      "productId": "69f5ad368d645b58ce876505"
    },
    {
      "codigo": "53478",
      "action": "created",
      "productId": "69f5ad368d645b58ce876507"
    },
    {
      "codigo": "53472",
      "action": "created",
      "productId": "69f5ad378d645b58ce876925"
    },
    {
      "codigo": "53476",
      "action": "created",
      "productId": "69f5ad378d645b58ce876b36"
    },
    {
      "codigo": "53473",
      "action": "created",
      "productId": "69f5ad378d645b58ce876d47"
    },
    {
      "codigo": "53471",
      "action": "created",
      "productId": "69f5ad388d645b58ce876f58"
    },
    {
      "codigo": "53401",
      "action": "created",
      "productId": "69f5ad398d645b58ce877169"
    },
    {
      "codigo": "53464",
      "action": "created",
      "productId": "69f5ad3a8d645b58ce87737a"
    },
    {
      "codigo": "52898",
      "action": "created",
      "productId": "69f5ad3a8d645b58ce87758b"
    },
    {
      "codigo": "52915",
      "action": "created",
      "productId": "69f5ad3b8d645b58ce87779c"
    },
    {
      "codigo": "53288",
      "action": "created",
      "productId": "69f5ad3b8d645b58ce8779ad"
    },
    {
      "codigo": "53259",
      "action": "created",
      "productId": "69f5ad3c8d645b58ce877bbe"
    },
    {
      "codigo": "53260",
      "action": "created",
      "productId": "69f5ad3c8d645b58ce877dcf"
    },
    {
      "codigo": "53258",
      "action": "created",
      "productId": "69f5ad3d8d645b58ce877de4"
    },
    {
      "codigo": "53261",
      "action": "created",
      "productId": "69f5ad3d8d645b58ce877df9"
    },
    {
      "codigo": "53003",
      "action": "created",
      "productId": "69f5ad3e8d645b58ce87800a"
    },
    {
      "codigo": "52537",
      "action": "created",
      "productId": "69f5ad3f8d645b58ce87801f"
    },
    {
      "codigo": "52533",
      "action": "created",
      "productId": "69f5ad418d645b58ce878234"
    },
    {
      "codigo": "52534",
      "action": "created",
      "productId": "69f5ad418d645b58ce878232"
    },
    {
      "codigo": "52535",
      "action": "created",
      "productId": "69f5ad418d645b58ce878446"
    },
    {
      "codigo": "52532",
      "action": "created",
      "productId": "69f5ad428d645b58ce878863"
    },
    {
      "codigo": "52531",
      "action": "created",
      "productId": "69f5ad438d645b58ce878a74"
    },
    {
      "codigo": "52469",
      "action": "created",
      "productId": "69f5ad438d645b58ce878c87"
    },
    {
      "codigo": "52527",
      "action": "created",
      "productId": "69f5ad438d645b58ce878c89"
    },
    {
      "codigo": "52063",
      "action": "created",
      "productId": "69f5ad448d645b58ce8790a7"
    },
    {
      "codigo": "52001",
      "action": "created",
      "productId": "69f5ad448d645b58ce8790cd"
    },
    {
      "codigo": "51934",
      "action": "created",
      "productId": "69f5ad448d645b58ce8790d2"
    },
    {
      "codigo": "51855",
      "action": "created",
      "productId": "69f5ad458d645b58ce8794ef"
    },
    {
      "codigo": "51854",
      "action": "created",
      "productId": "69f5ad478d645b58ce879700"
    },
    {
      "codigo": "51730",
      "action": "created",
      "productId": "69f5ad488d645b58ce879705"
    },
    {
      "codigo": "51682",
      "action": "created",
      "productId": "69f5ad488d645b58ce879b22"
    },
    {
      "codigo": "51645",
      "action": "created",
      "productId": "69f5ad498d645b58ce879d33"
    },
    {
      "codigo": "51249",
      "action": "created",
      "productId": "69f5ad498d645b58ce879f46"
    },
    {
      "codigo": "50553",
      "action": "created",
      "productId": "69f5ad498d645b58ce879f48"
    },
    {
      "codigo": "50522",
      "action": "created",
      "productId": "69f5ad4a8d645b58ce87a17b"
    },
    {
      "codigo": "50513",
      "action": "created",
      "productId": "69f5ad4a8d645b58ce87a38c"
    },
    {
      "codigo": "49795",
      "action": "created",
      "productId": "69f5ad4b8d645b58ce87a59d"
    },
    {
      "codigo": "50388",
      "action": "created",
      "productId": "69f5ad4b8d645b58ce87a7ae"
    },
    {
      "codigo": "48529",
      "action": "created",
      "productId": "69f5ad4d8d645b58ce87a9c3"
    },
    {
      "codigo": "49908",
      "action": "created",
      "productId": "69f5ad4d8d645b58ce87a9c1"
    },
    {
      "codigo": "47959",
      "action": "created",
      "productId": "69f5ad4e8d645b58ce87ade2"
    },
    {
      "codigo": "49907",
      "action": "created",
      "productId": "69f5ad4e8d645b58ce87ade7"
    },
    {
      "codigo": "49796",
      "action": "created",
      "productId": "69f5ad4e8d645b58ce87ae0d"
    },
    {
      "codigo": "47743",
      "action": "created",
      "productId": "69f5ad4e8d645b58ce87ae34"
    },
    {
      "codigo": "47655",
      "action": "created",
      "productId": "69f5ad4e8d645b58ce87ae36"
    },
    {
      "codigo": "49313",
      "action": "created",
      "productId": "69f5ad4e8d645b58ce87b275"
    },
    {
      "codigo": "47458",
      "action": "created",
      "productId": "69f5ad508d645b58ce87b486"
    },
    {
      "codigo": "47656",
      "action": "created",
      "productId": "69f5ad508d645b58ce87b697"
    },
    {
      "codigo": "44802",
      "action": "created",
      "productId": "69f5ad518d645b58ce87b8a8"
    },
    {
      "codigo": "47310",
      "action": "created",
      "productId": "69f5ad518d645b58ce87b8d0"
    },
    {
      "codigo": "47309",
      "action": "created",
      "productId": "69f5ad518d645b58ce87b8f7"
    },
    {
      "codigo": "47132",
      "action": "created",
      "productId": "69f5ad528d645b58ce87b920"
    },
    {
      "codigo": "45128",
      "action": "created",
      "productId": "69f5ad528d645b58ce87b922"
    },
    {
      "codigo": "47136",
      "action": "created",
      "productId": "69f5ad528d645b58ce87b927"
    },
    {
      "codigo": "44448",
      "action": "created",
      "productId": "69f5ad528d645b58ce87bf51"
    },
    {
      "codigo": "44189",
      "action": "created",
      "productId": "69f5ad538d645b58ce87c162"
    },
    {
      "codigo": "45867",
      "action": "created",
      "productId": "69f5ad548d645b58ce87c374"
    },
    {
      "codigo": "43765",
      "action": "created",
      "productId": "69f5ad548d645b58ce87c379"
    },
    {
      "codigo": "43731",
      "action": "created",
      "productId": "69f5ad548d645b58ce87c37c"
    },
    {
      "codigo": "43733",
      "action": "created",
      "productId": "69f5ad558d645b58ce87c9a6"
    },
    {
      "codigo": "43662",
      "action": "created",
      "productId": "69f5ad568d645b58ce87cbb7"
    },
    {
      "codigo": "43724",
      "action": "created",
      "productId": "69f5ad568d645b58ce87cdc8"
    },
    {
      "codigo": "43726",
      "action": "created",
      "productId": "69f5ad568d645b58ce87cdcd"
    },
    {
      "codigo": "41975",
      "action": "created",
      "productId": "69f5ad568d645b58ce87cfe0"
    },
    {
      "codigo": "43727",
      "action": "created",
      "productId": "69f5ad568d645b58ce87cfe2"
    },
    {
      "codigo": "43729",
      "action": "created",
      "productId": "69f5ad568d645b58ce87d1f3"
    },
    {
      "codigo": "42929",
      "action": "created",
      "productId": "69f5ad578d645b58ce87d81d"
    },
    {
      "codigo": "43241",
      "action": "created",
      "productId": "69f5ad588d645b58ce87da2e"
    },
    {
      "codigo": "42677",
      "action": "created",
      "productId": "69f5ad598d645b58ce87da55"
    },
    {
      "codigo": "42583",
      "action": "created",
      "productId": "69f5ad598d645b58ce87da5a"
    },
    {
      "codigo": "42390",
      "action": "created",
      "productId": "69f5ad598d645b58ce87dc8e"
    },
    {
      "codigo": "42389",
      "action": "created",
      "productId": "69f5ad5a8d645b58ce87dea0"
    },
    {
      "codigo": "42387",
      "action": "created",
      "productId": "69f5ad5a8d645b58ce87dea4"
    },
    {
      "codigo": "42386",
      "action": "created",
      "productId": "69f5ad5a8d645b58ce87e2c2"
    },
    {
      "codigo": "42704",
      "action": "created",
      "productId": "69f5ad5a8d645b58ce87e2c6"
    },
    {
      "codigo": "42261",
      "action": "created",
      "productId": "69f5ad5b8d645b58ce87e6e3"
    },
    {
      "codigo": "43631",
      "action": "created",
      "productId": "69f5ad5b8d645b58ce87e8f6"
    },
    {
      "codigo": "42388",
      "action": "created",
      "productId": "69f5ad5b8d645b58ce87e8f8"
    },
    {
      "codigo": "41184",
      "action": "created",
      "productId": "69f5ad5c8d645b58ce87ed16"
    },
    {
      "codigo": "41098",
      "action": "created",
      "productId": "69f5ad5c8d645b58ce87ef27"
    },
    {
      "codigo": "40657",
      "action": "created",
      "productId": "69f5ad5c8d645b58ce87f138"
    },
    {
      "codigo": "40763",
      "action": "created",
      "productId": "69f5ad5d8d645b58ce87f349"
    },
    {
      "codigo": "40954",
      "action": "created",
      "productId": "69f5ad5d8d645b58ce87f371"
    },
    {
      "codigo": "40705",
      "action": "created",
      "productId": "69f5ad5d8d645b58ce87f582"
    },
    {
      "codigo": "40515",
      "action": "created",
      "productId": "69f5ad5d8d645b58ce87f793"
    },
    {
      "codigo": "40322",
      "action": "created",
      "productId": "69f5ad5e8d645b58ce87f9a4"
    },
    {
      "codigo": "40233",
      "action": "created",
      "productId": "69f5ad5f8d645b58ce87fbb5"
    },
    {
      "codigo": "40232",
      "action": "created",
      "productId": "69f5ad5f8d645b58ce87fbdd"
    },
    {
      "codigo": "40130",
      "action": "created",
      "productId": "69f5ad5f8d645b58ce87fdf0"
    },
    {
      "codigo": "40234",
      "action": "created",
      "productId": "69f5ad5f8d645b58ce87fdf2"
    },
    {
      "codigo": "40055",
      "action": "created",
      "productId": "69f5ad608d645b58ce880210"
    },
    {
      "codigo": "39785",
      "action": "created",
      "productId": "69f5ad608d645b58ce880421"
    },
    {
      "codigo": "40127",
      "action": "created",
      "productId": "69f5ad608d645b58ce880634"
    },
    {
      "codigo": "39784",
      "action": "created",
      "productId": "69f5ad608d645b58ce880636"
    },
    {
      "codigo": "39776",
      "action": "created",
      "productId": "69f5ad618d645b58ce88086b"
    },
    {
      "codigo": "39503",
      "action": "created",
      "productId": "69f5ad628d645b58ce880a7c"
    },
    {
      "codigo": "40231",
      "action": "created",
      "productId": "69f5ad628d645b58ce880c8d"
    },
    {
      "codigo": "39262",
      "action": "created",
      "productId": "69f5ad628d645b58ce880e9e"
    },
    {
      "codigo": "39755",
      "action": "created",
      "productId": "69f5ad638d645b58ce8810af"
    },
    {
      "codigo": "39117",
      "action": "created",
      "productId": "69f5ad638d645b58ce8812c0"
    },
    {
      "codigo": "13487",
      "action": "created",
      "productId": "69f5ad638d645b58ce8812c5"
    },
    {
      "codigo": "39318",
      "action": "created",
      "productId": "69f5ad638d645b58ce8816e2"
    },
    {
      "codigo": "38709",
      "action": "created",
      "productId": "69f5ad648d645b58ce8818f3"
    },
    {
      "codigo": "38949",
      "action": "created",
      "productId": "69f5ad648d645b58ce881b04"
    },
    {
      "codigo": "36530",
      "action": "created",
      "productId": "69f5ad658d645b58ce881d15"
    },
    {
      "codigo": "37215",
      "action": "created",
      "productId": "69f5ad658d645b58ce881d1e"
    },
    {
      "codigo": "36134",
      "action": "created",
      "productId": "69f5ad658d645b58ce881d1c"
    },
    {
      "codigo": "37044",
      "action": "created",
      "productId": "69f5ad658d645b58ce88215f"
    },
    {
      "codigo": "38330",
      "action": "created",
      "productId": "69f5ad668d645b58ce882370"
    },
    {
      "codigo": "36359",
      "action": "created",
      "productId": "69f5ad668d645b58ce882375"
    },
    {
      "codigo": "36268",
      "action": "created",
      "productId": "69f5ad668d645b58ce882794"
    },
    {
      "codigo": "36132",
      "action": "created",
      "productId": "69f5ad668d645b58ce8829a6"
    },
    {
      "codigo": "36098",
      "action": "created",
      "productId": "69f5ad678d645b58ce882bb8"
    },
    {
      "codigo": "35511",
      "action": "created",
      "productId": "69f5ad698d645b58ce882dca"
    },
    {
      "codigo": "35095",
      "action": "created",
      "productId": "69f5ad6a8d645b58ce882fdc"
    },
    {
      "codigo": "35436",
      "action": "created",
      "productId": "69f5ad6b8d645b58ce8831ee"
    },
    {
      "codigo": "19552",
      "action": "created",
      "productId": "69f5ad6b8d645b58ce883218"
    },
    {
      "codigo": "35216",
      "action": "created",
      "productId": "69f5ad6b8d645b58ce88321a"
    },
    {
      "codigo": "35145",
      "action": "created",
      "productId": "69f5ad6b8d645b58ce88342c"
    },
    {
      "codigo": "35591",
      "action": "created",
      "productId": "69f5ad6b8d645b58ce88363f"
    },
    {
      "codigo": "35069",
      "action": "created",
      "productId": "69f5ad6c8d645b58ce883a5e"
    },
    {
      "codigo": "34834",
      "action": "created",
      "productId": "69f5ad6c8d645b58ce883c70"
    },
    {
      "codigo": "15286",
      "action": "created",
      "productId": "69f5ad6c8d645b58ce883c98"
    },
    {
      "codigo": "9904",
      "action": "created",
      "productId": "69f5ad6d8d645b58ce883eaa"
    },
    {
      "codigo": "8819",
      "action": "created",
      "productId": "69f5ad6e8d645b58ce8840bc"
    },
    {
      "codigo": "8241",
      "action": "created",
      "productId": "69f5ad6f8d645b58ce8842ce"
    },
    {
      "codigo": "8434",
      "action": "created",
      "productId": "69f5ad708d645b58ce8842f8"
    },
    {
      "codigo": "9278",
      "action": "created",
      "productId": "69f5ad708d645b58ce8842fa"
    },
    {
      "codigo": "812",
      "action": "created",
      "productId": "69f5ad708d645b58ce88450d"
    },
    {
      "codigo": "8851",
      "action": "created",
      "productId": "69f5ad708d645b58ce884742"
    },
    {
      "codigo": "7887",
      "action": "created",
      "productId": "69f5ad718d645b58ce88476a"
    },
    {
      "codigo": "6240",
      "action": "created",
      "productId": "69f5ad718d645b58ce88497c"
    },
    {
      "codigo": "8803",
      "action": "created",
      "productId": "69f5ad718d645b58ce8849a4"
    },
    {
      "codigo": "8221",
      "action": "created",
      "productId": "69f5ad728d645b58ce884bb6"
    },
    {
      "codigo": "7088",
      "action": "created",
      "productId": "69f5ad738d645b58ce884dc9"
    },
    {
      "codigo": "5187",
      "action": "created",
      "productId": "69f5ad738d645b58ce884dcd"
    },
    {
      "codigo": "34696",
      "action": "created",
      "productId": "69f5ad748d645b58ce8851ec"
    },
    {
      "codigo": "34111",
      "action": "created",
      "productId": "69f5ad758d645b58ce8853fe"
    },
    {
      "codigo": "34110",
      "action": "created",
      "productId": "69f5ad758d645b58ce885610"
    },
    {
      "codigo": "3676",
      "action": "created",
      "productId": "69f5ad768d645b58ce885823"
    },
    {
      "codigo": "34112",
      "action": "created",
      "productId": "69f5ad768d645b58ce885826"
    },
    {
      "codigo": "4510",
      "action": "created",
      "productId": "69f5ad768d645b58ce885c46"
    },
    {
      "codigo": "4088",
      "action": "created",
      "productId": "69f5ad768d645b58ce885e59"
    },
    {
      "codigo": "3861",
      "action": "created",
      "productId": "69f5ad768d645b58ce885e5d"
    },
    {
      "codigo": "3491",
      "action": "created",
      "productId": "69f5ad788d645b58ce88627c"
    },
    {
      "codigo": "33763",
      "action": "created",
      "productId": "69f5ad798d645b58ce88648e"
    },
    {
      "codigo": "32275",
      "action": "created",
      "productId": "69f5ad798d645b58ce8866a0"
    },
    {
      "codigo": "31974",
      "action": "created",
      "productId": "69f5ad798d645b58ce8868b3"
    },
    {
      "codigo": "30590",
      "action": "created",
      "productId": "69f5ad798d645b58ce8868b7"
    },
    {
      "codigo": "33357",
      "action": "created",
      "productId": "69f5ad7a8d645b58ce886cd7"
    },
    {
      "codigo": "32299",
      "action": "created",
      "productId": "69f5ad7a8d645b58ce886cda"
    },
    {
      "codigo": "32932",
      "action": "created",
      "productId": "69f5ad7b8d645b58ce8870fa"
    },
    {
      "codigo": "32506",
      "action": "created",
      "productId": "69f5ad7c8d645b58ce887124"
    },
    {
      "codigo": "29197",
      "action": "created",
      "productId": "69f5ad7c8d645b58ce887126"
    },
    {
      "codigo": "3168",
      "action": "created",
      "productId": "69f5ad7c8d645b58ce88733b"
    },
    {
      "codigo": "28643",
      "action": "created",
      "productId": "69f5ad7c8d645b58ce88733d"
    },
    {
      "codigo": "29101",
      "action": "created",
      "productId": "69f5ad7d8d645b58ce88796a"
    },
    {
      "codigo": "29385",
      "action": "created",
      "productId": "69f5ad7d8d645b58ce88796f"
    },
    {
      "codigo": "30428",
      "action": "created",
      "productId": "69f5ad7e8d645b58ce887d8e"
    },
    {
      "codigo": "29196",
      "action": "created",
      "productId": "69f5ad7f8d645b58ce887fa0"
    },
    {
      "codigo": "28942",
      "action": "created",
      "productId": "69f5ad808d645b58ce887fa5"
    },
    {
      "codigo": "27313",
      "action": "created",
      "productId": "69f5ad808d645b58ce8881da"
    },
    {
      "codigo": "27580",
      "action": "created",
      "productId": "69f5ad808d645b58ce8883ec"
    },
    {
      "codigo": "27779",
      "action": "created",
      "productId": "69f5ad808d645b58ce8885fe"
    },
    {
      "codigo": "28500",
      "action": "created",
      "productId": "69f5ad818d645b58ce888604"
    },
    {
      "codigo": "27346",
      "action": "created",
      "productId": "69f5ad818d645b58ce888814"
    },
    {
      "codigo": "27892",
      "action": "created",
      "productId": "69f5ad818d645b58ce888a27"
    },
    {
      "codigo": "27700",
      "action": "created",
      "productId": "69f5ad828d645b58ce888e46"
    },
    {
      "codigo": "26269",
      "action": "created",
      "productId": "69f5ad838d645b58ce889058"
    },
    {
      "codigo": "26265",
      "action": "created",
      "productId": "69f5ad838d645b58ce88926a"
    },
    {
      "codigo": "25829",
      "action": "created",
      "productId": "69f5ad848d645b58ce88947c"
    },
    {
      "codigo": "26754",
      "action": "created",
      "productId": "69f5ad848d645b58ce88968e"
    },
    {
      "codigo": "25767",
      "action": "created",
      "productId": "69f5ad858d645b58ce8898a0"
    },
    {
      "codigo": "27189",
      "action": "created",
      "productId": "69f5ad858d645b58ce889ab2"
    },
    {
      "codigo": "26955",
      "action": "created",
      "productId": "69f5ad858d645b58ce889cc4"
    },
    {
      "codigo": "25766",
      "action": "created",
      "productId": "69f5ad868d645b58ce889cc9"
    },
    {
      "codigo": "2580",
      "action": "created",
      "productId": "69f5ad868d645b58ce88a0e8"
    },
    {
      "codigo": "25322",
      "action": "created",
      "productId": "69f5ad878d645b58ce88a2fa"
    },
    {
      "codigo": "26264",
      "action": "created",
      "productId": "69f5ad888d645b58ce88a50c"
    },
    {
      "codigo": "25273",
      "action": "created",
      "productId": "69f5ad888d645b58ce88a71e"
    },
    {
      "codigo": "25190",
      "action": "created",
      "productId": "69f5ad8a8d645b58ce88a930"
    },
    {
      "codigo": "25298",
      "action": "created",
      "productId": "69f5ad8a8d645b58ce88a935"
    },
    {
      "codigo": "25075",
      "action": "created",
      "productId": "69f5ad8a8d645b58ce88ad54"
    },
    {
      "codigo": "25074",
      "action": "created",
      "productId": "69f5ad8b8d645b58ce88af67"
    },
    {
      "codigo": "24118",
      "action": "created",
      "productId": "69f5ad8b8d645b58ce88af6a"
    },
    {
      "codigo": "24470",
      "action": "created",
      "productId": "69f5ad8b8d645b58ce88b38a"
    },
    {
      "codigo": "23667",
      "action": "created",
      "productId": "69f5ad8b8d645b58ce88b59c"
    },
    {
      "codigo": "24701",
      "action": "created",
      "productId": "69f5ad8b8d645b58ce88b5a3"
    },
    {
      "codigo": "24833",
      "action": "created",
      "productId": "69f5ad8c8d645b58ce88b7b2"
    },
    {
      "codigo": "23295",
      "action": "skipped",
      "reason": "missing_price_usd"
    },
    {
      "codigo": "23274",
      "action": "skipped",
      "reason": "missing_price_usd"
    },
    {
      "codigo": "23233",
      "action": "skipped",
      "reason": "missing_price_usd"
    },
    {
      "codigo": "23143",
      "action": "skipped",
      "reason": "missing_price_usd"
    },
    {
      "codigo": "23100",
      "action": "skipped",
      "reason": "missing_price_usd"
    },
    {
      "codigo": "22809",
      "action": "skipped",
      "reason": "missing_price_usd"
    },
    {
      "codigo": "22651",
      "action": "skipped",
      "reason": "missing_price_usd"
    },
    {
      "codigo": "22648",
      "action": "skipped",
      "reason": "missing_price_usd"
    },
    {
      "codigo": "22633",
      "action": "skipped",
      "reason": "missing_price_usd"
    },
    {
      "codigo": "22534",
      "action": "skipped",
      "reason": "missing_price_usd"
    },
    {
      "codigo": "21441",
      "action": "skipped",
      "reason": "missing_price_usd"
    },
    {
      "codigo": "2134",
      "action": "skipped",
      "reason": "missing_price_usd"
    },
    {
      "codigo": "24571",
      "action": "created",
      "productId": "69f5ad8c8d645b58ce88b9c5"
    },
    {
      "codigo": "23604",
      "action": "created",
      "productId": "69f5ad8d8d645b58ce88bde4"
    },
    {
      "codigo": "23508",
      "action": "created",
      "productId": "69f5ad8e8d645b58ce88be0c"
    },
    {
      "codigo": "23602",
      "action": "created",
      "productId": "69f5ad8f8d645b58ce88c021"
    },
    {
      "codigo": "23603",
      "action": "created",
      "productId": "69f5ad8f8d645b58ce88c023"
    },
    {
      "codigo": "21060",
      "action": "created",
      "productId": "69f5ad8f8d645b58ce88c027"
    },
    {
      "codigo": "23600",
      "action": "created",
      "productId": "69f5ad8f8d645b58ce88c654"
    },
    {
      "codigo": "23599",
      "action": "created",
      "productId": "69f5ad8f8d645b58ce88c659"
    },
    {
      "codigo": "23627",
      "action": "created",
      "productId": "69f5ad908d645b58ce88ca78"
    },
    {
      "codigo": "1981",
      "action": "skipped",
      "reason": "missing_price_usd"
    },
    {
      "codigo": "23601",
      "action": "created",
      "productId": "69f5ad918d645b58ce88cc8c"
    },
    {
      "codigo": "20834",
      "action": "created",
      "productId": "69f5ad918d645b58ce88cc8e"
    },
    {
      "codigo": "20832",
      "action": "created",
      "productId": "69f5ad928d645b58ce88d0ae"
    },
    {
      "codigo": "20977",
      "action": "created",
      "productId": "69f5ad928d645b58ce88d0d6"
    },
    {
      "codigo": "20271",
      "action": "created",
      "productId": "69f5ad938d645b58ce88d2e8"
    },
    {
      "codigo": "20749",
      "action": "created",
      "productId": "69f5ad948d645b58ce88d2ed"
    },
    {
      "codigo": "2040",
      "action": "created",
      "productId": "69f5ad958d645b58ce88d2f1"
    },
    {
      "codigo": "20632",
      "action": "created",
      "productId": "69f5ad968d645b58ce88d2f5"
    },
    {
      "codigo": "19741",
      "action": "created",
      "productId": "69f5ad978d645b58ce88d52c"
    },
    {
      "codigo": "19743",
      "action": "created",
      "productId": "69f5ad978d645b58ce88d52e"
    },
    {
      "codigo": "19694",
      "action": "created",
      "productId": "69f5ad978d645b58ce88d57b"
    },
    {
      "codigo": "2021",
      "action": "created",
      "productId": "69f5ad978d645b58ce88d78c"
    },
    {
      "codigo": "19701",
      "action": "created",
      "productId": "69f5ad998d645b58ce88ddba"
    },
    {
      "codigo": "19556",
      "action": "created",
      "productId": "69f5ad9a8d645b58ce88dfcc"
    },
    {
      "codigo": "19555",
      "action": "created",
      "productId": "69f5ad9a8d645b58ce88e1de"
    },
    {
      "codigo": "18814",
      "action": "created",
      "productId": "69f5ad9b8d645b58ce88e3f0"
    },
    {
      "codigo": "19088",
      "action": "created",
      "productId": "69f5ad9b8d645b58ce88e3f5"
    },
    {
      "codigo": "19554",
      "action": "created",
      "productId": "69f5ad9b8d645b58ce88e62a"
    },
    {
      "codigo": "19087",
      "action": "created",
      "productId": "69f5ad9b8d645b58ce88e83c"
    },
    {
      "codigo": "19553",
      "action": "created",
      "productId": "69f5ad9c8d645b58ce88e864"
    },
    {
      "codigo": "19089",
      "action": "created",
      "productId": "69f5ad9c8d645b58ce88ea76"
    },
    {
      "codigo": "17732",
      "action": "created",
      "productId": "69f5ad9d8d645b58ce88ec88"
    },
    {
      "codigo": "17594",
      "action": "created",
      "productId": "69f5ad9e8d645b58ce88ee9a"
    },
    {
      "codigo": "18168",
      "action": "created",
      "productId": "69f5ad9e8d645b58ce88f0ac"
    },
    {
      "codigo": "18119",
      "action": "created",
      "productId": "69f5ad9f8d645b58ce88f2be"
    },
    {
      "codigo": "13416",
      "action": "skipped",
      "reason": "missing_price_usd"
    },
    {
      "codigo": "16225",
      "action": "created",
      "productId": "69f5ad9f8d645b58ce88f2e6"
    },
    {
      "codigo": "1809",
      "action": "created",
      "productId": "69f5ada08d645b58ce88f30e"
    },
    {
      "codigo": "1731",
      "action": "created",
      "productId": "69f5ada08d645b58ce88f520"
    },
    {
      "codigo": "15946",
      "action": "created",
      "productId": "69f5ada08d645b58ce88f732"
    },
    {
      "codigo": "15358",
      "action": "created",
      "productId": "69f5ada18d645b58ce88f75a"
    },
    {
      "codigo": "1681",
      "action": "created",
      "productId": "69f5ada18d645b58ce88f782"
    },
    {
      "codigo": "1660",
      "action": "created",
      "productId": "69f5ada28d645b58ce88f9a8"
    },
    {
      "codigo": "11580",
      "action": "created",
      "productId": "69f5ada28d645b58ce88fbd1"
    },
    {
      "codigo": "1593",
      "action": "created",
      "productId": "69f5ada38d645b58ce88fdfa"
    },
    {
      "codigo": "13235",
      "action": "created",
      "productId": "69f5ada38d645b58ce890023"
    },
    {
      "codigo": "14829",
      "action": "created",
      "productId": "69f5ada48d645b58ce89024d"
    },
    {
      "codigo": "10829",
      "action": "created",
      "productId": "69f5ada48d645b58ce890252"
    },
    {
      "codigo": "11394",
      "action": "created",
      "productId": "69f5ada48d645b58ce8906a2"
    },
    {
      "codigo": "10320",
      "action": "created",
      "productId": "69f5ada58d645b58ce8908cd"
    },
    {
      "codigo": "11426",
      "action": "created",
      "productId": "69f5ada58d645b58ce890af8"
    },
    {
      "codigo": "55665",
      "action": "created",
      "productId": "69f5ada88d645b58ce890d23"
    },
    {
      "codigo": "57793",
      "action": "created",
      "productId": "69f5ada88d645b58ce890f4e"
    },
    {
      "codigo": "58002",
      "action": "created",
      "productId": "69f5ada98d645b58ce891179"
    },
    {
      "codigo": "53676",
      "action": "created",
      "productId": "69f5ada98d645b58ce8913a4"
    },
    {
      "codigo": "52049",
      "action": "created",
      "productId": "69f5adaa8d645b58ce8915cf"
    },
    {
      "codigo": "52050",
      "action": "created",
      "productId": "69f5adaa8d645b58ce8915d4"
    },
    {
      "codigo": "51696",
      "action": "created",
      "productId": "69f5adab8d645b58ce891a26"
    },
    {
      "codigo": "51539",
      "action": "created",
      "productId": "69f5adab8d645b58ce891a2a"
    },
    {
      "codigo": "51540",
      "action": "created",
      "productId": "69f5adab8d645b58ce891c55"
    },
    {
      "codigo": "50321",
      "action": "created",
      "productId": "69f5adac8d645b58ce891c59"
    },
    {
      "codigo": "57782",
      "action": "skipped",
      "reason": "missing_price_usd"
    },
    {
      "codigo": "57166",
      "action": "created",
      "productId": "69f5adae8d645b58ce8922d3"
    },
    {
      "codigo": "55963",
      "action": "created",
      "productId": "69f5adaf8d645b58ce892501"
    },
    {
      "codigo": "50746",
      "action": "created",
      "productId": "69f5adb08d645b58ce892730"
    },
    {
      "codigo": "50415",
      "action": "created",
      "productId": "69f5adb08d645b58ce89295f"
    },
    {
      "codigo": "50083",
      "action": "created",
      "productId": "69f5adb18d645b58ce892b8e"
    },
    {
      "codigo": "50999",
      "action": "created",
      "productId": "69f5adb18d645b58ce892b93"
    },
    {
      "codigo": "51358",
      "action": "created",
      "productId": "69f5adb28d645b58ce892fee"
    },
    {
      "codigo": "57792",
      "action": "created",
      "productId": "69f5adb28d645b58ce892ff2"
    },
    {
      "codigo": "57775",
      "action": "created",
      "productId": "69f5adb28d645b58ce893221"
    },
    {
      "codigo": "57783",
      "action": "created",
      "productId": "69f5adb48d645b58ce89367d"
    },
    {
      "codigo": "57761",
      "action": "created",
      "productId": "69f5adb68d645b58ce8938ad"
    },
    {
      "codigo": "57519",
      "action": "created",
      "productId": "69f5adb68d645b58ce893adf"
    },
    {
      "codigo": "57724",
      "action": "created",
      "productId": "69f5adb68d645b58ce893ae1"
    },
    {
      "codigo": "57151",
      "action": "created",
      "productId": "69f5adb88d645b58ce893f3d"
    },
    {
      "codigo": "57517",
      "action": "created",
      "productId": "69f5adb88d645b58ce89416d"
    },
    {
      "codigo": "57518",
      "action": "created",
      "productId": "69f5adb98d645b58ce89439d"
    },
    {
      "codigo": "57049",
      "action": "created",
      "productId": "69f5adb98d645b58ce8945ce"
    },
    {
      "codigo": "57150",
      "action": "created",
      "productId": "69f5adb98d645b58ce8945d2"
    },
    {
      "codigo": "57048",
      "action": "created",
      "productId": "69f5adba8d645b58ce894a2d"
    },
    {
      "codigo": "57047",
      "action": "created",
      "productId": "69f5adbb8d645b58ce894c5d"
    },
    {
      "codigo": "57046",
      "action": "created",
      "productId": "69f5adbc8d645b58ce894e8d"
    },
    {
      "codigo": "56421",
      "action": "skipped",
      "reason": "missing_price_usd"
    },
    {
      "codigo": "57045",
      "action": "created",
      "productId": "69f5adbd8d645b58ce8950bd"
    },
    {
      "codigo": "56809",
      "action": "created",
      "productId": "69f5adbe8d645b58ce8952ed"
    },
    {
      "codigo": "57044",
      "action": "created",
      "productId": "69f5adbe8d645b58ce89551d"
    },
    {
      "codigo": "56718",
      "action": "created",
      "productId": "69f5adbf8d645b58ce89574d"
    },
    {
      "codigo": "56597",
      "action": "created",
      "productId": "69f5adc08d645b58ce89597d"
    },
    {
      "codigo": "56715",
      "action": "created",
      "productId": "69f5adc08d645b58ce895bad"
    },
    {
      "codigo": "56581",
      "action": "created",
      "productId": "69f5adc08d645b58ce895ddd"
    },
    {
      "codigo": "56542",
      "action": "created",
      "productId": "69f5adc18d645b58ce89600d"
    },
    {
      "codigo": "56540",
      "action": "created",
      "productId": "69f5adc18d645b58ce89623d"
    },
    {
      "codigo": "56420",
      "action": "created",
      "productId": "69f5adc28d645b58ce89646d"
    },
    {
      "codigo": "56419",
      "action": "created",
      "productId": "69f5adc38d645b58ce89669d"
    },
    {
      "codigo": "56417",
      "action": "created",
      "productId": "69f5adc48d645b58ce8968cd"
    },
    {
      "codigo": "56416",
      "action": "created",
      "productId": "69f5adc58d645b58ce896afd"
    },
    {
      "codigo": "56414",
      "action": "created",
      "productId": "69f5adc68d645b58ce896d2d"
    },
    {
      "codigo": "56415",
      "action": "created",
      "productId": "69f5adc78d645b58ce896f5f"
    },
    {
      "codigo": "56413",
      "action": "created",
      "productId": "69f5adc78d645b58ce896f61"
    },
    {
      "codigo": "56410",
      "action": "created",
      "productId": "69f5adc88d645b58ce8973bd"
    },
    {
      "codigo": "56407",
      "action": "created",
      "productId": "69f5adc88d645b58ce8975ed"
    },
    {
      "codigo": "56411",
      "action": "created",
      "productId": "69f5adc88d645b58ce8975f2"
    },
    {
      "codigo": "55780",
      "action": "created",
      "productId": "69f5adcb8d645b58ce897a4d"
    },
    {
      "codigo": "55825",
      "action": "created",
      "productId": "69f5adcb8d645b58ce897c7d"
    },
    {
      "codigo": "55850",
      "action": "created",
      "productId": "69f5adcb8d645b58ce897ead"
    },
    {
      "codigo": "55686",
      "action": "created",
      "productId": "69f5adcc8d645b58ce8980dd"
    },
    {
      "codigo": "51779",
      "action": "skipped",
      "reason": "missing_price_usd"
    },
    {
      "codigo": "55588",
      "action": "created",
      "productId": "69f5adcd8d645b58ce89830d"
    },
    {
      "codigo": "55476",
      "action": "created",
      "productId": "69f5adcd8d645b58ce89853d"
    },
    {
      "codigo": "55467",
      "action": "created",
      "productId": "69f5adcd8d645b58ce898542"
    },
    {
      "codigo": "55359",
      "action": "created",
      "productId": "69f5adce8d645b58ce89899d"
    },
    {
      "codigo": "55263",
      "action": "created",
      "productId": "69f5adcf8d645b58ce898bcd"
    },
    {
      "codigo": "55250",
      "action": "created",
      "productId": "69f5add18d645b58ce898dfd"
    },
    {
      "codigo": "54777",
      "action": "created",
      "productId": "69f5add18d645b58ce89902d"
    },
    {
      "codigo": "52662",
      "action": "created",
      "productId": "69f5add28d645b58ce89925d"
    },
    {
      "codigo": "54773",
      "action": "created",
      "productId": "69f5add28d645b58ce89948d"
    },
    {
      "codigo": "53811",
      "action": "created",
      "productId": "69f5add28d645b58ce8996bd"
    },
    {
      "codigo": "53701",
      "action": "created",
      "productId": "69f5add48d645b58ce8998ed"
    },
    {
      "codigo": "53682",
      "action": "created",
      "productId": "69f5add48d645b58ce8998f2"
    },
    {
      "codigo": "53672",
      "action": "created",
      "productId": "69f5add48d645b58ce899b22"
    },
    {
      "codigo": "53599",
      "action": "created",
      "productId": "69f5add58d645b58ce899f7d"
    },
    {
      "codigo": "53550",
      "action": "created",
      "productId": "69f5add68d645b58ce89a1ad"
    },
    {
      "codigo": "53402",
      "action": "created",
      "productId": "69f5add78d645b58ce89a3dd"
    },
    {
      "codigo": "53383",
      "action": "created",
      "productId": "69f5add78d645b58ce89a60d"
    },
    {
      "codigo": "53355",
      "action": "created",
      "productId": "69f5add88d645b58ce89a83d"
    },
    {
      "codigo": "53382",
      "action": "created",
      "productId": "69f5add98d645b58ce89aa6d"
    },
    {
      "codigo": "53208",
      "action": "created",
      "productId": "69f5add98d645b58ce89ac9d"
    },
    {
      "codigo": "53111",
      "action": "created",
      "productId": "69f5adda8d645b58ce89aecd"
    },
    {
      "codigo": "53112",
      "action": "created",
      "productId": "69f5adda8d645b58ce89b0fd"
    },
    {
      "codigo": "52942",
      "action": "created",
      "productId": "69f5addb8d645b58ce89b32d"
    },
    {
      "codigo": "52648",
      "action": "created",
      "productId": "69f5addb8d645b58ce89b332"
    },
    {
      "codigo": "52645",
      "action": "created",
      "productId": "69f5addd8d645b58ce89b78f"
    },
    {
      "codigo": "52230",
      "action": "skipped",
      "reason": "missing_price_usd"
    },
    {
      "codigo": "52644",
      "action": "created",
      "productId": "69f5addd8d645b58ce89b791"
    },
    {
      "codigo": "52494",
      "action": "created",
      "productId": "69f5adde8d645b58ce89bbf1"
    },
    {
      "codigo": "52642",
      "action": "created",
      "productId": "69f5adde8d645b58ce89bbef"
    },
    {
      "codigo": "52379",
      "action": "created",
      "productId": "69f5addf8d645b58ce89be21"
    },
    {
      "codigo": "52376",
      "action": "created",
      "productId": "69f5ade08d645b58ce89c27d"
    },
    {
      "codigo": "52375",
      "action": "created",
      "productId": "69f5ade18d645b58ce89c4ad"
    },
    {
      "codigo": "52267",
      "action": "created",
      "productId": "69f5ade28d645b58ce89c6dd"
    },
    {
      "codigo": "52266",
      "action": "created",
      "productId": "69f5ade28d645b58ce89c6e2"
    },
    {
      "codigo": "50324",
      "action": "created",
      "productId": "69f5ade28d645b58ce89c912"
    },
    {
      "codigo": "52045",
      "action": "created",
      "productId": "69f5ade38d645b58ce89cd6f"
    },
    {
      "codigo": "52055",
      "action": "created",
      "productId": "69f5ade38d645b58ce89cd71"
    },
    {
      "codigo": "51782",
      "action": "created",
      "productId": "69f5ade58d645b58ce89d1cd"
    },
    {
      "codigo": "51697",
      "action": "created",
      "productId": "69f5ade58d645b58ce89d3fd"
    },
    {
      "codigo": "51689",
      "action": "created",
      "productId": "69f5ade68d645b58ce89d62d"
    },
    {
      "codigo": "51778",
      "action": "created",
      "productId": "69f5ade68d645b58ce89d85d"
    },
    {
      "codigo": "51653",
      "action": "created",
      "productId": "69f5ade78d645b58ce89da8d"
    },
    {
      "codigo": "51631",
      "action": "created",
      "productId": "69f5ade78d645b58ce89dcbd"
    },
    {
      "codigo": "51357",
      "action": "created",
      "productId": "69f5ade88d645b58ce89deed"
    },
    {
      "codigo": "51144",
      "action": "created",
      "productId": "69f5ade98d645b58ce89e11d"
    },
    {
      "codigo": "51165",
      "action": "created",
      "productId": "69f5ade98d645b58ce89e34d"
    },
    {
      "codigo": "51112",
      "action": "created",
      "productId": "69f5adea8d645b58ce89e57d"
    },
    {
      "codigo": "51111",
      "action": "created",
      "productId": "69f5adeb8d645b58ce89e7ad"
    },
    {
      "codigo": "50998",
      "action": "created",
      "productId": "69f5adec8d645b58ce89e9df"
    },
    {
      "codigo": "51105",
      "action": "created",
      "productId": "69f5adec8d645b58ce89e9e1"
    },
    {
      "codigo": "50750",
      "action": "created",
      "productId": "69f5aded8d645b58ce89ee3d"
    },
    {
      "codigo": "45251",
      "action": "skipped",
      "reason": "missing_price_usd"
    },
    {
      "codigo": "50885",
      "action": "created",
      "productId": "69f5aded8d645b58ce89f06d"
    },
    {
      "codigo": "50738",
      "action": "created",
      "productId": "69f5adee8d645b58ce89f29d"
    },
    {
      "codigo": "50528",
      "action": "created",
      "productId": "69f5adef8d645b58ce89f4cd"
    },
    {
      "codigo": "50503",
      "action": "created",
      "productId": "69f5adef8d645b58ce89f6fe"
    },
    {
      "codigo": "50527",
      "action": "created",
      "productId": "69f5adef8d645b58ce89f701"
    },
    {
      "codigo": "50504",
      "action": "created",
      "productId": "69f5adf08d645b58ce89fb5d"
    },
    {
      "codigo": "47921",
      "action": "created",
      "productId": "69f5adf18d645b58ce89fd8d"
    },
    {
      "codigo": "47029",
      "action": "created",
      "productId": "69f5adf28d645b58ce89ffbe"
    },
    {
      "codigo": "47228",
      "action": "created",
      "productId": "69f5adf28d645b58ce89ffc2"
    },
    {
      "codigo": "45205",
      "action": "created",
      "productId": "69f5adf38d645b58ce8a041d"
    },
    {
      "codigo": "44836",
      "action": "created",
      "productId": "69f5adf38d645b58ce8a064d"
    },
    {
      "codigo": "41392",
      "action": "created",
      "productId": "69f5adf48d645b58ce8a087f"
    },
    {
      "codigo": "42781",
      "action": "created",
      "productId": "69f5adf48d645b58ce8a0881"
    },
    {
      "codigo": "41889",
      "action": "created",
      "productId": "69f5adf58d645b58ce8a0cdd"
    },
    {
      "codigo": "41256",
      "action": "created",
      "productId": "69f5adf68d645b58ce8a0f0d"
    },
    {
      "codigo": "41153",
      "action": "created",
      "productId": "69f5adf68d645b58ce8a113d"
    },
    {
      "codigo": "41151",
      "action": "created",
      "productId": "69f5adf78d645b58ce8a136e"
    },
    {
      "codigo": "41152",
      "action": "created",
      "productId": "69f5adf78d645b58ce8a159d"
    },
    {
      "codigo": "41150",
      "action": "created",
      "productId": "69f5adf88d645b58ce8a17cd"
    },
    {
      "codigo": "41149",
      "action": "created",
      "productId": "69f5adf98d645b58ce8a19fd"
    },
    {
      "codigo": "41148",
      "action": "created",
      "productId": "69f5adf98d645b58ce8a1c2d"
    },
    {
      "codigo": "58142",
      "action": "created",
      "productId": "69f5adfa8d645b58ce8a1e5e"
    },
    {
      "codigo": "41146",
      "action": "created",
      "productId": "69f5adfa8d645b58ce8a209a"
    },
    {
      "codigo": "41147",
      "action": "created",
      "productId": "69f5adfa8d645b58ce8a209c"
    },
    {
      "codigo": "35780",
      "action": "created",
      "productId": "69f5adfb8d645b58ce8a250c"
    },
    {
      "codigo": "55165",
      "action": "skipped",
      "reason": "missing_price_usd"
    },
    {
      "codigo": "41110",
      "action": "created",
      "productId": "69f5adfb8d645b58ce8a2747"
    },
    {
      "codigo": "40354",
      "action": "created",
      "productId": "69f5adfc8d645b58ce8a2982"
    },
    {
      "codigo": "37377",
      "action": "created",
      "productId": "69f5adfc8d645b58ce8a2bbe"
    },
    {
      "codigo": "57390",
      "action": "created",
      "productId": "69f5adfc8d645b58ce8a2dfa"
    },
    {
      "codigo": "40092",
      "action": "created",
      "productId": "69f5adfc8d645b58ce8a3036"
    },
    {
      "codigo": "57389",
      "action": "created",
      "productId": "69f5adfd8d645b58ce8a3272"
    },
    {
      "codigo": "17875",
      "action": "created",
      "productId": "69f5adfe8d645b58ce8a34ae"
    },
    {
      "codigo": "53080",
      "action": "created",
      "productId": "69f5adfe8d645b58ce8a36ea"
    },
    {
      "codigo": "30207",
      "action": "created",
      "productId": "69f5adff8d645b58ce8a3928"
    },
    {
      "codigo": "45195",
      "action": "created",
      "productId": "69f5adff8d645b58ce8a392a"
    },
    {
      "codigo": "40185",
      "action": "created",
      "productId": "69f5adff8d645b58ce8a3b69"
    },
    {
      "codigo": "44559",
      "action": "created",
      "productId": "69f5adff8d645b58ce8a3b6e"
    },
    {
      "codigo": "43773",
      "action": "created",
      "productId": "69f5adff8d645b58ce8a3b70"
    },
    {
      "codigo": "44286",
      "action": "created",
      "productId": "69f5ae008d645b58ce8a4220"
    },
    {
      "codigo": "44558",
      "action": "created",
      "productId": "69f5ae008d645b58ce8a4223"
    },
    {
      "codigo": "24951",
      "action": "created",
      "productId": "69f5ae008d645b58ce8a4698"
    },
    {
      "codigo": "55167",
      "action": "created",
      "productId": "69f5ae008d645b58ce8a48f9"
    },
    {
      "codigo": "42674",
      "action": "created",
      "productId": "69f5ae018d645b58ce8a4922"
    },
    {
      "codigo": "54852",
      "action": "created",
      "productId": "69f5ae018d645b58ce8a494d"
    },
    {
      "codigo": "27774",
      "action": "created",
      "productId": "69f5ae028d645b58ce8a497a"
    },
    {
      "codigo": "26976",
      "action": "created",
      "productId": "69f5ae028d645b58ce8a49a8"
    },
    {
      "codigo": "21347",
      "action": "created",
      "productId": "69f5ae028d645b58ce8a49d6"
    },
    {
      "codigo": "56135",
      "action": "skipped",
      "reason": "missing_price_usd"
    },
    {
      "codigo": "20438",
      "action": "created",
      "productId": "69f5ae038d645b58ce8a49db"
    },
    {
      "codigo": "25104",
      "action": "created",
      "productId": "69f5ae048d645b58ce8a4a33"
    },
    {
      "codigo": "56124",
      "action": "created",
      "productId": "69f5ae058d645b58ce8a4a64"
    },
    {
      "codigo": "56122",
      "action": "created",
      "productId": "69f5ae058d645b58ce8a4a66"
    },
    {
      "codigo": "56126",
      "action": "created",
      "productId": "69f5ae068d645b58ce8a4ac1"
    },
    {
      "codigo": "57959",
      "action": "created",
      "productId": "69f5ae068d645b58ce8a4af1"
    },
    {
      "codigo": "50242",
      "action": "created",
      "productId": "69f5ae078d645b58ce8a4b22"
    },
    {
      "codigo": "56128",
      "action": "created",
      "productId": "69f5ae078d645b58ce8a4b25"
    },
    {
      "codigo": "57958",
      "action": "created",
      "productId": "69f5ae078d645b58ce8a4b81"
    },
    {
      "codigo": "55974",
      "action": "created",
      "productId": "69f5ae078d645b58ce8a4bb1"
    },
    {
      "codigo": "58060",
      "action": "created",
      "productId": "69f5ae0a8d645b58ce8a4be1"
    },
    {
      "codigo": "54792",
      "action": "created",
      "productId": "69f5ae0a8d645b58ce8a4c12"
    },
    {
      "codigo": "55966",
      "action": "created",
      "productId": "69f5ae0d8d645b58ce8a4c44"
    },
    {
      "codigo": "58070",
      "action": "created",
      "productId": "69f5ae0d8d645b58ce8a4c48"
    },
    {
      "codigo": "58072",
      "action": "created",
      "productId": "69f5ae0e8d645b58ce8a4ca5"
    },
    {
      "codigo": "58073",
      "action": "created",
      "productId": "69f5ae0e8d645b58ce8a4cd6"
    },
    {
      "codigo": "58074",
      "action": "created",
      "productId": "69f5ae0f8d645b58ce8a4d07"
    },
    {
      "codigo": "58071",
      "action": "created",
      "productId": "69f5ae0f8d645b58ce8a4d38"
    },
    {
      "codigo": "57552",
      "action": "created",
      "productId": "69f5ae0f8d645b58ce8a4d69"
    },
    {
      "codigo": "57083",
      "action": "created",
      "productId": "69f5ae108d645b58ce8a4d9a"
    },
    {
      "codigo": "49742",
      "action": "created",
      "productId": "69f5ae108d645b58ce8a4dcb"
    },
    {
      "codigo": "55044",
      "action": "created",
      "productId": "69f5ae118d645b58ce8a4dfd"
    },
    {
      "codigo": "57957",
      "action": "created",
      "productId": "69f5ae118d645b58ce8a4e2f"
    },
    {
      "codigo": "50338",
      "action": "created",
      "productId": "69f5ae138d645b58ce8a4e61"
    },
    {
      "codigo": "57802",
      "action": "skipped",
      "reason": "missing_price_usd"
    },
    {
      "codigo": "50022",
      "action": "created",
      "productId": "69f5ae148d645b58ce8a4e94"
    },
    {
      "codigo": "56929",
      "action": "created",
      "productId": "69f5ae148d645b58ce8a4ec5"
    },
    {
      "codigo": "55969",
      "action": "created",
      "productId": "69f5ae148d645b58ce8a4ef7"
    },
    {
      "codigo": "56930",
      "action": "created",
      "productId": "69f5ae158d645b58ce8a4f2b"
    },
    {
      "codigo": "55594",
      "action": "created",
      "productId": "69f5ae158d645b58ce8a4f2d"
    },
    {
      "codigo": "57983",
      "action": "created",
      "productId": "69f5ae178d645b58ce8a4f8d"
    },
    {
      "codigo": "57821",
      "action": "created",
      "productId": "69f5ae178d645b58ce8a4fbf"
    },
    {
      "codigo": "57982",
      "action": "created",
      "productId": "69f5ae188d645b58ce8a4ff1"
    },
    {
      "codigo": "57981",
      "action": "created",
      "productId": "69f5ae198d645b58ce8a5023"
    },
    {
      "codigo": "57800",
      "action": "created",
      "productId": "69f5ae1a8d645b58ce8a5055"
    },
    {
      "codigo": "57801",
      "action": "created",
      "productId": "69f5ae1b8d645b58ce8a5087"
    },
    {
      "codigo": "57795",
      "action": "created",
      "productId": "69f5ae1c8d645b58ce8a50ba"
    },
    {
      "codigo": "57258",
      "action": "created",
      "productId": "69f5ae1c8d645b58ce8a50be"
    },
    {
      "codigo": "57796",
      "action": "created",
      "productId": "69f5ae1c8d645b58ce8a511d"
    },
    {
      "codigo": "56922",
      "action": "created",
      "productId": "69f5ae1d8d645b58ce8a514f"
    },
    {
      "codigo": "56844",
      "action": "created",
      "productId": "69f5ae1e8d645b58ce8a5181"
    },
    {
      "codigo": "57794",
      "action": "created",
      "productId": "69f5ae1e8d645b58ce8a51b3"
    },
    {
      "codigo": "56748",
      "action": "created",
      "productId": "69f5ae1e8d645b58ce8a51e5"
    },
    {
      "codigo": "56749",
      "action": "created",
      "productId": "69f5ae1e8d645b58ce8a5217"
    },
    {
      "codigo": "56814",
      "action": "created",
      "productId": "69f5ae1f8d645b58ce8a524b"
    },
    {
      "codigo": "56793",
      "action": "created",
      "productId": "69f5ae1f8d645b58ce8a524d"
    },
    {
      "codigo": "56551",
      "action": "created",
      "productId": "69f5ae228d645b58ce8a52ad"
    },
    {
      "codigo": "56744",
      "action": "created",
      "productId": "69f5ae228d645b58ce8a52df"
    },
    {
      "codigo": "56742",
      "action": "created",
      "productId": "69f5ae228d645b58ce8a5311"
    },
    {
      "codigo": "56273",
      "action": "skipped",
      "reason": "missing_price_usd"
    },
    {
      "codigo": "56456",
      "action": "created",
      "productId": "69f5ae248d645b58ce8a5343"
    },
    {
      "codigo": "56550",
      "action": "created",
      "productId": "69f5ae248d645b58ce8a5376"
    },
    {
      "codigo": "56455",
      "action": "created",
      "productId": "69f5ae248d645b58ce8a537a"
    },
    {
      "codigo": "56438",
      "action": "created",
      "productId": "69f5ae258d645b58ce8a53dc"
    },
    {
      "codigo": "56454",
      "action": "created",
      "productId": "69f5ae258d645b58ce8a53de"
    },
    {
      "codigo": "56275",
      "action": "created",
      "productId": "69f5ae258d645b58ce8a53e2"
    },
    {
      "codigo": "56437",
      "action": "created",
      "productId": "69f5ae258d645b58ce8a5443"
    },
    {
      "codigo": "56271",
      "action": "created",
      "productId": "69f5ae258d645b58ce8a5448"
    },
    {
      "codigo": "56324",
      "action": "created",
      "productId": "69f5ae268d645b58ce8a5477"
    },
    {
      "codigo": "56137",
      "action": "created",
      "productId": "69f5ae288d645b58ce8a5505"
    },
    {
      "codigo": "56133",
      "action": "created",
      "productId": "69f5ae288d645b58ce8a5537"
    },
    {
      "codigo": "56270",
      "action": "created",
      "productId": "69f5ae298d645b58ce8a556b"
    },
    {
      "codigo": "56323",
      "action": "created",
      "productId": "69f5ae298d645b58ce8a556f"
    },
    {
      "codigo": "56138",
      "action": "created",
      "productId": "69f5ae298d645b58ce8a5572"
    },
    {
      "codigo": "56134",
      "action": "created",
      "productId": "69f5ae298d645b58ce8a55a6"
    },
    {
      "codigo": "56136",
      "action": "created",
      "productId": "69f5ae298d645b58ce8a55a8"
    },
    {
      "codigo": "56132",
      "action": "created",
      "productId": "69f5ae2a8d645b58ce8a5663"
    },
    {
      "codigo": "56131",
      "action": "created",
      "productId": "69f5ae2b8d645b58ce8a5695"
    },
    {
      "codigo": "56130",
      "action": "created",
      "productId": "69f5ae2b8d645b58ce8a56c7"
    },
    {
      "codigo": "56129",
      "action": "created",
      "productId": "69f5ae2c8d645b58ce8a56f9"
    },
    {
      "codigo": "56127",
      "action": "created",
      "productId": "69f5ae2c8d645b58ce8a572d"
    },
    {
      "codigo": "56123",
      "action": "created",
      "productId": "69f5ae2d8d645b58ce8a5732"
    },
    {
      "codigo": "56125",
      "action": "created",
      "productId": "69f5ae2d8d645b58ce8a5761"
    },
    {
      "codigo": "56119",
      "action": "created",
      "productId": "69f5ae2d8d645b58ce8a57c2"
    },
    {
      "codigo": "56120",
      "action": "created",
      "productId": "69f5ae2d8d645b58ce8a57c6"
    },
    {
      "codigo": "55970",
      "action": "skipped",
      "reason": "missing_price_usd"
    },
    {
      "codigo": "56115",
      "action": "created",
      "productId": "69f5ae2e8d645b58ce8a5825"
    },
    {
      "codigo": "56114",
      "action": "created",
      "productId": "69f5ae2f8d645b58ce8a5859"
    },
    {
      "codigo": "56113",
      "action": "created",
      "productId": "69f5ae2f8d645b58ce8a585b"
    },
    {
      "codigo": "56111",
      "action": "created",
      "productId": "69f5ae2f8d645b58ce8a58bb"
    },
    {
      "codigo": "56110",
      "action": "created",
      "productId": "69f5ae318d645b58ce8a58ed"
    },
    {
      "codigo": "56108",
      "action": "created",
      "productId": "69f5ae318d645b58ce8a591f"
    },
    {
      "codigo": "56117",
      "action": "created",
      "productId": "69f5ae318d645b58ce8a5924"
    },
    {
      "codigo": "55973",
      "action": "created",
      "productId": "69f5ae358d645b58ce8a5983"
    },
    {
      "codigo": "55967",
      "action": "created",
      "productId": "69f5ae368d645b58ce8a59b5"
    },
    {
      "codigo": "55971",
      "action": "created",
      "productId": "69f5ae368d645b58ce8a59e7"
    },
    {
      "codigo": "55616",
      "action": "created",
      "productId": "69f5ae378d645b58ce8a5a19"
    },
    {
      "codigo": "55613",
      "action": "created",
      "productId": "69f5ae388d645b58ce8a5a4b"
    },
    {
      "codigo": "55609",
      "action": "created",
      "productId": "69f5ae3c8d645b58ce8a5a7e"
    },
    {
      "codigo": "55614",
      "action": "created",
      "productId": "69f5ae3d8d645b58ce8a5a82"
    },
    {
      "codigo": "55611",
      "action": "created",
      "productId": "69f5ae3d8d645b58ce8a5ae3"
    },
    {
      "codigo": "55610",
      "action": "created",
      "productId": "69f5ae3d8d645b58ce8a5ae5"
    },
    {
      "codigo": "55612",
      "action": "created",
      "productId": "69f5ae3e8d645b58ce8a5b18"
    },
    {
      "codigo": "55608",
      "action": "created",
      "productId": "69f5ae3f8d645b58ce8a5b77"
    },
    {
      "codigo": "55606",
      "action": "created",
      "productId": "69f5ae408d645b58ce8a5ba9"
    },
    {
      "codigo": "55541",
      "action": "created",
      "productId": "69f5ae418d645b58ce8a5bdb"
    },
    {
      "codigo": "55604",
      "action": "created",
      "productId": "69f5ae418d645b58ce8a5c0d"
    },
    {
      "codigo": "55607",
      "action": "created",
      "productId": "69f5ae428d645b58ce8a5c3f"
    },
    {
      "codigo": "54796",
      "action": "created",
      "productId": "69f5ae438d645b58ce8a5c71"
    },
    {
      "codigo": "50340",
      "action": "created",
      "productId": "69f5ae448d645b58ce8a5ca4"
    },
    {
      "codigo": "47104",
      "action": "skipped",
      "reason": "missing_price_usd"
    },
    {
      "codigo": "54794",
      "action": "created",
      "productId": "69f5ae448d645b58ce8a5ca8"
    },
    {
      "codigo": "54793",
      "action": "created",
      "productId": "69f5ae458d645b58ce8a5d07"
    },
    {
      "codigo": "54934",
      "action": "created",
      "productId": "69f5ae458d645b58ce8a5d39"
    },
    {
      "codigo": "54320",
      "action": "created",
      "productId": "69f5ae468d645b58ce8a5d6b"
    },
    {
      "codigo": "54321",
      "action": "created",
      "productId": "69f5ae468d645b58ce8a5d9d"
    },
    {
      "codigo": "54319",
      "action": "created",
      "productId": "69f5ae478d645b58ce8a5dcf"
    },
    {
      "codigo": "51798",
      "action": "created",
      "productId": "69f5ae488d645b58ce8a5e01"
    },
    {
      "codigo": "54318",
      "action": "created",
      "productId": "69f5ae498d645b58ce8a5e33"
    },
    {
      "codigo": "53777",
      "action": "created",
      "productId": "69f5ae4a8d645b58ce8a5e65"
    },
    {
      "codigo": "53759",
      "action": "created",
      "productId": "69f5ae4a8d645b58ce8a5e99"
    },
    {
      "codigo": "54137",
      "action": "created",
      "productId": "69f5ae4a8d645b58ce8a5e9b"
    },
    {
      "codigo": "53758",
      "action": "created",
      "productId": "69f5ae4b8d645b58ce8a5efb"
    },
    {
      "codigo": "49072",
      "action": "created",
      "productId": "69f5ae4b8d645b58ce8a5f2d"
    },
    {
      "codigo": "52687",
      "action": "created",
      "productId": "69f5ae4d8d645b58ce8a5f61"
    },
    {
      "codigo": "53155",
      "action": "created",
      "productId": "69f5ae4d8d645b58ce8a5f63"
    },
    {
      "codigo": "49073",
      "action": "created",
      "productId": "69f5ae4d8d645b58ce8a5fc3"
    },
    {
      "codigo": "52686",
      "action": "created",
      "productId": "69f5ae4e8d645b58ce8a5ff5"
    },
    {
      "codigo": "52631",
      "action": "created",
      "productId": "69f5ae508d645b58ce8a6027"
    },
    {
      "codigo": "51699",
      "action": "created",
      "productId": "69f5ae518d645b58ce8a6030"
    },
    {
      "codigo": "51698",
      "action": "created",
      "productId": "69f5ae528d645b58ce8a6034"
    },
    {
      "codigo": "52198",
      "action": "created",
      "productId": "69f5ae518d645b58ce8a602e"
    },
    {
      "codigo": "52120",
      "action": "created",
      "productId": "69f5ae528d645b58ce8a6065"
    },
    {
      "codigo": "52121",
      "action": "created",
      "productId": "69f5ae538d645b58ce8a6121"
    },
    {
      "codigo": "52119",
      "action": "created",
      "productId": "69f5ae538d645b58ce8a6153"
    },
    {
      "codigo": "52091",
      "action": "created",
      "productId": "69f5ae558d645b58ce8a6185"
    },
    {
      "codigo": "50195",
      "action": "skipped",
      "reason": "missing_price_usd"
    },
    {
      "codigo": "44288",
      "action": "created",
      "productId": "69f5ae558d645b58ce8a61b7"
    },
    {
      "codigo": "51985",
      "action": "created",
      "productId": "69f5ae568d645b58ce8a61e9"
    },
    {
      "codigo": "52090",
      "action": "created",
      "productId": "69f5ae578d645b58ce8a621d"
    },
    {
      "codigo": "51260",
      "action": "created",
      "productId": "69f5ae578d645b58ce8a621f"
    },
    {
      "codigo": "50699",
      "action": "created",
      "productId": "69f5ae598d645b58ce8a627f"
    },
    {
      "codigo": "50694",
      "action": "created",
      "productId": "69f5ae598d645b58ce8a62b1"
    },
    {
      "codigo": "50339",
      "action": "created",
      "productId": "69f5ae598d645b58ce8a62e5"
    },
    {
      "codigo": "50692",
      "action": "created",
      "productId": "69f5ae598d645b58ce8a62e7"
    },
    {
      "codigo": "50430",
      "action": "created",
      "productId": "69f5ae5a8d645b58ce8a6347"
    },
    {
      "codigo": "49999",
      "action": "created",
      "productId": "69f5ae5b8d645b58ce8a6379"
    },
    {
      "codigo": "49744",
      "action": "created",
      "productId": "69f5ae5b8d645b58ce8a63ab"
    },
    {
      "codigo": "49745",
      "action": "created",
      "productId": "69f5ae5c8d645b58ce8a63de"
    },
    {
      "codigo": "49464",
      "action": "created",
      "productId": "69f5ae5c8d645b58ce8a63e2"
    },
    {
      "codigo": "49391",
      "action": "created",
      "productId": "69f5ae5d8d645b58ce8a6441"
    },
    {
      "codigo": "38920",
      "action": "created",
      "productId": "69f5ae5e8d645b58ce8a6474"
    },
    {
      "codigo": "45057",
      "action": "created",
      "productId": "69f5ae5e8d645b58ce8a6479"
    },
    {
      "codigo": "49374",
      "action": "created",
      "productId": "69f5ae5e8d645b58ce8a64ac"
    },
    {
      "codigo": "45058",
      "action": "created",
      "productId": "69f5ae5e8d645b58ce8a64ae"
    },
    {
      "codigo": "49373",
      "action": "created",
      "productId": "69f5ae5f8d645b58ce8a653d"
    },
    {
      "codigo": "49246",
      "action": "created",
      "productId": "69f5ae5f8d645b58ce8a653f"
    },
    {
      "codigo": "49248",
      "action": "created",
      "productId": "69f5ae608d645b58ce8a65a1"
    },
    {
      "codigo": "49143",
      "action": "created",
      "productId": "69f5ae608d645b58ce8a65a3"
    },
    {
      "codigo": "45056",
      "action": "created",
      "productId": "69f5ae618d645b58ce8a6603"
    },
    {
      "codigo": "44362",
      "action": "created",
      "productId": "69f5ae618d645b58ce8a6635"
    },
    {
      "codigo": "44361",
      "action": "created",
      "productId": "69f5ae618d645b58ce8a6667"
    },
    {
      "codigo": "47830",
      "action": "skipped",
      "reason": "missing_price_usd"
    },
    {
      "codigo": "48949",
      "action": "created",
      "productId": "69f5ae638d645b58ce8a6699"
    },
    {
      "codigo": "48950",
      "action": "created",
      "productId": "69f5ae638d645b58ce8a66cb"
    },
    {
      "codigo": "48055",
      "action": "created",
      "productId": "69f5ae648d645b58ce8a66fd"
    },
    {
      "codigo": "47967",
      "action": "created",
      "productId": "69f5ae648d645b58ce8a6731"
    },
    {
      "codigo": "48936",
      "action": "created",
      "productId": "69f5ae648d645b58ce8a6733"
    },
    {
      "codigo": "47399",
      "action": "created",
      "productId": "69f5ae648d645b58ce8a6795"
    },
    {
      "codigo": "47849",
      "action": "created",
      "productId": "69f5ae648d645b58ce8a6797"
    },
    {
      "codigo": "48021",
      "action": "created",
      "productId": "69f5ae658d645b58ce8a67f7"
    },
    {
      "codigo": "42790",
      "action": "created",
      "productId": "69f5ae668d645b58ce8a682a"
    },
    {
      "codigo": "47992",
      "action": "created",
      "productId": "69f5ae668d645b58ce8a682e"
    },
    {
      "codigo": "47927",
      "action": "created",
      "productId": "69f5ae668d645b58ce8a6860"
    },
    {
      "codigo": "46735",
      "action": "created",
      "productId": "69f5ae668d645b58ce8a68bf"
    },
    {
      "codigo": "45868",
      "action": "created",
      "productId": "69f5ae678d645b58ce8a68f3"
    },
    {
      "codigo": "46631",
      "action": "created",
      "productId": "69f5ae678d645b58ce8a68f5"
    },
    {
      "codigo": "45214",
      "action": "created",
      "productId": "69f5ae688d645b58ce8a6955"
    },
    {
      "codigo": "42788",
      "action": "created",
      "productId": "69f5ae698d645b58ce8a6987"
    },
    {
      "codigo": "44140",
      "action": "created",
      "productId": "69f5ae698d645b58ce8a698c"
    },
    {
      "codigo": "43434",
      "action": "created",
      "productId": "69f5ae698d645b58ce8a69be"
    },
    {
      "codigo": "45135",
      "action": "created",
      "productId": "69f5ae698d645b58ce8a6a1d"
    },
    {
      "codigo": "45141",
      "action": "created",
      "productId": "69f5ae6a8d645b58ce8a6a50"
    },
    {
      "codigo": "39205",
      "action": "created",
      "productId": "69f5ae6a8d645b58ce8a6a55"
    },
    {
      "codigo": "45134",
      "action": "created",
      "productId": "69f5ae6a8d645b58ce8a6a85"
    },
    {
      "codigo": "37501",
      "action": "skipped",
      "reason": "missing_price_usd"
    },
    {
      "codigo": "38918",
      "action": "created",
      "productId": "69f5ae6b8d645b58ce8a6ae5"
    },
    {
      "codigo": "38919",
      "action": "created",
      "productId": "69f5ae6b8d645b58ce8a6b17"
    },
    {
      "codigo": "39686",
      "action": "created",
      "productId": "69f5ae6c8d645b58ce8a6b49"
    },
    {
      "codigo": "41883",
      "action": "created",
      "productId": "69f5ae6c8d645b58ce8a6b7b"
    },
    {
      "codigo": "41576",
      "action": "created",
      "productId": "69f5ae6d8d645b58ce8a6bad"
    },
    {
      "codigo": "42277",
      "action": "created",
      "productId": "69f5ae6d8d645b58ce8a6be0"
    },
    {
      "codigo": "37678",
      "action": "created",
      "productId": "69f5ae6d8d645b58ce8a6c11"
    },
    {
      "codigo": "39756",
      "action": "created",
      "productId": "69f5ae6d8d645b58ce8a6c43"
    },
    {
      "codigo": "41587",
      "action": "created",
      "productId": "69f5ae6e8d645b58ce8a6c75"
    },
    {
      "codigo": "40030",
      "action": "created",
      "productId": "69f5ae6e8d645b58ce8a6ca7"
    },
    {
      "codigo": "40277",
      "action": "created",
      "productId": "69f5ae6f8d645b58ce8a6cd9"
    },
    {
      "codigo": "27678",
      "action": "created",
      "productId": "69f5ae708d645b58ce8a6d0e"
    },
    {
      "codigo": "40003",
      "action": "created",
      "productId": "69f5ae708d645b58ce8a6d12"
    },
    {
      "codigo": "39688",
      "action": "created",
      "productId": "69f5ae708d645b58ce8a6d17"
    },
    {
      "codigo": "39214",
      "action": "created",
      "productId": "69f5ae708d645b58ce8a6d47"
    },
    {
      "codigo": "39690",
      "action": "created",
      "productId": "69f5ae708d645b58ce8a6d4a"
    },
    {
      "codigo": "39436",
      "action": "created",
      "productId": "69f5ae708d645b58ce8a6dd7"
    },
    {
      "codigo": "39170",
      "action": "created",
      "productId": "69f5ae708d645b58ce8a6e37"
    },
    {
      "codigo": "39156",
      "action": "created",
      "productId": "69f5ae728d645b58ce8a6e69"
    },
    {
      "codigo": "39434",
      "action": "created",
      "productId": "69f5ae728d645b58ce8a6e9b"
    },
    {
      "codigo": "24207",
      "action": "created",
      "productId": "69f5ae738d645b58ce8a6ecd"
    },
    {
      "codigo": "35959",
      "action": "created",
      "productId": "69f5ae738d645b58ce8a6eff"
    },
    {
      "codigo": "38717",
      "action": "created",
      "productId": "69f5ae748d645b58ce8a6f31"
    },
    {
      "codigo": "39160",
      "action": "created",
      "productId": "69f5ae748d645b58ce8a6f63"
    },
    {
      "codigo": "27533",
      "action": "created",
      "productId": "69f5ae768d645b58ce8a6f95"
    },
    {
      "codigo": "31124",
      "action": "skipped",
      "reason": "missing_price_usd"
    },
    {
      "codigo": "34288",
      "action": "created",
      "productId": "69f5ae768d645b58ce8a6fc7"
    },
    {
      "codigo": "22243",
      "action": "created",
      "productId": "69f5ae768d645b58ce8a6ff9"
    },
    {
      "codigo": "34038",
      "action": "created",
      "productId": "69f5ae768d645b58ce8a702b"
    },
    {
      "codigo": "33250",
      "action": "created",
      "productId": "69f5ae778d645b58ce8a705d"
    },
    {
      "codigo": "32412",
      "action": "created",
      "productId": "69f5ae778d645b58ce8a708f"
    },
    {
      "codigo": "8699",
      "action": "created",
      "productId": "69f5ae778d645b58ce8a70c1"
    },
    {
      "codigo": "33251",
      "action": "created",
      "productId": "69f5ae798d645b58ce8a70f3"
    },
    {
      "codigo": "30078",
      "action": "created",
      "productId": "69f5ae798d645b58ce8a7126"
    },
    {
      "codigo": "29014",
      "action": "created",
      "productId": "69f5ae798d645b58ce8a7129"
    },
    {
      "codigo": "32904",
      "action": "created",
      "productId": "69f5ae7a8d645b58ce8a718b"
    },
    {
      "codigo": "30417",
      "action": "created",
      "productId": "69f5ae7a8d645b58ce8a718d"
    },
    {
      "codigo": "34037",
      "action": "created",
      "productId": "69f5ae7a8d645b58ce8a71bf"
    },
    {
      "codigo": "29964",
      "action": "created",
      "productId": "69f5ae7a8d645b58ce8a721f"
    },
    {
      "codigo": "27813",
      "action": "created",
      "productId": "69f5ae7a8d645b58ce8a7251"
    },
    {
      "codigo": "24932",
      "action": "created",
      "productId": "69f5ae7c8d645b58ce8a7284"
    },
    {
      "codigo": "24931",
      "action": "created",
      "productId": "69f5ae7d8d645b58ce8a7287"
    },
    {
      "codigo": "28496",
      "action": "created",
      "productId": "69f5ae7d8d645b58ce8a72bb"
    },
    {
      "codigo": "27917",
      "action": "created",
      "productId": "69f5ae7d8d645b58ce8a72ec"
    },
    {
      "codigo": "22245",
      "action": "created",
      "productId": "69f5ae7d8d645b58ce8a734b"
    },
    {
      "codigo": "27812",
      "action": "created",
      "productId": "69f5ae7e8d645b58ce8a737d"
    },
    {
      "codigo": "19993",
      "action": "created",
      "productId": "69f5ae7e8d645b58ce8a73af"
    },
    {
      "codigo": "22141",
      "action": "created",
      "productId": "69f5ae7f8d645b58ce8a73e1"
    },
    {
      "codigo": "25608",
      "action": "created",
      "productId": "69f5ae7f8d645b58ce8a7415"
    },
    {
      "codigo": "18483",
      "action": "created",
      "productId": "69f5ae7f8d645b58ce8a7417"
    },
    {
      "codigo": "24216",
      "action": "created",
      "productId": "69f5ae808d645b58ce8a7478"
    },
    {
      "codigo": "58137",
      "action": "skipped",
      "reason": "missing_price_usd"
    },
    {
      "codigo": "19756",
      "action": "created",
      "productId": "69f5ae808d645b58ce8a747c"
    },
    {
      "codigo": "25079",
      "action": "created",
      "productId": "69f5ae808d645b58ce8a7480"
    },
    {
      "codigo": "58138",
      "action": "created",
      "productId": "69f5ae808d645b58ce8a76bd"
    },
    {
      "codigo": "21090",
      "action": "created",
      "productId": "69f5ae828d645b58ce8a7d74"
    },
    {
      "codigo": "1416",
      "action": "created",
      "productId": "69f5ae828d645b58ce8a7d79"
    },
    {
      "codigo": "57705",
      "action": "created",
      "productId": "69f5ae838d645b58ce8a7fb9"
    },
    {
      "codigo": "17858",
      "action": "created",
      "productId": "69f5ae838d645b58ce8a81f8"
    },
    {
      "codigo": "12279",
      "action": "created",
      "productId": "69f5ae838d645b58ce8a8439"
    },
    {
      "codigo": "45358",
      "action": "created",
      "productId": "69f5ae838d645b58ce8a843e"
    },
    {
      "codigo": "10969",
      "action": "created",
      "productId": "69f5ae838d645b58ce8a8440"
    },
    {
      "codigo": "17787",
      "action": "created",
      "productId": "69f5ae848d645b58ce8a8681"
    },
    {
      "codigo": "17482",
      "action": "created",
      "productId": "69f5ae848d645b58ce8a88c1"
    },
    {
      "codigo": "57355",
      "action": "created",
      "productId": "69f5ae848d645b58ce8a8d3d"
    },
    {
      "codigo": "52547",
      "action": "created",
      "productId": "69f5ae868d645b58ce8a93f4"
    },
    {
      "codigo": "57354",
      "action": "created",
      "productId": "69f5ae878d645b58ce8a9636"
    },
    {
      "codigo": "57357",
      "action": "created",
      "productId": "69f5ae878d645b58ce8a9638"
    },
    {
      "codigo": "57365",
      "action": "created",
      "productId": "69f5ae888d645b58ce8a9ab4"
    },
    {
      "codigo": "57554",
      "action": "created",
      "productId": "69f5ae898d645b58ce8a9cf4"
    },
    {
      "codigo": "57435",
      "action": "created",
      "productId": "69f5ae898d645b58ce8a9f34"
    },
    {
      "codigo": "57356",
      "action": "created",
      "productId": "69f5ae8a8d645b58ce8aa175"
    },
    {
      "codigo": "54532",
      "action": "skipped",
      "reason": "missing_price_usd"
    },
    {
      "codigo": "57325",
      "action": "created",
      "productId": "69f5ae8a8d645b58ce8aa3b6"
    },
    {
      "codigo": "57314",
      "action": "created",
      "productId": "69f5ae8b8d645b58ce8aa5f7"
    },
    {
      "codigo": "57069",
      "action": "created",
      "productId": "69f5ae8b8d645b58ce8aa839"
    },
    {
      "codigo": "57070",
      "action": "created",
      "productId": "69f5ae8b8d645b58ce8aa83d"
    },
    {
      "codigo": "57262",
      "action": "created",
      "productId": "69f5ae8c8d645b58ce8aacbc"
    },
    {
      "codigo": "56966",
      "action": "created",
      "productId": "69f5ae8d8d645b58ce8aaefe"
    },
    {
      "codigo": "57260",
      "action": "created",
      "productId": "69f5ae8d8d645b58ce8aaf03"
    },
    {
      "codigo": "53849",
      "action": "created",
      "productId": "69f5ae8e8d645b58ce8ab382"
    },
    {
      "codigo": "54531",
      "action": "created",
      "productId": "69f5ae8f8d645b58ce8ab5c4"
    },
    {
      "codigo": "52551",
      "action": "created",
      "productId": "69f5ae8f8d645b58ce8ab806"
    },
    {
      "codigo": "52517",
      "action": "created",
      "productId": "69f5ae8f8d645b58ce8aba48"
    },
    {
      "codigo": "53768",
      "action": "created",
      "productId": "69f5ae908d645b58ce8abc8a"
    },
    {
      "codigo": "53765",
      "action": "created",
      "productId": "69f5ae908d645b58ce8abecc"
    },
    {
      "codigo": "54157",
      "action": "created",
      "productId": "69f5ae908d645b58ce8ac10e"
    },
    {
      "codigo": "53769",
      "action": "created",
      "productId": "69f5ae928d645b58ce8ac350"
    },
    {
      "codigo": "53763",
      "action": "created",
      "productId": "69f5ae938d645b58ce8ac592"
    },
    {
      "codigo": "53347",
      "action": "created",
      "productId": "69f5ae948d645b58ce8ac7d4"
    },
    {
      "codigo": "52555",
      "action": "created",
      "productId": "69f5ae958d645b58ce8aca16"
    },
    {
      "codigo": "52554",
      "action": "created",
      "productId": "69f5ae958d645b58ce8acc58"
    },
    {
      "codigo": "52552",
      "action": "created",
      "productId": "69f5ae958d645b58ce8ace9a"
    },
    {
      "codigo": "52550",
      "action": "created",
      "productId": "69f5ae968d645b58ce8ad0dd"
    },
    {
      "codigo": "52553",
      "action": "created",
      "productId": "69f5ae968d645b58ce8ad0e1"
    },
    {
      "codigo": "52528",
      "action": "skipped",
      "reason": "missing_price_usd"
    },
    {
      "codigo": "52549",
      "action": "created",
      "productId": "69f5ae978d645b58ce8ad560"
    },
    {
      "codigo": "52546",
      "action": "created",
      "productId": "69f5ae978d645b58ce8ad7a2"
    },
    {
      "codigo": "52545",
      "action": "created",
      "productId": "69f5ae988d645b58ce8ad9e4"
    },
    {
      "codigo": "52544",
      "action": "created",
      "productId": "69f5ae998d645b58ce8adc26"
    },
    {
      "codigo": "52543",
      "action": "created",
      "productId": "69f5ae9a8d645b58ce8ade68"
    },
    {
      "codigo": "52542",
      "action": "created",
      "productId": "69f5ae9a8d645b58ce8ae0aa"
    },
    {
      "codigo": "52540",
      "action": "created",
      "productId": "69f5ae9b8d645b58ce8ae2ec"
    },
    {
      "codigo": "52529",
      "action": "created",
      "productId": "69f5ae9c8d645b58ce8ae52e"
    },
    {
      "codigo": "52526",
      "action": "created",
      "productId": "69f5ae9c8d645b58ce8ae772"
    },
    {
      "codigo": "52530",
      "action": "created",
      "productId": "69f5ae9c8d645b58ce8ae774"
    },
    {
      "codigo": "52524",
      "action": "created",
      "productId": "69f5ae9d8d645b58ce8aebf4"
    },
    {
      "codigo": "52525",
      "action": "created",
      "productId": "69f5ae9d8d645b58ce8aee36"
    },
    {
      "codigo": "52523",
      "action": "created",
      "productId": "69f5ae9e8d645b58ce8af078"
    },
    {
      "codigo": "52521",
      "action": "created",
      "productId": "69f5aea08d645b58ce8af2ba"
    },
    {
      "codigo": "52522",
      "action": "created",
      "productId": "69f5aea08d645b58ce8af2bf"
    },
    {
      "codigo": "51950",
      "action": "created",
      "productId": "69f5aea08d645b58ce8af73e"
    },
    {
      "codigo": "52520",
      "action": "created",
      "productId": "69f5aea08d645b58ce8af980"
    },
    {
      "codigo": "52519",
      "action": "created",
      "productId": "69f5aea18d645b58ce8afbc2"
    },
    {
      "codigo": "52518",
      "action": "created",
      "productId": "69f5aea18d645b58ce8afe04"
    },
    {
      "codigo": "52516",
      "action": "created",
      "productId": "69f5aea28d645b58ce8b0046"
    },
    {
      "codigo": "51917",
      "action": "created",
      "productId": "69f5aea28d645b58ce8b0288"
    },
    {
      "codigo": "52499",
      "action": "created",
      "productId": "69f5aea28d645b58ce8b028d"
    },
    {
      "codigo": "49472",
      "action": "created",
      "productId": "69f5aea38d645b58ce8b070c"
    },
    {
      "codigo": "49470",
      "action": "created",
      "productId": "69f5aea38d645b58ce8b094e"
    },
    {
      "codigo": "51918",
      "action": "created",
      "productId": "69f5aea48d645b58ce8b0b90"
    },
    {
      "codigo": "43229",
      "action": "skipped",
      "reason": "missing_price_usd"
    },
    {
      "codigo": "49063",
      "action": "created",
      "productId": "69f5aea48d645b58ce8b0dd2"
    },
    {
      "codigo": "49827",
      "action": "created",
      "productId": "69f5aea68d645b58ce8b1014"
    },
    {
      "codigo": "47710",
      "action": "created",
      "productId": "69f5aea78d645b58ce8b1258"
    },
    {
      "codigo": "45488",
      "action": "created",
      "productId": "69f5aea78d645b58ce8b125a"
    },
    {
      "codigo": "47557",
      "action": "created",
      "productId": "69f5aea78d645b58ce8b16dc"
    },
    {
      "codigo": "42266",
      "action": "created",
      "productId": "69f5aea78d645b58ce8b16de"
    },
    {
      "codigo": "46337",
      "action": "created",
      "productId": "69f5aea88d645b58ce8b1b5e"
    },
    {
      "codigo": "46897",
      "action": "created",
      "productId": "69f5aea88d645b58ce8b1da0"
    },
    {
      "codigo": "44143",
      "action": "created",
      "productId": "69f5aea98d645b58ce8b1fe2"
    },
    {
      "codigo": "42262",
      "action": "created",
      "productId": "69f5aea98d645b58ce8b2224"
    },
    {
      "codigo": "43774",
      "action": "created",
      "productId": "69f5aeaa8d645b58ce8b2466"
    },
    {
      "codigo": "41132",
      "action": "created",
      "productId": "69f5aeaa8d645b58ce8b26a8"
    },
    {
      "codigo": "41131",
      "action": "created",
      "productId": "69f5aeab8d645b58ce8b28ee"
    },
    {
      "codigo": "42615",
      "action": "created",
      "productId": "69f5aeab8d645b58ce8b28ec"
    },
    {
      "codigo": "40744",
      "action": "created",
      "productId": "69f5aeab8d645b58ce8b2b30"
    },
    {
      "codigo": "38988",
      "action": "created",
      "productId": "69f5aeac8d645b58ce8b2fb0"
    },
    {
      "codigo": "28653",
      "action": "created",
      "productId": "69f5aeac8d645b58ce8b31f2"
    },
    {
      "codigo": "28065",
      "action": "created",
      "productId": "69f5aeac8d645b58ce8b31f7"
    },
    {
      "codigo": "37954",
      "action": "created",
      "productId": "69f5aead8d645b58ce8b3677"
    },
    {
      "codigo": "41537",
      "action": "created",
      "productId": "69f5aead8d645b58ce8b367b"
    },
    {
      "codigo": "37014",
      "action": "created",
      "productId": "69f5aead8d645b58ce8b3afa"
    },
    {
      "codigo": "40174",
      "action": "created",
      "productId": "69f5aeae8d645b58ce8b3d3c"
    },
    {
      "codigo": "79",
      "action": "created",
      "productId": "69f5aeaf8d645b58ce8b3f7e"
    },
    {
      "codigo": "17417",
      "action": "created",
      "productId": "69f5aeaf8d645b58ce8b41c0"
    },
    {
      "codigo": "34615",
      "action": "skipped",
      "reason": "missing_price_usd"
    },
    {
      "codigo": "35278",
      "action": "created",
      "productId": "69f5aeb08d645b58ce8b4402"
    },
    {
      "codigo": "12849",
      "action": "created",
      "productId": "69f5aeb18d645b58ce8b4644"
    },
    {
      "codigo": "9061",
      "action": "created",
      "productId": "69f5aeb18d645b58ce8b488c"
    },
    {
      "codigo": "35907",
      "action": "created",
      "productId": "69f5aeb18d645b58ce8b488a"
    },
    {
      "codigo": "28401",
      "action": "created",
      "productId": "69f5aeb18d645b58ce8b488e"
    },
    {
      "codigo": "34163",
      "action": "created",
      "productId": "69f5aeb28d645b58ce8b4f4c"
    },
    {
      "codigo": "35087",
      "action": "created",
      "productId": "69f5aeb38d645b58ce8b518e"
    },
    {
      "codigo": "34161",
      "action": "created",
      "productId": "69f5aeb38d645b58ce8b53d0"
    },
    {
      "codigo": "7559",
      "action": "created",
      "productId": "69f5aeb48d645b58ce8b5612"
    },
    {
      "codigo": "21449",
      "action": "created",
      "productId": "69f5aeb48d645b58ce8b5854"
    },
    {
      "codigo": "33969",
      "action": "created",
      "productId": "69f5aeb48d645b58ce8b5a96"
    },
    {
      "codigo": "34160",
      "action": "created",
      "productId": "69f5aeb48d645b58ce8b5cd8"
    },
    {
      "codigo": "33843",
      "action": "created",
      "productId": "69f5aeb58d645b58ce8b5f1c"
    },
    {
      "codigo": "33845",
      "action": "created",
      "productId": "69f5aeb58d645b58ce8b5f1f"
    },
    {
      "codigo": "5568",
      "action": "created",
      "productId": "69f5aeb58d645b58ce8b639e"
    },
    {
      "codigo": "3316",
      "action": "created",
      "productId": "69f5aeb68d645b58ce8b65e0"
    },
    {
      "codigo": "32242",
      "action": "created",
      "productId": "69f5aeb78d645b58ce8b6822"
    },
    {
      "codigo": "32436",
      "action": "created",
      "productId": "69f5aeb88d645b58ce8b6a64"
    },
    {
      "codigo": "31016",
      "action": "created",
      "productId": "69f5aeb98d645b58ce8b6ca7"
    },
    {
      "codigo": "28516",
      "action": "created",
      "productId": "69f5aeba8d645b58ce8b6cab"
    },
    {
      "codigo": "28397",
      "action": "created",
      "productId": "69f5aeba8d645b58ce8b6eec"
    },
    {
      "codigo": "28366",
      "action": "created",
      "productId": "69f5aeba8d645b58ce8b712f"
    },
    {
      "codigo": "30331",
      "action": "created",
      "productId": "69f5aeba8d645b58ce8b75ae"
    },
    {
      "codigo": "29109",
      "action": "created",
      "productId": "69f5aeba8d645b58ce8b75b3"
    },
    {
      "codigo": "24330",
      "action": "skipped",
      "reason": "missing_price_usd"
    },
    {
      "codigo": "2783",
      "action": "created",
      "productId": "69f5aebb8d645b58ce8b77f4"
    },
    {
      "codigo": "26014",
      "action": "created",
      "productId": "69f5aebb8d645b58ce8b7c74"
    },
    {
      "codigo": "22942",
      "action": "created",
      "productId": "69f5aebc8d645b58ce8b7eb6"
    },
    {
      "codigo": "25493",
      "action": "created",
      "productId": "69f5aebd8d645b58ce8b80f8"
    },
    {
      "codigo": "25492",
      "action": "created",
      "productId": "69f5aebd8d645b58ce8b833a"
    },
    {
      "codigo": "24519",
      "action": "created",
      "productId": "69f5aebe8d645b58ce8b857d"
    },
    {
      "codigo": "25793",
      "action": "created",
      "productId": "69f5aebe8d645b58ce8b8582"
    },
    {
      "codigo": "24517",
      "action": "created",
      "productId": "69f5aebe8d645b58ce8b8585"
    },
    {
      "codigo": "24515",
      "action": "created",
      "productId": "69f5aebf8d645b58ce8b8c42"
    },
    {
      "codigo": "22252",
      "action": "created",
      "productId": "69f5aebf8d645b58ce8b8e86"
    },
    {
      "codigo": "2594",
      "action": "created",
      "productId": "69f5aebf8d645b58ce8b8e88"
    },
    {
      "codigo": "22056",
      "action": "created",
      "productId": "69f5aec08d645b58ce8b930a"
    },
    {
      "codigo": "23974",
      "action": "created",
      "productId": "69f5aec08d645b58ce8b930c"
    },
    {
      "codigo": "21775",
      "action": "created",
      "productId": "69f5aec08d645b58ce8b978c"
    },
    {
      "codigo": "21645",
      "action": "created",
      "productId": "69f5aec18d645b58ce8b99ce"
    },
    {
      "codigo": "20515",
      "action": "created",
      "productId": "69f5aec28d645b58ce8b9c10"
    },
    {
      "codigo": "22414",
      "action": "created",
      "productId": "69f5aec28d645b58ce8b9e53"
    },
    {
      "codigo": "20514",
      "action": "created",
      "productId": "69f5aec28d645b58ce8b9e57"
    },
    {
      "codigo": "20890",
      "action": "created",
      "productId": "69f5aec38d645b58ce8ba2d7"
    },
    {
      "codigo": "19635",
      "action": "created",
      "productId": "69f5aec38d645b58ce8ba2db"
    },
    {
      "codigo": "20211",
      "action": "created",
      "productId": "69f5aec48d645b58ce8ba75a"
    },
    {
      "codigo": "18393",
      "action": "created",
      "productId": "69f5aec48d645b58ce8ba99c"
    },
    {
      "codigo": "15903",
      "action": "created",
      "productId": "69f5aec58d645b58ce8babdf"
    },
    {
      "codigo": "21300",
      "action": "created",
      "productId": "69f5aec58d645b58ce8babe3"
    },
    {
      "codigo": "13056",
      "action": "skipped",
      "reason": "missing_price_usd"
    },
    {
      "codigo": "16144",
      "action": "created",
      "productId": "69f5aec58d645b58ce8bb062"
    },
    {
      "codigo": "19352",
      "action": "created",
      "productId": "69f5aec68d645b58ce8bb2a4"
    },
    {
      "codigo": "17178",
      "action": "created",
      "productId": "69f5aec78d645b58ce8bb2dd"
    },
    {
      "codigo": "17791",
      "action": "created",
      "productId": "69f5aec78d645b58ce8bb316"
    },
    {
      "codigo": "13033",
      "action": "created",
      "productId": "69f5aec88d645b58ce8bb34f"
    },
    {
      "codigo": "1705",
      "action": "created",
      "productId": "69f5aec88d645b58ce8bb388"
    },
    {
      "codigo": "13896",
      "action": "created",
      "productId": "69f5aec88d645b58ce8bb3c1"
    },
    {
      "codigo": "14033",
      "action": "created",
      "productId": "69f5aec98d645b58ce8bb3fa"
    },
    {
      "codigo": "10361",
      "action": "created",
      "productId": "69f5aec98d645b58ce8bb433"
    },
    {
      "codigo": "13539",
      "action": "created",
      "productId": "69f5aecb8d645b58ce8bb46d"
    },
    {
      "codigo": "13231",
      "action": "created",
      "productId": "69f5aecb8d645b58ce8bb4a7"
    },
    {
      "codigo": "49878",
      "action": "created",
      "productId": "69f5aecd8d645b58ce8bb4e1"
    },
    {
      "codigo": "49873",
      "action": "created",
      "productId": "69f5aece8d645b58ce8bb51b"
    },
    {
      "codigo": "49872",
      "action": "created",
      "productId": "69f5aece8d645b58ce8bb556"
    },
    {
      "codigo": "49875",
      "action": "created",
      "productId": "69f5aece8d645b58ce8bb593"
    },
    {
      "codigo": "49871",
      "action": "created",
      "productId": "69f5aece8d645b58ce8bb596"
    },
    {
      "codigo": "49879",
      "action": "created",
      "productId": "69f5aecf8d645b58ce8bb60a"
    },
    {
      "codigo": "49869",
      "action": "created",
      "productId": "69f5aecf8d645b58ce8bb646"
    },
    {
      "codigo": "49865",
      "action": "created",
      "productId": "69f5aed08d645b58ce8bb682"
    },
    {
      "codigo": "49864",
      "action": "created",
      "productId": "69f5aed08d645b58ce8bb6be"
    },
    {
      "codigo": "49397",
      "action": "created",
      "productId": "69f5aed18d645b58ce8bb6fa"
    },
    {
      "codigo": "49863",
      "action": "created",
      "productId": "69f5aed18d645b58ce8bb736"
    },
    {
      "codigo": "17062",
      "action": "created",
      "productId": "69f5aed28d645b58ce8bb772"
    },
    {
      "codigo": "30990",
      "action": "created",
      "productId": "69f5aed28d645b58ce8bb7af"
    },
    {
      "codigo": "56752",
      "action": "skipped",
      "reason": "missing_price_usd"
    },
    {
      "codigo": "17063",
      "action": "created",
      "productId": "69f5aed28d645b58ce8bb7ed"
    },
    {
      "codigo": "16344",
      "action": "created",
      "productId": "69f5aed38d645b58ce8bb82b"
    },
    {
      "codigo": "16343",
      "action": "created",
      "productId": "69f5aed38d645b58ce8bb869"
    },
    {
      "codigo": "1376",
      "action": "created",
      "productId": "69f5aed38d645b58ce8bb8a8"
    },
    {
      "codigo": "1377",
      "action": "created",
      "productId": "69f5aed48d645b58ce8bb8ac"
    },
    {
      "codigo": "1375",
      "action": "created",
      "productId": "69f5aed48d645b58ce8bb933"
    },
    {
      "codigo": "49860",
      "action": "created",
      "productId": "69f5aed48d645b58ce8bb97a"
    },
    {
      "codigo": "56750",
      "action": "created",
      "productId": "69f5aed58d645b58ce8bb9c3"
    },
    {
      "codigo": "56751",
      "action": "created",
      "productId": "69f5aed58d645b58ce8bba0d"
    },
    {
      "codigo": "1298",
      "action": "created",
      "productId": "69f5aed68d645b58ce8bba58"
    },
    {
      "codigo": "47247",
      "action": "created",
      "productId": "69f5aed88d645b58ce8bbaa4"
    },
    {
      "codigo": "52816",
      "action": "created",
      "productId": "69f5aed88d645b58ce8bbaa7"
    },
    {
      "codigo": "38770",
      "action": "created",
      "productId": "69f5aed88d645b58ce8bbcea"
    },
    {
      "codigo": "48321",
      "action": "created",
      "productId": "69f5aed98d645b58ce8bc174"
    },
    {
      "codigo": "53216",
      "action": "created",
      "productId": "69f5aed98d645b58ce8bc177"
    },
    {
      "codigo": "43188",
      "action": "created",
      "productId": "69f5aed98d645b58ce8bc17a"
    },
    {
      "codigo": "52782",
      "action": "created",
      "productId": "69f5aed98d645b58ce8bc843"
    },
    {
      "codigo": "48253",
      "action": "created",
      "productId": "69f5aeda8d645b58ce8bca8d"
    },
    {
      "codigo": "54929",
      "action": "created",
      "productId": "69f5aeda8d645b58ce8bca8f"
    },
    {
      "codigo": "31739",
      "action": "created",
      "productId": "69f5aedc8d645b58ce8bcf1d"
    },
    {
      "codigo": "44626",
      "action": "created",
      "productId": "69f5aedd8d645b58ce8bd166"
    },
    {
      "codigo": "51449",
      "action": "skipped",
      "reason": "missing_price_usd"
    },
    {
      "codigo": "54533",
      "action": "created",
      "productId": "69f5aedf8d645b58ce8bd3b3"
    },
    {
      "codigo": "57572",
      "action": "created",
      "productId": "69f5aedf8d645b58ce8bd3b5"
    },
    {
      "codigo": "57059",
      "action": "created",
      "productId": "69f5aedf8d645b58ce8bd3b7"
    },
    {
      "codigo": "57058",
      "action": "created",
      "productId": "69f5aedf8d645b58ce8bda8a"
    },
    {
      "codigo": "57057",
      "action": "created",
      "productId": "69f5aee08d645b58ce8bdcd3"
    },
    {
      "codigo": "56097",
      "action": "created",
      "productId": "69f5aee08d645b58ce8bdf1d"
    },
    {
      "codigo": "52177",
      "action": "created",
      "productId": "69f5aee08d645b58ce8bdf21"
    },
    {
      "codigo": "51999",
      "action": "created",
      "productId": "69f5aee18d645b58ce8be3ae"
    },
    {
      "codigo": "47767",
      "action": "created",
      "productId": "69f5aee28d645b58ce8be5f7"
    },
    {
      "codigo": "51921",
      "action": "created",
      "productId": "69f5aee38d645b58ce8be842"
    },
    {
      "codigo": "45221",
      "action": "created",
      "productId": "69f5aee38d645b58ce8be844"
    },
    {
      "codigo": "45550",
      "action": "created",
      "productId": "69f5aee38d645b58ce8be8d8"
    },
    {
      "codigo": "35164",
      "action": "created",
      "productId": "69f5aee48d645b58ce8be924"
    },
    {
      "codigo": "57366",
      "action": "created",
      "productId": "69f5aee48d645b58ce8be974"
    },
    {
      "codigo": "45628",
      "action": "created",
      "productId": "69f5aee48d645b58ce8be972"
    },
    {
      "codigo": "47766",
      "action": "created",
      "productId": "69f5aee58d645b58ce8bea08"
    },
    {
      "codigo": "47759",
      "action": "created",
      "productId": "69f5aee68d645b58ce8bea54"
    },
    {
      "codigo": "28622",
      "action": "created",
      "productId": "69f5aee68d645b58ce8beaa0"
    },
    {
      "codigo": "31231",
      "action": "created",
      "productId": "69f5aee68d645b58ce8beaec"
    },
    {
      "codigo": "57075",
      "action": "created",
      "productId": "69f5aee78d645b58ce8beb38"
    },
    {
      "codigo": "57074",
      "action": "created",
      "productId": "69f5aee88d645b58ce8beb85"
    },
    {
      "codigo": "25927",
      "action": "created",
      "productId": "69f5aee88d645b58ce8beb89"
    },
    {
      "codigo": "48893",
      "action": "skipped",
      "reason": "missing_price_usd"
    },
    {
      "codigo": "57395",
      "action": "created",
      "productId": "69f5aee98d645b58ce8bec26"
    },
    {
      "codigo": "57393",
      "action": "created",
      "productId": "69f5aee98d645b58ce8bec77"
    },
    {
      "codigo": "57394",
      "action": "created",
      "productId": "69f5aee98d645b58ce8becc8"
    },
    {
      "codigo": "48898",
      "action": "created",
      "productId": "69f5aeea8d645b58ce8bed1b"
    },
    {
      "codigo": "48885",
      "action": "created",
      "productId": "69f5aeea8d645b58ce8bed1e"
    },
    {
      "codigo": "57011",
      "action": "created",
      "productId": "69f5aeeb8d645b58ce8bedbb"
    },
    {
      "codigo": "48847",
      "action": "created",
      "productId": "69f5aeeb8d645b58ce8bee0e"
    },
    {
      "codigo": "48846",
      "action": "created",
      "productId": "69f5aeec8d645b58ce8bee61"
    },
    {
      "codigo": "55499",
      "action": "created",
      "productId": "69f5aeec8d645b58ce8beeb5"
    },
    {
      "codigo": "55500",
      "action": "created",
      "productId": "69f5aeec8d645b58ce8beebb"
    },
    {
      "codigo": "44536",
      "action": "created",
      "productId": "69f5aeec8d645b58ce8bef0b"
    },
    {
      "codigo": "55501",
      "action": "created",
      "productId": "69f5aeec8d645b58ce8bef5f"
    },
    {
      "codigo": "44083",
      "action": "created",
      "productId": "69f5aeed8d645b58ce8bf000"
    },
    {
      "codigo": "44079",
      "action": "created",
      "productId": "69f5aeed8d645b58ce8bf053"
    },
    {
      "codigo": "56523",
      "action": "created",
      "productId": "69f5aeee8d645b58ce8bf0a6"
    },
    {
      "codigo": "5215",
      "action": "created",
      "productId": "69f5aeef8d645b58ce8bf0f9"
    },
    {
      "codigo": "19640",
      "action": "created",
      "productId": "69f5aeef8d645b58ce8bf14c"
    },
    {
      "codigo": "21519",
      "action": "created",
      "productId": "69f5aef08d645b58ce8bf39a"
    },
    {
      "codigo": "5216",
      "action": "created",
      "productId": "69f5aef08d645b58ce8bf5e8"
    },
    {
      "codigo": "21149",
      "action": "created",
      "productId": "69f5aef08d645b58ce8bf838"
    },
    {
      "codigo": "18846",
      "action": "created",
      "productId": "69f5aef08d645b58ce8bf83a"
    },
    {
      "codigo": "15684",
      "action": "created",
      "productId": "69f5aef18d645b58ce8bfa8a"
    },
    {
      "codigo": "35333",
      "action": "created",
      "productId": "69f5aef18d645b58ce8bfcd7"
    },
    {
      "codigo": "57628",
      "action": "skipped",
      "reason": "missing_price_usd"
    },
    {
      "codigo": "1401",
      "action": "created",
      "productId": "69f5aef28d645b58ce8c016e"
    },
    {
      "codigo": "1364",
      "action": "created",
      "productId": "69f5aef28d645b58ce8c03bc"
    },
    {
      "codigo": "16866",
      "action": "created",
      "productId": "69f5aef38d645b58ce8c060a"
    },
    {
      "codigo": "51403",
      "action": "created",
      "productId": "69f5aef58d645b58ce8c0858"
    },
    {
      "codigo": "50571",
      "action": "created",
      "productId": "69f5aef68d645b58ce8c0aa6"
    },
    {
      "codigo": "49834",
      "action": "created",
      "productId": "69f5aef68d645b58ce8c0cf4"
    },
    {
      "codigo": "57629",
      "action": "created",
      "productId": "69f5aef78d645b58ce8c0f42"
    },
    {
      "codigo": "49011",
      "action": "created",
      "productId": "69f5aef78d645b58ce8c1190"
    },
    {
      "codigo": "57625",
      "action": "created",
      "productId": "69f5aef88d645b58ce8c13de"
    },
    {
      "codigo": "57626",
      "action": "created",
      "productId": "69f5aef88d645b58ce8c13e3"
    },
    {
      "codigo": "57627",
      "action": "created",
      "productId": "69f5aef98d645b58ce8c187a"
    },
    {
      "codigo": "52343",
      "action": "created",
      "productId": "69f5aef98d645b58ce8c1ac8"
    },
    {
      "codigo": "57624",
      "action": "created",
      "productId": "69f5aef98d645b58ce8c1d16"
    },
    {
      "codigo": "57623",
      "action": "created",
      "productId": "69f5aefc8d645b58ce8c1f64"
    },
    {
      "codigo": "57621",
      "action": "created",
      "productId": "69f5aefc8d645b58ce8c21b2"
    },
    {
      "codigo": "57622",
      "action": "created",
      "productId": "69f5aefc8d645b58ce8c2400"
    },
    {
      "codigo": "57620",
      "action": "created",
      "productId": "69f5aefd8d645b58ce8c264e"
    },
    {
      "codigo": "57619",
      "action": "created",
      "productId": "69f5aefe8d645b58ce8c289d"
    },
    {
      "codigo": "57617",
      "action": "created",
      "productId": "69f5aefe8d645b58ce8c2aec"
    },
    {
      "codigo": "57618",
      "action": "created",
      "productId": "69f5aeff8d645b58ce8c2d3b"
    },
    {
      "codigo": "57551",
      "action": "created",
      "productId": "69f5aeff8d645b58ce8c2f8a"
    },
    {
      "codigo": "56861",
      "action": "created",
      "productId": "69f5af008d645b58ce8c31da"
    },
    {
      "codigo": "57078",
      "action": "created",
      "productId": "69f5af008d645b58ce8c31de"
    },
    {
      "codigo": "56856",
      "action": "created",
      "productId": "69f5af028d645b58ce8c3677"
    },
    {
      "codigo": "56842",
      "action": "created",
      "productId": "69f5af038d645b58ce8c38c7"
    },
    {
      "codigo": "54290",
      "action": "skipped",
      "reason": "missing_price_usd"
    },
    {
      "codigo": "55063",
      "action": "created",
      "productId": "69f5af038d645b58ce8c38cb"
    },
    {
      "codigo": "55539",
      "action": "created",
      "productId": "69f5af038d645b58ce8c3b19"
    },
    {
      "codigo": "55062",
      "action": "created",
      "productId": "69f5af048d645b58ce8c3fb5"
    },
    {
      "codigo": "55011",
      "action": "created",
      "productId": "69f5af058d645b58ce8c4205"
    },
    {
      "codigo": "55010",
      "action": "created",
      "productId": "69f5af058d645b58ce8c4455"
    },
    {
      "codigo": "55061",
      "action": "created",
      "productId": "69f5af068d645b58ce8c46a5"
    },
    {
      "codigo": "55006",
      "action": "created",
      "productId": "69f5af068d645b58ce8c48f5"
    },
    {
      "codigo": "55007",
      "action": "created",
      "productId": "69f5af068d645b58ce8c4b45"
    },
    {
      "codigo": "55005",
      "action": "created",
      "productId": "69f5af088d645b58ce8c4d95"
    },
    {
      "codigo": "50310",
      "action": "created",
      "productId": "69f5af098d645b58ce8c4fe5"
    },
    {
      "codigo": "53772",
      "action": "created",
      "productId": "69f5af0a8d645b58ce8c4fea"
    },
    {
      "codigo": "53786",
      "action": "created",
      "productId": "69f5af0a8d645b58ce8c5485"
    },
    {
      "codigo": "53469",
      "action": "created",
      "productId": "69f5af0b8d645b58ce8c56d5"
    },
    {
      "codigo": "51405",
      "action": "created",
      "productId": "69f5af0c8d645b58ce8c5925"
    },
    {
      "codigo": "52875",
      "action": "created",
      "productId": "69f5af0c8d645b58ce8c592a"
    },
    {
      "codigo": "53467",
      "action": "created",
      "productId": "69f5af0d8d645b58ce8c5dc7"
    },
    {
      "codigo": "51397",
      "action": "created",
      "productId": "69f5af0e8d645b58ce8c6018"
    },
    {
      "codigo": "50929",
      "action": "created",
      "productId": "69f5af0f8d645b58ce8c6269"
    },
    {
      "codigo": "50924",
      "action": "created",
      "productId": "69f5af0f8d645b58ce8c64ba"
    },
    {
      "codigo": "50923",
      "action": "created",
      "productId": "69f5af0f8d645b58ce8c64bf"
    },
    {
      "codigo": "50922",
      "action": "created",
      "productId": "69f5af108d645b58ce8c695c"
    },
    {
      "codigo": "50565",
      "action": "created",
      "productId": "69f5af108d645b58ce8c6bad"
    },
    {
      "codigo": "50564",
      "action": "created",
      "productId": "69f5af108d645b58ce8c6dfe"
    },
    {
      "codigo": "49836",
      "action": "created",
      "productId": "69f5af128d645b58ce8c6e60"
    },
    {
      "codigo": "50557",
      "action": "created",
      "productId": "69f5af138d645b58ce8c70b1"
    },
    {
      "codigo": "47994",
      "action": "skipped",
      "reason": "missing_price_usd"
    },
    {
      "codigo": "49835",
      "action": "created",
      "productId": "69f5af148d645b58ce8c7302"
    },
    {
      "codigo": "42251",
      "action": "created",
      "productId": "69f5af148d645b58ce8c7553"
    },
    {
      "codigo": "49477",
      "action": "created",
      "productId": "69f5af148d645b58ce8c7558"
    },
    {
      "codigo": "49021",
      "action": "created",
      "productId": "69f5af168d645b58ce8c79f5"
    },
    {
      "codigo": "49019",
      "action": "created",
      "productId": "69f5af178d645b58ce8c79fc"
    },
    {
      "codigo": "49010",
      "action": "created",
      "productId": "69f5af178d645b58ce8c79fe"
    },
    {
      "codigo": "47787",
      "action": "created",
      "productId": "69f5af188d645b58ce8c7a04"
    },
    {
      "codigo": "49013",
      "action": "created",
      "productId": "69f5af188d645b58ce8c7a06"
    },
    {
      "codigo": "42240",
      "action": "created",
      "productId": "69f5af188d645b58ce8c7c56"
    },
    {
      "codigo": "49014",
      "action": "created",
      "productId": "69f5af198d645b58ce8c80f4"
    },
    {
      "codigo": "47374",
      "action": "created",
      "productId": "69f5af1a8d645b58ce8c87df"
    },
    {
      "codigo": "47372",
      "action": "created",
      "productId": "69f5af1b8d645b58ce8c8c7d"
    },
    {
      "codigo": "42248",
      "action": "created",
      "productId": "69f5af1d8d645b58ce8c8ecf"
    },
    {
      "codigo": "47438",
      "action": "created",
      "productId": "69f5af1d8d645b58ce8c8ed3"
    },
    {
      "codigo": "42244",
      "action": "created",
      "productId": "69f5af1f8d645b58ce8c9371"
    },
    {
      "codigo": "44165",
      "action": "created",
      "productId": "69f5af1f8d645b58ce8c9375"
    },
    {
      "codigo": "40499",
      "action": "created",
      "productId": "69f5af1f8d645b58ce8c9812"
    },
    {
      "codigo": "40554",
      "action": "created",
      "productId": "69f5af208d645b58ce8c9a63"
    },
    {
      "codigo": "47359",
      "action": "created",
      "productId": "69f5af208d645b58ce8c9cb4"
    },
    {
      "codigo": "40224",
      "action": "created",
      "productId": "69f5af218d645b58ce8c9f05"
    },
    {
      "codigo": "41927",
      "action": "created",
      "productId": "69f5af218d645b58ce8ca156"
    },
    {
      "codigo": "39273",
      "action": "created",
      "productId": "69f5af228d645b58ce8ca3a7"
    },
    {
      "codigo": "33782",
      "action": "created",
      "productId": "69f5af238d645b58ce8ca5f8"
    },
    {
      "codigo": "38978",
      "action": "created",
      "productId": "69f5af238d645b58ce8ca849"
    },
    {
      "codigo": "38977",
      "action": "created",
      "productId": "69f5af248d645b58ce8caa9b"
    },
    {
      "codigo": "4169",
      "action": "skipped",
      "reason": "missing_price_usd"
    },
    {
      "codigo": "38178",
      "action": "created",
      "productId": "69f5af248d645b58ce8caa9e"
    },
    {
      "codigo": "11106",
      "action": "created",
      "productId": "69f5af258d645b58ce8caf3e"
    },
    {
      "codigo": "35328",
      "action": "created",
      "productId": "69f5af258d645b58ce8caf40"
    },
    {
      "codigo": "37804",
      "action": "created",
      "productId": "69f5af258d645b58ce8cb191"
    },
    {
      "codigo": "35458",
      "action": "created",
      "productId": "69f5af278d645b58ce8cb62f"
    },
    {
      "codigo": "8635",
      "action": "created",
      "productId": "69f5af278d645b58ce8cb880"
    },
    {
      "codigo": "7392",
      "action": "created",
      "productId": "69f5af288d645b58ce8cbad3"
    },
    {
      "codigo": "31953",
      "action": "created",
      "productId": "69f5af288d645b58ce8cbad5"
    },
    {
      "codigo": "29688",
      "action": "created",
      "productId": "69f5af298d645b58ce8cbf75"
    },
    {
      "codigo": "27517",
      "action": "created",
      "productId": "69f5af298d645b58ce8cbf77"
    },
    {
      "codigo": "35455",
      "action": "created",
      "productId": "69f5af298d645b58ce8cc415"
    },
    {
      "codigo": "35188",
      "action": "created",
      "productId": "69f5af298d645b58ce8cc666"
    },
    {
      "codigo": "29687",
      "action": "created",
      "productId": "69f5af2a8d645b58ce8cc8b7"
    },
    {
      "codigo": "25929",
      "action": "created",
      "productId": "69f5af2c8d645b58ce8ccb08"
    },
    {
      "codigo": "24298",
      "action": "created",
      "productId": "69f5af2d8d645b58ce8ccd59"
    },
    {
      "codigo": "29329",
      "action": "created",
      "productId": "69f5af2d8d645b58ce8ccfaa"
    },
    {
      "codigo": "26182",
      "action": "created",
      "productId": "69f5af2d8d645b58ce8cd1fb"
    },
    {
      "codigo": "26689",
      "action": "created",
      "productId": "69f5af2d8d645b58ce8cd44e"
    },
    {
      "codigo": "26690",
      "action": "created",
      "productId": "69f5af2d8d645b58ce8cd450"
    },
    {
      "codigo": "24819",
      "action": "created",
      "productId": "69f5af2e8d645b58ce8cd8ef"
    },
    {
      "codigo": "26646",
      "action": "created",
      "productId": "69f5af2e8d645b58ce8cd8f3"
    },
    {
      "codigo": "24813",
      "action": "created",
      "productId": "69f5af2e8d645b58ce8cdd90"
    },
    {
      "codigo": "23821",
      "action": "created",
      "productId": "69f5af2f8d645b58ce8cdfe1"
    },
    {
      "codigo": "19781",
      "action": "created",
      "productId": "69f5af308d645b58ce8ce232"
    },
    {
      "codigo": "1460",
      "action": "created",
      "productId": "69f5af318d645b58ce8ce483"
    },
    {
      "codigo": "11102",
      "action": "skipped",
      "reason": "missing_price_usd"
    },
    {
      "codigo": "1445",
      "action": "created",
      "productId": "69f5af328d645b58ce8ce6d4"
    },
    {
      "codigo": "20956",
      "action": "created",
      "productId": "69f5af328d645b58ce8ce925"
    },
    {
      "codigo": "14421",
      "action": "created",
      "productId": "69f5af328d645b58ce8ceb76"
    },
    {
      "codigo": "20233",
      "action": "created",
      "productId": "69f5af338d645b58ce8cedc7"
    },
    {
      "codigo": "56090",
      "action": "created",
      "productId": "69f5af348d645b58ce8cf019"
    },
    {
      "codigo": "18415",
      "action": "created",
      "productId": "69f5af348d645b58ce8cf01e"
    },
    {
      "codigo": "21654",
      "action": "created",
      "productId": "69f5af358d645b58ce8cf26d"
    },
    {
      "codigo": "56100",
      "action": "created",
      "productId": "69f5af358d645b58ce8cf4bf"
    },
    {
      "codigo": "56102",
      "action": "created",
      "productId": "69f5af358d645b58ce8cf95d"
    },
    {
      "codigo": "56103",
      "action": "created",
      "productId": "69f5af368d645b58ce8cfbaf"
    },
    {
      "codigo": "56101",
      "action": "created",
      "productId": "69f5af368d645b58ce8cfe03"
    },
    {
      "codigo": "17189",
      "action": "created",
      "productId": "69f5af368d645b58ce8cfe05"
    },
    {
      "codigo": "13503",
      "action": "created",
      "productId": "69f5af378d645b58ce8d0058"
    },
    {
      "codigo": "15420",
      "action": "created",
      "productId": "69f5af388d645b58ce8d04f7"
    },
    {
      "codigo": "56099",
      "action": "created",
      "productId": "69f5af388d645b58ce8d04fc"
    },
    {
      "codigo": "56098",
      "action": "created",
      "productId": "69f5af388d645b58ce8d099b"
    },
    {
      "codigo": "20913",
      "action": "created",
      "productId": "69f5af398d645b58ce8d0bed"
    },
    {
      "codigo": "21981",
      "action": "created",
      "productId": "69f5af398d645b58ce8d0e3f"
    },
    {
      "codigo": "47990",
      "action": "created",
      "productId": "69f5af398d645b58ce8d1091"
    },
    {
      "codigo": "14927",
      "action": "created",
      "productId": "69f5af398d645b58ce8d12e3"
    },
    {
      "codigo": "13352",
      "action": "skipped",
      "reason": "missing_price_usd"
    },
    {
      "codigo": "54823",
      "action": "created",
      "productId": "69f5af3b8d645b58ce8d1535"
    },
    {
      "codigo": "13359",
      "action": "created",
      "productId": "69f5af3b8d645b58ce8d1598"
    },
    {
      "codigo": "612",
      "action": "created",
      "productId": "69f5af3b8d645b58ce8d15fb"
    },
    {
      "codigo": "57833",
      "action": "created",
      "productId": "69f5af3b8d645b58ce8d1601"
    },
    {
      "codigo": "13358",
      "action": "created",
      "productId": "69f5af3b8d645b58ce8d1663"
    },
    {
      "codigo": "57831",
      "action": "created",
      "productId": "69f5af3c8d645b58ce8d16c7"
    },
    {
      "codigo": "13354",
      "action": "created",
      "productId": "69f5af3c8d645b58ce8d1729"
    },
    {
      "codigo": "19648",
      "action": "created",
      "productId": "69f5af3c8d645b58ce8d17eb"
    },
    {
      "codigo": "13351",
      "action": "created",
      "productId": "69f5af3c8d645b58ce8d17ef"
    },
    {
      "codigo": "19754",
      "action": "created",
      "productId": "69f5af3d8d645b58ce8d18b0"
    },
    {
      "codigo": "19898",
      "action": "created",
      "productId": "69f5af3d8d645b58ce8d1913"
    },
    {
      "codigo": "13353",
      "action": "created",
      "productId": "69f5af3f8d645b58ce8d1976"
    },
    {
      "codigo": "57832",
      "action": "created",
      "productId": "69f5af418d645b58ce8d19d9"
    },
    {
      "codigo": "57834",
      "action": "created",
      "productId": "69f5af418d645b58ce8d19de"
    },
    {
      "codigo": "57829",
      "action": "created",
      "productId": "69f5af418d645b58ce8d1aad"
    },
    {
      "codigo": "57830",
      "action": "created",
      "productId": "69f5af418d645b58ce8d1aaf"
    },
    {
      "codigo": "57447",
      "action": "created",
      "productId": "69f5af428d645b58ce8d1b89"
    },
    {
      "codigo": "57449",
      "action": "created",
      "productId": "69f5af428d645b58ce8d1bfb"
    },
    {
      "codigo": "57448",
      "action": "created",
      "productId": "69f5af428d645b58ce8d1bfe"
    },
    {
      "codigo": "57344",
      "action": "created",
      "productId": "69f5af428d645b58ce8d1c01"
    },
    {
      "codigo": "55029",
      "action": "skipped",
      "reason": "missing_price_usd"
    },
    {
      "codigo": "57343",
      "action": "created",
      "productId": "69f5af448d645b58ce8d1d45"
    },
    {
      "codigo": "57342",
      "action": "created",
      "productId": "69f5af458d645b58ce8d1db4"
    },
    {
      "codigo": "57022",
      "action": "created",
      "productId": "69f5af478d645b58ce8d1e23"
    },
    {
      "codigo": "57027",
      "action": "created",
      "productId": "69f5af478d645b58ce8d1e92"
    },
    {
      "codigo": "57341",
      "action": "created",
      "productId": "69f5af478d645b58ce8d1f02"
    },
    {
      "codigo": "57026",
      "action": "created",
      "productId": "69f5af488d645b58ce8d1f07"
    },
    {
      "codigo": "57024",
      "action": "created",
      "productId": "69f5af488d645b58ce8d1fe2"
    },
    {
      "codigo": "55030",
      "action": "created",
      "productId": "69f5af488d645b58ce8d2052"
    },
    {
      "codigo": "55028",
      "action": "created",
      "productId": "69f5af498d645b58ce8d20c2"
    },
    {
      "codigo": "57023",
      "action": "created",
      "productId": "69f5af498d645b58ce8d2132"
    },
    {
      "codigo": "55027",
      "action": "created",
      "productId": "69f5af4a8d645b58ce8d21a3"
    },
    {
      "codigo": "49970",
      "action": "created",
      "productId": "69f5af4b8d645b58ce8d2214"
    },
    {
      "codigo": "49971",
      "action": "created",
      "productId": "69f5af4b8d645b58ce8d2285"
    },
    {
      "codigo": "55026",
      "action": "created",
      "productId": "69f5af4b8d645b58ce8d22f6"
    },
    {
      "codigo": "55025",
      "action": "created",
      "productId": "69f5af4d8d645b58ce8d2367"
    },
    {
      "codigo": "49968",
      "action": "created",
      "productId": "69f5af4d8d645b58ce8d23d9"
    },
    {
      "codigo": "49967",
      "action": "created",
      "productId": "69f5af4d8d645b58ce8d244a"
    },
    {
      "codigo": "48582",
      "action": "created",
      "productId": "69f5af4d8d645b58ce8d24bc"
    },
    {
      "codigo": "49965",
      "action": "created",
      "productId": "69f5af4e8d645b58ce8d252e"
    },
    {
      "codigo": "49966",
      "action": "created",
      "productId": "69f5af4e8d645b58ce8d25a2"
    },
    {
      "codigo": "48301",
      "action": "created",
      "productId": "69f5af4e8d645b58ce8d25a4"
    },
    {
      "codigo": "46428",
      "action": "created",
      "productId": "69f5af4e8d645b58ce8d2617"
    },
    {
      "codigo": "13026",
      "action": "skipped",
      "reason": "missing_price_usd"
    },
    {
      "codigo": "47955",
      "action": "created",
      "productId": "69f5af4f8d645b58ce8d26f6"
    },
    {
      "codigo": "46013",
      "action": "created",
      "productId": "69f5af4f8d645b58ce8d2768"
    },
    {
      "codigo": "5544",
      "action": "created",
      "productId": "69f5af508d645b58ce8d27da"
    },
    {
      "codigo": "3008",
      "action": "created",
      "productId": "69f5af508d645b58ce8d284c"
    },
    {
      "codigo": "42280",
      "action": "created",
      "productId": "69f5af508d645b58ce8d28c0"
    },
    {
      "codigo": "2717",
      "action": "created",
      "productId": "69f5af518d645b58ce8d28c2"
    },
    {
      "codigo": "24716",
      "action": "created",
      "productId": "69f5af518d645b58ce8d2d66"
    },
    {
      "codigo": "13025",
      "action": "created",
      "productId": "69f5af518d645b58ce8d2fba"
    },
    {
      "codigo": "12402",
      "action": "created",
      "productId": "69f5af518d645b58ce8d3210"
    },
    {
      "codigo": "28750",
      "action": "created",
      "productId": "69f5af518d645b58ce8d3212"
    },
    {
      "codigo": "24717",
      "action": "created",
      "productId": "69f5af528d645b58ce8d36b6"
    },
    {
      "codigo": "12382",
      "action": "created",
      "productId": "69f5af528d645b58ce8d390a"
    },
    {
      "codigo": "10798",
      "action": "created",
      "productId": "69f5af538d645b58ce8d3b5e"
    },
    {
      "codigo": "21917",
      "action": "created",
      "productId": "69f5af538d645b58ce8d3db4"
    },
    {
      "codigo": "11005",
      "action": "created",
      "productId": "69f5af538d645b58ce8d3db6"
    },
    {
      "codigo": "6832",
      "action": "created",
      "productId": "69f5af558d645b58ce8d425a"
    },
    {
      "codigo": "5184",
      "action": "created",
      "productId": "69f5af568d645b58ce8d44ae"
    },
    {
      "codigo": "3731",
      "action": "created",
      "productId": "69f5af568d645b58ce8d44b3"
    },
    {
      "codigo": "49788",
      "action": "created",
      "productId": "69f5af578d645b58ce8d495a"
    },
    {
      "codigo": "55141",
      "action": "skipped",
      "reason": "missing_price_usd"
    },
    {
      "codigo": "53892",
      "action": "created",
      "productId": "69f5af578d645b58ce8d4958"
    },
    {
      "codigo": "48227",
      "action": "created",
      "productId": "69f5af578d645b58ce8d4a3c"
    },
    {
      "codigo": "22826",
      "action": "created",
      "productId": "69f5af578d645b58ce8d4ac0"
    },
    {
      "codigo": "57979",
      "action": "created",
      "productId": "69f5af598d645b58ce8d4b47"
    },
    {
      "codigo": "30327",
      "action": "created",
      "productId": "69f5af598d645b58ce8d4bce"
    },
    {
      "codigo": "32232",
      "action": "created",
      "productId": "69f5af5a8d645b58ce8d4c55"
    },
    {
      "codigo": "15153",
      "action": "created",
      "productId": "69f5af5a8d645b58ce8d4cdc"
    },
    {
      "codigo": "1879",
      "action": "created",
      "productId": "69f5af5a8d645b58ce8d4d63"
    },
    {
      "codigo": "28347",
      "action": "created",
      "productId": "69f5af5b8d645b58ce8d4dea"
    },
    {
      "codigo": "54791",
      "action": "created",
      "productId": "69f5af5c8d645b58ce8d4e73"
    },
    {
      "codigo": "57056",
      "action": "created",
      "productId": "69f5af5d8d645b58ce8d4efd"
    },
    {
      "codigo": "56765",
      "action": "created",
      "productId": "69f5af5d8d645b58ce8d4f87"
    },
    {
      "codigo": "56709",
      "action": "created",
      "productId": "69f5af5d8d645b58ce8d5011"
    },
    {
      "codigo": "56185",
      "action": "created",
      "productId": "69f5af5e8d645b58ce8d509b"
    },
    {
      "codigo": "56429",
      "action": "created",
      "productId": "69f5af5f8d645b58ce8d5125"
    },
    {
      "codigo": "49148",
      "action": "created",
      "productId": "69f5af5f8d645b58ce8d51af"
    },
    {
      "codigo": "54790",
      "action": "created",
      "productId": "69f5af608d645b58ce8d5239"
    },
    {
      "codigo": "54133",
      "action": "created",
      "productId": "69f5af608d645b58ce8d52c3"
    },
    {
      "codigo": "49083",
      "action": "created",
      "productId": "69f5af618d645b58ce8d534e"
    },
    {
      "codigo": "44705",
      "action": "created",
      "productId": "69f5af618d645b58ce8d53da"
    },
    {
      "codigo": "52034",
      "action": "created",
      "productId": "69f5af618d645b58ce8d53dd"
    },
    {
      "codigo": "53898",
      "action": "created",
      "productId": "69f5af628d645b58ce8d54ef"
    },
    {
      "codigo": "32582",
      "action": "skipped",
      "reason": "missing_price_usd"
    },
    {
      "codigo": "42107",
      "action": "created",
      "productId": "69f5af628d645b58ce8d557a"
    },
    {
      "codigo": "50490",
      "action": "created",
      "productId": "69f5af638d645b58ce8d5605"
    },
    {
      "codigo": "38622",
      "action": "created",
      "productId": "69f5af638d645b58ce8d585d"
    },
    {
      "codigo": "58103",
      "action": "created",
      "productId": "69f5af638d645b58ce8d585f"
    },
    {
      "codigo": "48916",
      "action": "created",
      "productId": "69f5af638d645b58ce8d5861"
    },
    {
      "codigo": "35880",
      "action": "created",
      "productId": "69f5af648d645b58ce8d5f5b"
    },
    {
      "codigo": "36611",
      "action": "created",
      "productId": "69f5af658d645b58ce8d61b7"
    },
    {
      "codigo": "26",
      "action": "created",
      "productId": "69f5af658d645b58ce8d6413"
    },
    {
      "codigo": "38100",
      "action": "created",
      "productId": "69f5af668d645b58ce8d666f"
    },
    {
      "codigo": "35879",
      "action": "created",
      "productId": "69f5af678d645b58ce8d68cb"
    },
    {
      "codigo": "35783",
      "action": "created",
      "productId": "69f5af688d645b58ce8d6b28"
    },
    {
      "codigo": "30312",
      "action": "created",
      "productId": "69f5af688d645b58ce8d6b2b"
    },
    {
      "codigo": "51660",
      "action": "created",
      "productId": "69f5af688d645b58ce8d6fdf"
    },
    {
      "codigo": "56704",
      "action": "created",
      "productId": "69f5af6a8d645b58ce8d723b"
    },
    {
      "codigo": "51659",
      "action": "created",
      "productId": "69f5af6a8d645b58ce8d7497"
    },
    {
      "codigo": "56507",
      "action": "created",
      "productId": "69f5af6b8d645b58ce8d76f6"
    },
    {
      "codigo": "56506",
      "action": "created",
      "productId": "69f5af6b8d645b58ce8d76f8"
    },
    {
      "codigo": "54885",
      "action": "created",
      "productId": "69f5af6c8d645b58ce8d7bb0"
    },
    {
      "codigo": "52904",
      "action": "created",
      "productId": "69f5af6c8d645b58ce8d7bb3"
    },
    {
      "codigo": "54749",
      "action": "created",
      "productId": "69f5af6c8d645b58ce8d806e"
    },
    {
      "codigo": "46290",
      "action": "created",
      "productId": "69f5af6d8d645b58ce8d8073"
    },
    {
      "codigo": "53862",
      "action": "created",
      "productId": "69f5af6d8d645b58ce8d8530"
    },
    {
      "codigo": "43555",
      "action": "created",
      "productId": "69f5af6d8d645b58ce8d8791"
    },
    {
      "codigo": "56689",
      "action": "skipped",
      "reason": "missing_price_usd"
    },
    {
      "codigo": "45719",
      "action": "created",
      "productId": "69f5af6e8d645b58ce8d89f2"
    },
    {
      "codigo": "46959",
      "action": "created",
      "productId": "69f5af6e8d645b58ce8d8c53"
    },
    {
      "codigo": "41613",
      "action": "created",
      "productId": "69f5af6f8d645b58ce8d8eb4"
    },
    {
      "codigo": "51205",
      "action": "created",
      "productId": "69f5af6f8d645b58ce8d9115"
    },
    {
      "codigo": "41492",
      "action": "created",
      "productId": "69f5af6f8d645b58ce8d911a"
    },
    {
      "codigo": "57065",
      "action": "created",
      "productId": "69f5af6f8d645b58ce8d937b"
    },
    {
      "codigo": "57064",
      "action": "created",
      "productId": "69f5af6f8d645b58ce8d95dc"
    },
    {
      "codigo": "56688",
      "action": "created",
      "productId": "69f5af718d645b58ce8d9a99"
    },
    {
      "codigo": "52562",
      "action": "created",
      "productId": "69f5af718d645b58ce8d9cfa"
    },
    {
      "codigo": "56906",
      "action": "created",
      "productId": "69f5af728d645b58ce8d9f5b"
    },
    {
      "codigo": "54389",
      "action": "created",
      "productId": "69f5af728d645b58ce8d9f60"
    },
    {
      "codigo": "33487",
      "action": "created",
      "productId": "69f5af738d645b58ce8da41d"
    },
    {
      "codigo": "51200",
      "action": "created",
      "productId": "69f5af748d645b58ce8da67e"
    },
    {
      "codigo": "51199",
      "action": "created",
      "productId": "69f5af748d645b58ce8da683"
    },
    {
      "codigo": "55752",
      "action": "created",
      "productId": "69f5af748d645b58ce8da8e4"
    },
    {
      "codigo": "51198",
      "action": "created",
      "productId": "69f5af748d645b58ce8dada7"
    },
    {
      "codigo": "51197",
      "action": "created",
      "productId": "69f5af758d645b58ce8db00e"
    },
    {
      "codigo": "52035",
      "action": "created",
      "productId": "69f5af758d645b58ce8db276"
    },
    {
      "codigo": "43112",
      "action": "created",
      "productId": "69f5af768d645b58ce8db27b"
    },
    {
      "codigo": "51195",
      "action": "created",
      "productId": "69f5af768d645b58ce8db4e2"
    },
    {
      "codigo": "48562",
      "action": "created",
      "productId": "69f5af768d645b58ce8db9b0"
    },
    {
      "codigo": "50433",
      "action": "skipped",
      "reason": "missing_price_usd"
    },
    {
      "codigo": "48561",
      "action": "created",
      "productId": "69f5af768d645b58ce8db9b2"
    },
    {
      "codigo": "37583",
      "action": "created",
      "productId": "69f5af778d645b58ce8dbe82"
    },
    {
      "codigo": "32561",
      "action": "created",
      "productId": "69f5af788d645b58ce8dc0ec"
    },
    {
      "codigo": "51423",
      "action": "created",
      "productId": "69f5af7a8d645b58ce8dc358"
    },
    {
      "codigo": "52983",
      "action": "created",
      "productId": "69f5af7a8d645b58ce8dc35a"
    },
    {
      "codigo": "52975",
      "action": "created",
      "productId": "69f5af7a8d645b58ce8dc5c4"
    },
    {
      "codigo": "52964",
      "action": "created",
      "productId": "69f5af7c8d645b58ce8dca94"
    },
    {
      "codigo": "55531",
      "action": "created",
      "productId": "69f5af7d8d645b58ce8dcd00"
    },
    {
      "codigo": "51425",
      "action": "created",
      "productId": "69f5af7d8d645b58ce8dcd02"
    },
    {
      "codigo": "49422",
      "action": "created",
      "productId": "69f5af7e8d645b58ce8dd1d2"
    },
    {
      "codigo": "50431",
      "action": "created",
      "productId": "69f5af7f8d645b58ce8dd43c"
    },
    {
      "codigo": "50152",
      "action": "created",
      "productId": "69f5af808d645b58ce8dd6a6"
    },
    {
      "codigo": "57615",
      "action": "created",
      "productId": "69f5af808d645b58ce8dd6ab"
    },
    {
      "codigo": "57986",
      "action": "created",
      "productId": "69f5af818d645b58ce8ddb7a"
    },
    {
      "codigo": "57611",
      "action": "created",
      "productId": "69f5af828d645b58ce8ddb7f"
    },
    {
      "codigo": "57613",
      "action": "created",
      "productId": "69f5af828d645b58ce8de04e"
    },
    {
      "codigo": "57612",
      "action": "created",
      "productId": "69f5af838d645b58ce8de2b8"
    },
    {
      "codigo": "57610",
      "action": "created",
      "productId": "69f5af848d645b58ce8de522"
    },
    {
      "codigo": "57614",
      "action": "created",
      "productId": "69f5af848d645b58ce8de78c"
    },
    {
      "codigo": "57434",
      "action": "created",
      "productId": "69f5af858d645b58ce8de9f6"
    },
    {
      "codigo": "57985",
      "action": "created",
      "productId": "69f5af858d645b58ce8de9fb"
    },
    {
      "codigo": "57412",
      "action": "created",
      "productId": "69f5af868d645b58ce8deeca"
    },
    {
      "codigo": "57311",
      "action": "created",
      "productId": "69f5af888d645b58ce8df134"
    },
    {
      "codigo": "56836",
      "action": "created",
      "productId": "69f5af888d645b58ce8df139"
    },
    {
      "codigo": "55633",
      "action": "skipped",
      "reason": "missing_price_usd"
    },
    {
      "codigo": "57312",
      "action": "created",
      "productId": "69f5af898d645b58ce8df60a"
    },
    {
      "codigo": "57411",
      "action": "created",
      "productId": "69f5af898d645b58ce8df60c"
    },
    {
      "codigo": "56843",
      "action": "created",
      "productId": "69f5af8b8d645b58ce8dfadc"
    },
    {
      "codigo": "56282",
      "action": "created",
      "productId": "69f5af8b8d645b58ce8dfd46"
    },
    {
      "codigo": "56196",
      "action": "created",
      "productId": "69f5af8c8d645b58ce8dffb0"
    },
    {
      "codigo": "56195",
      "action": "created",
      "productId": "69f5af8d8d645b58ce8e021a"
    },
    {
      "codigo": "56194",
      "action": "created",
      "productId": "69f5af8d8d645b58ce8e0484"
    },
    {
      "codigo": "56193",
      "action": "created",
      "productId": "69f5af8f8d645b58ce8e06f0"
    },
    {
      "codigo": "55536",
      "action": "created",
      "productId": "69f5af8f8d645b58ce8e06f2"
    },
    {
      "codigo": "55533",
      "action": "created",
      "productId": "69f5af908d645b58ce8e0bc2"
    },
    {
      "codigo": "55534",
      "action": "created",
      "productId": "69f5af908d645b58ce8e0e2c"
    },
    {
      "codigo": "55634",
      "action": "created",
      "productId": "69f5af908d645b58ce8e1096"
    },
    {
      "codigo": "55532",
      "action": "created",
      "productId": "69f5af918d645b58ce8e1300"
    },
    {
      "codigo": "55529",
      "action": "created",
      "productId": "69f5af928d645b58ce8e156a"
    },
    {
      "codigo": "55528",
      "action": "created",
      "productId": "69f5af938d645b58ce8e17d4"
    },
    {
      "codigo": "55074",
      "action": "created",
      "productId": "69f5af948d645b58ce8e1a3e"
    },
    {
      "codigo": "55076",
      "action": "created",
      "productId": "69f5af948d645b58ce8e1ca8"
    },
    {
      "codigo": "55073",
      "action": "created",
      "productId": "69f5af958d645b58ce8e1f13"
    },
    {
      "codigo": "55072",
      "action": "created",
      "productId": "69f5af958d645b58ce8e1f16"
    },
    {
      "codigo": "55071",
      "action": "created",
      "productId": "69f5af968d645b58ce8e23e6"
    },
    {
      "codigo": "55070",
      "action": "created",
      "productId": "69f5af968d645b58ce8e2652"
    },
    {
      "codigo": "55069",
      "action": "created",
      "productId": "69f5af978d645b58ce8e2654"
    },
    {
      "codigo": "55068",
      "action": "created",
      "productId": "69f5af978d645b58ce8e2b24"
    },
    {
      "codigo": "55067",
      "action": "created",
      "productId": "69f5af988d645b58ce8e2d8e"
    },
    {
      "codigo": "55066",
      "action": "created",
      "productId": "69f5af998d645b58ce8e2ff8"
    },
    {
      "codigo": "53106",
      "action": "skipped",
      "reason": "missing_price_usd"
    },
    {
      "codigo": "55064",
      "action": "created",
      "productId": "69f5af9a8d645b58ce8e3263"
    },
    {
      "codigo": "55065",
      "action": "created",
      "productId": "69f5af9a8d645b58ce8e3267"
    },
    {
      "codigo": "55000",
      "action": "created",
      "productId": "69f5af9c8d645b58ce8e3736"
    },
    {
      "codigo": "54999",
      "action": "created",
      "productId": "69f5af9c8d645b58ce8e39a4"
    },
    {
      "codigo": "54596",
      "action": "created",
      "productId": "69f5af9c8d645b58ce8e39a2"
    },
    {
      "codigo": "54944",
      "action": "created",
      "productId": "69f5af9d8d645b58ce8e3c0f"
    },
    {
      "codigo": "53771",
      "action": "created",
      "productId": "69f5af9d8d645b58ce8e40de"
    },
    {
      "codigo": "53770",
      "action": "created",
      "productId": "69f5af9e8d645b58ce8e4348"
    },
    {
      "codigo": "49004",
      "action": "created",
      "productId": "69f5af9f8d645b58ce8e45b2"
    },
    {
      "codigo": "53103",
      "action": "created",
      "productId": "69f5af9f8d645b58ce8e481c"
    },
    {
      "codigo": "52985",
      "action": "created",
      "productId": "69f5afa18d645b58ce8e4a86"
    },
    {
      "codigo": "52988",
      "action": "created",
      "productId": "69f5afa28d645b58ce8e4cf0"
    },
    {
      "codigo": "52982",
      "action": "created",
      "productId": "69f5afa38d645b58ce8e4f5a"
    },
    {
      "codigo": "52977",
      "action": "created",
      "productId": "69f5afa38d645b58ce8e51c6"
    },
    {
      "codigo": "52970",
      "action": "created",
      "productId": "69f5afa38d645b58ce8e51c8"
    },
    {
      "codigo": "52969",
      "action": "created",
      "productId": "69f5afa48d645b58ce8e5433"
    },
    {
      "codigo": "52972",
      "action": "created",
      "productId": "69f5afa48d645b58ce8e569d"
    },
    {
      "codigo": "52967",
      "action": "created",
      "productId": "69f5afa58d645b58ce8e5b6c"
    },
    {
      "codigo": "52966",
      "action": "created",
      "productId": "69f5afa68d645b58ce8e5dd6"
    },
    {
      "codigo": "46081",
      "action": "created",
      "productId": "69f5afa68d645b58ce8e6040"
    },
    {
      "codigo": "52952",
      "action": "created",
      "productId": "69f5afa78d645b58ce8e62aa"
    },
    {
      "codigo": "44312",
      "action": "created",
      "productId": "69f5afa88d645b58ce8e6518"
    },
    {
      "codigo": "52949",
      "action": "created",
      "productId": "69f5afa88d645b58ce8e6514"
    },
    {
      "codigo": "45218",
      "action": "created",
      "productId": "69f5afaa8d645b58ce8e69ea"
    },
    {
      "codigo": "45217",
      "action": "created",
      "productId": "69f5afaa8d645b58ce8e69ec"
    },
    {
      "codigo": "49017",
      "action": "skipped",
      "reason": "missing_price_usd"
    },
    {
      "codigo": "52690",
      "action": "created",
      "productId": "69f5afaa8d645b58ce8e6c57"
    },
    {
      "codigo": "50964",
      "action": "created",
      "productId": "69f5afab8d645b58ce8e7126"
    },
    {
      "codigo": "50435",
      "action": "created",
      "productId": "69f5afad8d645b58ce8e7390"
    },
    {
      "codigo": "50156",
      "action": "created",
      "productId": "69f5afad8d645b58ce8e7396"
    },
    {
      "codigo": "50145",
      "action": "created",
      "productId": "69f5afad8d645b58ce8e75fe"
    },
    {
      "codigo": "50136",
      "action": "created",
      "productId": "69f5afae8d645b58ce8e7ace"
    },
    {
      "codigo": "50436",
      "action": "created",
      "productId": "69f5afae8d645b58ce8e7d38"
    },
    {
      "codigo": "49802",
      "action": "created",
      "productId": "69f5afb08d645b58ce8e7fa2"
    },
    {
      "codigo": "50048",
      "action": "created",
      "productId": "69f5afb08d645b58ce8e820c"
    },
    {
      "codigo": "49001",
      "action": "created",
      "productId": "69f5afb18d645b58ce8e8476"
    },
    {
      "codigo": "48996",
      "action": "created",
      "productId": "69f5afb18d645b58ce8e86e0"
    },
    {
      "codigo": "49003",
      "action": "created",
      "productId": "69f5afb28d645b58ce8e894a"
    },
    {
      "codigo": "48901",
      "action": "created",
      "productId": "69f5afb38d645b58ce8e8bb4"
    },
    {
      "codigo": "48763",
      "action": "created",
      "productId": "69f5afb38d645b58ce8e8e1e"
    },
    {
      "codigo": "47492",
      "action": "created",
      "productId": "69f5afb38d645b58ce8e9088"
    },
    {
      "codigo": "47490",
      "action": "created",
      "productId": "69f5afb48d645b58ce8e92f3"
    },
    {
      "codigo": "47371",
      "action": "created",
      "productId": "69f5afb48d645b58ce8e92f7"
    },
    {
      "codigo": "47489",
      "action": "created",
      "productId": "69f5afb48d645b58ce8e9561"
    },
    {
      "codigo": "47370",
      "action": "created",
      "productId": "69f5afb68d645b58ce8e9a31"
    },
    {
      "codigo": "47487",
      "action": "created",
      "productId": "69f5afb68d645b58ce8e9a35"
    },
    {
      "codigo": "47383",
      "action": "created",
      "productId": "69f5afb68d645b58ce8e9c9f"
    },
    {
      "codigo": "47450",
      "action": "created",
      "productId": "69f5afb78d645b58ce8ea16e"
    },
    {
      "codigo": "47365",
      "action": "created",
      "productId": "69f5afb98d645b58ce8ea3d8"
    },
    {
      "codigo": "47295",
      "action": "created",
      "productId": "69f5afb98d645b58ce8ea642"
    },
    {
      "codigo": "47293",
      "action": "created",
      "productId": "69f5afba8d645b58ce8ea8ac"
    },
    {
      "codigo": "44311",
      "action": "skipped",
      "reason": "missing_price_usd"
    },
    {
      "codigo": "46542",
      "action": "created",
      "productId": "69f5afba8d645b58ce8eab18"
    },
    {
      "codigo": "47065",
      "action": "created",
      "productId": "69f5afba8d645b58ce8eab1e"
    },
    {
      "codigo": "44746",
      "action": "created",
      "productId": "69f5afba8d645b58ce8eab21"
    },
    {
      "codigo": "44332",
      "action": "created",
      "productId": "69f5afba8d645b58ce8eab23"
    },
    {
      "codigo": "44758",
      "action": "created",
      "productId": "69f5afbb8d645b58ce8eb4bf"
    },
    {
      "codigo": "44333",
      "action": "created",
      "productId": "69f5afbb8d645b58ce8eb4c3"
    },
    {
      "codigo": "44408",
      "action": "created",
      "productId": "69f5afbc8d645b58ce8eb992"
    },
    {
      "codigo": "41921",
      "action": "created",
      "productId": "69f5afbd8d645b58ce8ebbfc"
    },
    {
      "codigo": "44324",
      "action": "created",
      "productId": "69f5afbe8d645b58ce8ebe67"
    },
    {
      "codigo": "44307",
      "action": "created",
      "productId": "69f5afbe8d645b58ce8ebe6b"
    },
    {
      "codigo": "44331",
      "action": "created",
      "productId": "69f5afbe8d645b58ce8ebe6f"
    },
    {
      "codigo": "42245",
      "action": "created",
      "productId": "69f5afbf8d645b58ce8ec5a4"
    },
    {
      "codigo": "31125",
      "action": "created",
      "productId": "69f5afc08d645b58ce8ec810"
    },
    {
      "codigo": "42243",
      "action": "created",
      "productId": "69f5afc08d645b58ce8ec812"
    },
    {
      "codigo": "41901",
      "action": "created",
      "productId": "69f5afc18d645b58ce8ecce2"
    },
    {
      "codigo": "41197",
      "action": "created",
      "productId": "69f5afc18d645b58ce8ecf4c"
    },
    {
      "codigo": "36162",
      "action": "created",
      "productId": "69f5afc18d645b58ce8ed1b6"
    },
    {
      "codigo": "36151",
      "action": "created",
      "productId": "69f5afc18d645b58ce8ed420"
    },
    {
      "codigo": "38032",
      "action": "created",
      "productId": "69f5afc28d645b58ce8ed68a"
    },
    {
      "codigo": "35387",
      "action": "created",
      "productId": "69f5afc28d645b58ce8ed690"
    },
    {
      "codigo": "36153",
      "action": "created",
      "productId": "69f5afc28d645b58ce8ed8f9"
    },
    {
      "codigo": "36930",
      "action": "created",
      "productId": "69f5afc28d645b58ce8ed8fd"
    },
    {
      "codigo": "35191",
      "action": "created",
      "productId": "69f5afc38d645b58ce8ee032"
    },
    {
      "codigo": "35190",
      "action": "created",
      "productId": "69f5afc48d645b58ce8ee29c"
    },
    {
      "codigo": "35193",
      "action": "created",
      "productId": "69f5afc58d645b58ce8ee506"
    },
    {
      "codigo": "33860",
      "action": "skipped",
      "reason": "missing_price_usd"
    },
    {
      "codigo": "7963",
      "action": "created",
      "productId": "69f5afc58d645b58ce8ee770"
    },
    {
      "codigo": "33913",
      "action": "created",
      "productId": "69f5afc68d645b58ce8ee9da"
    },
    {
      "codigo": "35199",
      "action": "created",
      "productId": "69f5afc68d645b58ce8eec44"
    },
    {
      "codigo": "35201",
      "action": "created",
      "productId": "69f5afc78d645b58ce8eeeaf"
    },
    {
      "codigo": "33877",
      "action": "created",
      "productId": "69f5afc78d645b58ce8ef118"
    },
    {
      "codigo": "35194",
      "action": "created",
      "productId": "69f5afc78d645b58ce8ef11d"
    },
    {
      "codigo": "3072",
      "action": "created",
      "productId": "69f5afc88d645b58ce8ef5ec"
    },
    {
      "codigo": "33878",
      "action": "created",
      "productId": "69f5afc98d645b58ce8ef858"
    },
    {
      "codigo": "33867",
      "action": "created",
      "productId": "69f5afc98d645b58ce8ef85a"
    },
    {
      "codigo": "22073",
      "action": "created",
      "productId": "69f5afca8d645b58ce8efd2a"
    },
    {
      "codigo": "25621",
      "action": "created",
      "productId": "69f5afca8d645b58ce8eff94"
    },
    {
      "codigo": "33861",
      "action": "created",
      "productId": "69f5afcb8d645b58ce8f01ff"
    },
    {
      "codigo": "26189",
      "action": "created",
      "productId": "69f5afcb8d645b58ce8f0203"
    },
    {
      "codigo": "30145",
      "action": "created",
      "productId": "69f5afcb8d645b58ce8f046d"
    },
    {
      "codigo": "33571",
      "action": "created",
      "productId": "69f5afcb8d645b58ce8f093c"
    },
    {
      "codigo": "28455",
      "action": "created",
      "productId": "69f5afcd8d645b58ce8f0ba7"
    },
    {
      "codigo": "28357",
      "action": "created",
      "productId": "69f5afcd8d645b58ce8f0bab"
    },
    {
      "codigo": "21174",
      "action": "created",
      "productId": "69f5afcd8d645b58ce8f107a"
    },
    {
      "codigo": "23018",
      "action": "created",
      "productId": "69f5afce8d645b58ce8f12e6"
    },
    {
      "codigo": "19665",
      "action": "created",
      "productId": "69f5afce8d645b58ce8f12e8"
    },
    {
      "codigo": "22149",
      "action": "created",
      "productId": "69f5afce8d645b58ce8f1553"
    },
    {
      "codigo": "21173",
      "action": "created",
      "productId": "69f5afce8d645b58ce8f1a2a"
    },
    {
      "codigo": "21051",
      "action": "created",
      "productId": "69f5afcf8d645b58ce8f1c99"
    },
    {
      "codigo": "11214",
      "action": "created",
      "productId": "69f5afd08d645b58ce8f1f08"
    },
    {
      "codigo": "11615",
      "action": "created",
      "productId": "69f5afd18d645b58ce8f1f10"
    },
    {
      "codigo": "11614",
      "action": "created",
      "productId": "69f5afd18d645b58ce8f1f14"
    },
    {
      "codigo": "10742",
      "action": "created",
      "productId": "69f5afd18d645b58ce8f1f12"
    },
    {
      "codigo": "10290",
      "action": "created",
      "productId": "69f5afd18d645b58ce8f1f18"
    },
    {
      "codigo": "11215",
      "action": "created",
      "productId": "69f5afd28d645b58ce8f1f1c"
    },
    {
      "codigo": "42342",
      "action": "created",
      "productId": "69f5afd48d645b58ce8f1f20"
    },
    {
      "codigo": "49787",
      "action": "created",
      "productId": "69f5afd48d645b58ce8f1f24"
    },
    {
      "codigo": "12263",
      "action": "created",
      "productId": "69f5afd58d645b58ce8f1f28"
    },
    {
      "codigo": "30084",
      "action": "created",
      "productId": "69f5afd68d645b58ce8f1f2c"
    }
  ],
  "mirrorSummary": {
    "durationMs": 14482137,
    "productsCreated": 2864,
    "productsUpdated": 1613,
    "productsSkipped": 56,
    "productsErrors": 0,
    "imageImportFailures": 1,
    "skippedByReason": {
      "missing_price_usd": 56
    },
    "pruneReport": {
      "deactivatedCategories": 3,
      "deactivatedSubcategories": 15,
      "trimmedSpecDefinitions": 0,
      "skipped": false
    },
    "exportFrontendReport": {
      "ok": true,
      "path": "/Users/josiasnicolas02gmail.com/Documents/Zennelectronica/frontend/src/helpers/productCategory.js",
      "count": 12
    }
  }
}
[run-sync] Fin 2026-05-02T08:03:35.680Z
