[run-sync] Inicio 2026-05-04T23:38:12.393Z
[Visão mirror] Iniciando scrape espejo (puede tardar mucho)...
[Visão mirror] Lanzando Chromium (Puppeteer). La primera ejecución puede tardar más si descarga el navegador.
[Visão mirror] Fase menú: recorriendo el sitio (collectMenuHierarchy). Puede ir varios minutos sin más líneas; es normal.
[Visão mirror] Fase menú terminada: 82 filas brutas.
[Visão mirror] Filas de menú / listados: 82
[Visão mirror][LISTING] https://www.visaovip.com/es/busca/categoria/accesorios-para-hdssd/21-05 -> 0 URLs
[Visão mirror][LISTING] https://www.visaovip.com/es/busca/categoria/memorias/21-01 -> 360 URLs
[Visão mirror][LISTING] https://www.visaovip.com/es/busca/categoria/pendrive/21-04 -> 52 URLs
[Visão mirror][LISTING] https://www.visaovip.com/es/busca/categoria/ssd/21-03 -> 172 URLs
[Visão mirror][LISTING] https://www.visaovip.com/es/busca/categoria/accesorios/19-14 -> 8 URLs
[Visão mirror][LISTING] https://www.visaovip.com/es/busca/categoria/headset/19-10 -> 4 URLs
[Visão mirror][LISTING] https://www.visaovip.com/es/busca/categoria/imac/19-01 -> 0 URLs
[Visão mirror][LISTING] https://www.visaovip.com/es/busca/categoria/ipad/19-05 -> 6 URLs
[Visão mirror][LISTING] https://www.visaovip.com/es/busca/categoria/iphone/19-04 -> 35 URLs
[Visão mirror][LISTING] https://www.visaovip.com/es/busca/categoria/macbook/19-02 -> 12 URLs
[Visão mirror][LISTING] https://www.visaovip.com/es/busca/categoria/mini-pc/19-03 -> 1 URLs
[Visão mirror][LISTING] https://www.visaovip.com/es/busca/categoria/monitor/19-07 -> 0 URLs
[Visão mirror][LISTING] https://www.visaovip.com/es/busca/categoria/mouse-y-mousepad/19-08 -> 1 URLs
[Visão mirror][LISTING] https://www.visaovip.com/es/busca/categoria/rastreador-y-gps/19-13 -> 2 URLs
[Visão mirror][LISTING] https://www.visaovip.com/es/busca/categoria/smartwatch/19-06 -> 6 URLs
[Visão mirror][LISTING] https://www.visaovip.com/es/busca/categoria/speaker-y-micro-system/19-12 -> 0 URLs
[Visão mirror][LISTING] https://www.visaovip.com/es/busca/categoria/streaming-de-medios/19-11 -> 0 URLs
[Visão mirror][LISTING] https://www.visaovip.com/es/busca/categoria/teclado/19-09 -> 4 URLs
[Visão mirror][LISTING] https://www.visaovip.com/es/busca/categoria/accesorios-para-celulares/32-04 -> 18 URLs
[Visão mirror][LISTING] https://www.visaovip.com/es/busca/categoria/celulares/32-01 -> 126 URLs
[Visão mirror][LISTING] https://www.visaovip.com/es/busca/categoria/tablets/32-02 -> 64 URLs
[Visão mirror][LISTING] https://www.visaovip.com/es/busca/categoria/telefonos/32-03 -> 9 URLs
[Visão mirror][LISTING] https://www.visaovip.com/es/busca/categoria/accesorios-para-cooler/25-06 -> 6 URLs
[Visão mirror][LISTING] https://www.visaovip.com/es/busca/categoria/cooler-para-cpu/25-02 -> 12 URLs
[Visão mirror][LISTING] https://www.visaovip.com/es/busca/categoria/cooler-para-gabinete/25-04 -> 18 URLs
[Visão mirror][LISTING] https://www.visaovip.com/es/busca/categoria/cooler-para-notebook/25-05 -> 13 URLs
[Visão mirror][LISTING] https://www.visaovip.com/es/busca/categoria/water-cooler/25-01 -> 37 URLs
[Visão mirror][LISTING] https://www.visaovip.com/es/busca/categoria/audio/33-02 -> 155 URLs
[Visão mirror][LISTING] https://www.visaovip.com/es/busca/categoria/automatizacion-comercial/33-12 -> 50 URLs
[Visão mirror][LISTING] https://www.visaovip.com/es/busca/categoria/automotivos/33-09 -> 16 URLs
[Visão mirror][LISTING] https://www.visaovip.com/es/busca/categoria/deporte-y-actividad/33-07 -> 24 URLs
[Visão mirror][LISTING] https://www.visaovip.com/es/busca/categoria/energia/33-05 -> 87 URLs
[Visão mirror][LISTING] https://www.visaovip.com/es/busca/categoria/fotografias/33-04 -> 23 URLs
[Visão mirror][LISTING] https://www.visaovip.com/es/busca/categoria/games/33-10 -> 95 URLs
[Visão mirror][LISTING] https://www.visaovip.com/es/busca/categoria/hogar-y-decoracion/33-08 -> 143 URLs
[Visão mirror][LISTING] https://www.visaovip.com/es/busca/categoria/monitoreo-y-seguridad/33-11 -> 148 URLs
[Visão mirror][LISTING] https://www.visaovip.com/es/busca/categoria/reloj-inteligente-y-accesorios/33-01 -> 134 URLs
[Visão mirror][LISTING] https://www.visaovip.com/es/busca/categoria/salud-y-belleza/33-06 -> 25 URLs
[Visão mirror][LISTING] https://www.visaovip.com/es/busca/categoria/tv-y-video/33-03 -> 133 URLs
[Visão mirror][LISTING] https://www.visaovip.com/es/busca/categoria/cartuchos-toners-y-cintas/29-02 -> 87 URLs
[Visão mirror][LISTING] https://www.visaovip.com/es/busca/categoria/escaner/29-03 -> 0 URLs
[Visão mirror][LISTING] https://www.visaovip.com/es/busca/categoria/impresoras/29-01 -> 64 URLs
[Visão mirror][LISTING] https://www.visaovip.com/es/busca/categoria/computadoras/20-02 -> 3 URLs
[Visão mirror][LISTING] https://www.visaovip.com/es/busca/categoria/fuente-cargador-y-baterias-para-notebook/20-07 -> 3 URLs
[Visão mirror][LISTING] https://www.visaovip.com/es/busca/categoria/mini-pc/20-05 -> 34 URLs
[Visão mirror][LISTING] https://www.visaovip.com/es/busca/categoria/notebook/20-03 -> 140 URLs
[Visão mirror][LISTING] https://www.visaovip.com/es/busca/categoria/pc-montado/20-06 -> 34 URLs
[Visão mirror][LISTING] https://www.visaovip.com/es/busca/categoria/accesorios-gamer/30-01 -> 18 URLs
[Visão mirror][LISTING] https://www.visaovip.com/es/busca/categoria/anteojos-de-proteccion/30-23 -> 0 URLs
[Visão mirror][LISTING] https://www.visaovip.com/es/busca/categoria/auriculares-y-accesorios/30-05 -> 239 URLs
[Visão mirror][LISTING] https://www.visaovip.com/es/busca/categoria/cables-y-adaptadores/30-09 -> 141 URLs
[Visão mirror][LISTING] https://www.visaovip.com/es/busca/categoria/filtro-de-linea-y-extension/30-11 -> 21 URLs
[Visão mirror][LISTING] https://www.visaovip.com/es/busca/categoria/gravadores-y-lectores-cd-dvd-blu-ray/30-12 -> 1 URLs
[Visão mirror][LISTING] https://www.visaovip.com/es/busca/categoria/limpieza-y-mantenimiento/30-21 -> 12 URLs
[Visão mirror][LISTING] https://www.visaovip.com/es/busca/categoria/mesa-de-diseno/30-17 -> 0 URLs
[Visão mirror][LISTING] https://www.visaovip.com/es/busca/categoria/microfono/30-07 -> 20 URLs
[Visão mirror][LISTING] https://www.visaovip.com/es/busca/categoria/mochilas-fundas-y-maletas/30-10 -> 30 URLs
[Visão mirror][LISTING] https://www.visaovip.com/es/busca/categoria/mouse/30-03 -> 116 URLs
[Visão mirror][LISTING] https://www.visaovip.com/es/busca/categoria/mousepad-y-teclado-pad/30-04 -> 25 URLs
[Visão mirror][LISTING] https://www.visaovip.com/es/busca/categoria/nobreak-ups-y-estabilizadores/30-14 -> 47 URLs
[Visão mirror][LISTING] https://www.visaovip.com/es/busca/categoria/placa-captura-de-video/30-18 -> 3 URLs
[Visão mirror][LISTING] https://www.visaovip.com/es/busca/categoria/placa-de-sonido/30-20 -> 2 URLs
[Visão mirror][LISTING] https://www.visaovip.com/es/busca/categoria/placa-pci/30-19 -> 9 URLs
[Visão mirror][LISTING] https://www.visaovip.com/es/busca/categoria/proyectores-y-accesorios/30-15 -> 24 URLs
[Visão mirror][LISTING_RETRY] intento 1/3 falló en https://www.visaovip.com/es/busca/categoria/hd/21-02: Runtime.callFunctionOn timed out. Increase the 'protocolTimeout' setting in launch/connect calls for a higher timeout if needed.
[Visão mirror][LISTING] https://www.visaovip.com/es/busca/categoria/servidores/30-16 -> 17 URLs
[Visão mirror][LISTING] https://www.visaovip.com/es/busca/categoria/soporte-para-monitores/30-13 -> 20 URLs
[Visão mirror][LISTING] https://www.visaovip.com/es/busca/categoria/hd/21-02 -> 100 URLs
[Visão mirror][LISTING] https://www.visaovip.com/es/busca/categoria/webcam/30-06 -> 3 URLs
[Visão mirror][LISTING] https://www.visaovip.com/es/busca/categoria/mb-amd/22-02 -> 168 URLs
[Visão mirror][LISTING] https://www.visaovip.com/es/busca/categoria/mb-intel/22-01 -> 107 URLs
[Visão mirror][LISTING] https://www.visaovip.com/es/busca/categoria/cpu-amd/24-02 -> 38 URLs
[Visão mirror][LISTING] https://www.visaovip.com/es/busca/categoria/cpu-intel/24-01 -> 45 URLs
[Visão mirror][LISTING] https://www.visaovip.com/es/busca/categoria/cpu-oem/24-03 -> 59 URLs
[Visão mirror][LISTING] https://www.visaovip.com/es/busca/categoria/adaptadores-wifi-y-bluetooth/31-02 -> 28 URLs
[Visão mirror][LISTING] https://www.visaovip.com/es/busca/categoria/alicate-y-decapitador/31-05 -> 0 URLs
[Visão mirror][LISTING] https://www.visaovip.com/es/busca/categoria/cables-de-red-y-conectores/31-03 -> 18 URLs
[Visão mirror][LISTING] https://www.visaovip.com/es/busca/categoria/hub/31-04 -> 99 URLs
[Visão mirror][LISTING] https://www.visaovip.com/es/busca/categoria/router-y-repetidor/31-01 -> 142 URLs
[Visão mirror][LISTING] https://www.visaovip.com/es/busca/categoria/vga-intel/23-03 -> 0 URLs
[Visão mirror][LISTING] https://www.visaovip.com/es/busca/categoria/vga-nvidia/23-01 -> 108 URLs
[Visão mirror][LISTING] https://www.visaovip.com/es/busca/categoria/vga-radeon/23-02 -> 35 URLs
[Visão mirror][LISTING_RETRY] intento 1/3 falló en https://www.visaovip.com/es/busca/categoria/teclados/30-02: Node is either not clickable or not an Element
[Visão mirror][LISTING] https://www.visaovip.com/es/busca/categoria/teclados/30-02 -> 163 URLs
[Visão mirror] URLs únicas de producto (PDP): 4222
[Visão mirror][PDP] Inicio scrape de 4222 PDP (workers=6, log cada 20 completados)…
[Visão mirror][PDP] 1/4222 PDP scrapeados…
[Visão mirror][PDP] 20/4222 PDP scrapeados…
[Visão mirror][PDP] 40/4222 PDP scrapeados…
[Visão mirror][PDP] 60/4222 PDP scrapeados…
[Visão mirror][PDP] 80/4222 PDP scrapeados…
[Visão mirror][PDP] 100/4222 PDP scrapeados…
[Visão mirror][PDP] 120/4222 PDP scrapeados…
[Visão mirror][PDP] 140/4222 PDP scrapeados…
[Visão mirror][PDP] 160/4222 PDP scrapeados…
[Visão mirror][PDP] 180/4222 PDP scrapeados…
[Visão mirror][PDP] 200/4222 PDP scrapeados…
[Visão mirror][PDP] 220/4222 PDP scrapeados…
[Visão mirror][PDP] 240/4222 PDP scrapeados…
[Visão mirror][PDP] 260/4222 PDP scrapeados…
[Visão mirror][PDP] 280/4222 PDP scrapeados…
[Visão mirror][PDP] 300/4222 PDP scrapeados…
[Visão mirror][PDP] 320/4222 PDP scrapeados…
[Visão mirror][PDP] 340/4222 PDP scrapeados…
[Visão mirror][PDP] 360/4222 PDP scrapeados…
[Visão mirror][PDP] 380/4222 PDP scrapeados…
[Visão mirror][PDP] 400/4222 PDP scrapeados…
[Visão mirror][PDP] 420/4222 PDP scrapeados…
[Visão mirror][PDP] 440/4222 PDP scrapeados…
[Visão mirror][PDP] 460/4222 PDP scrapeados…
[Visão mirror][PDP] 480/4222 PDP scrapeados…
[Visão mirror][PDP] 500/4222 PDP scrapeados…
[Visão mirror][PDP] 520/4222 PDP scrapeados…
[Visão mirror][PDP] 540/4222 PDP scrapeados…
[Visão mirror][PDP] 560/4222 PDP scrapeados…
[Visão mirror][PDP] 580/4222 PDP scrapeados…
[Visão mirror][PDP] 600/4222 PDP scrapeados…
[Visão mirror][PDP] 620/4222 PDP scrapeados…
[Visão mirror][PDP] 640/4222 PDP scrapeados…
[Visão mirror][PDP] 660/4222 PDP scrapeados…
[Visão mirror][PDP] 680/4222 PDP scrapeados…
[Visão mirror][PDP] 700/4222 PDP scrapeados…
[Visão mirror][PDP] 720/4222 PDP scrapeados…
[Visão mirror][PDP] 740/4222 PDP scrapeados…
[Visão mirror][PDP] 760/4222 PDP scrapeados…
[Visão mirror][PDP] 780/4222 PDP scrapeados…
[Visão mirror][PDP] 800/4222 PDP scrapeados…
[Visão mirror][PDP] 820/4222 PDP scrapeados…
[Visão mirror][PDP] 840/4222 PDP scrapeados…
[Visão mirror][PDP] 860/4222 PDP scrapeados…
[Visão mirror][PDP] 880/4222 PDP scrapeados…
[Visão mirror][PDP] 900/4222 PDP scrapeados…
[Visão mirror][PDP] 920/4222 PDP scrapeados…
[Visão mirror][PDP] 940/4222 PDP scrapeados…
[Visão mirror][PDP] 960/4222 PDP scrapeados…
[Visão mirror][PDP] 980/4222 PDP scrapeados…
[Visão mirror][PDP] 1000/4222 PDP scrapeados…
[Visão mirror][PDP] 1020/4222 PDP scrapeados…
[Visão mirror][PDP] 1040/4222 PDP scrapeados…
[Visão mirror][PDP] 1060/4222 PDP scrapeados…
[Visão mirror][PDP] 1080/4222 PDP scrapeados…
[Visão mirror][PDP] 1100/4222 PDP scrapeados…
[Visão mirror][PDP] 1120/4222 PDP scrapeados…
[Visão mirror][PDP] 1140/4222 PDP scrapeados…
[Visão mirror][PDP] 1160/4222 PDP scrapeados…
[Visão mirror][PDP] 1180/4222 PDP scrapeados…
[Visão mirror][PDP] 1200/4222 PDP scrapeados…
[Visão mirror][PDP] 1220/4222 PDP scrapeados…
[Visão mirror][PDP] 1240/4222 PDP scrapeados…
[Visão mirror][PDP] 1260/4222 PDP scrapeados…
[Visão mirror][PDP] 1280/4222 PDP scrapeados…
[Visão mirror][PDP] 1300/4222 PDP scrapeados…
[Visão mirror][PDP] 1320/4222 PDP scrapeados…
[Visão mirror][PDP] 1340/4222 PDP scrapeados…
[Visão mirror][PDP] 1360/4222 PDP scrapeados…
[Visão mirror][PDP] 1380/4222 PDP scrapeados…
[Visão mirror][PDP] 1400/4222 PDP scrapeados…
[Visão mirror][PDP] 1420/4222 PDP scrapeados…
[Visão mirror][PDP] 1440/4222 PDP scrapeados…
[Visão mirror][PDP] 1460/4222 PDP scrapeados…
[Visão mirror][PDP] 1480/4222 PDP scrapeados…
[Visão mirror][PDP] 1500/4222 PDP scrapeados…
[Visão mirror][PDP] 1520/4222 PDP scrapeados…
[Visão mirror][PDP] 1540/4222 PDP scrapeados…
[Visão mirror][PDP] 1560/4222 PDP scrapeados…
[Visão mirror][PDP] 1580/4222 PDP scrapeados…
[Visão mirror][PDP] 1600/4222 PDP scrapeados…
[Visão mirror][PDP] 1620/4222 PDP scrapeados…
[Visão mirror][PDP] 1640/4222 PDP scrapeados…
[Visão mirror][PDP] 1660/4222 PDP scrapeados…
[Visão mirror][PDP] 1680/4222 PDP scrapeados…
[Visão mirror][PDP] 1700/4222 PDP scrapeados…
[Visão mirror][PDP] 1720/4222 PDP scrapeados…
[Visão mirror][PDP] 1740/4222 PDP scrapeados…
[Visão mirror][PDP] 1760/4222 PDP scrapeados…
[Visão mirror][PDP] 1780/4222 PDP scrapeados…
[Visão mirror][PDP] 1800/4222 PDP scrapeados…
[Visão mirror][PDP] 1820/4222 PDP scrapeados…
[Visão mirror][PDP] 1840/4222 PDP scrapeados…
[Visão mirror][PDP] 1860/4222 PDP scrapeados…
[Visão mirror][PDP] 1880/4222 PDP scrapeados…
[Visão mirror][PDP] 1900/4222 PDP scrapeados…
[Visão mirror][PDP] 1920/4222 PDP scrapeados…
[Visão mirror][PDP] 1940/4222 PDP scrapeados…
[Visão mirror][PDP] 1960/4222 PDP scrapeados…
[Visão mirror][PDP] 1980/4222 PDP scrapeados…
[Visão mirror][PDP] 2000/4222 PDP scrapeados…
[Visão mirror][PDP] 2020/4222 PDP scrapeados…
[Visão mirror][PDP] 2040/4222 PDP scrapeados…
[Visão mirror][PDP] 2060/4222 PDP scrapeados…
[Visão mirror][PDP] 2080/4222 PDP scrapeados…
[Visão mirror][PDP] 2100/4222 PDP scrapeados…
[Visão mirror][PDP] 2120/4222 PDP scrapeados…
[Visão mirror][PDP] 2140/4222 PDP scrapeados…
[Visão mirror][PDP] 2160/4222 PDP scrapeados…
[Visão mirror][PDP] 2180/4222 PDP scrapeados…
[Visão mirror][PDP] 2200/4222 PDP scrapeados…
[Visão mirror][PDP] 2220/4222 PDP scrapeados…
[Visão mirror][PDP] 2240/4222 PDP scrapeados…
[Visão mirror][PDP] 2260/4222 PDP scrapeados…
[Visão mirror][PDP] 2280/4222 PDP scrapeados…
[Visão mirror][PDP] 2300/4222 PDP scrapeados…
[Visão mirror][PDP] 2320/4222 PDP scrapeados…
[Visão mirror][PDP] 2340/4222 PDP scrapeados…
[Visão mirror][PDP] 2360/4222 PDP scrapeados…
[Visão mirror][PDP] 2380/4222 PDP scrapeados…
[Visão mirror][PDP] 2400/4222 PDP scrapeados…
[Visão mirror][PDP] 2420/4222 PDP scrapeados…
[Visão mirror][PDP] 2440/4222 PDP scrapeados…
[Visão mirror][PDP] 2460/4222 PDP scrapeados…
[Visão mirror][PDP] 2480/4222 PDP scrapeados…
[Visão mirror][PDP] 2500/4222 PDP scrapeados…
[Visão mirror][PDP] 2520/4222 PDP scrapeados…
[Visão mirror][PDP] 2540/4222 PDP scrapeados…
[Visão mirror][PDP] 2560/4222 PDP scrapeados…
[Visão mirror][PDP] 2580/4222 PDP scrapeados…
[Visão mirror][PDP] 2600/4222 PDP scrapeados…
[Visão mirror][PDP] 2620/4222 PDP scrapeados…
[Visão mirror][PDP] 2640/4222 PDP scrapeados…
[Visão mirror][PDP] 2660/4222 PDP scrapeados…
[Visão mirror][PDP] 2680/4222 PDP scrapeados…
[Visão mirror][PDP] 2700/4222 PDP scrapeados…
[Visão mirror][PDP] 2720/4222 PDP scrapeados…
[Visão mirror][PDP] 2740/4222 PDP scrapeados…
[Visão mirror][PDP] 2760/4222 PDP scrapeados…
[Visão mirror][PDP] 2780/4222 PDP scrapeados…
[Visão mirror][PDP] 2800/4222 PDP scrapeados…
[Visão mirror][PDP] 2820/4222 PDP scrapeados…
[Visão mirror][PDP] 2840/4222 PDP scrapeados…
[Visão mirror][PDP] 2860/4222 PDP scrapeados…
[Visão mirror][PDP] 2880/4222 PDP scrapeados…
[Visão mirror][PDP] 2900/4222 PDP scrapeados…
[Visão mirror][PDP] 2920/4222 PDP scrapeados…
[Visão mirror][PDP] 2940/4222 PDP scrapeados…
[Visão mirror][PDP] 2960/4222 PDP scrapeados…
[Visão mirror][PDP] 2980/4222 PDP scrapeados…
[Visão mirror][PDP] 3000/4222 PDP scrapeados…
[Visão mirror][PDP] 3020/4222 PDP scrapeados…
[Visão mirror][PDP] 3040/4222 PDP scrapeados…
[Visão mirror][PDP] 3060/4222 PDP scrapeados…
[Visão mirror][PDP] 3080/4222 PDP scrapeados…
[Visão mirror][PDP] 3100/4222 PDP scrapeados…
[Visão mirror][PDP] 3120/4222 PDP scrapeados…
[Visão mirror][PDP] 3140/4222 PDP scrapeados…
[Visão mirror][PDP] 3160/4222 PDP scrapeados…
[Visão mirror][PDP] 3180/4222 PDP scrapeados…
[Visão mirror][PDP] 3200/4222 PDP scrapeados…
[Visão mirror][PDP] 3220/4222 PDP scrapeados…
[Visão mirror][PDP] 3240/4222 PDP scrapeados…
[Visão mirror][PDP] 3260/4222 PDP scrapeados…
[Visão mirror][PDP] 3280/4222 PDP scrapeados…
[Visão mirror][PDP] 3300/4222 PDP scrapeados…
[Visão mirror][PDP] 3320/4222 PDP scrapeados…
[Visão mirror][PDP] 3340/4222 PDP scrapeados…
[Visão mirror][PDP] 3360/4222 PDP scrapeados…
[Visão mirror][PDP] 3380/4222 PDP scrapeados…
[Visão mirror][PDP] 3400/4222 PDP scrapeados…
[Visão mirror][PDP] 3420/4222 PDP scrapeados…
[Visão mirror][PDP] 3440/4222 PDP scrapeados…
[Visão mirror][PDP] 3460/4222 PDP scrapeados…
[Visão mirror][PDP] 3480/4222 PDP scrapeados…
[Visão mirror][PDP] 3500/4222 PDP scrapeados…
[Visão mirror][PDP] 3520/4222 PDP scrapeados…
[Visão mirror][PDP] 3540/4222 PDP scrapeados…
[Visão mirror][PDP] 3560/4222 PDP scrapeados…
[Visão mirror][PDP] 3580/4222 PDP scrapeados…
[Visão mirror][PDP] 3600/4222 PDP scrapeados…
[Visão mirror][PDP] 3620/4222 PDP scrapeados…
[Visão mirror][PDP] 3640/4222 PDP scrapeados…
[Visão mirror][PDP] 3660/4222 PDP scrapeados…
[Visão mirror][PDP] 3680/4222 PDP scrapeados…
[Visão mirror][PDP] 3700/4222 PDP scrapeados…
[Visão mirror][PDP] 3720/4222 PDP scrapeados…
[Visão mirror][PDP] 3740/4222 PDP scrapeados…
[Visão mirror][PDP] 3760/4222 PDP scrapeados…
[Visão mirror][PDP] 3780/4222 PDP scrapeados…
[Visão mirror][PDP] 3800/4222 PDP scrapeados…
[Visão mirror][PDP] 3820/4222 PDP scrapeados…
[Visão mirror][PDP] 3840/4222 PDP scrapeados…
[Visão mirror][PDP] 3860/4222 PDP scrapeados…
[Visão mirror][PDP] 3880/4222 PDP scrapeados…
[Visão mirror][PDP] 3900/4222 PDP scrapeados…
[Visão mirror][PDP] 3920/4222 PDP scrapeados…
[Visão mirror][PDP] 3940/4222 PDP scrapeados…
[Visão mirror][PDP] 3960/4222 PDP scrapeados…
[Visão mirror][PDP] 3980/4222 PDP scrapeados…
[Visão mirror][PDP] 4000/4222 PDP scrapeados…
[Visão mirror][PDP] 4020/4222 PDP scrapeados…
[Visão mirror][PDP] 4040/4222 PDP scrapeados…
[Visão mirror][PDP] 4060/4222 PDP scrapeados…
[Visão mirror][PDP] 4080/4222 PDP scrapeados…
[Visão mirror][PDP] 4100/4222 PDP scrapeados…
[Visão mirror][PDP] 4120/4222 PDP scrapeados…
[Visão mirror][PDP] 4140/4222 PDP scrapeados…
[Visão mirror][PDP] 4160/4222 PDP scrapeados…
[Visão mirror][PDP] 4180/4222 PDP scrapeados…
[Visão mirror][PDP] 4193/4222 PDP scrapeados…
[Visão mirror][PDP] 4194/4222 PDP scrapeados…
[Visão mirror][PDP] 4195/4222 PDP scrapeados…
[Visão mirror][PDP] 4196/4222 PDP scrapeados…
[Visão mirror][PDP] 4197/4222 PDP scrapeados…
[Visão mirror][PDP] 4198/4222 PDP scrapeados…
[Visão mirror][PDP] 4199/4222 PDP scrapeados…
[Visão mirror][PDP] 4200/4222 PDP scrapeados…
[Visão mirror][PDP] 4201/4222 PDP scrapeados…
[Visão mirror][PDP] 4202/4222 PDP scrapeados…
[Visão mirror][PDP] 4203/4222 PDP scrapeados…
[Visão mirror][PDP] 4204/4222 PDP scrapeados…
[Visão mirror][PDP] 4205/4222 PDP scrapeados…
[Visão mirror][PDP] 4206/4222 PDP scrapeados…
[Visão mirror][PDP] 4207/4222 PDP scrapeados…
[Visão mirror][PDP] 4208/4222 PDP scrapeados…
[Visão mirror][PDP] 4209/4222 PDP scrapeados…
[Visão mirror][PDP] 4210/4222 PDP scrapeados…
[Visão mirror][PDP] 4211/4222 PDP scrapeados…
[Visão mirror][PDP] 4212/4222 PDP scrapeados…
[Visão mirror][PDP] 4213/4222 PDP scrapeados…
[Visão mirror][PDP] 4214/4222 PDP scrapeados…
[Visão mirror][PDP] 4215/4222 PDP scrapeados…
[Visão mirror][PDP] 4216/4222 PDP scrapeados…
[Visão mirror][PDP] 4217/4222 PDP scrapeados…
[Visão mirror][PDP] 4218/4222 PDP scrapeados…
[Visão mirror][PDP] 4219/4222 PDP scrapeados…
[Visão mirror][PDP] 4220/4222 PDP scrapeados…
[Visão mirror][PDP] 4221/4222 PDP scrapeados…
[Visão mirror][PDP] 4222/4222 PDP scrapeados…
[INICIO] Categorías únicas en menú: 12. Filas menú (sub-rutas listado): 82. Productos PDP a procesar: 4222.
[Visão mirror] Scrape terminó: 4222 PDP, 82 filas menú.
[Visão mirror] Prep árbol categorías: { categoriesTouched: 0, uniqueCategories: 12 }
[Visão mirror] Árbol navegación Visão (visaoNavigationTree): { categoriesWithTree: 12, rootsBuilt: 12 }
[SYNC][TAXONOMÍA] codigo=56280 segment PDP="memoria-ram-notebook" no aparece en listado/migas asignados (cv=almacenamiento sv=almacenamiento__memorias__21). Re-ejecutá mirror completo tras actualizar scraper.
[SYNC][TAXONOMÍA] codigo=55572 segment PDP="memoria-ram-pc" no aparece en listado/migas asignados (cv=almacenamiento sv=almacenamiento__memorias__21). Re-ejecutá mirror completo tras actualizar scraper.
[SYNC][TAXONOMÍA] codigo=51263 segment PDP="memoria-ram-pc" no aparece en listado/migas asignados (cv=almacenamiento sv=almacenamiento__memorias__21). Re-ejecutá mirror completo tras actualizar scraper.
[SYNC][TAXONOMÍA] codigo=55111 segment PDP="memoria-sd-msd-y-stick" no aparece en listado/migas asignados (cv=almacenamiento sv=almacenamiento__memorias__21). Re-ejecutá mirror completo tras actualizar scraper.
[SYNC][TAXONOMÍA] codigo=53067 segment PDP="memoria-sd-msd-y-stick" no aparece en listado/migas asignados (cv=almacenamiento sv=almacenamiento__memorias__21). Re-ejecutá mirror completo tras actualizar scraper.
[SYNC][TAXONOMÍA] codigo=52186 segment PDP="memoria-sd-msd-y-stick" no aparece en listado/migas asignados (cv=almacenamiento sv=almacenamiento__memorias__21). Re-ejecutá mirror completo tras actualizar scraper.
[SYNC][TAXONOMÍA] codigo=52769 segment PDP="memoria-sd-msd-y-stick" no aparece en listado/migas asignados (cv=almacenamiento sv=almacenamiento__memorias__21). Re-ejecutá mirror completo tras actualizar scraper.
[SYNC][TAXONOMÍA] codigo=57926 segment PDP="memoria-ram-pc" no aparece en listado/migas asignados (cv=almacenamiento sv=almacenamiento__memorias__21). Re-ejecutá mirror completo tras actualizar scraper.
[SYNC][TAXONOMÍA] codigo=57817 segment PDP="memoria-sd-msd-y-stick" no aparece en listado/migas asignados (cv=almacenamiento sv=almacenamiento__memorias__21). Re-ejecutá mirror completo tras actualizar scraper.
[SYNC][TAXONOMÍA] codigo=57816 segment PDP="memoria-sd-msd-y-stick" no aparece en listado/migas asignados (cv=almacenamiento sv=almacenamiento__memorias__21). Re-ejecutá mirror completo tras actualizar scraper.
[SYNC][TAXONOMÍA] codigo=57815 segment PDP="memoria-sd-msd-y-stick" no aparece en listado/migas asignados (cv=almacenamiento sv=almacenamiento__memorias__21). Re-ejecutá mirror completo tras actualizar scraper.
[SYNC][TAXONOMÍA] codigo=57814 segment PDP="memoria-sd-msd-y-stick" no aparece en listado/migas asignados (cv=almacenamiento sv=almacenamiento__memorias__21). Re-ejecutá mirror completo tras actualizar scraper.
[SYNC][TAXONOMÍA] codigo=57757 segment PDP="memoria-ram-notebook" no aparece en listado/migas asignados (cv=almacenamiento sv=almacenamiento__memorias__21). Re-ejecutá mirror completo tras actualizar scraper.
[SYNC][TAXONOMÍA] codigo=57751 segment PDP="memoria-ram-pc" no aparece en listado/migas asignados (cv=almacenamiento sv=almacenamiento__memorias__21). Re-ejecutá mirror completo tras actualizar scraper.
[SYNC][TAXONOMÍA] codigo=57750 segment PDP="memoria-ram-pc" no aparece en listado/migas asignados (cv=almacenamiento sv=almacenamiento__memorias__21). Re-ejecutá mirror completo tras actualizar scraper.
[SYNC][TAXONOMÍA] codigo=57749 segment PDP="memoria-ram-pc" no aparece en listado/migas asignados (cv=almacenamiento sv=almacenamiento__memorias__21). Re-ejecutá mirror completo tras actualizar scraper.
[SYNC][TAXONOMÍA] codigo=57748 segment PDP="memoria-ram-pc" no aparece en listado/migas asignados (cv=almacenamiento sv=almacenamiento__memorias__21). Re-ejecutá mirror completo tras actualizar scraper.
[SYNC][TAXONOMÍA] codigo=57606 segment PDP="memoria-ram-notebook" no aparece en listado/migas asignados (cv=almacenamiento sv=almacenamiento__memorias__21). Re-ejecutá mirror completo tras actualizar scraper.
[SYNC][TAXONOMÍA] codigo=57605 segment PDP="memoria-ram-pc" no aparece en listado/migas asignados (cv=almacenamiento sv=almacenamiento__memorias__21). Re-ejecutá mirror completo tras actualizar scraper.
[SYNC][TAXONOMÍA] codigo=57527 segment PDP="memoria-sd-msd-y-stick" no aparece en listado/migas asignados (cv=almacenamiento sv=almacenamiento__memorias__21). Re-ejecutá mirror completo tras actualizar scraper.
[SYNC][TAXONOMÍA] codigo=57526 segment PDP="memoria-sd-msd-y-stick" no aparece en listado/migas asignados (cv=almacenamiento sv=almacenamiento__memorias__21). Re-ejecutá mirror completo tras actualizar scraper.
[SYNC][TAXONOMÍA] codigo=57425 segment PDP="memoria-ram-pc" no aparece en listado/migas asignados (cv=almacenamiento sv=almacenamiento__memorias__21). Re-ejecutá mirror completo tras actualizar scraper.
[SYNC][TAXONOMÍA] codigo=57015 segment PDP="memoria-ram-notebook" no aparece en listado/migas asignados (cv=almacenamiento sv=almacenamiento__memorias__21). Re-ejecutá mirror completo tras actualizar scraper.
[SYNC][TAXONOMÍA] codigo=56910 segment PDP="memoria-ram-pc" no aparece en listado/migas asignados (cv=almacenamiento sv=almacenamiento__memorias__21). Re-ejecutá mirror completo tras actualizar scraper.
[SYNC][TAXONOMÍA] codigo=56908 segment PDP="memoria-ram-pc" no aparece en listado/migas asignados (cv=almacenamiento sv=almacenamiento__memorias__21). Re-ejecutá mirror completo tras actualizar scraper.
[SYNC][TAXONOMÍA] codigo=56711 segment PDP="memoria-ram-pc" no aparece en listado/migas asignados (cv=almacenamiento sv=almacenamiento__memorias__21). Re-ejecutá mirror completo tras actualizar scraper.
[SYNC][TAXONOMÍA] codigo=56710 segment PDP="memoria-ram-pc" no aparece en listado/migas asignados (cv=almacenamiento sv=almacenamiento__memorias__21). Re-ejecutá mirror completo tras actualizar scraper.
[SYNC][TAXONOMÍA] codigo=56539 segment PDP="memoria-ram-pc" no aparece en listado/migas asignados (cv=almacenamiento sv=almacenamiento__memorias__21). Re-ejecutá mirror completo tras actualizar scraper.
[SYNC][TAXONOMÍA] codigo=56538 segment PDP="memoria-sd-msd-y-stick" no aparece en listado/migas asignados (cv=almacenamiento sv=almacenamiento__memorias__21). Re-ejecutá mirror completo tras actualizar scraper.
[SYNC][TAXONOMÍA] codigo=56535 segment PDP="memoria-ram-pc" no aparece en listado/migas asignados (cv=almacenamiento sv=almacenamiento__memorias__21). Re-ejecutá mirror completo tras actualizar scraper.
[SYNC][TAXONOMÍA] codigo=56534 segment PDP="memoria-ram-pc" no aparece en listado/migas asignados (cv=almacenamiento sv=almacenamiento__memorias__21). Re-ejecutá mirror completo tras actualizar scraper.
[SYNC][TAXONOMÍA] codigo=56533 segment PDP="memoria-ram-pc" no aparece en listado/migas asignados (cv=almacenamiento sv=almacenamiento__memorias__21). Re-ejecutá mirror completo tras actualizar scraper.
[SYNC][TAXONOMÍA] codigo=56532 segment PDP="memoria-ram-pc" no aparece en listado/migas asignados (cv=almacenamiento sv=almacenamiento__memorias__21). Re-ejecutá mirror completo tras actualizar scraper.
[SYNC][TAXONOMÍA] codigo=56434 segment PDP="memoria-sd-msd-y-stick" no aparece en listado/migas asignados (cv=almacenamiento sv=almacenamiento__memorias__21). Re-ejecutá mirror completo tras actualizar scraper.
[SYNC][TAXONOMÍA] codigo=56398 segment PDP="memoria-ram-pc" no aparece en listado/migas asignados (cv=almacenamiento sv=almacenamiento__memorias__21). Re-ejecutá mirror completo tras actualizar scraper.
[SYNC][TAXONOMÍA] codigo=56292 segment PDP="memoria-ram-pc" no aparece en listado/migas asignados (cv=almacenamiento sv=almacenamiento__memorias__21). Re-ejecutá mirror completo tras actualizar scraper.
[SYNC][TAXONOMÍA] codigo=56210 segment PDP="memoria-sd-msd-y-stick" no aparece en listado/migas asignados (cv=almacenamiento sv=almacenamiento__memorias__21). Re-ejecutá mirror completo tras actualizar scraper.
[SYNC][TAXONOMÍA] codigo=56186 segment PDP="memoria-ram-pc" no aparece en listado/migas asignados (cv=almacenamiento sv=almacenamiento__memorias__21). Re-ejecutá mirror completo tras actualizar scraper.
[SYNC][TAXONOMÍA] codigo=56174 segment PDP="memoria-ram-pc" no aparece en listado/migas asignados (cv=almacenamiento sv=almacenamiento__memorias__21). Re-ejecutá mirror completo tras actualizar scraper.
[SYNC][TAXONOMÍA] codigo=56106 segment PDP="memoria-ram-pc" no aparece en listado/migas asignados (cv=almacenamiento sv=almacenamiento__memorias__21). Re-ejecutá mirror completo tras actualizar scraper.
[SYNC][TAXONOMÍA] codigo=56105 segment PDP="memoria-ram-pc" no aparece en listado/migas asignados (cv=almacenamiento sv=almacenamiento__memorias__21). Re-ejecutá mirror completo tras actualizar scraper.
[SYNC][TAXONOMÍA] codigo=55570 segment PDP="memoria-ram-pc" no aparece en listado/migas asignados (cv=almacenamiento sv=almacenamiento__memorias__21). Re-ejecutá mirror completo tras actualizar scraper.
[SYNC][TAXONOMÍA] codigo=55569 segment PDP="memoria-ram-pc" no aparece en listado/migas asignados (cv=almacenamiento sv=almacenamiento__memorias__21). Re-ejecutá mirror completo tras actualizar scraper.
[SYNC][TAXONOMÍA] codigo=55522 segment PDP="memoria-ram-pc" no aparece en listado/migas asignados (cv=almacenamiento sv=almacenamiento__memorias__21). Re-ejecutá mirror completo tras actualizar scraper.
[SYNC][TAXONOMÍA] codigo=55494 segment PDP="memoria-sd-msd-y-stick" no aparece en listado/migas asignados (cv=almacenamiento sv=almacenamiento__memorias__21). Re-ejecutá mirror completo tras actualizar scraper.
[SYNC][TAXONOMÍA] codigo=55493 segment PDP="memoria-sd-msd-y-stick" no aparece en listado/migas asignados (cv=almacenamiento sv=almacenamiento__memorias__21). Re-ejecutá mirror completo tras actualizar scraper.
[SYNC][TAXONOMÍA] codigo=55492 segment PDP="memoria-sd-msd-y-stick" no aparece en listado/migas asignados (cv=almacenamiento sv=almacenamiento__memorias__21). Re-ejecutá mirror completo tras actualizar scraper.
[SYNC][TAXONOMÍA] codigo=55491 segment PDP="memoria-sd-msd-y-stick" no aparece en listado/migas asignados (cv=almacenamiento sv=almacenamiento__memorias__21). Re-ejecutá mirror completo tras actualizar scraper.
[SYNC][TAXONOMÍA] codigo=55490 segment PDP="memoria-sd-msd-y-stick" no aparece en listado/migas asignados (cv=almacenamiento sv=almacenamiento__memorias__21). Re-ejecutá mirror completo tras actualizar scraper.
[SYNC][TAXONOMÍA] codigo=55489 segment PDP="memoria-sd-msd-y-stick" no aparece en listado/migas asignados (cv=almacenamiento sv=almacenamiento__memorias__21). Re-ejecutá mirror completo tras actualizar scraper.
[SYNC][TAXONOMÍA] codigo=55488 segment PDP="memoria-sd-msd-y-stick" no aparece en listado/migas asignados (cv=almacenamiento sv=almacenamiento__memorias__21). Re-ejecutá mirror completo tras actualizar scraper.
[SYNC][TAXONOMÍA] codigo=55487 segment PDP="memoria-sd-msd-y-stick" no aparece en listado/migas asignados (cv=almacenamiento sv=almacenamiento__memorias__21). Re-ejecutá mirror completo tras actualizar scraper.
[SYNC][TAXONOMÍA] codigo=55486 segment PDP="memoria-sd-msd-y-stick" no aparece en listado/migas asignados (cv=almacenamiento sv=almacenamiento__memorias__21). Re-ejecutá mirror completo tras actualizar scraper.
[PROGRESO] Procesado producto 1 de 4222...
[SYNC][TAXONOMÍA] codigo=55485 segment PDP="memoria-sd-msd-y-stick" no aparece en listado/migas asignados (cv=almacenamiento sv=almacenamiento__memorias__21). Re-ejecutá mirror completo tras actualizar scraper.
[SYNC][TAXONOMÍA] codigo=55473 segment PDP="memoria-sd-msd-y-stick" no aparece en listado/migas asignados (cv=almacenamiento sv=almacenamiento__memorias__21). Re-ejecutá mirror completo tras actualizar scraper.
[SYNC][TAXONOMÍA] codigo=55292 segment PDP="memoria-ram-pc" no aparece en listado/migas asignados (cv=almacenamiento sv=almacenamiento__memorias__21). Re-ejecutá mirror completo tras actualizar scraper.
[SYNC][TAXONOMÍA] codigo=55282 segment PDP="memoria-ram-pc" no aparece en listado/migas asignados (cv=almacenamiento sv=almacenamiento__memorias__21). Re-ejecutá mirror completo tras actualizar scraper.
[SYNC][TAXONOMÍA] codigo=55280 segment PDP="memoria-sd-msd-y-stick" no aparece en listado/migas asignados (cv=almacenamiento sv=almacenamiento__memorias__21). Re-ejecutá mirror completo tras actualizar scraper.
[SYNC][TAXONOMÍA] codigo=55279 segment PDP="memoria-sd-msd-y-stick" no aparece en listado/migas asignados (cv=almacenamiento sv=almacenamiento__memorias__21). Re-ejecutá mirror completo tras actualizar scraper.
[PROGRESO] Procesado producto 50 de 4222...
[SYNC][TAXONOMÍA] codigo=55278 segment PDP="memoria-ram-pc" no aparece en listado/migas asignados (cv=almacenamiento sv=almacenamiento__memorias__21). Re-ejecutá mirror completo tras actualizar scraper.
[SYNC][TAXONOMÍA] codigo=55247 segment PDP="memoria-sd-msd-y-stick" no aparece en listado/migas asignados (cv=almacenamiento sv=almacenamiento__memorias__21). Re-ejecutá mirror completo tras actualizar scraper.
[SYNC][TAXONOMÍA] codigo=55246 segment PDP="memoria-sd-msd-y-stick" no aparece en listado/migas asignados (cv=almacenamiento sv=almacenamiento__memorias__21). Re-ejecutá mirror completo tras actualizar scraper.
[SYNC][TAXONOMÍA] codigo=55245 segment PDP="memoria-ram-notebook" no aparece en listado/migas asignados (cv=almacenamiento sv=almacenamiento__memorias__21). Re-ejecutá mirror completo tras actualizar scraper.
[SYNC][TAXONOMÍA] codigo=55230 segment PDP="memoria-ram-notebook" no aparece en listado/migas asignados (cv=almacenamiento sv=almacenamiento__memorias__21). Re-ejecutá mirror completo tras actualizar scraper.
[SYNC][TAXONOMÍA] codigo=55224 segment PDP="memoria-ram-notebook" no aparece en listado/migas asignados (cv=almacenamiento sv=almacenamiento__memorias__21). Re-ejecutá mirror completo tras actualizar scraper.
[SYNC][TAXONOMÍA] codigo=55223 segment PDP="memoria-ram-pc" no aparece en listado/migas asignados (cv=almacenamiento sv=almacenamiento__memorias__21). Re-ejecutá mirror completo tras actualizar scraper.
[SYNC][TAXONOMÍA] codigo=55215 segment PDP="memoria-ram-pc" no aparece en listado/migas asignados (cv=almacenamiento sv=almacenamiento__memorias__21). Re-ejecutá mirror completo tras actualizar scraper.
[SYNC][TAXONOMÍA] codigo=55214 segment PDP="memoria-ram-pc" no aparece en listado/migas asignados (cv=almacenamiento sv=almacenamiento__memorias__21). Re-ejecutá mirror completo tras actualizar scraper.
[SYNC][TAXONOMÍA] codigo=55213 segment PDP="memoria-ram-pc" no aparece en listado/migas asignados (cv=almacenamiento sv=almacenamiento__memorias__21). Re-ejecutá mirror completo tras actualizar scraper.
[SYNC][TAXONOMÍA] codigo=55204 segment PDP="memoria-ram-pc" no aparece en listado/migas asignados (cv=almacenamiento sv=almacenamiento__memorias__21). Re-ejecutá mirror completo tras actualizar scraper.
[SYNC][TAXONOMÍA] codigo=55202 segment PDP="memoria-ram-pc" no aparece en listado/migas asignados (cv=almacenamiento sv=almacenamiento__memorias__21). Re-ejecutá mirror completo tras actualizar scraper.
[SYNC][TAXONOMÍA] codigo=55197 segment PDP="memoria-ram-pc" no aparece en listado/migas asignados (cv=almacenamiento sv=almacenamiento__memorias__21). Re-ejecutá mirror completo tras actualizar scraper.
[SYNC][TAXONOMÍA] codigo=55184 segment PDP="memoria-ram-pc" no aparece en listado/migas asignados (cv=almacenamiento sv=almacenamiento__memorias__21). Re-ejecutá mirror completo tras actualizar scraper.
[SYNC][TAXONOMÍA] codigo=55118 segment PDP="memoria-ram-notebook" no aparece en listado/migas asignados (cv=almacenamiento sv=almacenamiento__memorias__21). Re-ejecutá mirror completo tras actualizar scraper.
[SYNC][TAXONOMÍA] codigo=55113 segment PDP="memoria-sd-msd-y-stick" no aparece en listado/migas asignados (cv=almacenamiento sv=almacenamiento__memorias__21). Re-ejecutá mirror completo tras actualizar scraper.
[SYNC][TAXONOMÍA] codigo=55110 segment PDP="memoria-sd-msd-y-stick" no aparece en listado/migas asignados (cv=almacenamiento sv=almacenamiento__memorias__21). Re-ejecutá mirror completo tras actualizar scraper.
[SYNC][TAXONOMÍA] codigo=55087 segment PDP="memoria-ram-pc" no aparece en listado/migas asignados (cv=almacenamiento sv=almacenamiento__memorias__21). Re-ejecutá mirror completo tras actualizar scraper.
[SYNC][TAXONOMÍA] codigo=54869 segment PDP="memoria-ram-notebook" no aparece en listado/migas asignados (cv=almacenamiento sv=almacenamiento__memorias__21). Re-ejecutá mirror completo tras actualizar scraper.
[SYNC][TAXONOMÍA] codigo=54008 segment PDP="memoria-ram-pc" no aparece en listado/migas asignados (cv=almacenamiento sv=almacenamiento__memorias__21). Re-ejecutá mirror completo tras actualizar scraper.
[SYNC][TAXONOMÍA] codigo=53989 segment PDP="memoria-ram-pc" no aparece en listado/migas asignados (cv=almacenamiento sv=almacenamiento__memorias__21). Re-ejecutá mirror completo tras actualizar scraper.
[SYNC][TAXONOMÍA] codigo=53970 segment PDP="memoria-sd-msd-y-stick" no aparece en listado/migas asignados (cv=almacenamiento sv=almacenamiento__memorias__21). Re-ejecutá mirror completo tras actualizar scraper.
[SYNC][TAXONOMÍA] codigo=53740 segment PDP="memoria-ram-notebook" no aparece en listado/migas asignados (cv=almacenamiento sv=almacenamiento__memorias__21). Re-ejecutá mirror completo tras actualizar scraper.
[SYNC][TAXONOMÍA] codigo=53738 segment PDP="memoria-ram-pc" no aparece en listado/migas asignados (cv=almacenamiento sv=almacenamiento__memorias__21). Re-ejecutá mirror completo tras actualizar scraper.
[SYNC][TAXONOMÍA] codigo=53541 segment PDP="memoria-ram-pc" no aparece en listado/migas asignados (cv=almacenamiento sv=almacenamiento__memorias__21). Re-ejecutá mirror completo tras actualizar scraper.
[SYNC][TAXONOMÍA] codigo=53367 segment PDP="memoria-ram-pc" no aparece en listado/migas asignados (cv=almacenamiento sv=almacenamiento__memorias__21). Re-ejecutá mirror completo tras actualizar scraper.
[SYNC][TAXONOMÍA] codigo=53364 segment PDP="memoria-ram-pc" no aparece en listado/migas asignados (cv=almacenamiento sv=almacenamiento__memorias__21). Re-ejecutá mirror completo tras actualizar scraper.
[SYNC][TAXONOMÍA] codigo=53363 segment PDP="memoria-ram-pc" no aparece en listado/migas asignados (cv=almacenamiento sv=almacenamiento__memorias__21). Re-ejecutá mirror completo tras actualizar scraper.
[SYNC][TAXONOMÍA] codigo=53291 segment PDP="memoria-ram-pc" no aparece en listado/migas asignados (cv=almacenamiento sv=almacenamiento__memorias__21). Re-ejecutá mirror completo tras actualizar scraper.
[SYNC][TAXONOMÍA] codigo=53225 segment PDP="memoria-sd-msd-y-stick" no aparece en listado/migas asignados (cv=almacenamiento sv=almacenamiento__memorias__21). Re-ejecutá mirror completo tras actualizar scraper.
[SYNC][TAXONOMÍA] codigo=53069 segment PDP="memoria-sd-msd-y-stick" no aparece en listado/migas asignados (cv=almacenamiento sv=almacenamiento__memorias__21). Re-ejecutá mirror completo tras actualizar scraper.
[SYNC][TAXONOMÍA] codigo=53068 segment PDP="memoria-sd-msd-y-stick" no aparece en listado/migas asignados (cv=almacenamiento sv=almacenamiento__memorias__21). Re-ejecutá mirror completo tras actualizar scraper.
[SYNC][TAXONOMÍA] codigo=53066 segment PDP="memoria-sd-msd-y-stick" no aparece en listado/migas asignados (cv=almacenamiento sv=almacenamiento__memorias__21). Re-ejecutá mirror completo tras actualizar scraper.
[SYNC][TAXONOMÍA] codigo=53065 segment PDP="memoria-sd-msd-y-stick" no aparece en listado/migas asignados (cv=almacenamiento sv=almacenamiento__memorias__21). Re-ejecutá mirror completo tras actualizar scraper.
[SYNC][TAXONOMÍA] codigo=53064 segment PDP="memoria-sd-msd-y-stick" no aparece en listado/migas asignados (cv=almacenamiento sv=almacenamiento__memorias__21). Re-ejecutá mirror completo tras actualizar scraper.
[SYNC][TAXONOMÍA] codigo=53062 segment PDP="memoria-sd-msd-y-stick" no aparece en listado/migas asignados (cv=almacenamiento sv=almacenamiento__memorias__21). Re-ejecutá mirror completo tras actualizar scraper.
[SYNC][TAXONOMÍA] codigo=53040 segment PDP="memoria-ram-pc" no aparece en listado/migas asignados (cv=almacenamiento sv=almacenamiento__memorias__21). Re-ejecutá mirror completo tras actualizar scraper.
[SYNC][TAXONOMÍA] codigo=52897 segment PDP="memoria-ram-pc" no aparece en listado/migas asignados (cv=almacenamiento sv=almacenamiento__memorias__21). Re-ejecutá mirror completo tras actualizar scraper.
[SYNC][TAXONOMÍA] codigo=52896 segment PDP="memoria-ram-pc" no aparece en listado/migas asignados (cv=almacenamiento sv=almacenamiento__memorias__21). Re-ejecutá mirror completo tras actualizar scraper.
[SYNC][TAXONOMÍA] codigo=52768 segment PDP="memoria-sd-msd-y-stick" no aparece en listado/migas asignados (cv=almacenamiento sv=almacenamiento__memorias__21). Re-ejecutá mirror completo tras actualizar scraper.
[SYNC][TAXONOMÍA] codigo=52756 segment PDP="memoria-ram-pc" no aparece en listado/migas asignados (cv=almacenamiento sv=almacenamiento__memorias__21). Re-ejecutá mirror completo tras actualizar scraper.
[SYNC][TAXONOMÍA] codigo=52753 segment PDP="memoria-ram-pc" no aparece en listado/migas asignados (cv=almacenamiento sv=almacenamiento__memorias__21). Re-ejecutá mirror completo tras actualizar scraper.
[SYNC][TAXONOMÍA] codigo=52745 segment PDP="memoria-ram-notebook" no aparece en listado/migas asignados (cv=almacenamiento sv=almacenamiento__memorias__21). Re-ejecutá mirror completo tras actualizar scraper.
[SYNC][TAXONOMÍA] codigo=52187 segment PDP="memoria-ram-notebook" no aparece en listado/migas asignados (cv=almacenamiento sv=almacenamiento__memorias__21). Re-ejecutá mirror completo tras actualizar scraper.
[SYNC][TAXONOMÍA] codigo=52185 segment PDP="memoria-sd-msd-y-stick" no aparece en listado/migas asignados (cv=almacenamiento sv=almacenamiento__memorias__21). Re-ejecutá mirror completo tras actualizar scraper.
[SYNC][TAXONOMÍA] codigo=52115 segment PDP="memoria-ram-pc" no aparece en listado/migas asignados (cv=almacenamiento sv=almacenamiento__memorias__21). Re-ejecutá mirror completo tras actualizar scraper.
[SYNC][TAXONOMÍA] codigo=52038 segment PDP="memoria-ram-pc" no aparece en listado/migas asignados (cv=almacenamiento sv=almacenamiento__memorias__21). Re-ejecutá mirror completo tras actualizar scraper.
[SYNC][TAXONOMÍA] codigo=51611 segment PDP="memoria-ram-pc" no aparece en listado/migas asignados (cv=almacenamiento sv=almacenamiento__memorias__21). Re-ejecutá mirror completo tras actualizar scraper.
[SYNC][TAXONOMÍA] codigo=51564 segment PDP="memoria-ram-pc" no aparece en listado/migas asignados (cv=almacenamiento sv=almacenamiento__memorias__21). Re-ejecutá mirror completo tras actualizar scraper.
[SYNC][TAXONOMÍA] codigo=51563 segment PDP="memoria-ram-pc" no aparece en listado/migas asignados (cv=almacenamiento sv=almacenamiento__memorias__21). Re-ejecutá mirror completo tras actualizar scraper.
[SYNC][TAXONOMÍA] codigo=51138 segment PDP="memoria-ram-pc" no aparece en listado/migas asignados (cv=almacenamiento sv=almacenamiento__memorias__21). Re-ejecutá mirror completo tras actualizar scraper.
[PROGRESO] Procesado producto 100 de 4222...
[SYNC][TAXONOMÍA] codigo=51135 segment PDP="memoria-ram-pc" no aparece en listado/migas asignados (cv=almacenamiento sv=almacenamiento__memorias__21). Re-ejecutá mirror completo tras actualizar scraper.
[SYNC][TAXONOMÍA] codigo=51133 segment PDP="memoria-ram-pc" no aparece en listado/migas asignados (cv=almacenamiento sv=almacenamiento__memorias__21). Re-ejecutá mirror completo tras actualizar scraper.
[SYNC][TAXONOMÍA] codigo=51121 segment PDP="memoria-ram-pc" no aparece en listado/migas asignados (cv=almacenamiento sv=almacenamiento__memorias__21). Re-ejecutá mirror completo tras actualizar scraper.
[SYNC][TAXONOMÍA] codigo=51103 segment PDP="memoria-ram-pc" no aparece en listado/migas asignados (cv=almacenamiento sv=almacenamiento__memorias__21). Re-ejecutá mirror completo tras actualizar scraper.
[SYNC][TAXONOMÍA] codigo=51102 segment PDP="memoria-ram-pc" no aparece en listado/migas asignados (cv=almacenamiento sv=almacenamiento__memorias__21). Re-ejecutá mirror completo tras actualizar scraper.
[SYNC][TAXONOMÍA] codigo=50525 segment PDP="memoria-ram-pc" no aparece en listado/migas asignados (cv=almacenamiento sv=almacenamiento__memorias__21). Re-ejecutá mirror completo tras actualizar scraper.
[SYNC][TAXONOMÍA] codigo=50510 segment PDP="memoria-ram-pc" no aparece en listado/migas asignados (cv=almacenamiento sv=almacenamiento__memorias__21). Re-ejecutá mirror completo tras actualizar scraper.
[SYNC][TAXONOMÍA] codigo=50380 segment PDP="memoria-ram-notebook" no aparece en listado/migas asignados (cv=almacenamiento sv=almacenamiento__memorias__21). Re-ejecutá mirror completo tras actualizar scraper.
[SYNC][TAXONOMÍA] codigo=50263 segment PDP="memoria-ram-pc" no aparece en listado/migas asignados (cv=almacenamiento sv=almacenamiento__memorias__21). Re-ejecutá mirror completo tras actualizar scraper.
[SYNC][TAXONOMÍA] codigo=50186 segment PDP="memoria-ram-pc" no aparece en listado/migas asignados (cv=almacenamiento sv=almacenamiento__memorias__21). Re-ejecutá mirror completo tras actualizar scraper.
[SYNC][TAXONOMÍA] codigo=49859 segment PDP="memoria-ram-notebook" no aparece en listado/migas asignados (cv=almacenamiento sv=almacenamiento__memorias__21). Re-ejecutá mirror completo tras actualizar scraper.
[SYNC][TAXONOMÍA] codigo=49858 segment PDP="memoria-ram-notebook" no aparece en listado/migas asignados (cv=almacenamiento sv=almacenamiento__memorias__21). Re-ejecutá mirror completo tras actualizar scraper.
[SYNC][TAXONOMÍA] codigo=49857 segment PDP="memoria-ram-notebook" no aparece en listado/migas asignados (cv=almacenamiento sv=almacenamiento__memorias__21). Re-ejecutá mirror completo tras actualizar scraper.
[SYNC][TAXONOMÍA] codigo=49820 segment PDP="memoria-ram-notebook" no aparece en listado/migas asignados (cv=almacenamiento sv=almacenamiento__memorias__21). Re-ejecutá mirror completo tras actualizar scraper.
[SYNC][TAXONOMÍA] codigo=49785 segment PDP="memoria-ram-notebook" no aparece en listado/migas asignados (cv=almacenamiento sv=almacenamiento__memorias__21). Re-ejecutá mirror completo tras actualizar scraper.
[SYNC][TAXONOMÍA] codigo=49702 segment PDP="memoria-ram-notebook" no aparece en listado/migas asignados (cv=almacenamiento sv=almacenamiento__memorias__21). Re-ejecutá mirror completo tras actualizar scraper.
[SYNC][TAXONOMÍA] codigo=49525 segment PDP="memoria-ram-pc" no aparece en listado/migas asignados (cv=almacenamiento sv=almacenamiento__memorias__21). Re-ejecutá mirror completo tras actualizar scraper.
[SYNC][TAXONOMÍA] codigo=49521 segment PDP="memoria-ram-pc" no aparece en listado/migas asignados (cv=almacenamiento sv=almacenamiento__memorias__21). Re-ejecutá mirror completo tras actualizar scraper.
[SYNC][TAXONOMÍA] codigo=49467 segment PDP="memoria-ram-pc" no aparece en listado/migas asignados (cv=almacenamiento sv=almacenamiento__memorias__21). Re-ejecutá mirror completo tras actualizar scraper.
[SYNC][TAXONOMÍA] codigo=29721 segment PDP="memoria-ram-pc" no aparece en listado/migas asignados (cv=almacenamiento sv=almacenamiento__memorias__21). Re-ejecutá mirror completo tras actualizar scraper.
[SYNC][TAXONOMÍA] codigo=49335 segment PDP="memoria-ram-notebook" no aparece en listado/migas asignados (cv=almacenamiento sv=almacenamiento__memorias__21). Re-ejecutá mirror completo tras actualizar scraper.
[SYNC][TAXONOMÍA] codigo=49317 segment PDP="memoria-ram-pc" no aparece en listado/migas asignados (cv=almacenamiento sv=almacenamiento__memorias__21). Re-ejecutá mirror completo tras actualizar scraper.
[SYNC][TAXONOMÍA] codigo=49294 segment PDP="memoria-ram-pc" no aparece en listado/migas asignados (cv=almacenamiento sv=almacenamiento__memorias__21). Re-ejecutá mirror completo tras actualizar scraper.
[SYNC][TAXONOMÍA] codigo=49229 segment PDP="memoria-ram-pc" no aparece en listado/migas asignados (cv=almacenamiento sv=almacenamiento__memorias__21). Re-ejecutá mirror completo tras actualizar scraper.
[SYNC][TAXONOMÍA] codigo=49228 segment PDP="memoria-ram-pc" no aparece en listado/migas asignados (cv=almacenamiento sv=almacenamiento__memorias__21). Re-ejecutá mirror completo tras actualizar scraper.
[SYNC][TAXONOMÍA] codigo=49130 segment PDP="memoria-ram-pc" no aparece en listado/migas asignados (cv=almacenamiento sv=almacenamiento__memorias__21). Re-ejecutá mirror completo tras actualizar scraper.
[SYNC][TAXONOMÍA] codigo=49117 segment PDP="memoria-ram-pc" no aparece en listado/migas asignados (cv=almacenamiento sv=almacenamiento__memorias__21). Re-ejecutá mirror completo tras actualizar scraper.
[SYNC][TAXONOMÍA] codigo=49114 segment PDP="memoria-ram-notebook" no aparece en listado/migas asignados (cv=almacenamiento sv=almacenamiento__memorias__21). Re-ejecutá mirror completo tras actualizar scraper.
[SYNC][TAXONOMÍA] codigo=48982 segment PDP="memoria-ram-pc" no aparece en listado/migas asignados (cv=almacenamiento sv=almacenamiento__memorias__21). Re-ejecutá mirror completo tras actualizar scraper.
[SYNC][TAXONOMÍA] codigo=48981 segment PDP="memoria-ram-pc" no aparece en listado/migas asignados (cv=almacenamiento sv=almacenamiento__memorias__21). Re-ejecutá mirror completo tras actualizar scraper.
[SYNC][TAXONOMÍA] codigo=48906 segment PDP="memoria-sd-msd-y-stick" no aparece en listado/migas asignados (cv=almacenamiento sv=almacenamiento__memorias__21). Re-ejecutá mirror completo tras actualizar scraper.
[SYNC][TAXONOMÍA] codigo=48755 segment PDP="memoria-ram-pc" no aparece en listado/migas asignados (cv=almacenamiento sv=almacenamiento__memorias__21). Re-ejecutá mirror completo tras actualizar scraper.
[SYNC][TAXONOMÍA] codigo=48754 segment PDP="memoria-ram-pc" no aparece en listado/migas asignados (cv=almacenamiento sv=almacenamiento__memorias__21). Re-ejecutá mirror completo tras actualizar scraper.
[SYNC][TAXONOMÍA] codigo=48753 segment PDP="memoria-ram-pc" no aparece en listado/migas asignados (cv=almacenamiento sv=almacenamiento__memorias__21). Re-ejecutá mirror completo tras actualizar scraper.
[SYNC][TAXONOMÍA] codigo=48752 segment PDP="memoria-ram-pc" no aparece en listado/migas asignados (cv=almacenamiento sv=almacenamiento__memorias__21). Re-ejecutá mirror completo tras actualizar scraper.
[SYNC][TAXONOMÍA] codigo=48451 segment PDP="memoria-ram-pc" no aparece en listado/migas asignados (cv=almacenamiento sv=almacenamiento__memorias__21). Re-ejecutá mirror completo tras actualizar scraper.
[SYNC][TAXONOMÍA] codigo=48216 segment PDP="memoria-ram-pc" no aparece en listado/migas asignados (cv=almacenamiento sv=almacenamiento__memorias__21). Re-ejecutá mirror completo tras actualizar scraper.
[SYNC][TAXONOMÍA] codigo=48182 segment PDP="memoria-ram-notebook" no aparece en listado/migas asignados (cv=almacenamiento sv=almacenamiento__memorias__21). Re-ejecutá mirror completo tras actualizar scraper.
[SYNC][TAXONOMÍA] codigo=48108 segment PDP="memoria-sd-msd-y-stick" no aparece en listado/migas asignados (cv=almacenamiento sv=almacenamiento__memorias__21). Re-ejecutá mirror completo tras actualizar scraper.
[ESTRUCTURA] Añadida nueva especificación: 06 → subcategoría Almacenamiento › Memorias
[SYNC][TAXONOMÍA] codigo=48054 segment PDP="memoria-sd-msd-y-stick" no aparece en listado/migas asignados (cv=almacenamiento sv=almacenamiento__memorias__21). Re-ejecutá mirror completo tras actualizar scraper.
[SYNC][TAXONOMÍA] codigo=47944 segment PDP="memoria-ram-pc" no aparece en listado/migas asignados (cv=almacenamiento sv=almacenamiento__memorias__21). Re-ejecutá mirror completo tras actualizar scraper.
[SYNC][TAXONOMÍA] codigo=47937 segment PDP="memoria-ram-notebook" no aparece en listado/migas asignados (cv=almacenamiento sv=almacenamiento__memorias__21). Re-ejecutá mirror completo tras actualizar scraper.
[SYNC][TAXONOMÍA] codigo=47689 segment PDP="memoria-ram-pc" no aparece en listado/migas asignados (cv=almacenamiento sv=almacenamiento__memorias__21). Re-ejecutá mirror completo tras actualizar scraper.
[SYNC][TAXONOMÍA] codigo=47688 segment PDP="memoria-ram-pc" no aparece en listado/migas asignados (cv=almacenamiento sv=almacenamiento__memorias__21). Re-ejecutá mirror completo tras actualizar scraper.
[SYNC][TAXONOMÍA] codigo=47200 segment PDP="memoria-sd-msd-y-stick" no aparece en listado/migas asignados (cv=almacenamiento sv=almacenamiento__memorias__21). Re-ejecutá mirror completo tras actualizar scraper.
[SYNC][TAXONOMÍA] codigo=46293 segment PDP="memoria-ram-pc" no aparece en listado/migas asignados (cv=almacenamiento sv=almacenamiento__memorias__21). Re-ejecutá mirror completo tras actualizar scraper.
[SYNC][TAXONOMÍA] codigo=46292 segment PDP="memoria-ram-pc" no aparece en listado/migas asignados (cv=almacenamiento sv=almacenamiento__memorias__21). Re-ejecutá mirror completo tras actualizar scraper.
[SYNC][TAXONOMÍA] codigo=45883 segment PDP="memoria-ram-notebook" no aparece en listado/migas asignados (cv=almacenamiento sv=almacenamiento__memorias__21). Re-ejecutá mirror completo tras actualizar scraper.
[SYNC][TAXONOMÍA] codigo=45882 segment PDP="memoria-ram-notebook" no aparece en listado/migas asignados (cv=almacenamiento sv=almacenamiento__memorias__21). Re-ejecutá mirror completo tras actualizar scraper.
[SYNC][TAXONOMÍA] codigo=45881 segment PDP="memoria-ram-notebook" no aparece en listado/migas asignados (cv=almacenamiento sv=almacenamiento__memorias__21). Re-ejecutá mirror completo tras actualizar scraper.
[SYNC][TAXONOMÍA] codigo=45880 segment PDP="memoria-ram-pc" no aparece en listado/migas asignados (cv=almacenamiento sv=almacenamiento__memorias__21). Re-ejecutá mirror completo tras actualizar scraper.
[PROGRESO] Procesado producto 150 de 4222...
[SYNC][TAXONOMÍA] codigo=45879 segment PDP="memoria-ram-pc" no aparece en listado/migas asignados (cv=almacenamiento sv=almacenamiento__memorias__21). Re-ejecutá mirror completo tras actualizar scraper.
[SYNC][TAXONOMÍA] codigo=45878 segment PDP="memoria-ram-pc" no aparece en listado/migas asignados (cv=almacenamiento sv=almacenamiento__memorias__21). Re-ejecutá mirror completo tras actualizar scraper.
[SYNC][TAXONOMÍA] codigo=45789 segment PDP="memoria-ram-pc" no aparece en listado/migas asignados (cv=almacenamiento sv=almacenamiento__memorias__21). Re-ejecutá mirror completo tras actualizar scraper.
[SYNC][TAXONOMÍA] codigo=45758 segment PDP="memoria-ram-notebook" no aparece en listado/migas asignados (cv=almacenamiento sv=almacenamiento__memorias__21). Re-ejecutá mirror completo tras actualizar scraper.
[SYNC][TAXONOMÍA] codigo=45204 segment PDP="memoria-ram-pc" no aparece en listado/migas asignados (cv=almacenamiento sv=almacenamiento__memorias__21). Re-ejecutá mirror completo tras actualizar scraper.
[SYNC][TAXONOMÍA] codigo=45197 segment PDP="memoria-ram-notebook" no aparece en listado/migas asignados (cv=almacenamiento sv=almacenamiento__memorias__21). Re-ejecutá mirror completo tras actualizar scraper.
[SYNC][TAXONOMÍA] codigo=44808 segment PDP="lector-para-tarjetas-de-memoria" no aparece en listado/migas asignados (cv=almacenamiento sv=almacenamiento__memorias__21). Re-ejecutá mirror completo tras actualizar scraper.
[SYNC][TAXONOMÍA] codigo=44497 segment PDP="memoria-ram-pc" no aparece en listado/migas asignados (cv=almacenamiento sv=almacenamiento__memorias__21). Re-ejecutá mirror completo tras actualizar scraper.
[SYNC][TAXONOMÍA] codigo=44264 segment PDP="memoria-ram-notebook" no aparece en listado/migas asignados (cv=almacenamiento sv=almacenamiento__memorias__21). Re-ejecutá mirror completo tras actualizar scraper.
[SYNC][TAXONOMÍA] codigo=44243 segment PDP="memoria-ram-pc" no aparece en listado/migas asignados (cv=almacenamiento sv=almacenamiento__memorias__21). Re-ejecutá mirror completo tras actualizar scraper.
[SYNC][TAXONOMÍA] codigo=43764 segment PDP="memoria-ram-pc" no aparece en listado/migas asignados (cv=almacenamiento sv=almacenamiento__memorias__21). Re-ejecutá mirror completo tras actualizar scraper.
[SYNC][TAXONOMÍA] codigo=43763 segment PDP="memoria-ram-pc" no aparece en listado/migas asignados (cv=almacenamiento sv=almacenamiento__memorias__21). Re-ejecutá mirror completo tras actualizar scraper.
[SYNC][TAXONOMÍA] codigo=43275 segment PDP="memoria-ram-pc" no aparece en listado/migas asignados (cv=almacenamiento sv=almacenamiento__memorias__21). Re-ejecutá mirror completo tras actualizar scraper.
[SYNC][TAXONOMÍA] codigo=43274 segment PDP="memoria-ram-pc" no aparece en listado/migas asignados (cv=almacenamiento sv=almacenamiento__memorias__21). Re-ejecutá mirror completo tras actualizar scraper.
[SYNC][TAXONOMÍA] codigo=43239 segment PDP="memoria-ram-pc" no aparece en listado/migas asignados (cv=almacenamiento sv=almacenamiento__memorias__21). Re-ejecutá mirror completo tras actualizar scraper.
[SYNC][TAXONOMÍA] codigo=43238 segment PDP="memoria-ram-pc" no aparece en listado/migas asignados (cv=almacenamiento sv=almacenamiento__memorias__21). Re-ejecutá mirror completo tras actualizar scraper.
[SYNC][TAXONOMÍA] codigo=42993 segment PDP="memoria-ram-pc" no aparece en listado/migas asignados (cv=almacenamiento sv=almacenamiento__memorias__21). Re-ejecutá mirror completo tras actualizar scraper.
[SYNC][TAXONOMÍA] codigo=42990 segment PDP="memoria-ram-pc" no aparece en listado/migas asignados (cv=almacenamiento sv=almacenamiento__memorias__21). Re-ejecutá mirror completo tras actualizar scraper.
[SYNC][TAXONOMÍA] codigo=42980 segment PDP="memoria-ram-pc" no aparece en listado/migas asignados (cv=almacenamiento sv=almacenamiento__memorias__21). Re-ejecutá mirror completo tras actualizar scraper.
[SYNC][TAXONOMÍA] codigo=42867 segment PDP="memoria-ram-pc" no aparece en listado/migas asignados (cv=almacenamiento sv=almacenamiento__memorias__21). Re-ejecutá mirror completo tras actualizar scraper.
[SYNC][TAXONOMÍA] codigo=42712 segment PDP="memoria-ram-pc" no aparece en listado/migas asignados (cv=almacenamiento sv=almacenamiento__memorias__21). Re-ejecutá mirror completo tras actualizar scraper.
[SYNC][TAXONOMÍA] codigo=42161 segment PDP="memoria-ram-notebook" no aparece en listado/migas asignados (cv=almacenamiento sv=almacenamiento__memorias__21). Re-ejecutá mirror completo tras actualizar scraper.
[SYNC][TAXONOMÍA] codigo=42030 segment PDP="memoria-sd-msd-y-stick" no aparece en listado/migas asignados (cv=almacenamiento sv=almacenamiento__memorias__21). Re-ejecutá mirror completo tras actualizar scraper.
[SYNC][TAXONOMÍA] codigo=41771 segment PDP="memoria-ram-pc" no aparece en listado/migas asignados (cv=almacenamiento sv=almacenamiento__memorias__21). Re-ejecutá mirror completo tras actualizar scraper.
[SYNC][TAXONOMÍA] codigo=41769 segment PDP="memoria-ram-notebook" no aparece en listado/migas asignados (cv=almacenamiento sv=almacenamiento__memorias__21). Re-ejecutá mirror completo tras actualizar scraper.
[SYNC][TAXONOMÍA] codigo=41687 segment PDP="memoria-ram-pc" no aparece en listado/migas asignados (cv=almacenamiento sv=almacenamiento__memorias__21). Re-ejecutá mirror completo tras actualizar scraper.
[SYNC][TAXONOMÍA] codigo=41612 segment PDP="memoria-ram-pc" no aparece en listado/migas asignados (cv=almacenamiento sv=almacenamiento__memorias__21). Re-ejecutá mirror completo tras actualizar scraper.
[SYNC][TAXONOMÍA] codigo=41610 segment PDP="memoria-ram-pc" no aparece en listado/migas asignados (cv=almacenamiento sv=almacenamiento__memorias__21). Re-ejecutá mirror completo tras actualizar scraper.
[SYNC][TAXONOMÍA] codigo=41525 segment PDP="memoria-ram-pc" no aparece en listado/migas asignados (cv=almacenamiento sv=almacenamiento__memorias__21). Re-ejecutá mirror completo tras actualizar scraper.
[SYNC][TAXONOMÍA] codigo=41106 segment PDP="memoria-ram-pc" no aparece en listado/migas asignados (cv=almacenamiento sv=almacenamiento__memorias__21). Re-ejecutá mirror completo tras actualizar scraper.
[SYNC][TAXONOMÍA] codigo=40887 segment PDP="memoria-ram-pc" no aparece en listado/migas asignados (cv=almacenamiento sv=almacenamiento__memorias__21). Re-ejecutá mirror completo tras actualizar scraper.
[SYNC][TAXONOMÍA] codigo=40788 segment PDP="memoria-ram-pc" no aparece en listado/migas asignados (cv=almacenamiento sv=almacenamiento__memorias__21). Re-ejecutá mirror completo tras actualizar scraper.
[SYNC][TAXONOMÍA] codigo=40639 segment PDP="memoria-ram-pc" no aparece en listado/migas asignados (cv=almacenamiento sv=almacenamiento__memorias__21). Re-ejecutá mirror completo tras actualizar scraper.
[SYNC][TAXONOMÍA] codigo=40358 segment PDP="memoria-sd-msd-y-stick" no aparece en listado/migas asignados (cv=almacenamiento sv=almacenamiento__memorias__21). Re-ejecutá mirror completo tras actualizar scraper.
[SYNC][TAXONOMÍA] codigo=40294 segment PDP="memoria-ram-pc" no aparece en listado/migas asignados (cv=almacenamiento sv=almacenamiento__memorias__21). Re-ejecutá mirror completo tras actualizar scraper.
[SYNC][TAXONOMÍA] codigo=40105 segment PDP="memoria-ram-pc" no aparece en listado/migas asignados (cv=almacenamiento sv=almacenamiento__memorias__21). Re-ejecutá mirror completo tras actualizar scraper.
[SYNC][TAXONOMÍA] codigo=39944 segment PDP="memoria-sd-msd-y-stick" no aparece en listado/migas asignados (cv=almacenamiento sv=almacenamiento__memorias__21). Re-ejecutá mirror completo tras actualizar scraper.
[SYNC][TAXONOMÍA] codigo=39747 segment PDP="memoria-sd-msd-y-stick" no aparece en listado/migas asignados (cv=almacenamiento sv=almacenamiento__memorias__21). Re-ejecutá mirror completo tras actualizar scraper.
[SYNC][TAXONOMÍA] codigo=39406 segment PDP="memoria-ram-notebook" no aparece en listado/migas asignados (cv=almacenamiento sv=almacenamiento__memorias__21). Re-ejecutá mirror completo tras actualizar scraper.
[SYNC][TAXONOMÍA] codigo=39362 segment PDP="memoria-ram-notebook" no aparece en listado/migas asignados (cv=almacenamiento sv=almacenamiento__memorias__21). Re-ejecutá mirror completo tras actualizar scraper.
[SYNC][TAXONOMÍA] codigo=39343 segment PDP="memoria-ram-notebook" no aparece en listado/migas asignados (cv=almacenamiento sv=almacenamiento__memorias__21). Re-ejecutá mirror completo tras actualizar scraper.
[SYNC][TAXONOMÍA] codigo=39342 segment PDP="memoria-ram-notebook" no aparece en listado/migas asignados (cv=almacenamiento sv=almacenamiento__memorias__21). Re-ejecutá mirror completo tras actualizar scraper.
[SYNC][TAXONOMÍA] codigo=39299 segment PDP="memoria-sd-msd-y-stick" no aparece en listado/migas asignados (cv=almacenamiento sv=almacenamiento__memorias__21). Re-ejecutá mirror completo tras actualizar scraper.
[SYNC][TAXONOMÍA] codigo=38761 segment PDP="memoria-ram-pc" no aparece en listado/migas asignados (cv=almacenamiento sv=almacenamiento__memorias__21). Re-ejecutá mirror completo tras actualizar scraper.
[SYNC][TAXONOMÍA] codigo=38689 segment PDP="memoria-ram-notebook" no aparece en listado/migas asignados (cv=almacenamiento sv=almacenamiento__memorias__21). Re-ejecutá mirror completo tras actualizar scraper.
[SYNC][TAXONOMÍA] codigo=38671 segment PDP="memoria-ram-notebook" no aparece en listado/migas asignados (cv=almacenamiento sv=almacenamiento__memorias__21). Re-ejecutá mirror completo tras actualizar scraper.
[SYNC][TAXONOMÍA] codigo=38616 segment PDP="memoria-ram-pc" no aparece en listado/migas asignados (cv=almacenamiento sv=almacenamiento__memorias__21). Re-ejecutá mirror completo tras actualizar scraper.
[SYNC][TAXONOMÍA] codigo=38453 segment PDP="memoria-ram-pc" no aparece en listado/migas asignados (cv=almacenamiento sv=almacenamiento__memorias__21). Re-ejecutá mirror completo tras actualizar scraper.
[PROGRESO] Procesado producto 200 de 4222...
[SYNC][TAXONOMÍA] codigo=38313 segment PDP="memoria-sd-msd-y-stick" no aparece en listado/migas asignados (cv=almacenamiento sv=almacenamiento__memorias__21). Re-ejecutá mirror completo tras actualizar scraper.
[SYNC][TAXONOMÍA] codigo=38274 segment PDP="memoria-ram-pc" no aparece en listado/migas asignados (cv=almacenamiento sv=almacenamiento__memorias__21). Re-ejecutá mirror completo tras actualizar scraper.
[SYNC][TAXONOMÍA] codigo=38121 segment PDP="memoria-ram-notebook" no aparece en listado/migas asignados (cv=almacenamiento sv=almacenamiento__memorias__21). Re-ejecutá mirror completo tras actualizar scraper.
[SYNC][TAXONOMÍA] codigo=37934 segment PDP="memoria-ram-pc" no aparece en listado/migas asignados (cv=almacenamiento sv=almacenamiento__memorias__21). Re-ejecutá mirror completo tras actualizar scraper.
[SYNC][TAXONOMÍA] codigo=37896 segment PDP="memoria-sd-msd-y-stick" no aparece en listado/migas asignados (cv=almacenamiento sv=almacenamiento__memorias__21). Re-ejecutá mirror completo tras actualizar scraper.
[SYNC][TAXONOMÍA] codigo=37882 segment PDP="memoria-ram-pc" no aparece en listado/migas asignados (cv=almacenamiento sv=almacenamiento__memorias__21). Re-ejecutá mirror completo tras actualizar scraper.
[SYNC][TAXONOMÍA] codigo=37704 segment PDP="memoria-ram-notebook" no aparece en listado/migas asignados (cv=almacenamiento sv=almacenamiento__memorias__21). Re-ejecutá mirror completo tras actualizar scraper.
[SYNC][TAXONOMÍA] codigo=37702 segment PDP="memoria-ram-notebook" no aparece en listado/migas asignados (cv=almacenamiento sv=almacenamiento__memorias__21). Re-ejecutá mirror completo tras actualizar scraper.
[SYNC][TAXONOMÍA] codigo=36529 segment PDP="memoria-ram-notebook" no aparece en listado/migas asignados (cv=almacenamiento sv=almacenamiento__memorias__21). Re-ejecutá mirror completo tras actualizar scraper.
[SYNC][TAXONOMÍA] codigo=36528 segment PDP="memoria-ram-notebook" no aparece en listado/migas asignados (cv=almacenamiento sv=almacenamiento__memorias__21). Re-ejecutá mirror completo tras actualizar scraper.
[SYNC][TAXONOMÍA] codigo=37536 segment PDP="memoria-ram-notebook" no aparece en listado/migas asignados (cv=almacenamiento sv=almacenamiento__memorias__21). Re-ejecutá mirror completo tras actualizar scraper.
[SYNC][TAXONOMÍA] codigo=37510 segment PDP="memoria-ram-notebook" no aparece en listado/migas asignados (cv=almacenamiento sv=almacenamiento__memorias__21). Re-ejecutá mirror completo tras actualizar scraper.
[SYNC][TAXONOMÍA] codigo=37224 segment PDP="memoria-sd-msd-y-stick" no aparece en listado/migas asignados (cv=almacenamiento sv=almacenamiento__memorias__21). Re-ejecutá mirror completo tras actualizar scraper.
[SYNC][TAXONOMÍA] codigo=28447 segment PDP="memoria-ram-pc" no aparece en listado/migas asignados (cv=almacenamiento sv=almacenamiento__memorias__21). Re-ejecutá mirror completo tras actualizar scraper.
[SYNC][TAXONOMÍA] codigo=32947 segment PDP="memoria-ram-pc" no aparece en listado/migas asignados (cv=almacenamiento sv=almacenamiento__memorias__21). Re-ejecutá mirror completo tras actualizar scraper.
[SYNC][TAXONOMÍA] codigo=36857 segment PDP="memoria-sd-msd-y-stick" no aparece en listado/migas asignados (cv=almacenamiento sv=almacenamiento__memorias__21). Re-ejecutá mirror completo tras actualizar scraper.
[SYNC][TAXONOMÍA] codigo=36821 segment PDP="memoria-ram-pc" no aparece en listado/migas asignados (cv=almacenamiento sv=almacenamiento__memorias__21). Re-ejecutá mirror completo tras actualizar scraper.
[SYNC][TAXONOMÍA] codigo=36801 segment PDP="memoria-ram-pc" no aparece en listado/migas asignados (cv=almacenamiento sv=almacenamiento__memorias__21). Re-ejecutá mirror completo tras actualizar scraper.
[SYNC][TAXONOMÍA] codigo=36800 segment PDP="memoria-ram-pc" no aparece en listado/migas asignados (cv=almacenamiento sv=almacenamiento__memorias__21). Re-ejecutá mirror completo tras actualizar scraper.
[SYNC][TAXONOMÍA] codigo=36798 segment PDP="memoria-ram-pc" no aparece en listado/migas asignados (cv=almacenamiento sv=almacenamiento__memorias__21). Re-ejecutá mirror completo tras actualizar scraper.
[SYNC][TAXONOMÍA] codigo=27357 segment PDP="memoria-ram-pc" no aparece en listado/migas asignados (cv=almacenamiento sv=almacenamiento__memorias__21). Re-ejecutá mirror completo tras actualizar scraper.
[SYNC][TAXONOMÍA] codigo=36702 segment PDP="memoria-sd-msd-y-stick" no aparece en listado/migas asignados (cv=almacenamiento sv=almacenamiento__memorias__21). Re-ejecutá mirror completo tras actualizar scraper.
[SYNC][TAXONOMÍA] codigo=36587 segment PDP="memoria-ram-pc" no aparece en listado/migas asignados (cv=almacenamiento sv=almacenamiento__memorias__21). Re-ejecutá mirror completo tras actualizar scraper.
[SYNC][TAXONOMÍA] codigo=36234 segment PDP="memoria-ram-pc" no aparece en listado/migas asignados (cv=almacenamiento sv=almacenamiento__memorias__21). Re-ejecutá mirror completo tras actualizar scraper.
[SYNC][TAXONOMÍA] codigo=36136 segment PDP="lector-para-tarjetas-de-memoria" no aparece en listado/migas asignados (cv=almacenamiento sv=almacenamiento__memorias__21). Re-ejecutá mirror completo tras actualizar scraper.
[SYNC][TAXONOMÍA] codigo=36085 segment PDP="memoria-ram-pc" no aparece en listado/migas asignados (cv=almacenamiento sv=almacenamiento__memorias__21). Re-ejecutá mirror completo tras actualizar scraper.
[SYNC][TAXONOMÍA] codigo=35853 segment PDP="memoria-ram-pc" no aparece en listado/migas asignados (cv=almacenamiento sv=almacenamiento__memorias__21). Re-ejecutá mirror completo tras actualizar scraper.
[SYNC][TAXONOMÍA] codigo=35784 segment PDP="memoria-ram-pc" no aparece en listado/migas asignados (cv=almacenamiento sv=almacenamiento__memorias__21). Re-ejecutá mirror completo tras actualizar scraper.
[SYNC][TAXONOMÍA] codigo=35664 segment PDP="memoria-sd-msd-y-stick" no aparece en listado/migas asignados (cv=almacenamiento sv=almacenamiento__memorias__21). Re-ejecutá mirror completo tras actualizar scraper.
[SYNC][TAXONOMÍA] codigo=23740 segment PDP="memoria-ram-notebook" no aparece en listado/migas asignados (cv=almacenamiento sv=almacenamiento__memorias__21). Re-ejecutá mirror completo tras actualizar scraper.
[SYNC][TAXONOMÍA] codigo=25330 segment PDP="memoria-ram-notebook" no aparece en listado/migas asignados (cv=almacenamiento sv=almacenamiento__memorias__21). Re-ejecutá mirror completo tras actualizar scraper.
[SYNC][TAXONOMÍA] codigo=34431 segment PDP="memoria-ram-notebook" no aparece en listado/migas asignados (cv=almacenamiento sv=almacenamiento__memorias__21). Re-ejecutá mirror completo tras actualizar scraper.
[SYNC][TAXONOMÍA] codigo=29636 segment PDP="memoria-ram-notebook" no aparece en listado/migas asignados (cv=almacenamiento sv=almacenamiento__memorias__21). Re-ejecutá mirror completo tras actualizar scraper.
[SYNC][TAXONOMÍA] codigo=14190 segment PDP="memoria-ram-notebook" no aparece en listado/migas asignados (cv=almacenamiento sv=almacenamiento__memorias__21). Re-ejecutá mirror completo tras actualizar scraper.
[SYNC][TAXONOMÍA] codigo=24378 segment PDP="memoria-ram-notebook" no aparece en listado/migas asignados (cv=almacenamiento sv=almacenamiento__memorias__21). Re-ejecutá mirror completo tras actualizar scraper.
[SYNC][TAXONOMÍA] codigo=28867 segment PDP="memoria-ram-notebook" no aparece en listado/migas asignados (cv=almacenamiento sv=almacenamiento__memorias__21). Re-ejecutá mirror completo tras actualizar scraper.
[SYNC][TAXONOMÍA] codigo=14597 segment PDP="memoria-ram-notebook" no aparece en listado/migas asignados (cv=almacenamiento sv=almacenamiento__memorias__21). Re-ejecutá mirror completo tras actualizar scraper.
[SYNC][TAXONOMÍA] codigo=31217 segment PDP="memoria-ram-notebook" no aparece en listado/migas asignados (cv=almacenamiento sv=almacenamiento__memorias__21). Re-ejecutá mirror completo tras actualizar scraper.
[SYNC][TAXONOMÍA] codigo=24427 segment PDP="memoria-ram-notebook" no aparece en listado/migas asignados (cv=almacenamiento sv=almacenamiento__memorias__21). Re-ejecutá mirror completo tras actualizar scraper.
[SYNC][TAXONOMÍA] codigo=21778 segment PDP="memoria-ram-notebook" no aparece en listado/migas asignados (cv=almacenamiento sv=almacenamiento__memorias__21). Re-ejecutá mirror completo tras actualizar scraper.
[SYNC][TAXONOMÍA] codigo=23486 segment PDP="memoria-ram-notebook" no aparece en listado/migas asignados (cv=almacenamiento sv=almacenamiento__memorias__21). Re-ejecutá mirror completo tras actualizar scraper.
[SYNC][TAXONOMÍA] codigo=35550 segment PDP="memoria-ram-pc" no aparece en listado/migas asignados (cv=almacenamiento sv=almacenamiento__memorias__21). Re-ejecutá mirror completo tras actualizar scraper.
[SYNC][TAXONOMÍA] codigo=35396 segment PDP="memoria-sd-msd-y-stick" no aparece en listado/migas asignados (cv=almacenamiento sv=almacenamiento__memorias__21). Re-ejecutá mirror completo tras actualizar scraper.
[SYNC][TAXONOMÍA] codigo=35153 segment PDP="memoria-ram-pc" no aparece en listado/migas asignados (cv=almacenamiento sv=almacenamiento__memorias__21). Re-ejecutá mirror completo tras actualizar scraper.
[SYNC][TAXONOMÍA] codigo=32359 segment PDP="memoria-ram-notebook" no aparece en listado/migas asignados (cv=almacenamiento sv=almacenamiento__memorias__21). Re-ejecutá mirror completo tras actualizar scraper.
[SYNC][TAXONOMÍA] codigo=35062 segment PDP="memoria-ram-notebook" no aparece en listado/migas asignados (cv=almacenamiento sv=almacenamiento__memorias__21). Re-ejecutá mirror completo tras actualizar scraper.
[SYNC][TAXONOMÍA] codigo=35020 segment PDP="memoria-ram-pc" no aparece en listado/migas asignados (cv=almacenamiento sv=almacenamiento__memorias__21). Re-ejecutá mirror completo tras actualizar scraper.
[SYNC][TAXONOMÍA] codigo=9513 segment PDP="memoria-sd-msd-y-stick" no aparece en listado/migas asignados (cv=almacenamiento sv=almacenamiento__memorias__21). Re-ejecutá mirror completo tras actualizar scraper.
[SYNC][TAXONOMÍA] codigo=6653 segment PDP="memoria-ram-pc" no aparece en listado/migas asignados (cv=almacenamiento sv=almacenamiento__memorias__21). Re-ejecutá mirror completo tras actualizar scraper.
[SYNC][TAXONOMÍA] codigo=34972 segment PDP="memoria-ram-notebook" no aparece en listado/migas asignados (cv=almacenamiento sv=almacenamiento__memorias__21). Re-ejecutá mirror completo tras actualizar scraper.
[SYNC][TAXONOMÍA] codigo=34864 segment PDP="memoria-sd-msd-y-stick" no aparece en listado/migas asignados (cv=almacenamiento sv=almacenamiento__memorias__21). Re-ejecutá mirror completo tras actualizar scraper.
[SYNC][TAXONOMÍA] codigo=34862 segment PDP="memoria-sd-msd-y-stick" no aparece en listado/migas asignados (cv=almacenamiento sv=almacenamiento__memorias__21). Re-ejecutá mirror completo tras actualizar scraper.
[SYNC][TAXONOMÍA] codigo=34787 segment PDP="memoria-ram-pc" no aparece en listado/migas asignados (cv=almacenamiento sv=almacenamiento__memorias__21). Re-ejecutá mirror completo tras actualizar scraper.
[PROGRESO] Procesado producto 250 de 4222...
[SYNC][TAXONOMÍA] codigo=34780 segment PDP="memoria-sd-msd-y-stick" no aparece en listado/migas asignados (cv=almacenamiento sv=almacenamiento__memorias__21). Re-ejecutá mirror completo tras actualizar scraper.
[SYNC][TAXONOMÍA] codigo=34437 segment PDP="memoria-ram-notebook" no aparece en listado/migas asignados (cv=almacenamiento sv=almacenamiento__memorias__21). Re-ejecutá mirror completo tras actualizar scraper.
[SYNC][TAXONOMÍA] codigo=34429 segment PDP="memoria-ram-pc" no aparece en listado/migas asignados (cv=almacenamiento sv=almacenamiento__memorias__21). Re-ejecutá mirror completo tras actualizar scraper.
[SYNC][TAXONOMÍA] codigo=34387 segment PDP="memoria-ram-notebook" no aparece en listado/migas asignados (cv=almacenamiento sv=almacenamiento__memorias__21). Re-ejecutá mirror completo tras actualizar scraper.
[SYNC][TAXONOMÍA] codigo=34386 segment PDP="memoria-ram-notebook" no aparece en listado/migas asignados (cv=almacenamiento sv=almacenamiento__memorias__21). Re-ejecutá mirror completo tras actualizar scraper.
[SYNC][TAXONOMÍA] codigo=34385 segment PDP="memoria-ram-notebook" no aparece en listado/migas asignados (cv=almacenamiento sv=almacenamiento__memorias__21). Re-ejecutá mirror completo tras actualizar scraper.
[SYNC][TAXONOMÍA] codigo=34382 segment PDP="memoria-ram-notebook" no aparece en listado/migas asignados (cv=almacenamiento sv=almacenamiento__memorias__21). Re-ejecutá mirror completo tras actualizar scraper.
[SYNC][TAXONOMÍA] codigo=34363 segment PDP="memoria-ram-pc" no aparece en listado/migas asignados (cv=almacenamiento sv=almacenamiento__memorias__21). Re-ejecutá mirror completo tras actualizar scraper.
[SYNC][TAXONOMÍA] codigo=34248 segment PDP="memoria-ram-notebook" no aparece en listado/migas asignados (cv=almacenamiento sv=almacenamiento__memorias__21). Re-ejecutá mirror completo tras actualizar scraper.
[SYNC][TAXONOMÍA] codigo=34245 segment PDP="memoria-ram-pc" no aparece en listado/migas asignados (cv=almacenamiento sv=almacenamiento__memorias__21). Re-ejecutá mirror completo tras actualizar scraper.
[SYNC][TAXONOMÍA] codigo=34188 segment PDP="memoria-ram-pc" no aparece en listado/migas asignados (cv=almacenamiento sv=almacenamiento__memorias__21). Re-ejecutá mirror completo tras actualizar scraper.
[SYNC][TAXONOMÍA] codigo=33980 segment PDP="memoria-ram-pc" no aparece en listado/migas asignados (cv=almacenamiento sv=almacenamiento__memorias__21). Re-ejecutá mirror completo tras actualizar scraper.
[SYNC][TAXONOMÍA] codigo=33975 segment PDP="memoria-ram-pc" no aparece en listado/migas asignados (cv=almacenamiento sv=almacenamiento__memorias__21). Re-ejecutá mirror completo tras actualizar scraper.
[SYNC][TAXONOMÍA] codigo=33835 segment PDP="memoria-ram-notebook" no aparece en listado/migas asignados (cv=almacenamiento sv=almacenamiento__memorias__21). Re-ejecutá mirror completo tras actualizar scraper.
[SYNC][TAXONOMÍA] codigo=33815 segment PDP="memoria-ram-notebook" no aparece en listado/migas asignados (cv=almacenamiento sv=almacenamiento__memorias__21). Re-ejecutá mirror completo tras actualizar scraper.
[SYNC][TAXONOMÍA] codigo=33707 segment PDP="memoria-ram-notebook" no aparece en listado/migas asignados (cv=almacenamiento sv=almacenamiento__memorias__21). Re-ejecutá mirror completo tras actualizar scraper.
[SYNC][TAXONOMÍA] codigo=33706 segment PDP="memoria-ram-pc" no aparece en listado/migas asignados (cv=almacenamiento sv=almacenamiento__memorias__21). Re-ejecutá mirror completo tras actualizar scraper.
[SYNC][TAXONOMÍA] codigo=33635 segment PDP="memoria-ram-pc" no aparece en listado/migas asignados (cv=almacenamiento sv=almacenamiento__memorias__21). Re-ejecutá mirror completo tras actualizar scraper.
[SYNC][TAXONOMÍA] codigo=32948 segment PDP="memoria-ram-pc" no aparece en listado/migas asignados (cv=almacenamiento sv=almacenamiento__memorias__21). Re-ejecutá mirror completo tras actualizar scraper.
[SYNC][TAXONOMÍA] codigo=32945 segment PDP="memoria-ram-pc" no aparece en listado/migas asignados (cv=almacenamiento sv=almacenamiento__memorias__21). Re-ejecutá mirror completo tras actualizar scraper.
[SYNC][TAXONOMÍA] codigo=32450 segment PDP="memoria-ram-pc" no aparece en listado/migas asignados (cv=almacenamiento sv=almacenamiento__memorias__21). Re-ejecutá mirror completo tras actualizar scraper.
[SYNC][TAXONOMÍA] codigo=32361 segment PDP="memoria-ram-notebook" no aparece en listado/migas asignados (cv=almacenamiento sv=almacenamiento__memorias__21). Re-ejecutá mirror completo tras actualizar scraper.
[SYNC][TAXONOMÍA] codigo=32360 segment PDP="memoria-ram-notebook" no aparece en listado/migas asignados (cv=almacenamiento sv=almacenamiento__memorias__21). Re-ejecutá mirror completo tras actualizar scraper.
[SYNC][TAXONOMÍA] codigo=32357 segment PDP="memoria-ram-pc" no aparece en listado/migas asignados (cv=almacenamiento sv=almacenamiento__memorias__21). Re-ejecutá mirror completo tras actualizar scraper.
[SYNC][TAXONOMÍA] codigo=32355 segment PDP="memoria-ram-pc" no aparece en listado/migas asignados (cv=almacenamiento sv=almacenamiento__memorias__21). Re-ejecutá mirror completo tras actualizar scraper.
[SYNC][TAXONOMÍA] codigo=32354 segment PDP="memoria-ram-pc" no aparece en listado/migas asignados (cv=almacenamiento sv=almacenamiento__memorias__21). Re-ejecutá mirror completo tras actualizar scraper.
[SYNC][TAXONOMÍA] codigo=31684 segment PDP="memoria-ram-pc" no aparece en listado/migas asignados (cv=almacenamiento sv=almacenamiento__memorias__21). Re-ejecutá mirror completo tras actualizar scraper.
[SYNC][TAXONOMÍA] codigo=31491 segment PDP="memoria-ram-pc" no aparece en listado/migas asignados (cv=almacenamiento sv=almacenamiento__memorias__21). Re-ejecutá mirror completo tras actualizar scraper.
[SYNC][TAXONOMÍA] codigo=31401 segment PDP="memoria-ram-pc" no aparece en listado/migas asignados (cv=almacenamiento sv=almacenamiento__memorias__21). Re-ejecutá mirror completo tras actualizar scraper.
[SYNC][TAXONOMÍA] codigo=31338 segment PDP="memoria-ram-pc" no aparece en listado/migas asignados (cv=almacenamiento sv=almacenamiento__memorias__21). Re-ejecutá mirror completo tras actualizar scraper.
[SYNC][TAXONOMÍA] codigo=31335 segment PDP="memoria-ram-pc" no aparece en listado/migas asignados (cv=almacenamiento sv=almacenamiento__memorias__21). Re-ejecutá mirror completo tras actualizar scraper.
[SYNC][TAXONOMÍA] codigo=31334 segment PDP="memoria-ram-pc" no aparece en listado/migas asignados (cv=almacenamiento sv=almacenamiento__memorias__21). Re-ejecutá mirror completo tras actualizar scraper.
[SYNC][TAXONOMÍA] codigo=31161 segment PDP="memoria-ram-pc" no aparece en listado/migas asignados (cv=almacenamiento sv=almacenamiento__memorias__21). Re-ejecutá mirror completo tras actualizar scraper.
[SYNC][TAXONOMÍA] codigo=31061 segment PDP="memoria-ram-pc" no aparece en listado/migas asignados (cv=almacenamiento sv=almacenamiento__memorias__21). Re-ejecutá mirror completo tras actualizar scraper.
[SYNC][TAXONOMÍA] codigo=31056 segment PDP="memoria-ram-notebook" no aparece en listado/migas asignados (cv=almacenamiento sv=almacenamiento__memorias__21). Re-ejecutá mirror completo tras actualizar scraper.
[SYNC][TAXONOMÍA] codigo=30977 segment PDP="memoria-sd-msd-y-stick" no aparece en listado/migas asignados (cv=almacenamiento sv=almacenamiento__memorias__21). Re-ejecutá mirror completo tras actualizar scraper.
[SYNC][TAXONOMÍA] codigo=30617 segment PDP="memoria-sd-msd-y-stick" no aparece en listado/migas asignados (cv=almacenamiento sv=almacenamiento__memorias__21). Re-ejecutá mirror completo tras actualizar scraper.
[SYNC][TAXONOMÍA] codigo=30616 segment PDP="memoria-sd-msd-y-stick" no aparece en listado/migas asignados (cv=almacenamiento sv=almacenamiento__memorias__21). Re-ejecutá mirror completo tras actualizar scraper.
[SYNC][TAXONOMÍA] codigo=30611 segment PDP="memoria-sd-msd-y-stick" no aparece en listado/migas asignados (cv=almacenamiento sv=almacenamiento__memorias__21). Re-ejecutá mirror completo tras actualizar scraper.
[SYNC][TAXONOMÍA] codigo=30369 segment PDP="memoria-ram-notebook" no aparece en listado/migas asignados (cv=almacenamiento sv=almacenamiento__memorias__21). Re-ejecutá mirror completo tras actualizar scraper.
[PROGRESO] Procesado producto 300 de 4222...
[SYNC][TAXONOMÍA] codigo=30254 segment PDP="memoria-ram-notebook" no aparece en listado/migas asignados (cv=almacenamiento sv=almacenamiento__memorias__21). Re-ejecutá mirror completo tras actualizar scraper.
[SYNC][TAXONOMÍA] codigo=30202 segment PDP="memoria-ram-pc" no aparece en listado/migas asignados (cv=almacenamiento sv=almacenamiento__memorias__21). Re-ejecutá mirror completo tras actualizar scraper.
[SYNC][TAXONOMÍA] codigo=30201 segment PDP="memoria-ram-pc" no aparece en listado/migas asignados (cv=almacenamiento sv=almacenamiento__memorias__21). Re-ejecutá mirror completo tras actualizar scraper.
[SYNC][TAXONOMÍA] codigo=29755 segment PDP="memoria-ram-pc" no aparece en listado/migas asignados (cv=almacenamiento sv=almacenamiento__memorias__21). Re-ejecutá mirror completo tras actualizar scraper.
[SYNC][TAXONOMÍA] codigo=29610 segment PDP="memoria-ram-pc" no aparece en listado/migas asignados (cv=almacenamiento sv=almacenamiento__memorias__21). Re-ejecutá mirror completo tras actualizar scraper.
[SYNC][TAXONOMÍA] codigo=29338 segment PDP="memoria-ram-pc" no aparece en listado/migas asignados (cv=almacenamiento sv=almacenamiento__memorias__21). Re-ejecutá mirror completo tras actualizar scraper.
[SYNC][TAXONOMÍA] codigo=28856 segment PDP="memoria-ram-notebook" no aparece en listado/migas asignados (cv=almacenamiento sv=almacenamiento__memorias__21). Re-ejecutá mirror completo tras actualizar scraper.
[SYNC][TAXONOMÍA] codigo=28842 segment PDP="memoria-ram-pc" no aparece en listado/migas asignados (cv=almacenamiento sv=almacenamiento__memorias__21). Re-ejecutá mirror completo tras actualizar scraper.
[SYNC][TAXONOMÍA] codigo=28833 segment PDP="memoria-ram-pc" no aparece en listado/migas asignados (cv=almacenamiento sv=almacenamiento__memorias__21). Re-ejecutá mirror completo tras actualizar scraper.
[SYNC][TAXONOMÍA] codigo=28685 segment PDP="memoria-ram-pc" no aparece en listado/migas asignados (cv=almacenamiento sv=almacenamiento__memorias__21). Re-ejecutá mirror completo tras actualizar scraper.
[SYNC][TAXONOMÍA] codigo=28460 segment PDP="memoria-ram-pc" no aparece en listado/migas asignados (cv=almacenamiento sv=almacenamiento__memorias__21). Re-ejecutá mirror completo tras actualizar scraper.
[SYNC][TAXONOMÍA] codigo=28437 segment PDP="memoria-ram-pc" no aparece en listado/migas asignados (cv=almacenamiento sv=almacenamiento__memorias__21). Re-ejecutá mirror completo tras actualizar scraper.
[SYNC][TAXONOMÍA] codigo=28106 segment PDP="memoria-ram-notebook" no aparece en listado/migas asignados (cv=almacenamiento sv=almacenamiento__memorias__21). Re-ejecutá mirror completo tras actualizar scraper.
[SYNC][TAXONOMÍA] codigo=28104 segment PDP="memoria-ram-notebook" no aparece en listado/migas asignados (cv=almacenamiento sv=almacenamiento__memorias__21). Re-ejecutá mirror completo tras actualizar scraper.
[SYNC][TAXONOMÍA] codigo=28098 segment PDP="memoria-ram-notebook" no aparece en listado/migas asignados (cv=almacenamiento sv=almacenamiento__memorias__21). Re-ejecutá mirror completo tras actualizar scraper.
[SYNC][TAXONOMÍA] codigo=27470 segment PDP="memoria-sd-msd-y-stick" no aparece en listado/migas asignados (cv=almacenamiento sv=almacenamiento__memorias__21). Re-ejecutá mirror completo tras actualizar scraper.
[SYNC][TAXONOMÍA] codigo=27355 segment PDP="memoria-ram-pc" no aparece en listado/migas asignados (cv=almacenamiento sv=almacenamiento__memorias__21). Re-ejecutá mirror completo tras actualizar scraper.
[SYNC][TAXONOMÍA] codigo=27351 segment PDP="memoria-ram-notebook" no aparece en listado/migas asignados (cv=almacenamiento sv=almacenamiento__memorias__21). Re-ejecutá mirror completo tras actualizar scraper.
[SYNC][TAXONOMÍA] codigo=27349 segment PDP="memoria-ram-notebook" no aparece en listado/migas asignados (cv=almacenamiento sv=almacenamiento__memorias__21). Re-ejecutá mirror completo tras actualizar scraper.
[SYNC][TAXONOMÍA] codigo=26428 segment PDP="memoria-ram-notebook" no aparece en listado/migas asignados (cv=almacenamiento sv=almacenamiento__memorias__21). Re-ejecutá mirror completo tras actualizar scraper.
[SYNC][TAXONOMÍA] codigo=26027 segment PDP="memoria-ram-pc" no aparece en listado/migas asignados (cv=almacenamiento sv=almacenamiento__memorias__21). Re-ejecutá mirror completo tras actualizar scraper.
[SYNC][TAXONOMÍA] codigo=26026 segment PDP="memoria-ram-pc" no aparece en listado/migas asignados (cv=almacenamiento sv=almacenamiento__memorias__21). Re-ejecutá mirror completo tras actualizar scraper.
[SYNC][TAXONOMÍA] codigo=26018 segment PDP="memoria-ram-pc" no aparece en listado/migas asignados (cv=almacenamiento sv=almacenamiento__memorias__21). Re-ejecutá mirror completo tras actualizar scraper.
[SYNC][TAXONOMÍA] codigo=26015 segment PDP="memoria-ram-pc" no aparece en listado/migas asignados (cv=almacenamiento sv=almacenamiento__memorias__21). Re-ejecutá mirror completo tras actualizar scraper.
[SYNC][TAXONOMÍA] codigo=25864 segment PDP="memoria-ram-pc" no aparece en listado/migas asignados (cv=almacenamiento sv=almacenamiento__memorias__21). Re-ejecutá mirror completo tras actualizar scraper.
[SYNC][TAXONOMÍA] codigo=25410 segment PDP="memoria-ram-pc" no aparece en listado/migas asignados (cv=almacenamiento sv=almacenamiento__memorias__21). Re-ejecutá mirror completo tras actualizar scraper.
[SYNC][TAXONOMÍA] codigo=25370 segment PDP="memoria-ram-notebook" no aparece en listado/migas asignados (cv=almacenamiento sv=almacenamiento__memorias__21). Re-ejecutá mirror completo tras actualizar scraper.
[SYNC][TAXONOMÍA] codigo=24957 segment PDP="memoria-ram-notebook" no aparece en listado/migas asignados (cv=almacenamiento sv=almacenamiento__memorias__21). Re-ejecutá mirror completo tras actualizar scraper.
[SYNC][TAXONOMÍA] codigo=24422 segment PDP="memoria-ram-pc" no aparece en listado/migas asignados (cv=almacenamiento sv=almacenamiento__memorias__21). Re-ejecutá mirror completo tras actualizar scraper.
[SYNC][TAXONOMÍA] codigo=24385 segment PDP="memoria-ram-notebook" no aparece en listado/migas asignados (cv=almacenamiento sv=almacenamiento__memorias__21). Re-ejecutá mirror completo tras actualizar scraper.
[SYNC][TAXONOMÍA] codigo=24377 segment PDP="memoria-ram-notebook" no aparece en listado/migas asignados (cv=almacenamiento sv=almacenamiento__memorias__21). Re-ejecutá mirror completo tras actualizar scraper.
[SYNC][TAXONOMÍA] codigo=24376 segment PDP="memoria-ram-pc" no aparece en listado/migas asignados (cv=almacenamiento sv=almacenamiento__memorias__21). Re-ejecutá mirror completo tras actualizar scraper.
[SYNC][TAXONOMÍA] codigo=24375 segment PDP="memoria-ram-pc" no aparece en listado/migas asignados (cv=almacenamiento sv=almacenamiento__memorias__21). Re-ejecutá mirror completo tras actualizar scraper.
[SYNC][TAXONOMÍA] codigo=24374 segment PDP="memoria-ram-pc" no aparece en listado/migas asignados (cv=almacenamiento sv=almacenamiento__memorias__21). Re-ejecutá mirror completo tras actualizar scraper.
[SYNC][TAXONOMÍA] codigo=24373 segment PDP="memoria-ram-pc" no aparece en listado/migas asignados (cv=almacenamiento sv=almacenamiento__memorias__21). Re-ejecutá mirror completo tras actualizar scraper.
[SYNC][TAXONOMÍA] codigo=24371 segment PDP="memoria-ram-pc" no aparece en listado/migas asignados (cv=almacenamiento sv=almacenamiento__memorias__21). Re-ejecutá mirror completo tras actualizar scraper.
[SYNC][TAXONOMÍA] codigo=24124 segment PDP="memoria-ram-pc" no aparece en listado/migas asignados (cv=almacenamiento sv=almacenamiento__memorias__21). Re-ejecutá mirror completo tras actualizar scraper.
[SYNC][TAXONOMÍA] codigo=24103 segment PDP="memoria-ram-pc" no aparece en listado/migas asignados (cv=almacenamiento sv=almacenamiento__memorias__21). Re-ejecutá mirror completo tras actualizar scraper.
[SYNC][TAXONOMÍA] codigo=23814 segment PDP="memoria-ram-notebook" no aparece en listado/migas asignados (cv=almacenamiento sv=almacenamiento__memorias__21). Re-ejecutá mirror completo tras actualizar scraper.
[SYNC][TAXONOMÍA] codigo=23813 segment PDP="memoria-ram-pc" no aparece en listado/migas asignados (cv=almacenamiento sv=almacenamiento__memorias__21). Re-ejecutá mirror completo tras actualizar scraper.
[SYNC][TAXONOMÍA] codigo=23410 segment PDP="memoria-ram-pc" no aparece en listado/migas asignados (cv=almacenamiento sv=almacenamiento__memorias__21). Re-ejecutá mirror completo tras actualizar scraper.
[SYNC][TAXONOMÍA] codigo=22840 segment PDP="memoria-ram-notebook" no aparece en listado/migas asignados (cv=almacenamiento sv=almacenamiento__memorias__21). Re-ejecutá mirror completo tras actualizar scraper.
[SYNC][TAXONOMÍA] codigo=22714 segment PDP="memoria-ram-pc" no aparece en listado/migas asignados (cv=almacenamiento sv=almacenamiento__memorias__21). Re-ejecutá mirror completo tras actualizar scraper.
[SYNC][TAXONOMÍA] codigo=22362 segment PDP="memoria-ram-pc" no aparece en listado/migas asignados (cv=almacenamiento sv=almacenamiento__memorias__21). Re-ejecutá mirror completo tras actualizar scraper.
[SYNC][TAXONOMÍA] codigo=22087 segment PDP="memoria-ram-notebook" no aparece en listado/migas asignados (cv=almacenamiento sv=almacenamiento__memorias__21). Re-ejecutá mirror completo tras actualizar scraper.
[SYNC][TAXONOMÍA] codigo=22084 segment PDP="memoria-ram-notebook" no aparece en listado/migas asignados (cv=almacenamiento sv=almacenamiento__memorias__21). Re-ejecutá mirror completo tras actualizar scraper.
[SYNC][TAXONOMÍA] codigo=21285 segment PDP="memoria-ram-notebook" no aparece en listado/migas asignados (cv=almacenamiento sv=almacenamiento__memorias__21). Re-ejecutá mirror completo tras actualizar scraper.
[SYNC][TAXONOMÍA] codigo=20842 segment PDP="memoria-sd-msd-y-stick" no aparece en listado/migas asignados (cv=almacenamiento sv=almacenamiento__memorias__21). Re-ejecutá mirror completo tras actualizar scraper.
[SYNC][TAXONOMÍA] codigo=19715 segment PDP="memoria-sd-msd-y-stick" no aparece en listado/migas asignados (cv=almacenamiento sv=almacenamiento__memorias__21). Re-ejecutá mirror completo tras actualizar scraper.
[SYNC][TAXONOMÍA] codigo=19706 segment PDP="memoria-ram-notebook" no aparece en listado/migas asignados (cv=almacenamiento sv=almacenamiento__memorias__21). Re-ejecutá mirror completo tras actualizar scraper.
[SYNC][TAXONOMÍA] codigo=18952 segment PDP="memoria-ram-pc" no aparece en listado/migas asignados (cv=almacenamiento sv=almacenamiento__memorias__21). Re-ejecutá mirror completo tras actualizar scraper.
[SYNC][TAXONOMÍA] codigo=18267 segment PDP="memoria-ram-notebook" no aparece en listado/migas asignados (cv=almacenamiento sv=almacenamiento__memorias__21). Re-ejecutá mirror completo tras actualizar scraper.
[SYNC][TAXONOMÍA] codigo=17895 segment PDP="memoria-sd-msd-y-stick" no aparece en listado/migas asignados (cv=almacenamiento sv=almacenamiento__memorias__21). Re-ejecutá mirror completo tras actualizar scraper.
[SYNC][TAXONOMÍA] codigo=17813 segment PDP="memoria-ram-pc" no aparece en listado/migas asignados (cv=almacenamiento sv=almacenamiento__memorias__21). Re-ejecutá mirror completo tras actualizar scraper.
[SYNC][TAXONOMÍA] codigo=15367 segment PDP="memoria-ram-pc" no aparece en listado/migas asignados (cv=almacenamiento sv=almacenamiento__memorias__21). Re-ejecutá mirror completo tras actualizar scraper.
[PROGRESO] Procesado producto 350 de 4222...
[SYNC][TAXONOMÍA] codigo=15105 segment PDP="memoria-ram-pc" no aparece en listado/migas asignados (cv=almacenamiento sv=almacenamiento__memorias__21). Re-ejecutá mirror completo tras actualizar scraper.
[SYNC][TAXONOMÍA] codigo=14128 segment PDP="memoria-sd-msd-y-stick" no aparece en listado/migas asignados (cv=almacenamiento sv=almacenamiento__memorias__21). Re-ejecutá mirror completo tras actualizar scraper.
[SYNC][TAXONOMÍA] codigo=11842 segment PDP="memoria-ram-notebook" no aparece en listado/migas asignados (cv=almacenamiento sv=almacenamiento__memorias__21). Re-ejecutá mirror completo tras actualizar scraper.
[ESTRUCTURA] Añadida nueva especificación: 06 → subcategoría Almacenamiento › Pendrive
[ESTRUCTURA] Añadida nueva especificación: MARCA → subcategoría Almacenamiento › Pendrive
[ESTRUCTURA] Añadida nueva especificación: MODELO → subcategoría Almacenamiento › Pendrive
[ESTRUCTURA] Añadida nueva especificación: REFERENCIA → subcategoría Almacenamiento › Pendrive
[ESTRUCTURA] Añadida nueva especificación: COLOR → subcategoría Almacenamiento › Pendrive
[ESTRUCTURA] Añadida nueva especificación: CAPACIDAD → subcategoría Almacenamiento › Pendrive
[ESTRUCTURA] Añadida nueva especificación: INTERFAZ → subcategoría Almacenamiento › Pendrive
[ESTRUCTURA] Añadida nueva especificación: CARACTERISTICAS → subcategoría Almacenamiento › Pendrive
[ESTRUCTURA] Añadida nueva especificación: DIMENSIONES DEL EMBALAJE → subcategoría Almacenamiento › Pendrive
[ESTRUCTURA] Añadida nueva especificación: PESO BRUTO → subcategoría Almacenamiento › Pendrive
[SYNC][TAXONOMÍA] codigo=53754 segment PDP="ssd-2-5" no aparece en listado/migas asignados (cv=almacenamiento sv=almacenamiento__ssd__21). Re-ejecutá mirror completo tras actualizar scraper.
[ESTRUCTURA] Añadida nueva especificación: MARCA → subcategoría Almacenamiento › SSD
[ESTRUCTURA] Añadida nueva especificación: MODELO → subcategoría Almacenamiento › SSD
[ESTRUCTURA] Añadida nueva especificación: REFERENCIA → subcategoría Almacenamiento › SSD
[ESTRUCTURA] Añadida nueva especificación: CAPACIDAD → subcategoría Almacenamiento › SSD
[ESTRUCTURA] Añadida nueva especificación: VELOCIDAD DE GRABACIÓN → subcategoría Almacenamiento › SSD
[ESTRUCTURA] Añadida nueva especificación: VELOCIDAD DE LECTURA → subcategoría Almacenamiento › SSD
[ESTRUCTURA] Añadida nueva especificación: FACTOR DE FORMA → subcategoría Almacenamiento › SSD
[ESTRUCTURA] Añadida nueva especificación: COMPATIBILIDAD → subcategoría Almacenamiento › SSD
[ESTRUCTURA] Añadida nueva especificación: INTERFAZ → subcategoría Almacenamiento › SSD
[ESTRUCTURA] Añadida nueva especificación: CARACTERISTICAS → subcategoría Almacenamiento › SSD
[ESTRUCTURA] Añadida nueva especificación: DIMENSIONES DE EMBALAJE → subcategoría Almacenamiento › SSD
[ESTRUCTURA] Añadida nueva especificación: PESO → subcategoría Almacenamiento › SSD
[SYNC][TAXONOMÍA] codigo=52350 segment PDP="ssd-m-2-nvme" no aparece en listado/migas asignados (cv=almacenamiento sv=almacenamiento__ssd__21). Re-ejecutá mirror completo tras actualizar scraper.
[ESTRUCTURA] Añadida nueva especificación: LECTURA SECUENCIAL → subcategoría Almacenamiento › SSD
[ESTRUCTURA] Añadida nueva especificación: GRABACIÓN SECUENCIAL → subcategoría Almacenamiento › SSD
[ESTRUCTURA] Añadida nueva especificación: TECNOLOGÍA → subcategoría Almacenamiento › SSD
[ESTRUCTURA] Añadida nueva especificación: DISIPADOR DE CALOR → subcategoría Almacenamiento › SSD
[SYNC][TAXONOMÍA] codigo=53386 segment PDP="ssd-2-5" no aparece en listado/migas asignados (cv=almacenamiento sv=almacenamiento__ssd__21). Re-ejecutá mirror completo tras actualizar scraper.
[PROGRESO] Procesado producto 400 de 4222...
[SYNC][TAXONOMÍA] codigo=53344 segment PDP="ssd-2-5" no aparece en listado/migas asignados (cv=almacenamiento sv=almacenamiento__ssd__21). Re-ejecutá mirror completo tras actualizar scraper.
[SYNC][TAXONOMÍA] codigo=47680 segment PDP="ssd-m-2-nvme" no aparece en listado/migas asignados (cv=almacenamiento sv=almacenamiento__ssd__21). Re-ejecutá mirror completo tras actualizar scraper.
[SYNC][TAXONOMÍA] codigo=43235 segment PDP="ssd-m-2-nvme" no aparece en listado/migas asignados (cv=almacenamiento sv=almacenamiento__ssd__21). Re-ejecutá mirror completo tras actualizar scraper.
[ESTRUCTURA] Añadida nueva especificación: DIMENSIONES DEL EMBALAJE → subcategoría Almacenamiento › SSD
[SYNC][TAXONOMÍA] codigo=58016 segment PDP="ssd-externo" no aparece en listado/migas asignados (cv=almacenamiento sv=almacenamiento__ssd__21). Re-ejecutá mirror completo tras actualizar scraper.
[ESTRUCTURA] Añadida nueva especificación: 06 → subcategoría Almacenamiento › SSD
[SYNC][TAXONOMÍA] codigo=54489 segment PDP="ssd-m-2-nvme" no aparece en listado/migas asignados (cv=almacenamiento sv=almacenamiento__ssd__21). Re-ejecutá mirror completo tras actualizar scraper.
[SYNC][TAXONOMÍA] codigo=57199 segment PDP="ssd-externo" no aparece en listado/migas asignados (cv=almacenamiento sv=almacenamiento__ssd__21). Re-ejecutá mirror completo tras actualizar scraper.
[ESTRUCTURA] Añadida nueva especificación: TAXA DE TRANSFERENCIA → subcategoría Almacenamiento › SSD
[ESTRUCTURA] Añadida nueva especificación: INCLUI → subcategoría Almacenamiento › SSD
[SYNC][TAXONOMÍA] codigo=56869 segment PDP="ssd-m-2-nvme" no aparece en listado/migas asignados (cv=almacenamiento sv=almacenamiento__ssd__21). Re-ejecutá mirror completo tras actualizar scraper.
[SYNC][TAXONOMÍA] codigo=56667 segment PDP="ssd-m-2-nvme" no aparece en listado/migas asignados (cv=almacenamiento sv=almacenamiento__ssd__21). Re-ejecutá mirror completo tras actualizar scraper.
[SYNC][TAXONOMÍA] codigo=56536 segment PDP="ssd-m-2-nvme" no aparece en listado/migas asignados (cv=almacenamiento sv=almacenamiento__ssd__21). Re-ejecutá mirror completo tras actualizar scraper.
[SYNC][TAXONOMÍA] codigo=55339 segment PDP="ssd-m-2-nvme" no aparece en listado/migas asignados (cv=almacenamiento sv=almacenamiento__ssd__21). Re-ejecutá mirror completo tras actualizar scraper.
[ESTRUCTURA] Añadida nueva especificación: COLOR → subcategoría Almacenamiento › SSD
[SYNC][TAXONOMÍA] codigo=55022 segment PDP="ssd-m-2-nvme" no aparece en listado/migas asignados (cv=almacenamiento sv=almacenamiento__ssd__21). Re-ejecutá mirror completo tras actualizar scraper.
[SYNC][TAXONOMÍA] codigo=55013 segment PDP="ssd-2-5" no aparece en listado/migas asignados (cv=almacenamiento sv=almacenamiento__ssd__21). Re-ejecutá mirror completo tras actualizar scraper.
[SYNC][TAXONOMÍA] codigo=54824 segment PDP="ssd-2-5" no aparece en listado/migas asignados (cv=almacenamiento sv=almacenamiento__ssd__21). Re-ejecutá mirror completo tras actualizar scraper.
[SYNC][TAXONOMÍA] codigo=54686 segment PDP="ssd-m-2-nvme" no aparece en listado/migas asignados (cv=almacenamiento sv=almacenamiento__ssd__21). Re-ejecutá mirror completo tras actualizar scraper.
[SYNC][TAXONOMÍA] codigo=54427 segment PDP="ssd-2-5" no aparece en listado/migas asignados (cv=almacenamiento sv=almacenamiento__ssd__21). Re-ejecutá mirror completo tras actualizar scraper.
[SYNC][TAXONOMÍA] codigo=54249 segment PDP="ssd-m-2-nvme" no aparece en listado/migas asignados (cv=almacenamiento sv=almacenamiento__ssd__21). Re-ejecutá mirror completo tras actualizar scraper.
[SYNC][TAXONOMÍA] codigo=54132 segment PDP="ssd-externo" no aparece en listado/migas asignados (cv=almacenamiento sv=almacenamiento__ssd__21). Re-ejecutá mirror completo tras actualizar scraper.
[SYNC][TAXONOMÍA] codigo=53722 segment PDP="ssd-externo" no aparece en listado/migas asignados (cv=almacenamiento sv=almacenamiento__ssd__21). Re-ejecutá mirror completo tras actualizar scraper.
[SYNC][TAXONOMÍA] codigo=53559 segment PDP="ssd-externo" no aparece en listado/migas asignados (cv=almacenamiento sv=almacenamiento__ssd__21). Re-ejecutá mirror completo tras actualizar scraper.
[SYNC][TAXONOMÍA] codigo=53385 segment PDP="ssd-2-5" no aparece en listado/migas asignados (cv=almacenamiento sv=almacenamiento__ssd__21). Re-ejecutá mirror completo tras actualizar scraper.
[SYNC][TAXONOMÍA] codigo=53070 segment PDP="ssd-m-2-nvme" no aparece en listado/migas asignados (cv=almacenamiento sv=almacenamiento__ssd__21). Re-ejecutá mirror completo tras actualizar scraper.
[SYNC][TAXONOMÍA] codigo=53044 segment PDP="ssd-2-5" no aparece en listado/migas asignados (cv=almacenamiento sv=almacenamiento__ssd__21). Re-ejecutá mirror completo tras actualizar scraper.
[SYNC][TAXONOMÍA] codigo=53043 segment PDP="ssd-2-5" no aparece en listado/migas asignados (cv=almacenamiento sv=almacenamiento__ssd__21). Re-ejecutá mirror completo tras actualizar scraper.
[SYNC][TAXONOMÍA] codigo=53042 segment PDP="ssd-2-5" no aparece en listado/migas asignados (cv=almacenamiento sv=almacenamiento__ssd__21). Re-ejecutá mirror completo tras actualizar scraper.
[SYNC][TAXONOMÍA] codigo=50285 segment PDP="ssd-m-2-nvme" no aparece en listado/migas asignados (cv=almacenamiento sv=almacenamiento__ssd__21). Re-ejecutá mirror completo tras actualizar scraper.
[SYNC][TAXONOMÍA] codigo=52762 segment PDP="ssd-m-2-nvme" no aparece en listado/migas asignados (cv=almacenamiento sv=almacenamiento__ssd__21). Re-ejecutá mirror completo tras actualizar scraper.
[SYNC][TAXONOMÍA] codigo=52182 segment PDP="ssd-m-2-nvme" no aparece en listado/migas asignados (cv=almacenamiento sv=almacenamiento__ssd__21). Re-ejecutá mirror completo tras actualizar scraper.
[SYNC][TAXONOMÍA] codigo=52181 segment PDP="ssd-m-2-nvme" no aparece en listado/migas asignados (cv=almacenamiento sv=almacenamiento__ssd__21). Re-ejecutá mirror completo tras actualizar scraper.
[SYNC][TAXONOMÍA] codigo=52180 segment PDP="ssd-m-2-nvme" no aparece en listado/migas asignados (cv=almacenamiento sv=almacenamiento__ssd__21). Re-ejecutá mirror completo tras actualizar scraper.
[SYNC][TAXONOMÍA] codigo=51768 segment PDP="ssd-2-5" no aparece en listado/migas asignados (cv=almacenamiento sv=almacenamiento__ssd__21). Re-ejecutá mirror completo tras actualizar scraper.
[SYNC][TAXONOMÍA] codigo=51637 segment PDP="ssd-externo" no aparece en listado/migas asignados (cv=almacenamiento sv=almacenamiento__ssd__21). Re-ejecutá mirror completo tras actualizar scraper.
[SYNC][TAXONOMÍA] codigo=51084 segment PDP="ssd-2-5" no aparece en listado/migas asignados (cv=almacenamiento sv=almacenamiento__ssd__21). Re-ejecutá mirror completo tras actualizar scraper.
[SYNC][TAXONOMÍA] codigo=51475 segment PDP="ssd-m-2-nvme" no aparece en listado/migas asignados (cv=almacenamiento sv=almacenamiento__ssd__21). Re-ejecutá mirror completo tras actualizar scraper.
[SYNC][TAXONOMÍA] codigo=51248 segment PDP="ssd-m-2-nvme" no aparece en listado/migas asignados (cv=almacenamiento sv=almacenamiento__ssd__21). Re-ejecutá mirror completo tras actualizar scraper.
[SYNC][TAXONOMÍA] codigo=50850 segment PDP="ssd-2-5" no aparece en listado/migas asignados (cv=almacenamiento sv=almacenamiento__ssd__21). Re-ejecutá mirror completo tras actualizar scraper.
[SYNC][TAXONOMÍA] codigo=50703 segment PDP="ssd-m-2-nvme" no aparece en listado/migas asignados (cv=almacenamiento sv=almacenamiento__ssd__21). Re-ejecutá mirror completo tras actualizar scraper.
[SYNC][TAXONOMÍA] codigo=50495 segment PDP="ssd-m-2-nvme" no aparece en listado/migas asignados (cv=almacenamiento sv=almacenamiento__ssd__21). Re-ejecutá mirror completo tras actualizar scraper.
[SYNC][TAXONOMÍA] codigo=50486 segment PDP="ssd-m-2-nvme" no aparece en listado/migas asignados (cv=almacenamiento sv=almacenamiento__ssd__21). Re-ejecutá mirror completo tras actualizar scraper.
[SYNC][TAXONOMÍA] codigo=50379 segment PDP="ssd-externo" no aparece en listado/migas asignados (cv=almacenamiento sv=almacenamiento__ssd__21). Re-ejecutá mirror completo tras actualizar scraper.
[SYNC][TAXONOMÍA] codigo=50213 segment PDP="ssd-2-5" no aparece en listado/migas asignados (cv=almacenamiento sv=almacenamiento__ssd__21). Re-ejecutá mirror completo tras actualizar scraper.
[SYNC][TAXONOMÍA] codigo=50211 segment PDP="ssd-2-5" no aparece en listado/migas asignados (cv=almacenamiento sv=almacenamiento__ssd__21). Re-ejecutá mirror completo tras actualizar scraper.
[SYNC][TAXONOMÍA] codigo=50182 segment PDP="ssd-m-2-nvme" no aparece en listado/migas asignados (cv=almacenamiento sv=almacenamiento__ssd__21). Re-ejecutá mirror completo tras actualizar scraper.
[SYNC][TAXONOMÍA] codigo=50006 segment PDP="ssd-m-2-nvme" no aparece en listado/migas asignados (cv=almacenamiento sv=almacenamiento__ssd__21). Re-ejecutá mirror completo tras actualizar scraper.
[PROGRESO] Procesado producto 450 de 4222...
[SYNC][TAXONOMÍA] codigo=48987 segment PDP="ssd-m-2-nvme" no aparece en listado/migas asignados (cv=almacenamiento sv=almacenamiento__ssd__21). Re-ejecutá mirror completo tras actualizar scraper.
[SYNC][TAXONOMÍA] codigo=48318 segment PDP="ssd-2-5" no aparece en listado/migas asignados (cv=almacenamiento sv=almacenamiento__ssd__21). Re-ejecutá mirror completo tras actualizar scraper.
[SYNC][TAXONOMÍA] codigo=48692 segment PDP="ssd-m-2-nvme" no aparece en listado/migas asignados (cv=almacenamiento sv=almacenamiento__ssd__21). Re-ejecutá mirror completo tras actualizar scraper.
[SYNC][TAXONOMÍA] codigo=48471 segment PDP="ssd-m-2-nvme" no aparece en listado/migas asignados (cv=almacenamiento sv=almacenamiento__ssd__21). Re-ejecutá mirror completo tras actualizar scraper.
[SYNC][TAXONOMÍA] codigo=48470 segment PDP="ssd-m-2-nvme" no aparece en listado/migas asignados (cv=almacenamiento sv=almacenamiento__ssd__21). Re-ejecutá mirror completo tras actualizar scraper.
[SYNC][TAXONOMÍA] codigo=48469 segment PDP="ssd-m-2-nvme" no aparece en listado/migas asignados (cv=almacenamiento sv=almacenamiento__ssd__21). Re-ejecutá mirror completo tras actualizar scraper.
[SYNC][TAXONOMÍA] codigo=48452 segment PDP="ssd-externo" no aparece en listado/migas asignados (cv=almacenamiento sv=almacenamiento__ssd__21). Re-ejecutá mirror completo tras actualizar scraper.
[SYNC][TAXONOMÍA] codigo=48320 segment PDP="ssd-2-5" no aparece en listado/migas asignados (cv=almacenamiento sv=almacenamiento__ssd__21). Re-ejecutá mirror completo tras actualizar scraper.
[SYNC][TAXONOMÍA] codigo=48319 segment PDP="ssd-2-5" no aparece en listado/migas asignados (cv=almacenamiento sv=almacenamiento__ssd__21). Re-ejecutá mirror completo tras actualizar scraper.
[SYNC][TAXONOMÍA] codigo=48168 segment PDP="ssd-externo" no aparece en listado/migas asignados (cv=almacenamiento sv=almacenamiento__ssd__21). Re-ejecutá mirror completo tras actualizar scraper.
[SYNC][TAXONOMÍA] codigo=47678 segment PDP="ssd-m-2-nvme" no aparece en listado/migas asignados (cv=almacenamiento sv=almacenamiento__ssd__21). Re-ejecutá mirror completo tras actualizar scraper.
[SYNC][TAXONOMÍA] codigo=47677 segment PDP="ssd-m-2-nvme" no aparece en listado/migas asignados (cv=almacenamiento sv=almacenamiento__ssd__21). Re-ejecutá mirror completo tras actualizar scraper.
[SYNC][TAXONOMÍA] codigo=46325 segment PDP="ssd-2-5" no aparece en listado/migas asignados (cv=almacenamiento sv=almacenamiento__ssd__21). Re-ejecutá mirror completo tras actualizar scraper.
[SYNC][TAXONOMÍA] codigo=45417 segment PDP="ssd-m-2-nvme" no aparece en listado/migas asignados (cv=almacenamiento sv=almacenamiento__ssd__21). Re-ejecutá mirror completo tras actualizar scraper.
[SYNC][TAXONOMÍA] codigo=45594 segment PDP="ssd-externo" no aparece en listado/migas asignados (cv=almacenamiento sv=almacenamiento__ssd__21). Re-ejecutá mirror completo tras actualizar scraper.
[SYNC][TAXONOMÍA] codigo=45372 segment PDP="ssd-2-5" no aparece en listado/migas asignados (cv=almacenamiento sv=almacenamiento__ssd__21). Re-ejecutá mirror completo tras actualizar scraper.
[SYNC][TAXONOMÍA] codigo=45104 segment PDP="ssd-2-5" no aparece en listado/migas asignados (cv=almacenamiento sv=almacenamiento__ssd__21). Re-ejecutá mirror completo tras actualizar scraper.
[SYNC][TAXONOMÍA] codigo=44795 segment PDP="ssd-externo" no aparece en listado/migas asignados (cv=almacenamiento sv=almacenamiento__ssd__21). Re-ejecutá mirror completo tras actualizar scraper.
[SYNC][TAXONOMÍA] codigo=44236 segment PDP="ssd-m-2-nvme" no aparece en listado/migas asignados (cv=almacenamiento sv=almacenamiento__ssd__21). Re-ejecutá mirror completo tras actualizar scraper.
[SYNC][TAXONOMÍA] codigo=43890 segment PDP="ssd-externo" no aparece en listado/migas asignados (cv=almacenamiento sv=almacenamiento__ssd__21). Re-ejecutá mirror completo tras actualizar scraper.
[SYNC][TAXONOMÍA] codigo=43734 segment PDP="ssd-m-2-nvme" no aparece en listado/migas asignados (cv=almacenamiento sv=almacenamiento__ssd__21). Re-ejecutá mirror completo tras actualizar scraper.
[SYNC][TAXONOMÍA] codigo=43053 segment PDP="ssd-m-2-nvme" no aparece en listado/migas asignados (cv=almacenamiento sv=almacenamiento__ssd__21). Re-ejecutá mirror completo tras actualizar scraper.
[SYNC][TAXONOMÍA] codigo=43049 segment PDP="ssd-m-2-nvme" no aparece en listado/migas asignados (cv=almacenamiento sv=almacenamiento__ssd__21). Re-ejecutá mirror completo tras actualizar scraper.
[SYNC][TAXONOMÍA] codigo=43046 segment PDP="ssd-m-2-nvme" no aparece en listado/migas asignados (cv=almacenamiento sv=almacenamiento__ssd__21). Re-ejecutá mirror completo tras actualizar scraper.
[SYNC][TAXONOMÍA] codigo=42826 segment PDP="ssd-m-2-nvme" no aparece en listado/migas asignados (cv=almacenamiento sv=almacenamiento__ssd__21). Re-ejecutá mirror completo tras actualizar scraper.
[SYNC][TAXONOMÍA] codigo=42824 segment PDP="ssd-m-2-nvme" no aparece en listado/migas asignados (cv=almacenamiento sv=almacenamiento__ssd__21). Re-ejecutá mirror completo tras actualizar scraper.
[SYNC][TAXONOMÍA] codigo=42500 segment PDP="ssd-m-2-nvme" no aparece en listado/migas asignados (cv=almacenamiento sv=almacenamiento__ssd__21). Re-ejecutá mirror completo tras actualizar scraper.
[SYNC][TAXONOMÍA] codigo=41765 segment PDP="ssd-m-2-nvme" no aparece en listado/migas asignados (cv=almacenamiento sv=almacenamiento__ssd__21). Re-ejecutá mirror completo tras actualizar scraper.
[SYNC][TAXONOMÍA] codigo=41606 segment PDP="ssd-2-5" no aparece en listado/migas asignados (cv=almacenamiento sv=almacenamiento__ssd__21). Re-ejecutá mirror completo tras actualizar scraper.
[SYNC][TAXONOMÍA] codigo=41102 segment PDP="ssd-m-2-nvme" no aparece en listado/migas asignados (cv=almacenamiento sv=almacenamiento__ssd__21). Re-ejecutá mirror completo tras actualizar scraper.
[PRUNA] Alineando taxonomía y filtros locales con el último scrape Visão…
[PRUNA] Resultado: {
  deactivatedCategories: 0,
  deactivatedSubcategories: 0,
  trimmedSpecDefinitions: 0,
  skipped: false
}
[HEADER] Regenerando frontend/src/helpers/productCategory.js desde Mongo…
[HEADER] OK (12 categorías activas → /Users/josiasnicolas02gmail.com/Documents/Zennelectronica/frontend/src/helpers/productCategory.js)
[RESUMEN] creados=5 actualizados=483 omitidos=3734 errores=0 imágenes_fallidas=0 tiempo_ms=2079233
[run-sync] Reporte mirror: {
  "mirror": true,
  "mirrorStrict": true,
  "resetCatalog": false,
  "mirrorPrune": true,
  "exportFrontendProductCategoryJs": true,
  "exchangeRate": 7300,
  "menuRowCount": 82,
  "uniqueMenuCategories": 12,
  "productUrlsCount": 4222,
  "productsAttempted": 4222,
  "categoryBootstrap": {
    "categoriesTouched": 0,
    "uniqueCategories": 12
  },
  "navigationBootstrap": {
    "categoriesWithTree": 12,
    "rootsBuilt": 12
  },
  "scrapedCodigosEnCatalog": [
    "56280",
    "55572",
    "51263",
    "55111",
    "53067",
    "52186",
    "52769",
    "57926",
    "57817",
    "57816",
    "57815",
    "57814",
    "57757",
    "57751",
    "57750",
    "57749",
    "57748",
    "57606",
    "57605",
    "57527",
    "57526",
    "57425",
    "57015",
    "56910",
    "56908",
    "56711",
    "56710",
    "56539",
    "56538",
    "56535",
    "56534",
    "56533",
    "56532",
    "56434",
    "56398",
    "56292",
    "56210",
    "56186",
    "56174",
    "56106",
    "56105",
    "55570",
    "55569",
    "55522",
    "55494",
    "55493",
    "55492",
    "55491",
    "55490",
    "55489",
    "55488",
    "55487",
    "55486",
    "55485",
    "55473",
    "55292",
    "55282",
    "55280",
    "55279",
    "55278",
    "55247",
    "55246",
    "55245",
    "55230",
    "55224",
    "55223",
    "55215",
    "55214",
    "55213",
    "55204",
    "55202",
    "55197",
    "55184",
    "55118",
    "55113",
    "55110",
    "55087",
    "54869",
    "54008",
    "53989",
    "53970",
    "53740",
    "53738",
    "53541",
    "53367",
    "53364",
    "53363",
    "53291",
    "53225",
    "53069",
    "53068",
    "53066",
    "53065",
    "53064",
    "53062",
    "53040",
    "52897",
    "52896",
    "52768",
    "52756",
    "52753",
    "52745",
    "52187",
    "52185",
    "52115",
    "52038",
    "51611",
    "51564",
    "51563",
    "51138",
    "51135",
    "51133",
    "51121",
    "51103",
    "51102",
    "50525",
    "50510",
    "50380",
    "50263",
    "50186",
    "49859",
    "49858",
    "49857",
    "49820",
    "49785",
    "49702",
    "49525",
    "49521",
    "49467",
    "29721",
    "49335",
    "49317",
    "49294",
    "49229",
    "49228",
    "49130",
    "49117",
    "49114",
    "48982",
    "48981",
    "48906",
    "48755",
    "48754",
    "48753",
    "48752",
    "48451",
    "48216",
    "48182",
    "48108",
    "48054",
    "47944",
    "47937",
    "47689",
    "47688",
    "47200",
    "46293",
    "46292",
    "45883",
    "45882",
    "45881",
    "45880",
    "45879",
    "45878",
    "45789",
    "45758",
    "45204",
    "45197",
    "44808",
    "44497",
    "44264",
    "44243",
    "43764",
    "43763",
    "43275",
    "43274",
    "43239",
    "43238",
    "42993",
    "42990",
    "42980",
    "42867",
    "42712",
    "42161",
    "42030",
    "41771",
    "41769",
    "41687",
    "41612",
    "41610",
    "41525",
    "41106",
    "40887",
    "40788",
    "40639",
    "40358",
    "40294",
    "40105",
    "39944",
    "39747",
    "39406",
    "39362",
    "39343",
    "39342",
    "39299",
    "38761",
    "38689",
    "38671",
    "38616",
    "38453",
    "38313",
    "38274",
    "38121",
    "37934",
    "37896",
    "37882",
    "37704",
    "37702",
    "36529",
    "36528",
    "37536",
    "37510",
    "37224",
    "28447",
    "32947",
    "36857",
    "36821",
    "36801",
    "36800",
    "36798",
    "27357",
    "36702",
    "36587",
    "36234",
    "36136",
    "36085",
    "35853",
    "35784",
    "35664",
    "23740",
    "25330",
    "34431",
    "29636",
    "14190",
    "24378",
    "28867",
    "14597",
    "31217",
    "24427",
    "21778",
    "23486",
    "35550",
    "35396",
    "35153",
    "32359",
    "35062",
    "35020",
    "9513",
    "6653",
    "34972",
    "34864",
    "34862",
    "34787",
    "34780",
    "34437",
    "34429",
    "34387",
    "34386",
    "34385",
    "34382",
    "34363",
    "34248",
    "34245",
    "34188",
    "33980",
    "33975",
    "33835",
    "33815",
    "33707",
    "33706",
    "33635",
    "32948",
    "32945",
    "32450",
    "32361",
    "32360",
    "32357",
    "32355",
    "32354",
    "31684",
    "31491",
    "31401",
    "31338",
    "31335",
    "31334",
    "31161",
    "31061",
    "31056",
    "30977",
    "30617",
    "30616",
    "30611",
    "30369",
    "30254",
    "30202",
    "30201",
    "29755",
    "29610",
    "29338",
    "28856",
    "28842",
    "28833",
    "28685",
    "28460",
    "28437",
    "28106",
    "28104",
    "28098",
    "27470",
    "27355",
    "27351",
    "27349",
    "26428",
    "26027",
    "26026",
    "26018",
    "26015",
    "25864",
    "25410",
    "25370",
    "24957",
    "24422",
    "24385",
    "24377",
    "24376",
    "24375",
    "24374",
    "24373",
    "24371",
    "24124",
    "24103",
    "23814",
    "23813",
    "23410",
    "22840",
    "22714",
    "22362",
    "22087",
    "22084",
    "21285",
    "20842",
    "19715",
    "19706",
    "18952",
    "18267",
    "17895",
    "17813",
    "15367",
    "15105",
    "14128",
    "11842",
    "57550",
    "57145",
    "56860",
    "54899",
    "54476",
    "52764",
    "52137",
    "52046",
    "52044",
    "52043",
    "51666",
    "51231",
    "51230",
    "51229",
    "51219",
    "51218",
    "51217",
    "50474",
    "50166",
    "35150",
    "47345",
    "44947",
    "42630",
    "40022",
    "40020",
    "39967",
    "17456",
    "9598",
    "34906",
    "34904",
    "34903",
    "34902",
    "34806",
    "34498",
    "34493",
    "32137",
    "31803",
    "30580",
    "27301",
    "26739",
    "26621",
    "26326",
    "25217",
    "22623",
    "22622",
    "21761",
    "17539",
    "17476",
    "17166",
    "16723",
    "16541",
    "12935",
    "53754",
    "52350",
    "53386",
    "53344",
    "47680",
    "43235",
    "58016",
    "54489",
    "57199",
    "56869",
    "56667",
    "56536",
    "55339",
    "55022",
    "55013",
    "54824",
    "54686",
    "54427",
    "54249",
    "54132",
    "53722",
    "53559",
    "53385",
    "53070",
    "53044",
    "53043",
    "53042",
    "50285",
    "52762",
    "52182",
    "52181",
    "52180",
    "51768",
    "51637",
    "51084",
    "51475",
    "51248",
    "50850",
    "50703",
    "50495",
    "50486",
    "50379",
    "50213",
    "50211",
    "50182",
    "50006",
    "48987",
    "48318",
    "48692",
    "48471",
    "48470",
    "48469",
    "48452",
    "48320",
    "48319",
    "48168",
    "47678",
    "47677",
    "46325",
    "45417",
    "45594",
    "45372",
    "45104",
    "44795",
    "44236",
    "43890",
    "43734",
    "43053",
    "43049",
    "43046",
    "42826",
    "42824",
    "42500",
    "41765",
    "41606",
    "41102",
    "40664",
    "40663",
    "40259",
    "40255",
    "39136",
    "39977",
    "39969",
    "39127",
    "39126",
    "39125",
    "39124",
    "38562",
    "38196",
    "38098",
    "38097",
    "38096",
    "38082",
    "37915",
    "37508",
    "37507",
    "37217",
    "36972",
    "36698",
    "35876",
    "35873",
    "28832",
    "25195",
    "35430",
    "35429",
    "35416",
    "35414",
    "35336",
    "35232",
    "35053",
    "33799",
    "30211",
    "28830",
    "34978",
    "34859",
    "34776",
    "34774",
    "34481",
    "34432",
    "34264",
    "34093",
    "34092",
    "34091",
    "34086",
    "33530",
    "32941",
    "32766",
    "32765",
    "32382",
    "32366",
    "31864",
    "31863",
    "31862",
    "31686",
    "31382",
    "31258",
    "31257",
    "31157",
    "31075",
    "30969",
    "30912",
    "30823",
    "30215",
    "30209",
    "29172",
    "28837",
    "28745",
    "28614",
    "27973",
    "27912",
    "27851",
    "27029",
    "27000",
    "26750",
    "26678",
    "25863",
    "25862",
    "25861",
    "25680",
    "24092",
    "24091",
    "24035",
    "23434",
    "22563",
    "21914",
    "20372",
    "18694",
    "18338",
    "18337",
    "16595",
    "16394",
    "14905",
    "51040",
    "47782",
    "46972",
    "55719",
    "55106",
    "39848",
    "52319",
    "38108",
    "54492",
    "48514",
    "50322",
    "32109",
    "57351",
    "51278",
    "51282",
    "57564",
    "52740",
    "51280",
    "56545",
    "54335",
    "54260",
    "57336",
    "54337",
    "54455",
    "54284",
    "56965",
    "54274",
    "54336",
    "54329",
    "58083",
    "54546",
    "57987",
    "57988",
    "57995",
    "58000",
    "57989",
    "57994",
    "57990",
    "54338",
    "57991",
    "57992",
    "57998",
    "57997",
    "57999",
    "57818",
    "57703",
    "57472",
    "57469",
    "57209",
    "57208",
    "57206",
    "57203",
    "55768",
    "57409",
    "57407",
    "56249",
    "57406",
    "57408",
    "57284",
    "57495",
    "50472",
    "57556",
    "57324",
    "57323",
    "51988",
    "37397",
    "30905",
    "46656",
    "46749",
    "54677",
    "54685",
    "54429",
    "54680",
    "48659",
    "49071",
    "38034",
    "32654",
    "34213",
    "34010",
    "57358",
    "57269",
    "55795",
    "55794",
    "55793",
    "55769",
    "55766",
    "55765",
    "55758",
    "54801",
    "51924",
    "51340",
    "47126",
    "47125",
    "43961",
    "43958",
    "43471",
    "23071",
    "55912",
    "55911",
    "58167",
    "57777",
    "57231",
    "57230",
    "55834",
    "55833",
    "55835",
    "57561",
    "57630",
    "57348",
    "57233",
    "49646",
    "49653",
    "58135",
    "58125",
    "54253",
    "53711",
    "53710",
    "50907",
    "57465",
    "55918",
    "55786",
    "57514",
    "57513",
    "55914",
    "55917",
    "53885",
    "53708",
    "53707",
    "53684",
    "49489",
    "49491",
    "57001",
    "58112",
    "58111",
    "58084",
    "58088",
    "58086",
    "53685",
    "58013",
    "58052",
    "58051",
    "54496",
    "57973",
    "57972",
    "57698",
    "57466",
    "57317",
    "57315",
    "57306",
    "57305",
    "57234",
    "57232",
    "57051",
    "56824",
    "56586",
    "56585",
    "56557",
    "56484",
    "56206",
    "55921",
    "55919",
    "55913",
    "55909",
    "55907",
    "55906",
    "55904",
    "55902",
    "55805",
    "55804",
    "55803",
    "55783",
    "55515",
    "55343",
    "54843",
    "54021",
    "54020",
    "54022",
    "54299",
    "51524",
    "53671",
    "54118",
    "54110",
    "53423",
    "53422",
    "51521",
    "51520",
    "53899",
    "53425",
    "53424",
    "53880",
    "51442",
    "53761",
    "53760",
    "53688",
    "53687",
    "53679",
    "53670",
    "53638",
    "53637",
    "51213",
    "53576",
    "50684",
    "50683",
    "52847",
    "51796",
    "51541",
    "51842",
    "51841",
    "51516",
    "51441",
    "51440",
    "51326",
    "51324",
    "51323",
    "51244",
    "50908",
    "50298",
    "50119",
    "49719",
    "49710",
    "49664",
    "49645",
    "48156",
    "57364",
    "57367",
    "58129",
    "58160",
    "57017",
    "57189",
    "53938",
    "52294",
    "49730",
    "58130",
    "58131",
    "56512",
    "58133",
    "58121",
    "58120",
    "51615",
    "51226",
    "58134",
    "56513",
    "56520",
    "58096",
    "58098",
    "58099",
    "58039",
    "54611",
    "54610",
    "52583",
    "57747",
    "57746",
    "57745",
    "57744",
    "57743",
    "57741",
    "57740",
    "57739",
    "57510",
    "57509",
    "57243",
    "57242",
    "57241",
    "57240",
    "57237",
    "57235",
    "57185",
    "56180",
    "56165",
    "56162",
    "56159",
    "56158",
    "52317",
    "53703",
    "54638",
    "54632",
    "54629",
    "52371",
    "54401",
    "54399",
    "53349",
    "52739",
    "52126",
    "50898",
    "51622",
    "50899",
    "50671",
    "45335",
    "39629",
    "39522",
    "19808",
    "31413",
    "29422",
    "28664",
    "28571",
    "26118",
    "55647",
    "51947",
    "51946",
    "43135",
    "43134",
    "31101",
    "55128",
    "57574",
    "57573",
    "56430",
    "53373",
    "52498",
    "52497",
    "52495",
    "52057",
    "40709",
    "23937",
    "1628",
    "55517",
    "55242",
    "54950",
    "54946",
    "54103",
    "52996",
    "49579",
    "49576",
    "46041",
    "44465",
    "44198",
    "42213",
    "36738",
    "30080",
    "26900",
    "26897",
    "26896",
    "24773",
    "58067",
    "57061",
    "57060",
    "55497",
    "47594",
    "47071",
    "43111",
    "43110",
    "42399",
    "37581",
    "16184",
    "16183",
    "10314",
    "55575",
    "57993",
    "57967",
    "57759",
    "57758",
    "56954",
    "56938",
    "56937",
    "55695",
    "55694",
    "55661",
    "54339",
    "52619",
    "52618",
    "52058",
    "51039",
    "51015",
    "50974",
    "50757",
    "50756",
    "50753",
    "50752",
    "48629",
    "48628",
    "48627",
    "45599",
    "45387",
    "45385",
    "45384",
    "41376",
    "41375",
    "40080",
    "26890",
    "26877",
    "22035",
    "22034",
    "22033",
    "55989",
    "55983",
    "55984",
    "55847",
    "55846",
    "55848",
    "54593",
    "56363",
    "57670",
    "57669",
    "57668",
    "57667",
    "57665",
    "57379",
    "57378",
    "57377",
    "57376",
    "57375",
    "57374",
    "57373",
    "57372",
    "57371",
    "57370",
    "57369",
    "57226",
    "57225",
    "57224",
    "57223",
    "57217",
    "57216",
    "57215",
    "57214",
    "57213",
    "57158",
    "57156",
    "56799",
    "56798",
    "56797",
    "56796",
    "56795",
    "56712",
    "56527",
    "56526",
    "56408",
    "56365",
    "56364",
    "56362",
    "56278",
    "56151",
    "56150",
    "55977",
    "55892",
    "55891",
    "55890",
    "55889",
    "55888",
    "55781",
    "55746",
    "55745",
    "55744",
    "55741",
    "55670",
    "55455",
    "55331",
    "55052",
    "54728",
    "54309",
    "53950",
    "53949",
    "53713",
    "39995",
    "51255",
    "53564",
    "53562",
    "53366",
    "38976",
    "53268",
    "53005",
    "51709",
    "51708",
    "51707",
    "51706",
    "51704",
    "51703",
    "51537",
    "51257",
    "51256",
    "50919",
    "50918",
    "50916",
    "50915",
    "50162",
    "49674",
    "49651",
    "49309",
    "49302",
    "48972",
    "48971",
    "48584",
    "48537",
    "48020",
    "48014",
    "47420",
    "47391",
    "47329",
    "46746",
    "46745",
    "46546",
    "46545",
    "46544",
    "45155",
    "46193",
    "46192",
    "46084",
    "46063",
    "45702",
    "45156",
    "44473",
    "44472",
    "44772",
    "44444",
    "36363",
    "39994",
    "40562",
    "31823",
    "41213",
    "41212",
    "40563",
    "40539",
    "39996",
    "36364",
    "36362",
    "38495",
    "37965",
    "37672",
    "37663",
    "36571",
    "36569",
    "36432",
    "35226",
    "35189",
    "8095",
    "34852",
    "34516",
    "34291",
    "33950",
    "33773",
    "31826",
    "31825",
    "30272",
    "28197",
    "25965",
    "25916",
    "22535",
    "21766",
    "57871",
    "57870",
    "57644",
    "57563",
    "57192",
    "57191",
    "57091",
    "57089",
    "57088",
    "56872",
    "55104",
    "55103",
    "55102",
    "55101",
    "54580",
    "53285",
    "52396",
    "51494",
    "51484",
    "51451",
    "50356",
    "50355",
    "47369",
    "48643",
    "48594",
    "48316",
    "48315",
    "48026",
    "48025",
    "47663",
    "47364",
    "47137",
    "46547",
    "45986",
    "45548",
    "45346",
    "44379",
    "41481",
    "41480",
    "39815",
    "38692",
    "553",
    "32432",
    "26193",
    "25802",
    "24264",
    "14899",
    "14497",
    "13931",
    "13310",
    "53896",
    "57403",
    "57361",
    "57360",
    "57359",
    "56450",
    "56401",
    "55771",
    "55720",
    "51446",
    "51445",
    "46741",
    "45976",
    "43698",
    "43697",
    "38256",
    "58163",
    "58164",
    "58162",
    "58152",
    "58118",
    "57464",
    "58104",
    "55762",
    "58068",
    "56320",
    "54779",
    "54565",
    "53927",
    "53295",
    "53413",
    "51981",
    "51979",
    "51978",
    "51977",
    "51976",
    "50808",
    "50807",
    "42805",
    "31915",
    "58148",
    "56668",
    "57946",
    "57945",
    "57944",
    "57943",
    "57362",
    "57246",
    "57245",
    "57244",
    "57071",
    "56684",
    "56222",
    "56221",
    "56220",
    "56219",
    "56218",
    "56217",
    "56216",
    "56215",
    "56214",
    "56213",
    "55842",
    "55730",
    "55728",
    "55726",
    "55615",
    "54983",
    "54945",
    "54838",
    "54837",
    "54748",
    "54703",
    "54702",
    "54544",
    "54542",
    "54541",
    "54540",
    "54539",
    "54538",
    "54536",
    "54535",
    "54534",
    "54530",
    "54527",
    "54208",
    "53775",
    "53773",
    "52867",
    "52362",
    "52858",
    "52857",
    "52866",
    "52862",
    "52855",
    "52363",
    "52360",
    "52098",
    "51486",
    "50888",
    "50887",
    "49688",
    "49461",
    "49460",
    "24344",
    "45904",
    "45903",
    "44713",
    "43537",
    "41643",
    "40313",
    "40281",
    "39550",
    "37967",
    "37864",
    "36866",
    "36612",
    "36610",
    "32256",
    "29120",
    "26471",
    "25972",
    "24881",
    "19329",
    "19328",
    "19327",
    "19325",
    "56442",
    "58113",
    "57570",
    "57836",
    "57066",
    "56804",
    "56699",
    "56346",
    "55763",
    "55193",
    "54856",
    "53580",
    "53233",
    "50039",
    "48721",
    "48368",
    "48068",
    "47566",
    "48658",
    "47144",
    "46706",
    "40619",
    "32785",
    "56146",
    "56143",
    "54914",
    "52385",
    "53360",
    "50142",
    "50421",
    "49253",
    "49254",
    "48794",
    "55049",
    "53247",
    "58093",
    "57968",
    "57942",
    "57805",
    "57523",
    "57415",
    "57165",
    "56903",
    "56901",
    "56746",
    "56745",
    "56691",
    "56625",
    "56477",
    "56476",
    "56313",
    "56145",
    "56093",
    "56079",
    "56078",
    "56077",
    "55738",
    "55552",
    "55375",
    "55373",
    "55372",
    "55186",
    "55180",
    "55162",
    "55160",
    "55159",
    "55158",
    "55157",
    "55086",
    "55039",
    "54795",
    "54332",
    "50458",
    "53092",
    "53072",
    "52452",
    "52405",
    "52389",
    "50829",
    "49375",
    "19757",
    "48776",
    "48733",
    "48111",
    "48110",
    "47999",
    "47998",
    "47569",
    "40454",
    "45575",
    "45021",
    "45213",
    "44622",
    "42963",
    "42852",
    "42093",
    "41869",
    "41205",
    "27232",
    "40653",
    "37878",
    "40240",
    "39749",
    "38192",
    "38095",
    "37717",
    "33637",
    "33634",
    "30100",
    "29910",
    "28493",
    "27522",
    "26746",
    "26456",
    "23906",
    "23734",
    "23345",
    "16743",
    "57251",
    "56052",
    "55734",
    "49057",
    "58139",
    "58140",
    "54858",
    "54855",
    "54854",
    "58004",
    "56761",
    "56763",
    "56734",
    "54755",
    "54233",
    "56703",
    "40730",
    "58015",
    "57727",
    "57645",
    "57568",
    "57536",
    "57414",
    "57413",
    "57120",
    "57119",
    "57118",
    "57116",
    "57115",
    "57114",
    "57113",
    "57112",
    "57086",
    "57085",
    "57084",
    "57082",
    "57079",
    "57063",
    "57014",
    "56915",
    "56865",
    "56864",
    "56764",
    "56762",
    "56760",
    "56759",
    "56758",
    "56740",
    "56739",
    "56738",
    "56735",
    "56693",
    "56680",
    "56447",
    "56406",
    "56404",
    "56340",
    "56338",
    "56337",
    "56335",
    "56334",
    "56330",
    "56329",
    "56328",
    "56279",
    "56227",
    "56226",
    "56225",
    "56212",
    "56211",
    "56051",
    "56050",
    "56049",
    "55749",
    "55748",
    "55747",
    "55736",
    "55682",
    "55627",
    "55450",
    "55449",
    "55429",
    "55428",
    "54857",
    "54802",
    "54372",
    "54371",
    "54370",
    "54362",
    "54243",
    "54232",
    "54209",
    "53735",
    "53992",
    "53184",
    "53183",
    "53181",
    "51410",
    "49952",
    "49944",
    "49943",
    "51168",
    "50779",
    "49953",
    "49951",
    "49949",
    "49948",
    "49947",
    "49941",
    "49940",
    "49939",
    "49938",
    "48743",
    "46027",
    "46023",
    "48539",
    "48538",
    "48536",
    "48513",
    "48435",
    "48143",
    "48035",
    "48029",
    "48019",
    "48009",
    "47612",
    "47357",
    "47354",
    "47198",
    "46170",
    "46169",
    "43600",
    "43426",
    "41999",
    "41552",
    "40776",
    "39339",
    "39015",
    "39002",
    "27713",
    "31495",
    "27891",
    "25872",
    "57268",
    "58145",
    "55318",
    "51922",
    "56962",
    "57146",
    "58062",
    "58061",
    "58063",
    "56436",
    "48774",
    "57673",
    "57608",
    "57545",
    "57544",
    "57543",
    "57531",
    "57530",
    "57528",
    "57512",
    "57499",
    "57496",
    "57490",
    "57484",
    "57441",
    "57382",
    "57289",
    "57287",
    "57283",
    "57282",
    "57281",
    "57280",
    "57279",
    "57278",
    "57277",
    "57276",
    "57275",
    "57274",
    "57273",
    "57272",
    "57271",
    "57270",
    "57267",
    "57266",
    "57265",
    "57264",
    "57141",
    "56847",
    "56518",
    "56490",
    "56403",
    "56233",
    "56229",
    "55908",
    "55819",
    "55816",
    "55760",
    "55412",
    "55218",
    "55077",
    "55024",
    "53726",
    "54391",
    "53527",
    "52871",
    "52870",
    "52852",
    "52673",
    "52659",
    "52511",
    "52276",
    "52110",
    "51990",
    "51908",
    "51623",
    "51489",
    "51434",
    "51433",
    "51134",
    "44261",
    "50913",
    "50902",
    "50336",
    "50283",
    "49545",
    "49544",
    "49510",
    "42642",
    "49316",
    "48921",
    "48192",
    "48635",
    "48556",
    "48031",
    "47960",
    "47661",
    "47660",
    "47085",
    "47022",
    "46621",
    "46619",
    "46519",
    "46186",
    "45373",
    "45771",
    "44941",
    "44871",
    "43226",
    "43225",
    "43224",
    "42886",
    "42885",
    "42871",
    "42644",
    "42106",
    "41810",
    "40660",
    "40655",
    "40651",
    "40376",
    "40128",
    "40079",
    "39808",
    "39781",
    "39322",
    "39201",
    "39097",
    "39023",
    "38993",
    "38303",
    "38037",
    "37309",
    "37188",
    "37157",
    "33059",
    "29007",
    "36681",
    "36680",
    "36405",
    "34706",
    "32239",
    "31240",
    "30624",
    "30427",
    "30109",
    "29006",
    "24297",
    "24265",
    "57326",
    "58055",
    "55829",
    "55054",
    "57737",
    "57419",
    "55688",
    "58146",
    "53231",
    "53446",
    "52934",
    "52677",
    "50937",
    "50941",
    "48983",
    "49683",
    "48335",
    "48334",
    "47821",
    "47819",
    "56465",
    "57547",
    "57537",
    "56469",
    "57824",
    "53286",
    "44636",
    "44178",
    "56458",
    "42195",
    "43540",
    "58058",
    "56926",
    "57440",
    "58059",
    "57941",
    "57940",
    "57939",
    "57938",
    "57937",
    "57932",
    "57931",
    "57736",
    "57735",
    "57609",
    "57549",
    "57548",
    "57546",
    "57399",
    "57327",
    "57254",
    "57247",
    "57030",
    "57029",
    "57028",
    "56993",
    "56928",
    "56927",
    "56925",
    "56855",
    "56819",
    "56815",
    "56723",
    "56716",
    "56460",
    "56384",
    "55631",
    "55019",
    "54497",
    "53897",
    "53793",
    "53753",
    "53445",
    "53375",
    "53374",
    "53326",
    "53315",
    "53304",
    "53302",
    "53301",
    "53300",
    "53236",
    "53232",
    "53011",
    "52894",
    "52893",
    "52892",
    "52841",
    "52696",
    "52661",
    "52116",
    "51609",
    "52073",
    "48980",
    "50419",
    "51285",
    "51055",
    "51054",
    "51053",
    "51051",
    "50947",
    "50945",
    "50940",
    "50814",
    "50813",
    "50390",
    "49814",
    "49718",
    "49458",
    "49366",
    "49153",
    "47778",
    "48984",
    "48639",
    "48638",
    "47023",
    "47413",
    "45815",
    "45249",
    "45248",
    "44951",
    "44615",
    "44614",
    "44598",
    "43955",
    "43950",
    "42782",
    "40715",
    "41219",
    "40790",
    "35341",
    "31471",
    "33762",
    "31411",
    "56702",
    "57081",
    "57080",
    "56644",
    "56344",
    "56343",
    "56342",
    "56339",
    "56252",
    "55792",
    "53203",
    "52207",
    "52206",
    "52201",
    "51479",
    "50635",
    "48057",
    "46040",
    "46039",
    "43599",
    "39553",
    "39552",
    "35106",
    "26153",
    "26152",
    "57352",
    "56987",
    "57521",
    "55571",
    "56074",
    "56473",
    "53596",
    "58064",
    "53338",
    "56998",
    "57353",
    "57823",
    "57822",
    "57756",
    "57755",
    "57753",
    "57709",
    "57593",
    "57524",
    "57522",
    "57504",
    "57503",
    "57025",
    "56988",
    "56985",
    "56984",
    "56983",
    "56982",
    "56981",
    "56980",
    "56979",
    "56978",
    "56977",
    "56976",
    "56858",
    "56729",
    "56728",
    "56687",
    "56673",
    "56502",
    "56501",
    "56500",
    "56499",
    "56497",
    "56495",
    "56472",
    "56291",
    "56290",
    "56191",
    "56190",
    "56189",
    "56183",
    "56182",
    "56178",
    "56069",
    "55801",
    "55800",
    "55799",
    "55798",
    "55789",
    "55788",
    "55787",
    "55727",
    "55725",
    "55723",
    "55458",
    "55414",
    "55360",
    "54895",
    "54834",
    "54507",
    "53990",
    "54433",
    "54432",
    "54230",
    "53895",
    "53437",
    "53206",
    "53018",
    "52726",
    "52464",
    "52149",
    "51794",
    "51791",
    "51529",
    "51203",
    "51202",
    "51201",
    "51175",
    "49853",
    "50499",
    "49946",
    "49854",
    "49045",
    "27878",
    "49098",
    "48964",
    "48738",
    "48560",
    "48283",
    "48208",
    "48207",
    "48206",
    "48119",
    "47989",
    "47850",
    "47581",
    "47406",
    "47382",
    "47323",
    "45746",
    "45653",
    "43230",
    "42944",
    "42942",
    "42604",
    "41632",
    "41630",
    "41629",
    "41627",
    "37752",
    "36830",
    "36640",
    "36639",
    "36637",
    "35900",
    "35724",
    "35493",
    "33343",
    "34997",
    "34996",
    "34470",
    "27619",
    "58143",
    "48437",
    "56599",
    "56639",
    "56637",
    "56636",
    "56617",
    "56633",
    "56634",
    "48440",
    "48439",
    "47386",
    "58018",
    "58045",
    "58044",
    "58032",
    "58030",
    "57909",
    "58020",
    "57952",
    "57908",
    "57907",
    "57906",
    "57905",
    "57904",
    "57903",
    "57902",
    "57901",
    "57865",
    "57864",
    "57863",
    "57862",
    "57861",
    "57857",
    "57856",
    "57424",
    "57222",
    "56950",
    "56754",
    "56753",
    "56593",
    "55775",
    "55774",
    "55773",
    "55710",
    "47671",
    "54122",
    "54121",
    "54120",
    "54119",
    "47498",
    "47497",
    "19599",
    "47813",
    "47812",
    "47811",
    "47718",
    "47709",
    "47387",
    "44965",
    "16686",
    "16684",
    "38025",
    "38024",
    "24726",
    "19598",
    "9439",
    "9438",
    "8525",
    "8521",
    "8520",
    "8519",
    "7760",
    "7757",
    "4624",
    "34342",
    "31596",
    "31595",
    "27291",
    "27289",
    "24186",
    "24185",
    "19597",
    "19596",
    "16685",
    "13046",
    "10528",
    "58165",
    "58154",
    "58153",
    "54725",
    "56628",
    "55512",
    "57811",
    "57841",
    "57762",
    "41623",
    "53195",
    "57853",
    "57849",
    "57848",
    "57846",
    "57843",
    "57840",
    "57839",
    "56876",
    "56277",
    "56075",
    "55514",
    "55513",
    "55510",
    "48642",
    "49627",
    "49441",
    "49440",
    "49439",
    "7702",
    "49351",
    "49350",
    "34993",
    "30309",
    "48204",
    "47314",
    "45559",
    "44347",
    "44346",
    "44341",
    "43373",
    "42385",
    "30311",
    "41158",
    "40498",
    "40339",
    "40334",
    "40333",
    "37635",
    "37634",
    "36526",
    "36479",
    "35877",
    "29872",
    "35649",
    "35310",
    "35167",
    "25271",
    "9829",
    "31769",
    "20223",
    "16487",
    "15632",
    "11418",
    "57812",
    "57810",
    "56672",
    "54529",
    "37905",
    "23185",
    "57892",
    "55668",
    "58069",
    "57718",
    "57631",
    "57529",
    "57438",
    "57034",
    "57033",
    "56064",
    "54810",
    "54807",
    "54761",
    "54326",
    "54135",
    "54134",
    "51618",
    "51617",
    "51616",
    "51016",
    "50254",
    "50252",
    "49417",
    "49416",
    "48611",
    "47949",
    "47979",
    "46890",
    "46552",
    "46551",
    "46513",
    "46512",
    "44414",
    "21381",
    "55436",
    "56649",
    "55308",
    "56267",
    "58102",
    "55548",
    "54726",
    "56263",
    "55959",
    "57553",
    "52366",
    "52255",
    "52635",
    "52383",
    "58124",
    "55549",
    "57309",
    "55194",
    "56444",
    "58090",
    "58110",
    "58107",
    "58106",
    "58065",
    "58066",
    "55862",
    "55872",
    "57894",
    "55114",
    "57969",
    "58022",
    "58024",
    "55778",
    "55426",
    "55134",
    "55291",
    "57455",
    "53734",
    "54549",
    "55295",
    "58033",
    "58029",
    "58026",
    "58025",
    "57896",
    "57893",
    "57876",
    "57875",
    "57874",
    "57873",
    "57869",
    "57837",
    "57789",
    "57760",
    "57717",
    "57714",
    "57676",
    "57601",
    "57555",
    "57431",
    "57430",
    "57429",
    "57427",
    "57426",
    "57303",
    "57302",
    "57297",
    "56970",
    "56914",
    "56741",
    "56731",
    "56664",
    "56432",
    "56265",
    "56264",
    "56261",
    "56259",
    "56256",
    "56248",
    "55957",
    "55946",
    "55874",
    "55873",
    "55855",
    "55621",
    "55481",
    "55480",
    "55446",
    "55434",
    "55423",
    "55391",
    "55390",
    "55378",
    "55353",
    "55352",
    "55296",
    "55287",
    "55260",
    "55241",
    "54288",
    "54736",
    "54697",
    "54695",
    "54457",
    "54415",
    "53833",
    "54266",
    "54148",
    "54051",
    "53826",
    "53704",
    "52478",
    "53590",
    "52368",
    "53561",
    "53560",
    "52087",
    "52805",
    "53249",
    "52931",
    "52840",
    "52779",
    "52665",
    "52663",
    "52657",
    "52476",
    "51965",
    "52406",
    "52404",
    "52284",
    "52256",
    "52237",
    "52226",
    "52144",
    "52078",
    "51936",
    "49372",
    "49883",
    "46801",
    "45855",
    "53818",
    "58041",
    "57949",
    "57732",
    "57731",
    "57730",
    "57729",
    "57313",
    "57135",
    "57134",
    "57130",
    "57129",
    "56554",
    "55143",
    "54922",
    "54912",
    "54911",
    "54723",
    "53544",
    "52995",
    "52937",
    "52248",
    "51596",
    "51093",
    "49067",
    "49018",
    "48993",
    "48900",
    "44081",
    "43886",
    "42151",
    "38379",
    "38696",
    "38695",
    "58142",
    "57389",
    "55167",
    "55165",
    "53080",
    "45195",
    "44559",
    "44558",
    "44286",
    "43773",
    "40185",
    "42674",
    "27774",
    "26976",
    "25104",
    "24951",
    "21347",
    "20438",
    "58159",
    "53104",
    "51798",
    "44140",
    "57959",
    "57958",
    "55974",
    "58060",
    "56124",
    "56122",
    "56135",
    "56126",
    "56128",
    "56109",
    "58072",
    "58070",
    "58073",
    "58074",
    "58071",
    "54792",
    "57552",
    "55966",
    "40275",
    "57983",
    "57982",
    "57981",
    "57957",
    "57821",
    "57802",
    "57801",
    "57800",
    "57796",
    "57795",
    "57794",
    "57258",
    "57083",
    "56930",
    "56929",
    "56922",
    "56844",
    "56814",
    "56793",
    "56749",
    "56748",
    "56744",
    "56742",
    "56551",
    "56550",
    "56456",
    "56455",
    "56454",
    "56438",
    "56437",
    "56324",
    "56323",
    "56275",
    "56273",
    "56271",
    "56270",
    "56138",
    "56137",
    "56136",
    "56134",
    "56133",
    "56132",
    "56131",
    "56130",
    "56129",
    "56127",
    "56125",
    "56123",
    "56120",
    "56119",
    "56117",
    "56115",
    "56114",
    "56113",
    "56111",
    "56110",
    "56108",
    "55973",
    "55971",
    "55970",
    "55969",
    "55967",
    "55616",
    "55614",
    "55613",
    "55612",
    "55611",
    "55610",
    "55609",
    "55608",
    "55607",
    "55606",
    "55604",
    "55594",
    "55541",
    "55044",
    "54934",
    "54796",
    "54794",
    "54793",
    "54321",
    "54320",
    "54318",
    "54137",
    "53777",
    "53759",
    "53758",
    "53155",
    "52687",
    "52686",
    "52631",
    "52198",
    "52120",
    "52119",
    "52091",
    "52090",
    "51985",
    "51699",
    "51698",
    "50338",
    "51260",
    "50022",
    "49742",
    "50699",
    "50694",
    "50692",
    "50430",
    "50339",
    "50195",
    "50041",
    "49999",
    "49745",
    "49744",
    "49072",
    "49073",
    "49464",
    "49391",
    "49374",
    "49373",
    "27560",
    "25340",
    "23013",
    "49248",
    "49246",
    "49143",
    "48950",
    "48949",
    "48936",
    "47104",
    "48021",
    "47992",
    "47967",
    "47927",
    "47849",
    "47399",
    "46735",
    "46631",
    "45868",
    "44288",
    "45058",
    "45057",
    "45056",
    "45214",
    "45141",
    "45135",
    "45134",
    "44362",
    "44361",
    "43434",
    "42790",
    "42788",
    "42277",
    "41883",
    "38920",
    "41587",
    "41576",
    "40277",
    "38918",
    "39756",
    "40003",
    "39690",
    "39688",
    "39686",
    "39205",
    "39436",
    "39434",
    "38919",
    "39214",
    "39170",
    "39160",
    "39156",
    "38717",
    "37678",
    "37501",
    "35959",
    "27678",
    "24207",
    "8699",
    "34288",
    "34038",
    "34037",
    "33251",
    "33250",
    "32904",
    "32412",
    "31124",
    "30720",
    "30417",
    "30078",
    "29964",
    "29014",
    "28496",
    "27917",
    "27813",
    "27812",
    "27533",
    "25608",
    "25079",
    "24932",
    "24931",
    "24928",
    "24216",
    "22245",
    "22243",
    "22141",
    "21090",
    "19993",
    "19756",
    "18483",
    "17858",
    "17787",
    "17482",
    "1416",
    "12279",
    "10969",
    "10745",
    "58137",
    "58138",
    "57705",
    "57355",
    "57554",
    "57435",
    "57365",
    "57363",
    "57357",
    "57356",
    "57354",
    "57314",
    "57262",
    "57260",
    "57070",
    "57069",
    "56966",
    "54532",
    "54531",
    "54157",
    "53849",
    "52547",
    "53769",
    "53768",
    "53765",
    "53763",
    "53347",
    "52555",
    "52554",
    "52553",
    "52552",
    "52551",
    "52550",
    "52549",
    "52546",
    "52545",
    "52544",
    "52543",
    "52542",
    "52540",
    "52530",
    "52529",
    "52528",
    "52526",
    "52525",
    "52524",
    "52522",
    "52521",
    "52520",
    "52519",
    "52518",
    "52517",
    "52516",
    "52499",
    "51950",
    "51918",
    "49827",
    "49472",
    "49470",
    "49063",
    "45358",
    "20514",
    "47557",
    "46897",
    "46337",
    "45488",
    "44143",
    "43774",
    "43229",
    "42615",
    "42266",
    "42262",
    "41537",
    "41132",
    "41131",
    "40744",
    "40174",
    "38988",
    "37954",
    "37014",
    "35907",
    "35278",
    "35087",
    "28653",
    "28065",
    "9061",
    "79",
    "5568",
    "34615",
    "34163",
    "34161",
    "34160",
    "33969",
    "33845",
    "33843",
    "3316",
    "32436",
    "32242",
    "31016",
    "30331",
    "29109",
    "28516",
    "28401",
    "28397",
    "28366",
    "2783",
    "26014",
    "2594",
    "25793",
    "25493",
    "25492",
    "24519",
    "24515",
    "24330",
    "23974",
    "22942",
    "22414",
    "22252",
    "22056",
    "21775",
    "21645",
    "21449",
    "21300",
    "20890",
    "20211",
    "19635",
    "19352",
    "18393",
    "17791",
    "17417",
    "17178",
    "1705",
    "16144",
    "15903",
    "13896",
    "13539",
    "13231",
    "13056",
    "13033",
    "12849",
    "10361",
    "49879",
    "49878",
    "49875",
    "49873",
    "49872",
    "49871",
    "49869",
    "49865",
    "49864",
    "49863",
    "49860",
    "49397",
    "30990",
    "17063",
    "17062",
    "16344",
    "16343",
    "1377",
    "1376",
    "1375",
    "1298",
    "48321",
    "56752",
    "56751",
    "56750",
    "54929",
    "53216",
    "52816",
    "52782",
    "48253",
    "47247",
    "43188",
    "38770",
    "31739",
    "57572",
    "57059",
    "57058",
    "57057",
    "56097",
    "54533",
    "45550",
    "52177",
    "51999",
    "51921",
    "51449",
    "47767",
    "47766",
    "47759",
    "44626",
    "45628",
    "45221",
    "35164",
    "28622",
    "25927",
    "57395",
    "57394",
    "57393",
    "57366",
    "57075",
    "57074",
    "57011",
    "56523",
    "55501",
    "55500",
    "55499",
    "48898",
    "48893",
    "48885",
    "48847",
    "48846",
    "44536",
    "44083",
    "44079",
    "35333",
    "5216",
    "5215",
    "21519",
    "21149",
    "19640",
    "18846",
    "16866",
    "15684",
    "1401",
    "1364",
    "58156",
    "58155",
    "58147",
    "51400",
    "57629",
    "57628",
    "57627",
    "57626",
    "57625",
    "57624",
    "57623",
    "57622",
    "57621",
    "57620",
    "57619",
    "57618",
    "57617",
    "57551",
    "57078",
    "56861",
    "56856",
    "56842",
    "55063",
    "55062",
    "55061",
    "55011",
    "55010",
    "55007",
    "55006",
    "55005",
    "54290",
    "54289",
    "53786",
    "53772",
    "53469",
    "53467",
    "52875",
    "51403",
    "50571",
    "51405",
    "51397",
    "49834",
    "50929",
    "50924",
    "50923",
    "50922",
    "50310",
    "50565",
    "50564",
    "50557",
    "49011",
    "49836",
    "49835",
    "49477",
    "49022",
    "49021",
    "49019",
    "49014",
    "49013",
    "49010",
    "14421",
    "47994",
    "47787",
    "47438",
    "47374",
    "47372",
    "47359",
    "44165",
    "42251",
    "42240",
    "42248",
    "42246",
    "42244",
    "41927",
    "40499",
    "40556",
    "40554",
    "40224",
    "39273",
    "38978",
    "38977",
    "38178",
    "37804",
    "33782",
    "35458",
    "35455",
    "35328",
    "35188",
    "8635",
    "7392",
    "4169",
    "31953",
    "29688",
    "29687",
    "29329",
    "27517",
    "26690",
    "26689",
    "26646",
    "26182",
    "25929",
    "24819",
    "24813",
    "24298",
    "23821",
    "21654",
    "20956",
    "20233",
    "19781",
    "18415",
    "17189",
    "15420",
    "1460",
    "1445",
    "13503",
    "11102",
    "56090",
    "56100",
    "56103",
    "56102",
    "56101",
    "56099",
    "56098",
    "54823",
    "19758",
    "27913",
    "27561",
    "47990",
    "612",
    "21981",
    "20913",
    "19898",
    "19754",
    "19648",
    "14927",
    "13359",
    "13358",
    "13354",
    "13353",
    "13352",
    "13351",
    "57834",
    "57833",
    "57832",
    "57831",
    "57830",
    "57829",
    "57449",
    "57448",
    "57447",
    "57344",
    "57343",
    "57342",
    "57341",
    "57027",
    "57026",
    "57024",
    "57023",
    "55030",
    "55029",
    "55028",
    "55027",
    "55026",
    "55025",
    "49971",
    "49970",
    "49968",
    "49967",
    "49966",
    "49965",
    "48582",
    "48301",
    "47955",
    "46428",
    "46013",
    "42280",
    "5544",
    "3008",
    "28750",
    "2717",
    "24717",
    "24716",
    "13026",
    "13025",
    "12402",
    "12382",
    "11005",
    "10798",
    "57979",
    "49788",
    "48227",
    "22826",
    "21917",
    "50243",
    "53892",
    "5184",
    "3731",
    "32232",
    "30327",
    "28347",
    "1879",
    "15153",
    "55141",
    "46629",
    "54791",
    "57056",
    "56765",
    "56709",
    "56429",
    "56185",
    "54133",
    "53898",
    "52034",
    "50490",
    "49083",
    "48916",
    "44705",
    "35880",
    "42107",
    "38622",
    "36611",
    "35879",
    "35783",
    "32582",
    "30312",
    "26",
    "53000",
    "45719",
    "58103",
    "56704",
    "56507",
    "56506",
    "54885",
    "54749",
    "52904",
    "51660",
    "51659",
    "46959",
    "46290",
    "43555",
    "41613",
    "41492",
    "33487",
    "57065",
    "57064",
    "56906",
    "56689",
    "56688",
    "55752",
    "54389",
    "52562",
    "51205",
    "52035",
    "51200",
    "51199",
    "51198",
    "51197",
    "51195",
    "48562",
    "48561",
    "43112",
    "37583",
    "32561",
    "54884",
    "57763",
    "50801",
    "49038",
    "58128",
    "58123",
    "57770",
    "54874",
    "42167",
    "57919",
    "57850",
    "57773",
    "57772",
    "57769",
    "57768",
    "57767",
    "57765",
    "57604",
    "57590",
    "57589",
    "57588",
    "57587",
    "57586",
    "57585",
    "57584",
    "57583",
    "57581",
    "57579",
    "57578",
    "57516",
    "57467",
    "57463",
    "57126",
    "56919",
    "56686",
    "56251",
    "55990",
    "55249",
    "55181",
    "54842",
    "52352",
    "54483",
    "53642",
    "38190",
    "52715",
    "51568",
    "49217",
    "49041",
    "48784",
    "48603",
    "14491",
    "47733",
    "47621",
    "47540",
    "47436",
    "47336",
    "47219",
    "47086",
    "45915",
    "45425",
    "45460",
    "45416",
    "45415",
    "44912",
    "44787",
    "44737",
    "44351",
    "40678",
    "43006",
    "42631",
    "41347",
    "42197",
    "41890",
    "40244",
    "40243",
    "40242",
    "39668",
    "39666",
    "39609",
    "24389",
    "38322",
    "17000",
    "32001",
    "36078",
    "36036",
    "9936",
    "21717",
    "33691",
    "33027",
    "32085",
    "28368",
    "28055",
    "28053",
    "26199",
    "21713",
    "21072",
    "18233",
    "17091",
    "15159",
    "10109",
    "49787",
    "42342",
    "12263",
    "55961",
    "55636",
    "55811",
    "55639",
    "56943",
    "57784",
    "56782",
    "57776",
    "57702",
    "57701",
    "57700",
    "57699",
    "57697",
    "57591",
    "57569",
    "57291",
    "57097",
    "56945",
    "56944",
    "56940",
    "56939",
    "56785",
    "56784",
    "56783",
    "56322",
    "56321",
    "56199",
    "55962",
    "55827",
    "55826",
    "55822",
    "55821",
    "55696",
    "55663",
    "55643",
    "55641",
    "55637",
    "55262",
    "55117",
    "55023",
    "54699",
    "54586",
    "54576",
    "54575",
    "54574",
    "54572",
    "54084",
    "54075",
    "54073",
    "54068",
    "54066",
    "54065",
    "54061",
    "53930",
    "51799",
    "53691",
    "53693",
    "54097",
    "54076",
    "54074",
    "54064",
    "54060",
    "54057",
    "53945",
    "53389",
    "53695",
    "53646",
    "53031",
    "53319",
    "53032",
    "53030",
    "52580",
    "50302",
    "50303",
    "52591",
    "52488",
    "52486",
    "50026",
    "52213",
    "52147",
    "51795",
    "51770",
    "51739",
    "51630",
    "51142",
    "51547",
    "51546",
    "49109",
    "49110",
    "50721",
    "51100",
    "48672",
    "50872",
    "50770",
    "50297",
    "50296",
    "48190",
    "48189",
    "49985",
    "50408",
    "47973",
    "50301",
    "50300",
    "50189",
    "50188",
    "50187",
    "50027",
    "49817",
    "49140",
    "49431",
    "49334",
    "49215",
    "49107",
    "48914",
    "48342",
    "48340",
    "48698",
    "48235",
    "48188",
    "48099",
    "48443",
    "48343",
    "48244",
    "48238",
    "48237",
    "48236",
    "48098",
    "47931",
    "47890",
    "46670",
    "45542",
    "44229",
    "41535",
    "42612",
    "42611",
    "42206",
    "41772",
    "41749",
    "40578",
    "40253",
    "40081",
    "39931",
    "39050",
    "39051",
    "38573",
    "38326",
    "37274",
    "37271",
    "36269",
    "35792",
    "36214",
    "36053",
    "35771",
    "35287",
    "30780",
    "18827",
    "30781",
    "15698",
    "19713",
    "33744",
    "26802",
    "25407",
    "34873",
    "30855",
    "29532",
    "27433",
    "24904",
    "24865",
    "49922",
    "57798",
    "57696",
    "57695",
    "57694",
    "57693",
    "57692",
    "57691",
    "57690",
    "57689",
    "57155",
    "57154",
    "57096",
    "56642",
    "56309",
    "55777",
    "55776",
    "55707",
    "55632",
    "55464",
    "55462",
    "55310",
    "55136",
    "55129",
    "54937",
    "54887",
    "54772",
    "54573",
    "54438",
    "51849",
    "54070",
    "54069",
    "54056",
    "50874",
    "53549",
    "53548",
    "52993",
    "52918",
    "50411",
    "50409",
    "52636",
    "51789",
    "51787",
    "52216",
    "52214",
    "45462",
    "51737",
    "51736",
    "51734",
    "51158",
    "50877",
    "49383",
    "50404",
    "50312",
    "50306",
    "47788",
    "50025",
    "49382",
    "49331",
    "49330",
    "49293",
    "48736",
    "47026",
    "46743",
    "46662",
    "46652",
    "46630",
    "45770",
    "46054",
    "45807",
    "45535",
    "44698",
    "44234",
    "43885",
    "43382",
    "43467",
    "43293",
    "43222",
    "42290",
    "42602",
    "42601",
    "41590",
    "41688",
    "41394",
    "41393",
    "41136",
    "40587",
    "40549",
    "40278",
    "38258",
    "38585",
    "37100",
    "36978",
    "36012",
    "35403",
    "35162",
    "35161",
    "35160",
    "32095",
    "34886",
    "32621",
    "33743",
    "34390",
    "34325",
    "33616",
    "32489",
    "28111",
    "57180",
    "55248",
    "57515",
    "57253",
    "54267",
    "50861",
    "52916",
    "52229",
    "50860",
    "47720",
    "48934",
    "48575",
    "47893",
    "47982",
    "47550",
    "47432",
    "47431",
    "45853",
    "45819",
    "43715",
    "43714",
    "43712",
    "43710",
    "43709",
    "38537",
    "20143",
    "20144",
    "36670",
    "35390",
    "35392",
    "35391",
    "33685",
    "33517",
    "33064",
    "33056",
    "29472",
    "29471",
    "21792",
    "41980",
    "58028",
    "57713",
    "57712",
    "56400",
    "50994",
    "50992",
    "49807",
    "43281",
    "48787",
    "48786",
    "48620",
    "31047",
    "32327",
    "31682",
    "43628",
    "43532",
    "43477",
    "43377",
    "43375",
    "43283",
    "43282",
    "42013",
    "41981",
    "41979",
    "36666",
    "36602",
    "36591",
    "36484",
    "33442",
    "32843",
    "32272",
    "32200",
    "31869",
    "31683",
    "31050",
    "31029",
    "31028",
    "31027",
    "29176",
    "27727",
    "27461",
    "25210",
    "23349",
    "17950",
    "55145",
    "52024",
    "58109",
    "58108",
    "57897",
    "52788",
    "44005",
    "50104",
    "36045",
    "22216",
    "46644",
    "44840",
    "42053",
    "42051",
    "41344",
    "26135",
    "40217",
    "39680",
    "39646",
    "39215",
    "38744",
    "26126",
    "22215",
    "35944",
    "35889",
    "35727",
    "35700",
    "35541",
    "35540",
    "35539",
    "33959",
    "33895",
    "33424",
    "33176",
    "32425",
    "31716",
    "31706",
    "28319",
    "27920",
    "27919",
    "27865",
    "26945",
    "26944",
    "26934",
    "26136",
    "26134",
    "26128",
    "26127",
    "26125",
    "26124",
    "25337",
    "24391",
    "24390",
    "22953",
    "22952",
    "22214",
    "22212",
    "22211",
    "22209",
    "54462",
    "50522",
    "47136",
    "47132",
    "43733",
    "43731",
    "43729",
    "42261",
    "41098",
    "40127",
    "39755",
    "38709",
    "812",
    "5187",
    "3861",
    "3676",
    "28500",
    "26754",
    "2134",
    "20834",
    "19694",
    "19089",
    "19088",
    "19087",
    "1731",
    "1660",
    "13235",
    "10829",
    "57485",
    "57489",
    "57487",
    "57460",
    "57459",
    "57458",
    "57457",
    "56669",
    "53464",
    "52527",
    "52469",
    "52063",
    "47959",
    "44802",
    "35436",
    "8851",
    "11580",
    "10320",
    "57286",
    "55526",
    "55419",
    "55417",
    "54747",
    "52539",
    "53479",
    "53478",
    "53477",
    "53472",
    "53471",
    "52537",
    "52535",
    "52534",
    "52533",
    "52532",
    "52531",
    "51249",
    "49908",
    "49907",
    "43631",
    "42390",
    "42389",
    "42388",
    "42387",
    "42386",
    "41453",
    "40705",
    "40234",
    "40233",
    "40232",
    "40231",
    "39785",
    "39784",
    "37044",
    "36530",
    "36134",
    "36132",
    "35591",
    "35095",
    "9904",
    "9278",
    "8819",
    "8803",
    "8241",
    "7887",
    "6240",
    "4088",
    "3491",
    "34112",
    "34111",
    "34110",
    "31974",
    "29197",
    "29196",
    "29101",
    "28942",
    "28643",
    "27700",
    "27313",
    "26955",
    "26269",
    "26265",
    "26264",
    "2580",
    "25766",
    "25322",
    "25298",
    "24571",
    "24118",
    "23627",
    "23604",
    "23603",
    "23602",
    "23601",
    "23600",
    "23599",
    "23143",
    "22648",
    "22633",
    "22534",
    "21441",
    "20977",
    "20749",
    "20632",
    "2040",
    "2021",
    "1981",
    "19741",
    "19701",
    "19554",
    "19553",
    "1809",
    "17732",
    "17594",
    "1681",
    "15946",
    "1593",
    "15286",
    "57706",
    "56658",
    "56530",
    "56250",
    "56080",
    "56031",
    "56028",
    "55915",
    "55628",
    "54705",
    "54387",
    "54240",
    "54038",
    "54010",
    "54004",
    "53916",
    "53485",
    "53482",
    "53476",
    "53473",
    "53401",
    "53288",
    "53261",
    "53260",
    "53259",
    "53258",
    "53003",
    "52915",
    "52898",
    "52001",
    "49312",
    "51934",
    "51855",
    "51854",
    "51730",
    "51682",
    "51645",
    "50553",
    "50513",
    "50388",
    "49796",
    "49795",
    "48399",
    "22809",
    "49313",
    "48529",
    "47743",
    "47656",
    "47655",
    "47458",
    "47310",
    "47309",
    "45867",
    "45128",
    "44448",
    "44189",
    "43765",
    "43727",
    "43726",
    "43724",
    "43662",
    "43241",
    "42929",
    "42677",
    "42583",
    "41975",
    "41184",
    "40954",
    "40657",
    "40515",
    "40322",
    "40130",
    "40055",
    "39776",
    "39503",
    "39318",
    "39262",
    "39117",
    "38949",
    "38330",
    "37215",
    "36359",
    "36268",
    "36098",
    "35511",
    "35216",
    "13487",
    "35145",
    "35069",
    "8434",
    "8221",
    "7088",
    "4510",
    "34834",
    "33763",
    "33357",
    "32932",
    "32299",
    "32275",
    "3168",
    "30590",
    "30428",
    "29984",
    "29385",
    "27892",
    "27779",
    "27580",
    "27346",
    "27194",
    "27189",
    "25829",
    "25767",
    "25273",
    "25190",
    "25075",
    "25074",
    "24833",
    "24701",
    "24470",
    "23667",
    "23508",
    "23295",
    "23274",
    "23233",
    "23100",
    "22651",
    "21060",
    "20832",
    "20271",
    "19743",
    "19556",
    "19555",
    "19552",
    "18814",
    "18168",
    "18119",
    "16225",
    "15358",
    "14829",
    "13416",
    "11426",
    "11394",
    "55780",
    "55350",
    "53402",
    "55665",
    "57793",
    "58002",
    "57792",
    "57783",
    "57782",
    "57775",
    "57724",
    "57519",
    "57518",
    "57166",
    "57151",
    "57150",
    "57049",
    "57048",
    "57047",
    "57046",
    "57045",
    "57044",
    "56715",
    "56597",
    "56581",
    "56542",
    "56540",
    "56421",
    "56420",
    "56419",
    "56417",
    "56415",
    "56414",
    "56413",
    "56411",
    "56410",
    "56407",
    "55963",
    "55850",
    "55825",
    "55686",
    "55588",
    "55476",
    "55467",
    "55359",
    "54777",
    "53811",
    "40352",
    "40351",
    "53701",
    "53682",
    "53672",
    "53599",
    "53550",
    "53383",
    "53382",
    "53112",
    "53111",
    "52049",
    "52050",
    "52942",
    "51696",
    "52662",
    "52642",
    "51540",
    "51539",
    "52379",
    "52376",
    "52375",
    "52267",
    "52230",
    "52055",
    "52045",
    "50999",
    "51358",
    "51779",
    "51778",
    "51631",
    "50321",
    "51357",
    "51144",
    "50083",
    "50738",
    "50528",
    "50527",
    "50324",
    "32072",
    "21591",
    "20602",
    "34252",
    "20597",
    "47921",
    "47228",
    "45205",
    "44836",
    "41889",
    "41153",
    "41152",
    "41151",
    "41150",
    "41149",
    "41148",
    "41147",
    "41146",
    "41110",
    "37377",
    "35780",
    "17875",
    "57761",
    "57517",
    "56416",
    "55263",
    "54773",
    "53355",
    "53208",
    "52648",
    "52645",
    "52494",
    "45909",
    "45908",
    "52266",
    "51782",
    "50746",
    "51689",
    "51653",
    "50415",
    "51165",
    "51111",
    "51105",
    "50885",
    "50750",
    "50504",
    "50503",
    "32931",
    "31565",
    "47029",
    "45251",
    "42781",
    "41392",
    "41256",
    "40354",
    "40092",
    "30207",
    "56197",
    "58158",
    "58157",
    "58150",
    "54998",
    "52951",
    "45591",
    "57986",
    "57985",
    "57615",
    "57614",
    "57613",
    "57612",
    "57611",
    "57610",
    "57434",
    "57412",
    "57411",
    "57312",
    "57311",
    "56843",
    "56836",
    "56282",
    "56196",
    "56195",
    "56194",
    "56193",
    "55634",
    "55633",
    "55536",
    "55534",
    "55533",
    "55532",
    "55531",
    "55529",
    "55528",
    "55076",
    "55074",
    "55073",
    "55072",
    "55071",
    "55070",
    "55069",
    "55068",
    "55067",
    "55066",
    "55065",
    "55064",
    "55000",
    "54999",
    "54944",
    "54596",
    "52983",
    "52975",
    "52964",
    "53771",
    "53770",
    "53106",
    "53103",
    "52988",
    "52985",
    "52982",
    "52977",
    "52972",
    "52970",
    "52969",
    "52967",
    "52966",
    "52952",
    "52949",
    "52690",
    "51425",
    "51423",
    "50431",
    "50152",
    "50964",
    "49422",
    "50436",
    "50435",
    "50156",
    "50145",
    "50136",
    "50048",
    "49802",
    "49004",
    "24930",
    "49017",
    "49001",
    "48996",
    "48901",
    "48763",
    "47492",
    "47490",
    "47489",
    "47487",
    "47450",
    "47383",
    "47371",
    "47370",
    "47365",
    "46081",
    "47295",
    "47293",
    "46542",
    "45218",
    "45217",
    "44312",
    "44758",
    "44757",
    "44746",
    "44408",
    "44333",
    "44332",
    "44331",
    "44324",
    "44311",
    "44307",
    "42245",
    "42243",
    "41921",
    "41901",
    "41197",
    "38032",
    "36930",
    "36162",
    "36153",
    "36151",
    "31125",
    "35387",
    "35201",
    "35199",
    "35194",
    "35193",
    "35191",
    "35190",
    "7963",
    "33913",
    "33878",
    "33877",
    "33867",
    "33861",
    "33860",
    "33571",
    "3072",
    "30145",
    "28455",
    "28357",
    "26189",
    "25621",
    "23018",
    "22149",
    "22073",
    "21174",
    "21173",
    "21051",
    "20303",
    "17955",
    "11615",
    "11614",
    "11215",
    "11214",
    "10742",
    "10290"
  ],
  "scrapedCodigosPersistidos": [
    "51263",
    "57926",
    "53067",
    "52769",
    "57816",
    "57814",
    "57757",
    "57751",
    "57750",
    "57749",
    "57748",
    "57605",
    "57606",
    "57527",
    "57526",
    "57425",
    "57015",
    "56711",
    "56910",
    "56908",
    "56710",
    "56539",
    "56538",
    "56534",
    "56535",
    "56533",
    "56532",
    "56434",
    "56292",
    "56398",
    "56186",
    "56106",
    "56174",
    "56210",
    "56105",
    "55570",
    "55569",
    "55522",
    "55572",
    "55494",
    "55493",
    "55492",
    "55111",
    "56280",
    "52186",
    "57817",
    "55491",
    "55490",
    "57815",
    "55489",
    "55488",
    "55487",
    "55485",
    "55486",
    "55473",
    "55292",
    "55282",
    "55280",
    "55278",
    "55279",
    "55230",
    "55247",
    "55246",
    "55245",
    "55223",
    "55204",
    "55215",
    "55224",
    "55214",
    "55213",
    "55202",
    "55197",
    "55184",
    "55118",
    "55110",
    "55113",
    "54869",
    "55087",
    "53738",
    "54008",
    "53970",
    "53989",
    "53740",
    "53541",
    "53364",
    "53367",
    "53363",
    "53291",
    "53225",
    "53069",
    "53068",
    "53066",
    "53065",
    "53064",
    "52897",
    "53040",
    "52753",
    "53062",
    "52768",
    "52896",
    "52756",
    "52745",
    "52187",
    "52185",
    "52115",
    "52038",
    "51564",
    "51563",
    "51611",
    "51103",
    "51135",
    "51138",
    "51133",
    "51121",
    "50525",
    "50263",
    "51102",
    "50510",
    "50380",
    "49785",
    "49859",
    "50186",
    "49858",
    "49857",
    "49467",
    "49820",
    "49317",
    "49702",
    "49294",
    "49525",
    "49335",
    "49521",
    "29721",
    "49228",
    "49229",
    "49130",
    "48981",
    "49117",
    "49114",
    "48906",
    "48982",
    "48755",
    "48754",
    "48753",
    "48752",
    "48451",
    "48216",
    "48182",
    "48108",
    "47944",
    "47937",
    "48054",
    "46293",
    "47689",
    "46292",
    "47688",
    "47200",
    "45878",
    "45880",
    "45789",
    "45883",
    "45758",
    "45879",
    "45882",
    "45881",
    "44808",
    "44497",
    "45197",
    "43764",
    "43763",
    "43275",
    "45204",
    "43274",
    "43238",
    "43239",
    "44243",
    "44264",
    "42712",
    "42990",
    "42867",
    "41612",
    "41610",
    "42993",
    "41687",
    "41525",
    "42161",
    "41771",
    "42030",
    "42980",
    "41769",
    "40887",
    "40788",
    "39944",
    "40294",
    "40358",
    "41106",
    "40639",
    "39362",
    "40105",
    "39406",
    "39747",
    "38761",
    "38689",
    "38616",
    "39343",
    "38453",
    "39342",
    "39299",
    "38274",
    "38671",
    "37934",
    "38313",
    "38121",
    "37882",
    "36528",
    "37704",
    "37896",
    "36529",
    "37536",
    "37702",
    "37510",
    "36801",
    "36800",
    "36821",
    "32947",
    "28447",
    "37224",
    "36798",
    "36136",
    "36587",
    "36234",
    "36702",
    "36857",
    "27357",
    "36085",
    "35784",
    "35664",
    "25330",
    "23740",
    "34431",
    "29636",
    "14190",
    "28867",
    "35853",
    "24378",
    "35396",
    "31217",
    "14597",
    "24427",
    "35153",
    "35550",
    "21778",
    "23486",
    "9513",
    "35062",
    "32359",
    "34787",
    "6653",
    "35020",
    "34972",
    "34864",
    "34429",
    "34862",
    "34382",
    "34437",
    "34780",
    "34363",
    "34387",
    "34385",
    "34386",
    "33975",
    "34248",
    "34188",
    "34245",
    "33706",
    "33980",
    "33815",
    "33707",
    "32948",
    "33835",
    "32357",
    "33635",
    "32354",
    "32361",
    "32945",
    "31684",
    "31401",
    "32450",
    "31491",
    "32355",
    "32360",
    "31338",
    "30616",
    "30617",
    "31061",
    "31056",
    "31335",
    "30977",
    "31161",
    "31334",
    "30611",
    "30201",
    "28842",
    "30369",
    "28833",
    "30202",
    "30254",
    "28856",
    "29755",
    "29610",
    "29338",
    "28685",
    "28437",
    "28098",
    "28104",
    "27355",
    "27470",
    "28460",
    "28106",
    "27349",
    "27351",
    "26428",
    "26015",
    "25410",
    "26018",
    "26027",
    "25864",
    "26026",
    "24422",
    "24957",
    "24376",
    "25370",
    "24374",
    "24375",
    "24371",
    "24385",
    "24373",
    "24377",
    "24124",
    "23410",
    "24103",
    "22362",
    "23814",
    "22714",
    "22087",
    "22840",
    "23813",
    "22084",
    "20842",
    "21285",
    "17895",
    "14128",
    "19715",
    "19706",
    "18267",
    "15367",
    "15105",
    "17813",
    "18952",
    "11842",
    "57550",
    "57145",
    "56860",
    "54476",
    "54899",
    "52764",
    "52137",
    "52046",
    "52044",
    "51666",
    "52043",
    "51231",
    "51219",
    "51229",
    "51217",
    "51218",
    "51230",
    "50474",
    "50166",
    "39967",
    "40022",
    "40020",
    "44947",
    "17456",
    "47345",
    "35150",
    "42630",
    "9598",
    "34906",
    "32137",
    "34806",
    "30580",
    "34903",
    "34904",
    "34498",
    "34902",
    "27301",
    "31803",
    "34493",
    "26621",
    "26326",
    "25217",
    "22623",
    "22622",
    "21761",
    "26739",
    "17539",
    "12935",
    "17476",
    "17166",
    "16541",
    "53754",
    "16723",
    "52350",
    "53386",
    "43235",
    "53344",
    "47680",
    "58016",
    "54489",
    "57199",
    "56667",
    "56869",
    "56536",
    "55339",
    "55022",
    "55013",
    "54427",
    "54824",
    "54686",
    "54132",
    "54249",
    "53722",
    "53385",
    "53070",
    "53044",
    "53559",
    "53042",
    "53043",
    "52762",
    "52182",
    "50285",
    "52181",
    "52180",
    "51084",
    "51768",
    "51637",
    "51475",
    "51248",
    "50850",
    "50703",
    "50495",
    "50486",
    "50379",
    "50213",
    "50211",
    "50006",
    "48987",
    "48318",
    "50182",
    "48692",
    "48471",
    "48470",
    "46325",
    "48469",
    "48452",
    "48320",
    "47678",
    "48319",
    "48168",
    "45594",
    "45417",
    "47677",
    "44236",
    "43734",
    "43053",
    "45372",
    "45104",
    "44795",
    "42826",
    "43049",
    "43890",
    "42824",
    "43046",
    "41765",
    "42500",
    "41606",
    "41102"
  ],
  "cleanupMissingStock": false,
  "stockCleanupCount": 0,
  "persistResults": [
    {
      "codigo": "51263",
      "action": "updated",
      "productId": "69f2ed296860740b8bee3d3c"
    },
    {
      "codigo": "57926",
      "action": "updated",
      "productId": "69f2ecc96860740b8bee229d"
    },
    {
      "codigo": "53067",
      "action": "updated",
      "productId": "69f92a9dcb8f5cc7f078f6e7"
    },
    {
      "codigo": "52769",
      "action": "updated",
      "productId": "69f2ed186860740b8bee392b"
    },
    {
      "codigo": "57816",
      "action": "updated",
      "productId": "69f2ecc66860740b8bee2196"
    },
    {
      "codigo": "57814",
      "action": "updated",
      "productId": "69f2ecc66860740b8bee2191"
    },
    {
      "codigo": "57757",
      "action": "updated",
      "productId": "69f2ecd16860740b8bee2498"
    },
    {
      "codigo": "57751",
      "action": "updated",
      "productId": "69f2ecd06860740b8bee2471"
    },
    {
      "codigo": "57750",
      "action": "updated",
      "productId": "69f2ecd36860740b8bee255b"
    },
    {
      "codigo": "57749",
      "action": "updated",
      "productId": "69f2ecd26860740b8bee24ea"
    },
    {
      "codigo": "57748",
      "action": "updated",
      "productId": "69f2ecd26860740b8bee2534"
    },
    {
      "codigo": "57605",
      "action": "updated",
      "productId": "69f2ecd26860740b8bee24e8"
    },
    {
      "codigo": "57606",
      "action": "updated",
      "productId": "69f2ecb86860740b8bee1e3d"
    },
    {
      "codigo": "57527",
      "action": "updated",
      "productId": "69f2ecda6860740b8bee273b"
    },
    {
      "codigo": "57526",
      "action": "updated",
      "productId": "69f2ecdc6860740b8bee278d"
    },
    {
      "codigo": "57425",
      "action": "updated",
      "productId": "69f2ecde6860740b8bee2808"
    },
    {
      "codigo": "57015",
      "action": "updated",
      "productId": "69f2ece06860740b8bee2903"
    },
    {
      "codigo": "56711",
      "action": "updated",
      "productId": "69f2ecdf6860740b8bee28d9"
    },
    {
      "codigo": "56910",
      "action": "updated",
      "productId": "69f2ecdf6860740b8bee2885"
    },
    {
      "codigo": "56908",
      "action": "updated",
      "productId": "69f2ecdf6860740b8bee28d7"
    },
    {
      "codigo": "56710",
      "action": "updated",
      "productId": "69f2ece26860740b8bee29a2"
    },
    {
      "codigo": "56539",
      "action": "updated",
      "productId": "69f2ece26860740b8bee29cb"
    },
    {
      "codigo": "56538",
      "action": "updated",
      "productId": "69f2ece56860740b8bee2a6f"
    },
    {
      "codigo": "56534",
      "action": "updated",
      "productId": "69f2ece46860740b8bee2a1d"
    },
    {
      "codigo": "56535",
      "action": "updated",
      "productId": "69f2ece66860740b8bee2ac6"
    },
    {
      "codigo": "56533",
      "action": "updated",
      "productId": "69f2ece66860740b8bee2b13"
    },
    {
      "codigo": "56532",
      "action": "updated",
      "productId": "69f2ece76860740b8bee2b3c"
    },
    {
      "codigo": "56434",
      "action": "updated",
      "productId": "69f2ece86860740b8bee2bbb"
    },
    {
      "codigo": "56292",
      "action": "updated",
      "productId": "69f2ece66860740b8bee2a9d"
    },
    {
      "codigo": "56398",
      "action": "updated",
      "productId": "69f2ece86860740b8bee2b6a"
    },
    {
      "codigo": "56186",
      "action": "updated",
      "productId": "69f2ece86860740b8bee2b66"
    },
    {
      "codigo": "56106",
      "action": "updated",
      "productId": "69f2ecef6860740b8bee2d08"
    },
    {
      "codigo": "56174",
      "action": "updated",
      "productId": "69f2eced6860740b8bee2cad"
    },
    {
      "codigo": "56210",
      "action": "updated",
      "productId": "69f2ecec6860740b8bee2c39"
    },
    {
      "codigo": "56105",
      "action": "updated",
      "productId": "69f2ecc96860740b8bee2276"
    },
    {
      "codigo": "55570",
      "action": "updated",
      "productId": "69f92ab13a9da48323289adf"
    },
    {
      "codigo": "55569",
      "action": "updated",
      "productId": "69f2ecec6860740b8bee2c0c"
    },
    {
      "codigo": "55522",
      "action": "updated",
      "productId": "69f2ecef6860740b8bee2d00"
    },
    {
      "codigo": "55572",
      "action": "updated",
      "productId": "69f92a9d3a9da483232891d3"
    },
    {
      "codigo": "55494",
      "action": "updated",
      "productId": "69f2ecb76860740b8bee1dbd"
    },
    {
      "codigo": "55493",
      "action": "updated",
      "productId": "69f2ecb66860740b8bee1d73"
    },
    {
      "codigo": "55492",
      "action": "updated",
      "productId": "69f2ecb16860740b8bee1c99"
    },
    {
      "codigo": "55111",
      "action": "updated",
      "productId": "69f2ecfe6860740b8bee31a4"
    },
    {
      "codigo": "56280",
      "action": "updated",
      "productId": "69f2ecec6860740b8bee2c5f"
    },
    {
      "codigo": "52186",
      "action": "updated",
      "productId": "69f2ed286860740b8bee3ce8"
    },
    {
      "codigo": "57817",
      "action": "updated",
      "productId": "69f2ecc66860740b8bee2165"
    },
    {
      "codigo": "55491",
      "action": "updated",
      "productId": "69f2ecb26860740b8bee1d29"
    },
    {
      "codigo": "55490",
      "action": "updated",
      "productId": "69f2ecb16860740b8bee1c9b"
    },
    {
      "codigo": "57815",
      "action": "updated",
      "productId": "69f2ecc76860740b8bee21e2"
    },
    {
      "codigo": "55489",
      "action": "updated",
      "productId": "69f2ecb26860740b8bee1d04"
    },
    {
      "codigo": "55488",
      "action": "updated",
      "productId": "69f2ecb16860740b8bee1c73"
    },
    {
      "codigo": "55487",
      "action": "updated",
      "productId": "69f2ecb16860740b8bee1c31"
    },
    {
      "codigo": "55485",
      "action": "updated",
      "productId": "69f2ecb16860740b8bee1c2d"
    },
    {
      "codigo": "55486",
      "action": "updated",
      "productId": "69f2ecb26860740b8bee1cdf"
    },
    {
      "codigo": "55473",
      "action": "updated",
      "productId": "69f2ecf26860740b8bee2df5"
    },
    {
      "codigo": "55292",
      "action": "updated",
      "productId": "69f2ecf46860740b8bee2e99"
    },
    {
      "codigo": "55282",
      "action": "updated",
      "productId": "69f2ecf36860740b8bee2e23"
    },
    {
      "codigo": "55280",
      "action": "updated",
      "productId": "69f2ecf36860740b8bee2e1e"
    },
    {
      "codigo": "55278",
      "action": "updated",
      "productId": "69f2ecf16860740b8bee2dcc"
    },
    {
      "codigo": "55279",
      "action": "updated",
      "productId": "69f2ecf56860740b8bee2ec2"
    },
    {
      "codigo": "55230",
      "action": "updated",
      "productId": "69f2ecf36860740b8bee2e70"
    },
    {
      "codigo": "55247",
      "action": "updated",
      "productId": "69f2ecf66860740b8bee2f3d"
    },
    {
      "codigo": "55246",
      "action": "updated",
      "productId": "69f2ecf66860740b8bee2f66"
    },
    {
      "codigo": "55245",
      "action": "updated",
      "productId": "69f2ecf56860740b8bee2f14"
    },
    {
      "codigo": "55223",
      "action": "updated",
      "productId": "69f2ecf76860740b8bee2f8f"
    },
    {
      "codigo": "55204",
      "action": "updated",
      "productId": "69f2ecf76860740b8bee2fb8"
    },
    {
      "codigo": "55215",
      "action": "updated",
      "productId": "69f2ecf96860740b8bee300a"
    },
    {
      "codigo": "55224",
      "action": "updated",
      "productId": "69f2ecf86860740b8bee2fe1"
    },
    {
      "codigo": "55214",
      "action": "updated",
      "productId": "69f2ecf96860740b8bee3033"
    },
    {
      "codigo": "55213",
      "action": "updated",
      "productId": "69f2ecf96860740b8bee305c"
    },
    {
      "codigo": "55202",
      "action": "updated",
      "productId": "69f2ecfb6860740b8bee30ae"
    },
    {
      "codigo": "55197",
      "action": "updated",
      "productId": "69f2ecfb6860740b8bee3085"
    },
    {
      "codigo": "55184",
      "action": "updated",
      "productId": "69f2ecfc6860740b8bee30d7"
    },
    {
      "codigo": "55118",
      "action": "updated",
      "productId": "69f2ecfd6860740b8bee3102"
    },
    {
      "codigo": "55110",
      "action": "updated",
      "productId": "69f2ecfd6860740b8bee3154"
    },
    {
      "codigo": "55113",
      "action": "updated",
      "productId": "69f2ecfe6860740b8bee3156"
    },
    {
      "codigo": "54869",
      "action": "updated",
      "productId": "69f2ed006860740b8bee329a"
    },
    {
      "codigo": "55087",
      "action": "updated",
      "productId": "69f2ecfe6860740b8bee31cd"
    },
    {
      "codigo": "53738",
      "action": "updated",
      "productId": "69f2ed066860740b8bee340d"
    },
    {
      "codigo": "54008",
      "action": "updated",
      "productId": "69f2ed066860740b8bee33b9"
    },
    {
      "codigo": "53970",
      "action": "updated",
      "productId": "69f2ed066860740b8bee343a"
    },
    {
      "codigo": "53989",
      "action": "updated",
      "productId": "69f2ed066860740b8bee33e2"
    },
    {
      "codigo": "53740",
      "action": "updated",
      "productId": "69f2ed066860740b8bee340f"
    },
    {
      "codigo": "53541",
      "action": "updated",
      "productId": "69f2ed096860740b8bee352a"
    },
    {
      "codigo": "53364",
      "action": "updated",
      "productId": "69f2ed0d6860740b8bee3620"
    },
    {
      "codigo": "53367",
      "action": "updated",
      "productId": "69f2ed0c6860740b8bee357e"
    },
    {
      "codigo": "53363",
      "action": "updated",
      "productId": "69f2ed0d6860740b8bee35cf"
    },
    {
      "codigo": "53291",
      "action": "updated",
      "productId": "69f2ed0e6860740b8bee3649"
    },
    {
      "codigo": "53225",
      "action": "updated",
      "productId": "69f2ed106860740b8bee3716"
    },
    {
      "codigo": "53069",
      "action": "updated",
      "productId": "69f2ed0f6860740b8bee36c4"
    },
    {
      "codigo": "53068",
      "action": "updated",
      "productId": "69f2ed0f6860740b8bee369b"
    },
    {
      "codigo": "53066",
      "action": "updated",
      "productId": "69f2ed106860740b8bee36ed"
    },
    {
      "codigo": "53065",
      "action": "updated",
      "productId": "69f2ed116860740b8bee373f"
    },
    {
      "codigo": "53064",
      "action": "updated",
      "productId": "69f2ed126860740b8bee37ba"
    },
    {
      "codigo": "52897",
      "action": "updated",
      "productId": "69f2ed156860740b8bee385e"
    },
    {
      "codigo": "53040",
      "action": "updated",
      "productId": "69f2ed146860740b8bee380c"
    },
    {
      "codigo": "52753",
      "action": "updated",
      "productId": "69f2ed176860740b8bee38de"
    },
    {
      "codigo": "53062",
      "action": "updated",
      "productId": "69f2ed126860740b8bee3791"
    },
    {
      "codigo": "52768",
      "action": "updated",
      "productId": "69f2ed176860740b8bee38d9"
    },
    {
      "codigo": "52896",
      "action": "updated",
      "productId": "69f2ed156860740b8bee3887"
    },
    {
      "codigo": "52756",
      "action": "updated",
      "productId": "69f2ed186860740b8bee3954"
    },
    {
      "codigo": "52745",
      "action": "updated",
      "productId": "69f2ed1f6860740b8bee3a9c"
    },
    {
      "codigo": "52187",
      "action": "updated",
      "productId": "69f2ed236860740b8bee3b44"
    },
    {
      "codigo": "52185",
      "action": "updated",
      "productId": "69f2ed266860740b8bee3c6a"
    },
    {
      "codigo": "52115",
      "action": "updated",
      "productId": "69f2ed256860740b8bee3bec"
    },
    {
      "codigo": "52038",
      "action": "updated",
      "productId": "69f3d6cc43593ae9f97a5cf3"
    },
    {
      "codigo": "51564",
      "action": "updated",
      "productId": "69f2ecc06860740b8bee205b"
    },
    {
      "codigo": "51563",
      "action": "updated",
      "productId": "69f2ed096860740b8bee3501"
    },
    {
      "codigo": "51611",
      "action": "updated",
      "productId": "69f2ed2c6860740b8bee3e0e"
    },
    {
      "codigo": "51103",
      "action": "created",
      "productId": "69f93535d218db73c24089d6"
    },
    {
      "codigo": "51135",
      "action": "updated",
      "productId": "69f2ecbf6860740b8bee1f54"
    },
    {
      "codigo": "51138",
      "action": "updated",
      "productId": "69f2ecbf6860740b8bee1f80"
    },
    {
      "codigo": "51133",
      "action": "updated",
      "productId": "69f2ecbf6860740b8bee1fa2"
    },
    {
      "codigo": "51121",
      "action": "updated",
      "productId": "69f2ed336860740b8bee3f89"
    },
    {
      "codigo": "50525",
      "action": "updated",
      "productId": "69f2ed316860740b8bee3f5e"
    },
    {
      "codigo": "50263",
      "action": "updated",
      "productId": "69f2ed376860740b8bee40bd"
    },
    {
      "codigo": "51102",
      "action": "updated",
      "productId": "69f2ecc06860740b8bee2035"
    },
    {
      "codigo": "50510",
      "action": "updated",
      "productId": "69f2ed346860740b8bee4033"
    },
    {
      "codigo": "50380",
      "action": "updated",
      "productId": "69f2ed356860740b8bee4089"
    },
    {
      "codigo": "49785",
      "action": "updated",
      "productId": "69f2ed376860740b8bee40ba"
    },
    {
      "codigo": "49859",
      "action": "updated",
      "productId": "69f2ecc46860740b8bee2119"
    },
    {
      "codigo": "50186",
      "action": "updated",
      "productId": "69f2ed386860740b8bee4161"
    },
    {
      "codigo": "49858",
      "action": "updated",
      "productId": "69f2ecc66860740b8bee218f"
    },
    {
      "codigo": "49857",
      "action": "updated",
      "productId": "69f2ecc56860740b8bee213f"
    },
    {
      "codigo": "49467",
      "action": "updated",
      "productId": "69f2ed3a6860740b8bee420c"
    },
    {
      "codigo": "49820",
      "action": "updated",
      "productId": "69f2ed3a6860740b8bee4237"
    },
    {
      "codigo": "49317",
      "action": "updated",
      "productId": "69f3d6e543593ae9f97a63f3"
    },
    {
      "codigo": "49702",
      "action": "updated",
      "productId": "69f2ed3a6860740b8bee4262"
    },
    {
      "codigo": "49294",
      "action": "updated",
      "productId": "69f2ed3b6860740b8bee428d"
    },
    {
      "codigo": "49525",
      "action": "updated",
      "productId": "69f2ed3c6860740b8bee42e3"
    },
    {
      "codigo": "49335",
      "action": "updated",
      "productId": "69f2ed3c6860740b8bee430e"
    },
    {
      "codigo": "49521",
      "action": "updated",
      "productId": "69f2ed3b6860740b8bee42b8"
    },
    {
      "codigo": "29721",
      "action": "updated",
      "productId": "69f3d7a343593ae9f97aa24c"
    },
    {
      "codigo": "49228",
      "action": "updated",
      "productId": "69f2ed3e6860740b8bee43ba"
    },
    {
      "codigo": "49229",
      "action": "updated",
      "productId": "69f2ed3d6860740b8bee433a"
    },
    {
      "codigo": "49130",
      "action": "updated",
      "productId": "69f2ed416860740b8bee4491"
    },
    {
      "codigo": "48981",
      "action": "updated",
      "productId": "69f2ed406860740b8bee4466"
    },
    {
      "codigo": "49117",
      "action": "updated",
      "productId": "69f2ed426860740b8bee44e7"
    },
    {
      "codigo": "49114",
      "action": "updated",
      "productId": "69f2ed416860740b8bee44bc"
    },
    {
      "codigo": "48906",
      "action": "updated",
      "productId": "69f2ed446860740b8bee45be"
    },
    {
      "codigo": "48982",
      "action": "updated",
      "productId": "69f2ed436860740b8bee453d"
    },
    {
      "codigo": "48755",
      "action": "updated",
      "productId": "69f3d6f143593ae9f97a6718"
    },
    {
      "codigo": "48754",
      "action": "updated",
      "productId": "69f2ed446860740b8bee4593"
    },
    {
      "codigo": "48753",
      "action": "updated",
      "productId": "69f2ed436860740b8bee4568"
    },
    {
      "codigo": "48752",
      "action": "updated",
      "productId": "69f2ed466860740b8bee4614"
    },
    {
      "codigo": "48451",
      "action": "updated",
      "productId": "69f2ed4d6860740b8bee471e"
    },
    {
      "codigo": "48216",
      "action": "updated",
      "productId": "69f2ed4e6860740b8bee47c2"
    },
    {
      "codigo": "48182",
      "action": "updated",
      "productId": "69f2ed516860740b8bee486e"
    },
    {
      "codigo": "48108",
      "action": "updated",
      "productId": "69f2ed4f6860740b8bee47ed"
    },
    {
      "codigo": "47944",
      "action": "updated",
      "productId": "69f2ed516860740b8bee4843"
    },
    {
      "codigo": "47937",
      "action": "updated",
      "productId": "69f2ed526860740b8bee48c4"
    },
    {
      "codigo": "48054",
      "action": "updated",
      "productId": "69f2ed506860740b8bee4818"
    },
    {
      "codigo": "46293",
      "action": "updated",
      "productId": "69f2ed606860740b8bee4d78"
    },
    {
      "codigo": "47689",
      "action": "updated",
      "productId": "69f2ed546860740b8bee4945"
    },
    {
      "codigo": "46292",
      "action": "updated",
      "productId": "69f2ed626860740b8bee4e7b"
    },
    {
      "codigo": "47688",
      "action": "updated",
      "productId": "69f3d70143593ae9f97a6b35"
    },
    {
      "codigo": "47200",
      "action": "updated",
      "productId": "69f2ed5b6860740b8bee4ba3"
    },
    {
      "codigo": "45878",
      "action": "updated",
      "productId": "69f2ed1c6860740b8bee39b0"
    },
    {
      "codigo": "45880",
      "action": "updated",
      "productId": "69f2ed1b6860740b8bee3987"
    },
    {
      "codigo": "45789",
      "action": "updated",
      "productId": "69f2ed606860740b8bee4da3"
    },
    {
      "codigo": "45883",
      "action": "updated",
      "productId": "69f2ed1d6860740b8bee39df"
    },
    {
      "codigo": "45758",
      "action": "updated",
      "productId": "69f2ed606860740b8bee4dce"
    },
    {
      "codigo": "45879",
      "action": "updated",
      "productId": "69f2ed1b6860740b8bee397f"
    },
    {
      "codigo": "45882",
      "action": "updated",
      "productId": "69f2ed1d6860740b8bee39b8"
    },
    {
      "codigo": "45881",
      "action": "updated",
      "productId": "69f2ed1c6860740b8bee39b2"
    },
    {
      "codigo": "44808",
      "action": "updated",
      "productId": "69f2ed686860740b8bee5095"
    },
    {
      "codigo": "44497",
      "action": "updated",
      "productId": "69f2ed6c6860740b8bee5230"
    },
    {
      "codigo": "45197",
      "action": "updated",
      "productId": "69f2ed666860740b8bee4fd7"
    },
    {
      "codigo": "43764",
      "action": "updated",
      "productId": "69f2ed6d6860740b8bee52b5"
    },
    {
      "codigo": "43763",
      "action": "updated",
      "productId": "69f2ed6f6860740b8bee53ca"
    },
    {
      "codigo": "43275",
      "action": "updated",
      "productId": "69f2ed726860740b8bee54dd"
    },
    {
      "codigo": "45204",
      "action": "updated",
      "productId": "69f2ed686860740b8bee5093"
    },
    {
      "codigo": "43274",
      "action": "updated",
      "productId": "69f2ed736860740b8bee5595"
    },
    {
      "codigo": "43238",
      "action": "updated",
      "productId": "69f2ed726860740b8bee5511"
    },
    {
      "codigo": "43239",
      "action": "updated",
      "productId": "69f2ed736860740b8bee553e"
    },
    {
      "codigo": "44243",
      "action": "updated",
      "productId": "69f2ed6f6860740b8bee53ce"
    },
    {
      "codigo": "44264",
      "action": "updated",
      "productId": "69f2ed6f6860740b8bee539b"
    },
    {
      "codigo": "42712",
      "action": "updated",
      "productId": "69f2ed786860740b8bee5706"
    },
    {
      "codigo": "42990",
      "action": "updated",
      "productId": "69f2ed796860740b8bee573e"
    },
    {
      "codigo": "42867",
      "action": "updated",
      "productId": "69f2ed7a6860740b8bee5771"
    },
    {
      "codigo": "41612",
      "action": "updated",
      "productId": "69f2ed846860740b8bee5b56"
    },
    {
      "codigo": "41610",
      "action": "updated",
      "productId": "69f2ed856860740b8bee5bb1"
    },
    {
      "codigo": "42993",
      "action": "updated",
      "productId": "69f2ed7c6860740b8bee5826"
    },
    {
      "codigo": "41687",
      "action": "updated",
      "productId": "69f2ed846860740b8bee5b27"
    },
    {
      "codigo": "41525",
      "action": "updated",
      "productId": "69f2ed876860740b8bee5c40"
    },
    {
      "codigo": "42161",
      "action": "updated",
      "productId": "69f2ed826860740b8bee5a15"
    },
    {
      "codigo": "41771",
      "action": "updated",
      "productId": "69f2ed846860740b8bee5b5a"
    },
    {
      "codigo": "42030",
      "action": "updated",
      "productId": "69f2ed836860740b8bee5a4e"
    },
    {
      "codigo": "42980",
      "action": "updated",
      "productId": "69f2ed7d6860740b8bee58d1"
    },
    {
      "codigo": "41769",
      "action": "updated",
      "productId": "69f2ed866860740b8bee5be3"
    },
    {
      "codigo": "40887",
      "action": "updated",
      "productId": "69f2ed926860740b8bee6090"
    },
    {
      "codigo": "40788",
      "action": "updated",
      "productId": "69f2ed936860740b8bee60eb"
    },
    {
      "codigo": "39944",
      "action": "updated",
      "productId": "69f2eda16860740b8bee65ef"
    },
    {
      "codigo": "40294",
      "action": "updated",
      "productId": "69f2ed9d6860740b8bee6483"
    },
    {
      "codigo": "40358",
      "action": "updated",
      "productId": "69f2ed9e6860740b8bee6537"
    },
    {
      "codigo": "41106",
      "action": "updated",
      "productId": "69f2ed946860740b8bee6175"
    },
    {
      "codigo": "40639",
      "action": "updated",
      "productId": "69f2ed9a6860740b8bee633d"
    },
    {
      "codigo": "39362",
      "action": "updated",
      "productId": "69f2eda36860740b8bee66d5"
    },
    {
      "codigo": "40105",
      "action": "updated",
      "productId": "69f2eda06860740b8bee65c1"
    },
    {
      "codigo": "39406",
      "action": "updated",
      "productId": "69f2eda66860740b8bee6845"
    },
    {
      "codigo": "39747",
      "action": "updated",
      "productId": "69f2eda56860740b8bee67e9"
    },
    {
      "codigo": "38761",
      "action": "updated",
      "productId": "69f2eda66860740b8bee6817"
    },
    {
      "codigo": "38689",
      "action": "updated",
      "productId": "69f2eda86860740b8bee6850"
    },
    {
      "codigo": "38616",
      "action": "updated",
      "productId": "69f2eda86860740b8bee687b"
    },
    {
      "codigo": "39343",
      "action": "updated",
      "productId": "69f2eda96860740b8bee6882"
    },
    {
      "codigo": "38453",
      "action": "updated",
      "productId": "69f2eda86860740b8bee684e"
    },
    {
      "codigo": "39342",
      "action": "updated",
      "productId": "69f2edab6860740b8bee6909"
    },
    {
      "codigo": "39299",
      "action": "updated",
      "productId": "69f2eda96860740b8bee6884"
    },
    {
      "codigo": "38274",
      "action": "updated",
      "productId": "69f2edad6860740b8bee69e5"
    },
    {
      "codigo": "38671",
      "action": "updated",
      "productId": "69f2edac6860740b8bee6938"
    },
    {
      "codigo": "37934",
      "action": "updated",
      "productId": "69f2edae6860740b8bee6a44"
    },
    {
      "codigo": "38313",
      "action": "updated",
      "productId": "69f2edae6860740b8bee6a3f"
    },
    {
      "codigo": "38121",
      "action": "updated",
      "productId": "69f2edb06860740b8bee6a9b"
    },
    {
      "codigo": "37882",
      "action": "updated",
      "productId": "69f2edb06860740b8bee6af7"
    },
    {
      "codigo": "36528",
      "action": "updated",
      "productId": "69f2ed406860740b8bee4415"
    },
    {
      "codigo": "37704",
      "action": "updated",
      "productId": "69f2edb36860740b8bee6c0b"
    },
    {
      "codigo": "37896",
      "action": "updated",
      "productId": "69f2edb26860740b8bee6baf"
    },
    {
      "codigo": "36529",
      "action": "updated",
      "productId": "69f2ed406860740b8bee4411"
    },
    {
      "codigo": "37536",
      "action": "updated",
      "productId": "69f2edb46860740b8bee6c95"
    },
    {
      "codigo": "37702",
      "action": "updated",
      "productId": "69f2edb36860740b8bee6c39"
    },
    {
      "codigo": "37510",
      "action": "updated",
      "productId": "69f2edb46860740b8bee6cc3"
    },
    {
      "codigo": "36801",
      "action": "updated",
      "productId": "69f3d76443593ae9f97a8ce0"
    },
    {
      "codigo": "36800",
      "action": "updated",
      "productId": "69f2edb66860740b8bee6d4d"
    },
    {
      "codigo": "36821",
      "action": "updated",
      "productId": "69f2edb66860740b8bee6da9"
    },
    {
      "codigo": "32947",
      "action": "updated",
      "productId": "69f3d6ef43593ae9f97a666d"
    },
    {
      "codigo": "28447",
      "action": "updated",
      "productId": "69f2ed9c6860740b8bee63d0"
    },
    {
      "codigo": "37224",
      "action": "updated",
      "productId": "69f2edb66860740b8bee6d7b"
    },
    {
      "codigo": "36798",
      "action": "updated",
      "productId": "69f2edb66860740b8bee6d1f"
    },
    {
      "codigo": "36136",
      "action": "updated",
      "productId": "69f2edba6860740b8bee6f1a"
    },
    {
      "codigo": "36587",
      "action": "updated",
      "productId": "69f3d73243593ae9f97a7bcf"
    },
    {
      "codigo": "36234",
      "action": "updated",
      "productId": "69f2edbb6860740b8bee6fa8"
    },
    {
      "codigo": "36702",
      "action": "updated",
      "productId": "69f2edb76860740b8bee6ddb"
    },
    {
      "codigo": "36857",
      "action": "updated",
      "productId": "69f2edb96860740b8bee6e91"
    },
    {
      "codigo": "27357",
      "action": "updated",
      "productId": "69f2ed626860740b8bee4e4f"
    },
    {
      "codigo": "36085",
      "action": "updated",
      "productId": "69f2ed806860740b8bee595b"
    },
    {
      "codigo": "35784",
      "action": "updated",
      "productId": "69f2edc06860740b8bee7141"
    },
    {
      "codigo": "35664",
      "action": "updated",
      "productId": "69f2edc16860740b8bee71f9"
    },
    {
      "codigo": "25330",
      "action": "updated",
      "productId": "69f2ed576860740b8bee4a72"
    },
    {
      "codigo": "23740",
      "action": "updated",
      "productId": "69f2ed586860740b8bee4acd"
    },
    {
      "codigo": "34431",
      "action": "updated",
      "productId": "69f2ed596860740b8bee4b74"
    },
    {
      "codigo": "29636",
      "action": "updated",
      "productId": "69f2ed5b6860740b8bee4ba1"
    },
    {
      "codigo": "14190",
      "action": "updated",
      "productId": "69f2ed5c6860740b8bee4c20"
    },
    {
      "codigo": "28867",
      "action": "updated",
      "productId": "69f2ed5b6860740b8bee4bf5"
    },
    {
      "codigo": "35853",
      "action": "updated",
      "productId": "69f2edc36860740b8bee7288"
    },
    {
      "codigo": "24378",
      "action": "updated",
      "productId": "69f2ed5d6860740b8bee4c50"
    },
    {
      "codigo": "35396",
      "action": "updated",
      "productId": "69f2edc16860740b8bee719f"
    },
    {
      "codigo": "31217",
      "action": "updated",
      "productId": "69f2ed5d6860740b8bee4c4c"
    },
    {
      "codigo": "14597",
      "action": "updated",
      "productId": "69f2ed5d6860740b8bee4ca5"
    },
    {
      "codigo": "24427",
      "action": "updated",
      "productId": "69f2ed5d6860740b8bee4cd1"
    },
    {
      "codigo": "35153",
      "action": "updated",
      "productId": "69f2edc66860740b8bee733f"
    },
    {
      "codigo": "35550",
      "action": "updated",
      "productId": "69f2edc16860740b8bee716f"
    },
    {
      "codigo": "21778",
      "action": "updated",
      "productId": "69f2ed5d6860740b8bee4c7c"
    },
    {
      "codigo": "23486",
      "action": "updated",
      "productId": "69f2ed5f6860740b8bee4d22"
    },
    {
      "codigo": "9513",
      "action": "updated",
      "productId": "69f2edc96860740b8bee7481"
    },
    {
      "codigo": "35062",
      "action": "updated",
      "productId": "69f2edc76860740b8bee73f3"
    },
    {
      "codigo": "32359",
      "action": "updated",
      "productId": "69f2ed6e6860740b8bee536d"
    },
    {
      "codigo": "34787",
      "action": "updated",
      "productId": "69f2edce6860740b8bee7649"
    },
    {
      "codigo": "6653",
      "action": "updated",
      "productId": "69f2ed8d6860740b8bee5ef3"
    },
    {
      "codigo": "35020",
      "action": "updated",
      "productId": "69f2edc86860740b8bee7421"
    },
    {
      "codigo": "34972",
      "action": "updated",
      "productId": "69f2edcf6860740b8bee7677"
    },
    {
      "codigo": "34864",
      "action": "updated",
      "productId": "69f2edd26860740b8bee778b"
    },
    {
      "codigo": "34429",
      "action": "updated",
      "productId": "69f2ed8a6860740b8bee5db0"
    },
    {
      "codigo": "34862",
      "action": "updated",
      "productId": "69f2edd26860740b8bee77b9"
    },
    {
      "codigo": "34382",
      "action": "updated",
      "productId": "69f2edd36860740b8bee7843"
    },
    {
      "codigo": "34437",
      "action": "updated",
      "productId": "69f2edd66860740b8bee78a5"
    },
    {
      "codigo": "34780",
      "action": "updated",
      "productId": "69f2edd26860740b8bee77e7"
    },
    {
      "codigo": "34363",
      "action": "updated",
      "productId": "69f2ed8d6860740b8bee5ec8"
    },
    {
      "codigo": "34387",
      "action": "updated",
      "productId": "69f2eddc6860740b8bee790f"
    },
    {
      "codigo": "34385",
      "action": "updated",
      "productId": "69f2edd96860740b8bee78ac"
    },
    {
      "codigo": "34386",
      "action": "updated",
      "productId": "69f2eddb6860740b8bee78b2"
    },
    {
      "codigo": "33975",
      "action": "updated",
      "productId": "69f2edde6860740b8bee7a99"
    },
    {
      "codigo": "34248",
      "action": "updated",
      "productId": "69f2edde6860740b8bee7a0f"
    },
    {
      "codigo": "34188",
      "action": "updated",
      "productId": "69f2edde6860740b8bee7a6b"
    },
    {
      "codigo": "34245",
      "action": "updated",
      "productId": "69f2eddb6860740b8bee78b4"
    },
    {
      "codigo": "33706",
      "action": "updated",
      "productId": "69f2ede06860740b8bee7ac8"
    },
    {
      "codigo": "33980",
      "action": "updated",
      "productId": "69f2ede26860740b8bee7b24"
    },
    {
      "codigo": "33815",
      "action": "updated",
      "productId": "69f2ede26860740b8bee7b58"
    },
    {
      "codigo": "33707",
      "action": "updated",
      "productId": "69f2ede26860740b8bee7c09"
    },
    {
      "codigo": "32948",
      "action": "updated",
      "productId": "69f2ede46860740b8bee7c65"
    },
    {
      "codigo": "33835",
      "action": "updated",
      "productId": "69f2ede26860740b8bee7b29"
    },
    {
      "codigo": "32357",
      "action": "updated",
      "productId": "69f2ede66860740b8bee7cef"
    },
    {
      "codigo": "33635",
      "action": "updated",
      "productId": "69f2ed9b6860740b8bee6399"
    },
    {
      "codigo": "32354",
      "action": "updated",
      "productId": "69f2ed956860740b8bee61fb"
    },
    {
      "codigo": "32361",
      "action": "updated",
      "productId": "69f2edba6860740b8bee6f1e"
    },
    {
      "codigo": "32945",
      "action": "updated",
      "productId": "69f2ede56860740b8bee7cc1"
    },
    {
      "codigo": "31684",
      "action": "updated",
      "productId": "69f2ede86860740b8bee7d85"
    },
    {
      "codigo": "31401",
      "action": "updated",
      "productId": "69f2ede96860740b8bee7d8c"
    },
    {
      "codigo": "32450",
      "action": "updated",
      "productId": "69f2ede96860740b8bee7d91"
    },
    {
      "codigo": "31491",
      "action": "updated",
      "productId": "69f2ede96860740b8bee7d99"
    },
    {
      "codigo": "32355",
      "action": "updated",
      "productId": "69f2ed996860740b8bee630f"
    },
    {
      "codigo": "32360",
      "action": "updated",
      "productId": "69f2edbd6860740b8bee70b7"
    },
    {
      "codigo": "31338",
      "action": "updated",
      "productId": "69f3d79c43593ae9f97a9fb7"
    },
    {
      "codigo": "30616",
      "action": "updated",
      "productId": "69f3d79d43593ae9f97aa015"
    },
    {
      "codigo": "30617",
      "action": "updated",
      "productId": "69f3d79a43593ae9f97a9f01"
    },
    {
      "codigo": "31061",
      "action": "updated",
      "productId": "69f3d79c43593ae9f97a9fbc"
    },
    {
      "codigo": "31056",
      "action": "updated",
      "productId": "69f3d79a43593ae9f97a9f03"
    },
    {
      "codigo": "31335",
      "action": "updated",
      "productId": "69f2eded6860740b8bee7da1"
    },
    {
      "codigo": "30977",
      "action": "updated",
      "productId": "69f3d79d43593ae9f97aa044"
    },
    {
      "codigo": "31161",
      "action": "updated",
      "productId": "69f2edb96860740b8bee6e93"
    },
    {
      "codigo": "31334",
      "action": "updated",
      "productId": "69f2edee6860740b8bee7da5"
    },
    {
      "codigo": "30611",
      "action": "updated",
      "productId": "69f3d79d43593ae9f97aa073"
    },
    {
      "codigo": "30201",
      "action": "updated",
      "productId": "69f3d7a243593ae9f97aa1e9"
    },
    {
      "codigo": "28842",
      "action": "updated",
      "productId": "69f2edb76860740b8bee6dd9"
    },
    {
      "codigo": "30369",
      "action": "updated",
      "productId": "69f3d7a043593ae9f97aa12f"
    },
    {
      "codigo": "28833",
      "action": "updated",
      "productId": "69f2ed8c6860740b8bee5e63"
    },
    {
      "codigo": "30202",
      "action": "updated",
      "productId": "69f3d7a143593ae9f97aa190"
    },
    {
      "codigo": "30254",
      "action": "updated",
      "productId": "69f3d7a043593ae9f97aa15e"
    },
    {
      "codigo": "28856",
      "action": "updated",
      "productId": "69f2edbb6860740b8bee6fa3"
    },
    {
      "codigo": "29755",
      "action": "updated",
      "productId": "69f3d7a343593ae9f97aa218"
    },
    {
      "codigo": "29610",
      "action": "updated",
      "productId": "69f2edb86860740b8bee6e61"
    },
    {
      "codigo": "29338",
      "action": "updated",
      "productId": "69f3d7a343593ae9f97aa27f"
    },
    {
      "codigo": "28685",
      "action": "updated",
      "productId": "69f3d7a343593ae9f97aa27b"
    },
    {
      "codigo": "28437",
      "action": "updated",
      "productId": "69f3d7a543593ae9f97aa361"
    },
    {
      "codigo": "28098",
      "action": "updated",
      "productId": "69f2edcb6860740b8bee7591"
    },
    {
      "codigo": "28104",
      "action": "updated",
      "productId": "69f3d7a843593ae9f97aa41d"
    },
    {
      "codigo": "27355",
      "action": "updated",
      "productId": "69f2ed996860740b8bee62e1"
    },
    {
      "codigo": "27470",
      "action": "updated",
      "productId": "69f3d7aa43593ae9f97aa4d7"
    },
    {
      "codigo": "28460",
      "action": "updated",
      "productId": "69f3d7a843593ae9f97aa3ee"
    },
    {
      "codigo": "28106",
      "action": "updated",
      "productId": "69f2edbc6860740b8bee702d"
    },
    {
      "codigo": "27349",
      "action": "updated",
      "productId": "69f3d7ab43593ae9f97aa508"
    },
    {
      "codigo": "27351",
      "action": "updated",
      "productId": "69f3d7a943593ae9f97aa47a"
    },
    {
      "codigo": "26428",
      "action": "updated",
      "productId": "69f3d7af43593ae9f97aa6ab"
    },
    {
      "codigo": "26015",
      "action": "updated",
      "productId": "69f3d7af43593ae9f97aa6da"
    },
    {
      "codigo": "25410",
      "action": "updated",
      "productId": "69f3d7b243593ae9f97aa7c5"
    },
    {
      "codigo": "26018",
      "action": "updated",
      "productId": "69f3d7b043593ae9f97aa709"
    },
    {
      "codigo": "26027",
      "action": "updated",
      "productId": "69f3d7b143593ae9f97aa767"
    },
    {
      "codigo": "25864",
      "action": "updated",
      "productId": "69f3d7b143593ae9f97aa796"
    },
    {
      "codigo": "26026",
      "action": "updated",
      "productId": "69f3d7b043593ae9f97aa738"
    },
    {
      "codigo": "24422",
      "action": "updated",
      "productId": "69f2ed936860740b8bee60e9"
    },
    {
      "codigo": "24957",
      "action": "updated",
      "productId": "69f2edca6860740b8bee7535"
    },
    {
      "codigo": "24376",
      "action": "updated",
      "productId": "69f2ed8e6860740b8bee5fad"
    },
    {
      "codigo": "25370",
      "action": "updated",
      "productId": "69f3d7b543593ae9f97aa8dd"
    },
    {
      "codigo": "24374",
      "action": "updated",
      "productId": "69f2ed8d6860740b8bee5ef5"
    },
    {
      "codigo": "24375",
      "action": "updated",
      "productId": "69f2ed8d6860740b8bee5f81"
    },
    {
      "codigo": "24371",
      "action": "updated",
      "productId": "69f2ed926860740b8bee608c"
    },
    {
      "codigo": "24385",
      "action": "updated",
      "productId": "69f3d7b843593ae9f97aa997"
    },
    {
      "codigo": "24373",
      "action": "updated",
      "productId": "69f2ed8d6860740b8bee5f51"
    },
    {
      "codigo": "24377",
      "action": "updated",
      "productId": "69f3d7b843593ae9f97aa968"
    },
    {
      "codigo": "24124",
      "action": "updated",
      "productId": "69f2ed8f6860740b8bee605d"
    },
    {
      "codigo": "23410",
      "action": "updated",
      "productId": "69f3d7b643593ae9f97aa939"
    },
    {
      "codigo": "24103",
      "action": "updated",
      "productId": "69f3d7b843593ae9f97aa9f5"
    },
    {
      "codigo": "22362",
      "action": "updated",
      "productId": "69f3d7bb43593ae9f97aaae0"
    },
    {
      "codigo": "23814",
      "action": "updated",
      "productId": "69f2ed8d6860740b8bee5ec0"
    },
    {
      "codigo": "22714",
      "action": "updated",
      "productId": "69f3d7b943593ae9f97aaa53"
    },
    {
      "codigo": "22087",
      "action": "updated",
      "productId": "69f3d7be43593ae9f97aabcb"
    },
    {
      "codigo": "22840",
      "action": "updated",
      "productId": "69f3d7ba43593ae9f97aaab1"
    },
    {
      "codigo": "23813",
      "action": "updated",
      "productId": "69f2ed986860740b8bee625c"
    },
    {
      "codigo": "22084",
      "action": "updated",
      "productId": "69f3d7be43593ae9f97aab9c"
    },
    {
      "codigo": "20842",
      "action": "updated",
      "productId": "69f3d7c043593ae9f97aacb5"
    },
    {
      "codigo": "21285",
      "action": "updated",
      "productId": "69f3d7bf43593ae9f97aac58"
    },
    {
      "codigo": "17895",
      "action": "updated",
      "productId": "69f3d7c343593ae9f97aad6e"
    },
    {
      "codigo": "14128",
      "action": "updated",
      "productId": "69f5a7328d645b58ce7b8646"
    },
    {
      "codigo": "19715",
      "action": "updated",
      "productId": "69f3d7c443593ae9f97aad9d"
    },
    {
      "codigo": "19706",
      "action": "updated",
      "productId": "69f3d7c543593ae9f97aae0d"
    },
    {
      "codigo": "18267",
      "action": "updated",
      "productId": "69f2ed9e6860740b8bee64dd"
    },
    {
      "codigo": "15367",
      "action": "updated",
      "productId": "69f5a7318d645b58ce7b8518"
    },
    {
      "codigo": "15105",
      "action": "updated",
      "productId": "69f5a7328d645b58ce7b871d"
    },
    {
      "codigo": "17813",
      "action": "updated",
      "productId": "69f3d7c843593ae9f97aaeaa"
    },
    {
      "codigo": "18952",
      "action": "updated",
      "productId": "69f3d7c543593ae9f97aadd6"
    },
    {
      "codigo": "11842",
      "action": "updated",
      "productId": "69f5a7358d645b58ce7b87ff"
    },
    {
      "codigo": "57550",
      "action": "updated",
      "productId": "69f2ecd86860740b8bee2698"
    },
    {
      "codigo": "57145",
      "action": "updated",
      "productId": "69f2ecde6860740b8bee2831"
    },
    {
      "codigo": "56860",
      "action": "updated",
      "productId": "69f2ece26860740b8bee2979"
    },
    {
      "codigo": "54476",
      "action": "updated",
      "productId": "69f2ed046860740b8bee3367"
    },
    {
      "codigo": "54899",
      "action": "updated",
      "productId": "69f2ed006860740b8bee3224"
    },
    {
      "codigo": "52764",
      "action": "updated",
      "productId": "69f2ed166860740b8bee38b0"
    },
    {
      "codigo": "52137",
      "action": "updated",
      "productId": "69f2ed266860740b8bee3c40"
    },
    {
      "codigo": "52046",
      "action": "updated",
      "productId": "69f2ed276860740b8bee3c98"
    },
    {
      "codigo": "52044",
      "action": "updated",
      "productId": "69f2ed276860740b8bee3c96"
    },
    {
      "codigo": "51666",
      "action": "updated",
      "productId": "69f2ed2a6860740b8bee3d66"
    },
    {
      "codigo": "52043",
      "action": "updated",
      "productId": "69f2ed296860740b8bee3d12"
    },
    {
      "codigo": "51231",
      "action": "updated",
      "productId": "69f2ed2f6860740b8bee3eb6"
    },
    {
      "codigo": "51219",
      "action": "updated",
      "productId": "69f2ed2f6860740b8bee3e8c"
    },
    {
      "codigo": "51229",
      "action": "updated",
      "productId": "69f2ed2e6860740b8bee3e62"
    },
    {
      "codigo": "51217",
      "action": "updated",
      "productId": "69f2ed306860740b8bee3ee0"
    },
    {
      "codigo": "51218",
      "action": "updated",
      "productId": "69f2ed306860740b8bee3f0b"
    },
    {
      "codigo": "51230",
      "action": "updated",
      "productId": "69f2ed306860740b8bee3f0f"
    },
    {
      "codigo": "50474",
      "action": "updated",
      "productId": "69f2ed386860740b8bee4164"
    },
    {
      "codigo": "50166",
      "action": "updated",
      "productId": "69f2ed396860740b8bee41b6"
    },
    {
      "codigo": "39967",
      "action": "updated",
      "productId": "69f3d73f43593ae9f97a7faf"
    },
    {
      "codigo": "40022",
      "action": "updated",
      "productId": "69f2ed9d6860740b8bee6481"
    },
    {
      "codigo": "40020",
      "action": "updated",
      "productId": "69f2ed9e6860740b8bee64df"
    },
    {
      "codigo": "44947",
      "action": "updated",
      "productId": "69f2ed696860740b8bee5145"
    },
    {
      "codigo": "17456",
      "action": "updated",
      "productId": "69f2ed6f6860740b8bee53fc"
    },
    {
      "codigo": "47345",
      "action": "updated",
      "productId": "69f2ed596860740b8bee4b49"
    },
    {
      "codigo": "35150",
      "action": "updated",
      "productId": "69f2edc86860740b8bee744f"
    },
    {
      "codigo": "42630",
      "action": "updated",
      "productId": "69f2ed7f6860740b8bee58ff"
    },
    {
      "codigo": "9598",
      "action": "updated",
      "productId": "69f2edcb6860740b8bee7563"
    },
    {
      "codigo": "34906",
      "action": "updated",
      "productId": "69f2edbc6860740b8bee705b"
    },
    {
      "codigo": "32137",
      "action": "updated",
      "productId": "69f2ede76860740b8bee7d4f"
    },
    {
      "codigo": "34806",
      "action": "updated",
      "productId": "69f2edd06860740b8bee775d"
    },
    {
      "codigo": "30580",
      "action": "updated",
      "productId": "69f3d79d43593ae9f97aa078"
    },
    {
      "codigo": "34903",
      "action": "updated",
      "productId": "69f2edcf6860740b8bee76a5"
    },
    {
      "codigo": "34904",
      "action": "updated",
      "productId": "69f2edcf6860740b8bee76d3"
    },
    {
      "codigo": "34498",
      "action": "updated",
      "productId": "69f2edd36860740b8bee7871"
    },
    {
      "codigo": "34902",
      "action": "updated",
      "productId": "69f2edd06860740b8bee7701"
    },
    {
      "codigo": "27301",
      "action": "created",
      "productId": "69f935ccd218db73c240db05"
    },
    {
      "codigo": "31803",
      "action": "updated",
      "productId": "69f2edea6860740b8bee7d9d"
    },
    {
      "codigo": "34493",
      "action": "updated",
      "productId": "69f2edd96860740b8bee78aa"
    },
    {
      "codigo": "26621",
      "action": "updated",
      "productId": "69f3d7ac43593ae9f97aa564"
    },
    {
      "codigo": "26326",
      "action": "updated",
      "productId": "69f3d7ad43593ae9f97aa5f3"
    },
    {
      "codigo": "25217",
      "action": "updated",
      "productId": "69f3d7b343593ae9f97aa825"
    },
    {
      "codigo": "22623",
      "action": "updated",
      "productId": "69f3d7b943593ae9f97aaa24"
    },
    {
      "codigo": "22622",
      "action": "updated",
      "productId": "69f2edb96860740b8bee6eeb"
    },
    {
      "codigo": "21761",
      "action": "updated",
      "productId": "69f3d7be43593ae9f97aab6d"
    },
    {
      "codigo": "26739",
      "action": "updated",
      "productId": "69f3d7ae43593ae9f97aa64d"
    },
    {
      "codigo": "17539",
      "action": "updated",
      "productId": "69f3d7ca43593ae9f97aaee0"
    },
    {
      "codigo": "12935",
      "action": "updated",
      "productId": "69f5a60a8d645b58ce7af22f"
    },
    {
      "codigo": "17476",
      "action": "updated",
      "productId": "69f5a60b8d645b58ce7af291"
    },
    {
      "codigo": "17166",
      "action": "updated",
      "productId": "69f5a60d8d645b58ce7af324"
    },
    {
      "codigo": "16541",
      "action": "updated",
      "productId": "69f5a60c8d645b58ce7af2f2"
    },
    {
      "codigo": "53754",
      "action": "updated",
      "productId": "69f2ed066860740b8bee343c"
    },
    {
      "codigo": "16723",
      "action": "updated",
      "productId": "69f2edbe6860740b8bee70e7"
    },
    {
      "codigo": "52350",
      "action": "created",
      "productId": "69f935d6d218db73c240e127"
    },
    {
      "codigo": "53386",
      "action": "updated",
      "productId": "69f2ed0b6860740b8bee3553"
    },
    {
      "codigo": "43235",
      "action": "updated",
      "productId": "69f2ed746860740b8bee564d"
    },
    {
      "codigo": "53344",
      "action": "updated",
      "productId": "69f2ed0d6860740b8bee35d2"
    },
    {
      "codigo": "47680",
      "action": "updated",
      "productId": "69f2ed546860740b8bee4970"
    },
    {
      "codigo": "58016",
      "action": "updated",
      "productId": "69f2ecae6860740b8bee1bbe"
    },
    {
      "codigo": "54489",
      "action": "updated",
      "productId": "69f2ecb06860740b8bee1bd7"
    },
    {
      "codigo": "57199",
      "action": "updated",
      "productId": "69f2ecdf6860740b8bee2887"
    },
    {
      "codigo": "56667",
      "action": "updated",
      "productId": "69f2ece46860740b8bee2a46"
    },
    {
      "codigo": "56869",
      "action": "updated",
      "productId": "69f2ece16860740b8bee2950"
    },
    {
      "codigo": "56536",
      "action": "updated",
      "productId": "69f2ece66860740b8bee2a99"
    },
    {
      "codigo": "55339",
      "action": "updated",
      "productId": "69f2ecf06860740b8bee2da3"
    },
    {
      "codigo": "55022",
      "action": "updated",
      "productId": "69f2ecff6860740b8bee31f6"
    },
    {
      "codigo": "55013",
      "action": "updated",
      "productId": "69f2ecca6860740b8bee22c4"
    },
    {
      "codigo": "54427",
      "action": "updated",
      "productId": "69f2ed026860740b8bee333e"
    },
    {
      "codigo": "54824",
      "action": "updated",
      "productId": "69f2eccc6860740b8bee2339"
    },
    {
      "codigo": "54686",
      "action": "updated",
      "productId": "69f2ecc66860740b8bee21bb"
    },
    {
      "codigo": "54132",
      "action": "updated",
      "productId": "69f2ecb76860740b8bee1e11"
    },
    {
      "codigo": "54249",
      "action": "updated",
      "productId": "69f2ecca6860740b8bee22eb"
    },
    {
      "codigo": "53722",
      "action": "updated",
      "productId": "69f2ecb76860740b8bee1de3"
    },
    {
      "codigo": "53385",
      "action": "updated",
      "productId": "69f2ecb86860740b8bee1e3a"
    },
    {
      "codigo": "53070",
      "action": "updated",
      "productId": "69f2ecb96860740b8bee1ee5"
    },
    {
      "codigo": "53044",
      "action": "updated",
      "productId": "69f2ed136860740b8bee37e3"
    },
    {
      "codigo": "53559",
      "action": "updated",
      "productId": "69f2ecc86860740b8bee224f"
    },
    {
      "codigo": "53042",
      "action": "updated",
      "productId": "69f2ed146860740b8bee3835"
    },
    {
      "codigo": "53043",
      "action": "updated",
      "productId": "69f2ed0c6860740b8bee3580"
    },
    {
      "codigo": "52762",
      "action": "updated",
      "productId": "69f2ed1b6860740b8bee3985"
    },
    {
      "codigo": "52182",
      "action": "updated",
      "productId": "69f2ed246860740b8bee3b98"
    },
    {
      "codigo": "50285",
      "action": "updated",
      "productId": "69f2ecb16860740b8bee1bf5"
    },
    {
      "codigo": "52181",
      "action": "updated",
      "productId": "69f2ecbf6860740b8bee1f7a"
    },
    {
      "codigo": "52180",
      "action": "updated",
      "productId": "69f2ed236860740b8bee3b6e"
    },
    {
      "codigo": "51084",
      "action": "updated",
      "productId": "69f2ecb66860740b8bee1d98"
    },
    {
      "codigo": "51768",
      "action": "updated",
      "productId": "69f2ed256860740b8bee3c16"
    },
    {
      "codigo": "51637",
      "action": "updated",
      "productId": "69f2ed2b6860740b8bee3dba"
    },
    {
      "codigo": "51475",
      "action": "updated",
      "productId": "69f2ed2c6860740b8bee3e38"
    },
    {
      "codigo": "51248",
      "action": "updated",
      "productId": "69f2ed2b6860740b8bee3d90"
    },
    {
      "codigo": "50850",
      "action": "updated",
      "productId": "69f2ecc16860740b8bee2081"
    },
    {
      "codigo": "50703",
      "action": "updated",
      "productId": "69f2ed336860740b8bee3f8c"
    },
    {
      "codigo": "50495",
      "action": "updated",
      "productId": "69f2ed356860740b8bee405e"
    },
    {
      "codigo": "50486",
      "action": "updated",
      "productId": "69f2ed336860740b8bee3fdd"
    },
    {
      "codigo": "50379",
      "action": "updated",
      "productId": "69f2ed376860740b8bee4135"
    },
    {
      "codigo": "50213",
      "action": "updated",
      "productId": "69f2ecc06860740b8bee200f"
    },
    {
      "codigo": "50211",
      "action": "updated",
      "productId": "69f2ecbf6860740b8bee1fe9"
    },
    {
      "codigo": "50006",
      "action": "updated",
      "productId": "69f2ed3a6860740b8bee41e1"
    },
    {
      "codigo": "48987",
      "action": "updated",
      "productId": "69f2ecbd6860740b8bee1f0e"
    },
    {
      "codigo": "48318",
      "action": "updated",
      "productId": "69f2ecc46860740b8bee20f3"
    },
    {
      "codigo": "50182",
      "action": "created",
      "productId": "69f935f2d218db73c240f37b"
    },
    {
      "codigo": "48692",
      "action": "updated",
      "productId": "69f2ed466860740b8bee45e9"
    },
    {
      "codigo": "48471",
      "action": "updated",
      "productId": "69f2ed496860740b8bee4697"
    },
    {
      "codigo": "48470",
      "action": "updated",
      "productId": "69f2ed4d6860740b8bee46f4"
    },
    {
      "codigo": "46325",
      "action": "updated",
      "productId": "69f2ecb56860740b8bee1d4e"
    },
    {
      "codigo": "48469",
      "action": "updated",
      "productId": "69f2ed4b6860740b8bee46eb"
    },
    {
      "codigo": "48452",
      "action": "updated",
      "productId": "69f2ed4d6860740b8bee46f1"
    },
    {
      "codigo": "48320",
      "action": "updated",
      "productId": "69f2ed466860740b8bee463f"
    },
    {
      "codigo": "47678",
      "action": "updated",
      "productId": "69f2ed556860740b8bee49f1"
    },
    {
      "codigo": "48319",
      "action": "updated",
      "productId": "69f2ed056860740b8bee3390"
    },
    {
      "codigo": "48168",
      "action": "updated",
      "productId": "69f2ed516860740b8bee4899"
    },
    {
      "codigo": "45594",
      "action": "updated",
      "productId": "69f2ed666860740b8bee4fa7"
    },
    {
      "codigo": "45417",
      "action": "updated",
      "productId": "69f2ecbd6860740b8bee1f0c"
    },
    {
      "codigo": "47677",
      "action": "updated",
      "productId": "69f2ed476860740b8bee466a"
    },
    {
      "codigo": "44236",
      "action": "updated",
      "productId": "69f2ed6c6860740b8bee522c"
    },
    {
      "codigo": "43734",
      "action": "updated",
      "productId": "69f2ed6c6860740b8bee51fd"
    },
    {
      "codigo": "43053",
      "action": "updated",
      "productId": "69f2ed6c6860740b8bee5287"
    },
    {
      "codigo": "45372",
      "action": "updated",
      "productId": "69f2ed666860740b8bee4fd9"
    },
    {
      "codigo": "45104",
      "action": "updated",
      "productId": "69f2ed696860740b8bee5177"
    },
    {
      "codigo": "44795",
      "action": "updated",
      "productId": "69f2ed6d6860740b8bee5311"
    },
    {
      "codigo": "40664",
      "action": "skipped",
      "reason": "missing_price_usd"
    },
    {
      "codigo": "40663",
      "action": "skipped",
      "reason": "missing_price_usd"
    },
    {
      "codigo": "40259",
      "action": "skipped",
      "reason": "missing_price_usd"
    },
    {
      "codigo": "40255",
      "action": "skipped",
      "reason": "missing_price_usd"
    },
    {
      "codigo": "39136",
      "action": "skipped",
      "reason": "missing_price_usd"
    },
    {
      "codigo": "39977",
      "action": "skipped",
      "reason": "missing_price_usd"
    },
    {
      "codigo": "39969",
      "action": "skipped",
      "reason": "missing_price_usd"
    },
    {
      "codigo": "39127",
      "action": "skipped",
      "reason": "missing_price_usd"
    },
    {
      "codigo": "39126",
      "action": "skipped",
      "reason": "missing_price_usd"
    },
    {
      "codigo": "39125",
      "action": "skipped",
      "reason": "missing_price_usd"
    },
    {
      "codigo": "39124",
      "action": "skipped",
      "reason": "missing_price_usd"
    },
    {
      "codigo": "38562",
      "action": "skipped",
      "reason": "missing_price_usd"
    },
    {
      "codigo": "38196",
      "action": "skipped",
      "reason": "missing_price_usd"
    },
    {
      "codigo": "38098",
      "action": "skipped",
      "reason": "missing_price_usd"
    },
    {
      "codigo": "38097",
      "action": "skipped",
      "reason": "missing_price_usd"
    },
    {
      "codigo": "38096",
      "action": "skipped",
      "reason": "missing_price_usd"
    },
    {
      "codigo": "38082",
      "action": "skipped",
      "reason": "missing_price_usd"
    },
    {
      "codigo": "37915",
      "action": "skipped",
      "reason": "missing_price_usd"
    },
    {
      "codigo": "37508",
      "action": "skipped",
      "reason": "missing_price_usd"
    },
    {
      "codigo": "37507",
      "action": "skipped",
      "reason": "missing_price_usd"
    },
    {
      "codigo": "37217",
      "action": "skipped",
      "reason": "missing_price_usd"
    },
    {
      "codigo": "36972",
      "action": "skipped",
      "reason": "missing_price_usd"
    },
    {
      "codigo": "36698",
      "action": "skipped",
      "reason": "missing_price_usd"
    },
    {
      "codigo": "35876",
      "action": "skipped",
      "reason": "missing_price_usd"
    },
    {
      "codigo": "35873",
      "action": "skipped",
      "reason": "missing_price_usd"
    },
    {
      "codigo": "28832",
      "action": "skipped",
      "reason": "missing_price_usd"
    },
    {
      "codigo": "25195",
      "action": "skipped",
      "reason": "missing_price_usd"
    },
    {
      "codigo": "35430",
      "action": "skipped",
      "reason": "missing_price_usd"
    },
    {
      "codigo": "35429",
      "action": "skipped",
      "reason": "missing_price_usd"
    },
    {
      "codigo": "35416",
      "action": "skipped",
      "reason": "missing_price_usd"
    },
    {
      "codigo": "35414",
      "action": "skipped",
      "reason": "missing_price_usd"
    },
    {
      "codigo": "35336",
      "action": "skipped",
      "reason": "missing_price_usd"
    },
    {
      "codigo": "35232",
      "action": "skipped",
      "reason": "missing_price_usd"
    },
    {
      "codigo": "35053",
      "action": "skipped",
      "reason": "missing_price_usd"
    },
    {
      "codigo": "33799",
      "action": "skipped",
      "reason": "missing_price_usd"
    },
    {
      "codigo": "30211",
      "action": "skipped",
      "reason": "missing_price_usd"
    },
    {
      "codigo": "28830",
      "action": "skipped",
      "reason": "missing_price_usd"
    },
    {
      "codigo": "34978",
      "action": "skipped",
      "reason": "missing_price_usd"
    },
    {
      "codigo": "34859",
      "action": "skipped",
      "reason": "missing_price_usd"
    },
    {
      "codigo": "34776",
      "action": "skipped",
      "reason": "missing_price_usd"
    },
    {
      "codigo": "34774",
      "action": "skipped",
      "reason": "missing_price_usd"
    },
    {
      "codigo": "34481",
      "action": "skipped",
      "reason": "missing_price_usd"
    },
    {
      "codigo": "34432",
      "action": "skipped",
      "reason": "missing_price_usd"
    },
    {
      "codigo": "34264",
      "action": "skipped",
      "reason": "missing_price_usd"
    },
    {
      "codigo": "34093",
      "action": "skipped",
      "reason": "missing_price_usd"
    },
    {
      "codigo": "34092",
      "action": "skipped",
      "reason": "missing_price_usd"
    },
    {
      "codigo": "34091",
      "action": "skipped",
      "reason": "missing_price_usd"
    },
    {
      "codigo": "34086",
      "action": "skipped",
      "reason": "missing_price_usd"
    },
    {
      "codigo": "33530",
      "action": "skipped",
      "reason": "missing_price_usd"
    },
    {
      "codigo": "32941",
      "action": "skipped",
      "reason": "missing_price_usd"
    },
    {
      "codigo": "32766",
      "action": "skipped",
      "reason": "missing_price_usd"
    },
    {
      "codigo": "32765",
      "action": "skipped",
      "reason": "missing_price_usd"
    },
    {
      "codigo": "32382",
      "action": "skipped",
      "reason": "missing_price_usd"
    },
    {
      "codigo": "32366",
      "action": "skipped",
      "reason": "missing_price_usd"
    },
    {
      "codigo": "31864",
      "action": "skipped",
      "reason": "missing_price_usd"
    },
    {
      "codigo": "31863",
      "action": "skipped",
      "reason": "missing_price_usd"
    },
    {
      "codigo": "31862",
      "action": "skipped",
      "reason": "missing_price_usd"
    },
    {
      "codigo": "31686",
      "action": "skipped",
      "reason": "missing_price_usd"
    },
    {
      "codigo": "31382",
      "action": "skipped",
      "reason": "missing_price_usd"
    },
    {
      "codigo": "31258",
      "action": "skipped",
      "reason": "missing_price_usd"
    },
    {
      "codigo": "31257",
      "action": "skipped",
      "reason": "missing_price_usd"
    },
    {
      "codigo": "31157",
      "action": "skipped",
      "reason": "missing_price_usd"
    },
    {
      "codigo": "31075",
      "action": "skipped",
      "reason": "missing_price_usd"
    },
    {
      "codigo": "30969",
      "action": "skipped",
      "reason": "missing_price_usd"
    },
    {
      "codigo": "30912",
      "action": "skipped",
      "reason": "missing_price_usd"
    },
    {
      "codigo": "30823",
      "action": "skipped",
      "reason": "missing_price_usd"
    },
    {
      "codigo": "30215",
      "action": "skipped",
      "reason": "missing_price_usd"
    },
    {
      "codigo": "30209",
      "action": "skipped",
      "reason": "missing_price_usd"
    },
    {
      "codigo": "29172",
      "action": "skipped",
      "reason": "missing_price_usd"
    },
    {
      "codigo": "28837",
      "action": "skipped",
      "reason": "missing_price_usd"
    },
    {
      "codigo": "28745",
      "action": "skipped",
      "reason": "missing_price_usd"
    },
    {
      "codigo": "28614",
      "action": "skipped",
      "reason": "missing_price_usd"
    },
    {
      "codigo": "27973",
      "action": "skipped",
      "reason": "missing_price_usd"
    },
    {
      "codigo": "27912",
      "action": "skipped",
      "reason": "missing_price_usd"
    },
    {
      "codigo": "27851",
      "action": "skipped",
      "reason": "missing_price_usd"
    },
    {
      "codigo": "27029",
      "action": "skipped",
      "reason": "missing_price_usd"
    },
    {
      "codigo": "27000",
      "action": "skipped",
      "reason": "missing_price_usd"
    },
    {
      "codigo": "26750",
      "action": "skipped",
      "reason": "missing_price_usd"
    },
    {
      "codigo": "26678",
      "action": "skipped",
      "reason": "missing_price_usd"
    },
    {
      "codigo": "25863",
      "action": "skipped",
      "reason": "missing_price_usd"
    },
    {
      "codigo": "25862",
      "action": "skipped",
      "reason": "missing_price_usd"
    },
    {
      "codigo": "25861",
      "action": "skipped",
      "reason": "missing_price_usd"
    },
    {
      "codigo": "25680",
      "action": "skipped",
      "reason": "missing_price_usd"
    },
    {
      "codigo": "24092",
      "action": "skipped",
      "reason": "missing_price_usd"
    },
    {
      "codigo": "24091",
      "action": "skipped",
      "reason": "missing_price_usd"
    },
    {
      "codigo": "24035",
      "action": "skipped",
      "reason": "missing_price_usd"
    },
    {
      "codigo": "23434",
      "action": "skipped",
      "reason": "missing_price_usd"
    },
    {
      "codigo": "22563",
      "action": "skipped",
      "reason": "missing_price_usd"
    },
    {
      "codigo": "21914",
      "action": "skipped",
      "reason": "missing_price_usd"
    },
    {
      "codigo": "20372",
      "action": "skipped",
      "reason": "missing_price_usd"
    },
    {
      "codigo": "18694",
      "action": "skipped",
      "reason": "missing_price_usd"
    },
    {
      "codigo": "18338",
      "action": "skipped",
      "reason": "missing_price_usd"
    },
    {
      "codigo": "18337",
      "action": "skipped",
      "reason": "missing_price_usd"
    },
    {
      "codigo": "16595",
      "action": "skipped",
      "reason": "missing_price_usd"
    },
    {
      "codigo": "16394",
      "action": "skipped",
      "reason": "missing_price_usd"
    },
    {
      "codigo": "14905",
      "action": "skipped",
      "reason": "missing_price_usd"
    },
    {
      "codigo": "51040",
      "action": "skipped",
      "reason": "missing_price_usd"
    },
    {
      "codigo": "47782",
      "action": "skipped",
      "reason": "missing_price_usd"
    },
    {
      "codigo": "46972",
      "action": "skipped",
      "reason": "missing_price_usd"
    },
    {
      "codigo": "55719",
      "action": "skipped",
      "reason": "missing_price_usd"
    },
    {
      "codigo": "55106",
      "action": "skipped",
      "reason": "missing_price_usd"
    },
    {
      "codigo": "39848",
      "action": "skipped",
      "reason": "missing_price_usd"
    },
    {
      "codigo": "52319",
      "action": "skipped",
      "reason": "missing_price_usd"
    },
    {
      "codigo": "38108",
      "action": "skipped",
      "reason": "missing_price_usd"
    },
    {
      "codigo": "54492",
      "action": "skipped",
      "reason": "missing_price_usd"
    },
    {
      "codigo": "48514",
      "action": "skipped",
      "reason": "missing_price_usd"
    },
    {
      "codigo": "50322",
      "action": "skipped",
      "reason": "missing_price_usd"
    },
    {
      "codigo": "32109",
      "action": "skipped",
      "reason": "missing_price_usd"
    },
    {
      "codigo": "57351",
      "action": "skipped",
      "reason": "missing_price_usd"
    },
    {
      "codigo": "51278",
      "action": "skipped",
      "reason": "missing_price_usd"
    },
    {
      "codigo": "51282",
      "action": "skipped",
      "reason": "missing_price_usd"
    },
    {
      "codigo": "57564",
      "action": "skipped",
      "reason": "missing_price_usd"
    },
    {
      "codigo": "52740",
      "action": "skipped",
      "reason": "missing_price_usd"
    },
    {
      "codigo": "51280",
      "action": "skipped",
      "reason": "missing_price_usd"
    },
    {
      "codigo": "56545",
      "action": "skipped",
      "reason": "missing_price_usd"
    },
    {
      "codigo": "54335",
      "action": "skipped",
      "reason": "missing_price_usd"
    },
    {
      "codigo": "54260",
      "action": "skipped",
      "reason": "missing_price_usd"
    },
    {
      "codigo": "57336",
      "action": "skipped",
      "reason": "missing_price_usd"
    },
    {
      "codigo": "54337",
      "action": "skipped",
      "reason": "missing_price_usd"
    },
    {
      "codigo": "54455",
      "action": "skipped",
      "reason": "missing_price_usd"
    },
    {
      "codigo": "54284",
      "action": "skipped",
      "reason": "missing_price_usd"
    },
    {
      "codigo": "56965",
      "action": "skipped",
      "reason": "missing_price_usd"
    },
    {
      "codigo": "54274",
      "action": "skipped",
      "reason": "missing_price_usd"
    },
    {
      "codigo": "54336",
      "action": "skipped",
      "reason": "missing_price_usd"
    },
    {
      "codigo": "54329",
      "action": "skipped",
      "reason": "missing_price_usd"
    },
    {
      "codigo": "58083",
      "action": "skipped",
      "reason": "missing_price_usd"
    },
    {
      "codigo": "54546",
      "action": "skipped",
      "reason": "missing_price_usd"
    },
    {
      "codigo": "57987",
      "action": "skipped",
      "reason": "missing_price_usd"
    },
    {
      "codigo": "57988",
      "action": "skipped",
      "reason": "missing_price_usd"
    },
    {
      "codigo": "57995",
      "action": "skipped",
      "reason": "missing_price_usd"
    },
    {
      "codigo": "58000",
      "action": "skipped",
      "reason": "missing_price_usd"
    },
    {
      "codigo": "57989",
      "action": "skipped",
      "reason": "missing_price_usd"
    },
    {
      "codigo": "57994",
      "action": "skipped",
      "reason": "missing_price_usd"
    },
    {
      "codigo": "57990",
      "action": "skipped",
      "reason": "missing_price_usd"
    },
    {
      "codigo": "54338",
      "action": "skipped",
      "reason": "missing_price_usd"
    },
    {
      "codigo": "57991",
      "action": "skipped",
      "reason": "missing_price_usd"
    },
    {
      "codigo": "57992",
      "action": "skipped",
      "reason": "missing_price_usd"
    },
    {
      "codigo": "57998",
      "action": "skipped",
      "reason": "missing_price_usd"
    },
    {
      "codigo": "57997",
      "action": "skipped",
      "reason": "missing_price_usd"
    },
    {
      "codigo": "57999",
      "action": "skipped",
      "reason": "missing_price_usd"
    },
    {
      "codigo": "57818",
      "action": "skipped",
      "reason": "missing_price_usd"
    },
    {
      "codigo": "57703",
      "action": "skipped",
      "reason": "missing_price_usd"
    },
    {
      "codigo": "57472",
      "action": "skipped",
      "reason": "missing_price_usd"
    },
    {
      "codigo": "57469",
      "action": "skipped",
      "reason": "missing_price_usd"
    },
    {
      "codigo": "57209",
      "action": "skipped",
      "reason": "missing_price_usd"
    },
    {
      "codigo": "57208",
      "action": "skipped",
      "reason": "missing_price_usd"
    },
    {
      "codigo": "57206",
      "action": "skipped",
      "reason": "missing_price_usd"
    },
    {
      "codigo": "57203",
      "action": "skipped",
      "reason": "missing_price_usd"
    },
    {
      "codigo": "55768",
      "action": "skipped",
      "reason": "missing_price_usd"
    },
    {
      "codigo": "57409",
      "action": "skipped",
      "reason": "missing_price_usd"
    },
    {
      "codigo": "57407",
      "action": "skipped",
      "reason": "missing_price_usd"
    },
    {
      "codigo": "56249",
      "action": "skipped",
      "reason": "missing_price_usd"
    },
    {
      "codigo": "57406",
      "action": "skipped",
      "reason": "missing_price_usd"
    },
    {
      "codigo": "57408",
      "action": "skipped",
      "reason": "missing_price_usd"
    },
    {
      "codigo": "57284",
      "action": "skipped",
      "reason": "missing_price_usd"
    },
    {
      "codigo": "57495",
      "action": "skipped",
      "reason": "missing_price_usd"
    },
    {
      "codigo": "50472",
      "action": "skipped",
      "reason": "missing_price_usd"
    },
    {
      "codigo": "57556",
      "action": "skipped",
      "reason": "missing_price_usd"
    },
    {
      "codigo": "57324",
      "action": "skipped",
      "reason": "missing_price_usd"
    },
    {
      "codigo": "57323",
      "action": "skipped",
      "reason": "missing_price_usd"
    },
    {
      "codigo": "51988",
      "action": "skipped",
      "reason": "missing_price_usd"
    },
    {
      "codigo": "37397",
      "action": "skipped",
      "reason": "missing_price_usd"
    },
    {
      "codigo": "30905",
      "action": "skipped",
      "reason": "missing_price_usd"
    },
    {
      "codigo": "46656",
      "action": "skipped",
      "reason": "missing_price_usd"
    },
    {
      "codigo": "46749",
      "action": "skipped",
      "reason": "missing_price_usd"
    },
    {
      "codigo": "54677",
      "action": "skipped",
      "reason": "missing_price_usd"
    },
    {
      "codigo": "54685",
      "action": "skipped",
      "reason": "missing_price_usd"
    },
    {
      "codigo": "54429",
      "action": "skipped",
      "reason": "missing_price_usd"
    },
    {
      "codigo": "54680",
      "action": "skipped",
      "reason": "missing_price_usd"
    },
    {
      "codigo": "48659",
      "action": "skipped",
      "reason": "missing_price_usd"
    },
    {
      "codigo": "49071",
      "action": "skipped",
      "reason": "missing_price_usd"
    },
    {
      "codigo": "38034",
      "action": "skipped",
      "reason": "missing_price_usd"
    },
    {
      "codigo": "32654",
      "action": "skipped",
      "reason": "missing_price_usd"
    },
    {
      "codigo": "34213",
      "action": "skipped",
      "reason": "missing_price_usd"
    },
    {
      "codigo": "34010",
      "action": "skipped",
      "reason": "missing_price_usd"
    },
    {
      "codigo": "57358",
      "action": "skipped",
      "reason": "missing_price_usd"
    },
    {
      "codigo": "57269",
      "action": "skipped",
      "reason": "missing_price_usd"
    },
    {
      "codigo": "55795",
      "action": "skipped",
      "reason": "missing_price_usd"
    },
    {
      "codigo": "55794",
      "action": "skipped",
      "reason": "missing_price_usd"
    },
    {
      "codigo": "55793",
      "action": "skipped",
      "reason": "missing_price_usd"
    },
    {
      "codigo": "55769",
      "action": "skipped",
      "reason": "missing_price_usd"
    },
    {
      "codigo": "55766",
      "action": "skipped",
      "reason": "missing_price_usd"
    },
    {
      "codigo": "55765",
      "action": "skipped",
      "reason": "missing_price_usd"
    },
    {
      "codigo": "55758",
      "action": "skipped",
      "reason": "missing_price_usd"
    },
    {
      "codigo": "54801",
      "action": "skipped",
      "reason": "missing_price_usd"
    },
    {
      "codigo": "51924",
      "action": "skipped",
      "reason": "missing_price_usd"
    },
    {
      "codigo": "51340",
      "action": "skipped",
      "reason": "missing_price_usd"
    },
    {
      "codigo": "47126",
      "action": "skipped",
      "reason": "missing_price_usd"
    },
    {
      "codigo": "47125",
      "action": "skipped",
      "reason": "missing_price_usd"
    },
    {
      "codigo": "43961",
      "action": "skipped",
      "reason": "missing_price_usd"
    },
    {
      "codigo": "43958",
      "action": "skipped",
      "reason": "missing_price_usd"
    },
    {
      "codigo": "43471",
      "action": "skipped",
      "reason": "missing_price_usd"
    },
    {
      "codigo": "23071",
      "action": "skipped",
      "reason": "missing_price_usd"
    },
    {
      "codigo": "55912",
      "action": "skipped",
      "reason": "missing_price_usd"
    },
    {
      "codigo": "55911",
      "action": "skipped",
      "reason": "missing_price_usd"
    },
    {
      "codigo": "58167",
      "action": "skipped",
      "reason": "missing_price_usd"
    },
    {
      "codigo": "57777",
      "action": "skipped",
      "reason": "missing_price_usd"
    },
    {
      "codigo": "57231",
      "action": "skipped",
      "reason": "missing_price_usd"
    },
    {
      "codigo": "57230",
      "action": "skipped",
      "reason": "missing_price_usd"
    },
    {
      "codigo": "55834",
      "action": "skipped",
      "reason": "missing_price_usd"
    },
    {
      "codigo": "55833",
      "action": "skipped",
      "reason": "missing_price_usd"
    },
    {
      "codigo": "55835",
      "action": "skipped",
      "reason": "missing_price_usd"
    },
    {
      "codigo": "57561",
      "action": "skipped",
      "reason": "missing_price_usd"
    },
    {
      "codigo": "57630",
      "action": "skipped",
      "reason": "missing_price_usd"
    },
    {
      "codigo": "57348",
      "action": "skipped",
      "reason": "missing_price_usd"
    },
    {
      "codigo": "57233",
      "action": "skipped",
      "reason": "missing_price_usd"
    },
    {
      "codigo": "49646",
      "action": "skipped",
      "reason": "missing_price_usd"
    },
    {
      "codigo": "49653",
      "action": "skipped",
      "reason": "missing_price_usd"
    },
    {
      "codigo": "58135",
      "action": "skipped",
      "reason": "missing_price_usd"
    },
    {
      "codigo": "58125",
      "action": "skipped",
      "reason": "missing_price_usd"
    },
    {
      "codigo": "54253",
      "action": "skipped",
      "reason": "missing_price_usd"
    },
    {
      "codigo": "53711",
      "action": "skipped",
      "reason": "missing_price_usd"
    },
    {
      "codigo": "53710",
      "action": "skipped",
      "reason": "missing_price_usd"
    },
    {
      "codigo": "50907",
      "action": "skipped",
      "reason": "missing_price_usd"
    },
    {
      "codigo": "57465",
      "action": "skipped",
      "reason": "missing_price_usd"
    },
    {
      "codigo": "55918",
      "action": "skipped",
      "reason": "missing_price_usd"
    },
    {
      "codigo": "55786",
      "action": "skipped",
      "reason": "missing_price_usd"
    },
    {
      "codigo": "57514",
      "action": "skipped",
      "reason": "missing_price_usd"
    },
    {
      "codigo": "57513",
      "action": "skipped",
      "reason": "missing_price_usd"
    },
    {
      "codigo": "55914",
      "action": "skipped",
      "reason": "missing_price_usd"
    },
    {
      "codigo": "55917",
      "action": "skipped",
      "reason": "missing_price_usd"
    },
    {
      "codigo": "53885",
      "action": "skipped",
      "reason": "missing_price_usd"
    },
    {
      "codigo": "53708",
      "action": "skipped",
      "reason": "missing_price_usd"
    },
    {
      "codigo": "53707",
      "action": "skipped",
      "reason": "missing_price_usd"
    },
    {
      "codigo": "53684",
      "action": "skipped",
      "reason": "missing_price_usd"
    },
    {
      "codigo": "49489",
      "action": "skipped",
      "reason": "missing_price_usd"
    },
    {
      "codigo": "49491",
      "action": "skipped",
      "reason": "missing_price_usd"
    },
    {
      "codigo": "57001",
      "action": "skipped",
      "reason": "missing_price_usd"
    },
    {
      "codigo": "58112",
      "action": "skipped",
      "reason": "missing_price_usd"
    },
    {
      "codigo": "58111",
      "action": "skipped",
      "reason": "missing_price_usd"
    },
    {
      "codigo": "58084",
      "action": "skipped",
      "reason": "missing_price_usd"
    },
    {
      "codigo": "58088",
      "action": "skipped",
      "reason": "missing_price_usd"
    },
    {
      "codigo": "58086",
      "action": "skipped",
      "reason": "missing_price_usd"
    },
    {
      "codigo": "53685",
      "action": "skipped",
      "reason": "missing_price_usd"
    },
    {
      "codigo": "58013",
      "action": "skipped",
      "reason": "missing_price_usd"
    },
    {
      "codigo": "58052",
      "action": "skipped",
      "reason": "missing_price_usd"
    },
    {
      "codigo": "58051",
      "action": "skipped",
      "reason": "missing_price_usd"
    },
    {
      "codigo": "54496",
      "action": "skipped",
      "reason": "missing_price_usd"
    },
    {
      "codigo": "57973",
      "action": "skipped",
      "reason": "missing_price_usd"
    },
    {
      "codigo": "57972",
      "action": "skipped",
      "reason": "missing_price_usd"
    },
    {
      "codigo": "57698",
      "action": "skipped",
      "reason": "missing_price_usd"
    },
    {
      "codigo": "57466",
      "action": "skipped",
      "reason": "missing_price_usd"
    },
    {
      "codigo": "57317",
      "action": "skipped",
      "reason": "missing_price_usd"
    },
    {
      "codigo": "57315",
      "action": "skipped",
      "reason": "missing_price_usd"
    },
    {
      "codigo": "57306",
      "action": "skipped",
      "reason": "missing_price_usd"
    },
    {
      "codigo": "57305",
      "action": "skipped",
      "reason": "missing_price_usd"
    },
    {
      "codigo": "57234",
      "action": "skipped",
      "reason": "missing_price_usd"
    },
    {
      "codigo": "57232",
      "action": "skipped",
      "reason": "missing_price_usd"
    },
    {
      "codigo": "57051",
      "action": "skipped",
      "reason": "missing_price_usd"
    },
    {
      "codigo": "56824",
      "action": "skipped",
      "reason": "missing_price_usd"
    },
    {
      "codigo": "56586",
      "action": "skipped",
      "reason": "missing_price_usd"
    },
    {
      "codigo": "56585",
      "action": "skipped",
      "reason": "missing_price_usd"
    },
    {
      "codigo": "56557",
      "action": "skipped",
      "reason": "missing_price_usd"
    },
    {
      "codigo": "56484",
      "action": "skipped",
      "reason": "missing_price_usd"
    },
    {
      "codigo": "56206",
      "action": "skipped",
      "reason": "missing_price_usd"
    },
    {
      "codigo": "55921",
      "action": "skipped",
      "reason": "missing_price_usd"
    },
    {
      "codigo": "55919",
      "action": "skipped",
      "reason": "missing_price_usd"
    },
    {
      "codigo": "55913",
      "action": "skipped",
      "reason": "missing_price_usd"
    },
    {
      "codigo": "55909",
      "action": "skipped",
      "reason": "missing_price_usd"
    },
    {
      "codigo": "55907",
      "action": "skipped",
      "reason": "missing_price_usd"
    },
    {
      "codigo": "55906",
      "action": "skipped",
      "reason": "missing_price_usd"
    },
    {
      "codigo": "55904",
      "action": "skipped",
      "reason": "missing_price_usd"
    },
    {
      "codigo": "55902",
      "action": "skipped",
      "reason": "missing_price_usd"
    },
    {
      "codigo": "55805",
      "action": "skipped",
      "reason": "missing_price_usd"
    },
    {
      "codigo": "55804",
      "action": "skipped",
      "reason": "missing_price_usd"
    },
    {
      "codigo": "55803",
      "action": "skipped",
      "reason": "missing_price_usd"
    },
    {
      "codigo": "55783",
      "action": "skipped",
      "reason": "missing_price_usd"
    },
    {
      "codigo": "55515",
      "action": "skipped",
      "reason": "missing_price_usd"
    },
    {
      "codigo": "55343",
      "action": "skipped",
      "reason": "missing_price_usd"
    },
    {
      "codigo": "54843",
      "action": "skipped",
      "reason": "missing_price_usd"
    },
    {
      "codigo": "54021",
      "action": "skipped",
      "reason": "missing_price_usd"
    },
    {
      "codigo": "54020",
      "action": "skipped",
      "reason": "missing_price_usd"
    },
    {
      "codigo": "54022",
      "action": "skipped",
      "reason": "missing_price_usd"
    },
    {
      "codigo": "54299",
      "action": "skipped",
      "reason": "missing_price_usd"
    },
    {
      "codigo": "51524",
      "action": "skipped",
      "reason": "missing_price_usd"
    },
    {
      "codigo": "53671",
      "action": "skipped",
      "reason": "missing_price_usd"
    },
    {
      "codigo": "54118",
      "action": "skipped",
      "reason": "missing_price_usd"
    },
    {
      "codigo": "54110",
      "action": "skipped",
      "reason": "missing_price_usd"
    },
    {
      "codigo": "53423",
      "action": "skipped",
      "reason": "missing_price_usd"
    },
    {
      "codigo": "53422",
      "action": "skipped",
      "reason": "missing_price_usd"
    },
    {
      "codigo": "51521",
      "action": "skipped",
      "reason": "missing_price_usd"
    },
    {
      "codigo": "51520",
      "action": "skipped",
      "reason": "missing_price_usd"
    },
    {
      "codigo": "53899",
      "action": "skipped",
      "reason": "missing_price_usd"
    },
    {
      "codigo": "53425",
      "action": "skipped",
      "reason": "missing_price_usd"
    },
    {
      "codigo": "53424",
      "action": "skipped",
      "reason": "missing_price_usd"
    },
    {
      "codigo": "53880",
      "action": "skipped",
      "reason": "missing_price_usd"
    },
    {
      "codigo": "51442",
      "action": "skipped",
      "reason": "missing_price_usd"
    },
    {
      "codigo": "53761",
      "action": "skipped",
      "reason": "missing_price_usd"
    },
    {
      "codigo": "53760",
      "action": "skipped",
      "reason": "missing_price_usd"
    },
    {
      "codigo": "53688",
      "action": "skipped",
      "reason": "missing_price_usd"
    },
    {
      "codigo": "53687",
      "action": "skipped",
      "reason": "missing_price_usd"
    },
    {
      "codigo": "53679",
      "action": "skipped",
      "reason": "missing_price_usd"
    },
    {
      "codigo": "53670",
      "action": "skipped",
      "reason": "missing_price_usd"
    },
    {
      "codigo": "53638",
      "action": "skipped",
      "reason": "missing_price_usd"
    },
    {
      "codigo": "53637",
      "action": "skipped",
      "reason": "missing_price_usd"
    },
    {
      "codigo": "51213",
      "action": "skipped",
      "reason": "missing_price_usd"
    },
    {
      "codigo": "53576",
      "action": "skipped",
      "reason": "missing_price_usd"
    },
    {
      "codigo": "50684",
      "action": "skipped",
      "reason": "missing_price_usd"
    },
    {
      "codigo": "50683",
      "action": "skipped",
      "reason": "missing_price_usd"
    },
    {
      "codigo": "52847",
      "action": "skipped",
      "reason": "missing_price_usd"
    },
    {
      "codigo": "51796",
      "action": "skipped",
      "reason": "missing_price_usd"
    },
    {
      "codigo": "51541",
      "action": "skipped",
      "reason": "missing_price_usd"
    },
    {
      "codigo": "51842",
      "action": "skipped",
      "reason": "missing_price_usd"
    },
    {
      "codigo": "51841",
      "action": "skipped",
      "reason": "missing_price_usd"
    },
    {
      "codigo": "51516",
      "action": "skipped",
      "reason": "missing_price_usd"
    },
    {
      "codigo": "51441",
      "action": "skipped",
      "reason": "missing_price_usd"
    },
    {
      "codigo": "51440",
      "action": "skipped",
      "reason": "missing_price_usd"
    },
    {
      "codigo": "51326",
      "action": "skipped",
      "reason": "missing_price_usd"
    },
    {
      "codigo": "51324",
      "action": "skipped",
      "reason": "missing_price_usd"
    },
    {
      "codigo": "51323",
      "action": "skipped",
      "reason": "missing_price_usd"
    },
    {
      "codigo": "51244",
      "action": "skipped",
      "reason": "missing_price_usd"
    },
    {
      "codigo": "50908",
      "action": "skipped",
      "reason": "missing_price_usd"
    },
    {
      "codigo": "50298",
      "action": "skipped",
      "reason": "missing_price_usd"
    },
    {
      "codigo": "50119",
      "action": "skipped",
      "reason": "missing_price_usd"
    },
    {
      "codigo": "49719",
      "action": "skipped",
      "reason": "missing_price_usd"
    },
    {
      "codigo": "49710",
      "action": "skipped",
      "reason": "missing_price_usd"
    },
    {
      "codigo": "49664",
      "action": "skipped",
      "reason": "missing_price_usd"
    },
    {
      "codigo": "49645",
      "action": "skipped",
      "reason": "missing_price_usd"
    },
    {
      "codigo": "48156",
      "action": "skipped",
      "reason": "missing_price_usd"
    },
    {
      "codigo": "57364",
      "action": "skipped",
      "reason": "missing_price_usd"
    },
    {
      "codigo": "57367",
      "action": "skipped",
      "reason": "missing_price_usd"
    },
    {
      "codigo": "58129",
      "action": "skipped",
      "reason": "missing_price_usd"
    },
    {
      "codigo": "58160",
      "action": "skipped",
      "reason": "missing_price_usd"
    },
    {
      "codigo": "57017",
      "action": "skipped",
      "reason": "missing_price_usd"
    },
    {
      "codigo": "57189",
      "action": "skipped",
      "reason": "missing_price_usd"
    },
    {
      "codigo": "53938",
      "action": "skipped",
      "reason": "missing_price_usd"
    },
    {
      "codigo": "52294",
      "action": "skipped",
      "reason": "missing_price_usd"
    },
    {
      "codigo": "49730",
      "action": "skipped",
      "reason": "missing_price_usd"
    },
    {
      "codigo": "58130",
      "action": "skipped",
      "reason": "missing_price_usd"
    },
    {
      "codigo": "58131",
      "action": "skipped",
      "reason": "missing_price_usd"
    },
    {
      "codigo": "56512",
      "action": "skipped",
      "reason": "missing_price_usd"
    },
    {
      "codigo": "58133",
      "action": "skipped",
      "reason": "missing_price_usd"
    },
    {
      "codigo": "58121",
      "action": "skipped",
      "reason": "missing_price_usd"
    },
    {
      "codigo": "58120",
      "action": "skipped",
      "reason": "missing_price_usd"
    },
    {
      "codigo": "51615",
      "action": "skipped",
      "reason": "missing_price_usd"
    },
    {
      "codigo": "51226",
      "action": "skipped",
      "reason": "missing_price_usd"
    },
    {
      "codigo": "58134",
      "action": "skipped",
      "reason": "missing_price_usd"
    },
    {
      "codigo": "56513",
      "action": "skipped",
      "reason": "missing_price_usd"
    },
    {
      "codigo": "56520",
      "action": "skipped",
      "reason": "missing_price_usd"
    },
    {
      "codigo": "58096",
      "action": "skipped",
      "reason": "missing_price_usd"
    },
    {
      "codigo": "58098",
      "action": "skipped",
      "reason": "missing_price_usd"
    },
    {
      "codigo": "58099",
      "action": "skipped",
      "reason": "missing_price_usd"
    },
    {
      "codigo": "58039",
      "action": "skipped",
      "reason": "missing_price_usd"
    },
    {
      "codigo": "54611",
      "action": "skipped",
      "reason": "missing_price_usd"
    },
    {
      "codigo": "54610",
      "action": "skipped",
      "reason": "missing_price_usd"
    },
    {
      "codigo": "52583",
      "action": "skipped",
      "reason": "missing_price_usd"
    },
    {
      "codigo": "57747",
      "action": "skipped",
      "reason": "missing_price_usd"
    },
    {
      "codigo": "57746",
      "action": "skipped",
      "reason": "missing_price_usd"
    },
    {
      "codigo": "57745",
      "action": "skipped",
      "reason": "missing_price_usd"
    },
    {
      "codigo": "57744",
      "action": "skipped",
      "reason": "missing_price_usd"
    },
    {
      "codigo": "57743",
      "action": "skipped",
      "reason": "missing_price_usd"
    },
    {
      "codigo": "57741",
      "action": "skipped",
      "reason": "missing_price_usd"
    },
    {
      "codigo": "57740",
      "action": "skipped",
      "reason": "missing_price_usd"
    },
    {
      "codigo": "57739",
      "action": "skipped",
      "reason": "missing_price_usd"
    },
    {
      "codigo": "57510",
      "action": "skipped",
      "reason": "missing_price_usd"
    },
    {
      "codigo": "57509",
      "action": "skipped",
      "reason": "missing_price_usd"
    },
    {
      "codigo": "57243",
      "action": "skipped",
      "reason": "missing_price_usd"
    },
    {
      "codigo": "57242",
      "action": "skipped",
      "reason": "missing_price_usd"
    },
    {
      "codigo": "57241",
      "action": "skipped",
      "reason": "missing_price_usd"
    },
    {
      "codigo": "57240",
      "action": "skipped",
      "reason": "missing_price_usd"
    },
    {
      "codigo": "57237",
      "action": "skipped",
      "reason": "missing_price_usd"
    },
    {
      "codigo": "57235",
      "action": "skipped",
      "reason": "missing_price_usd"
    },
    {
      "codigo": "57185",
      "action": "skipped",
      "reason": "missing_price_usd"
    },
    {
      "codigo": "56180",
      "action": "skipped",
      "reason": "missing_price_usd"
    },
    {
      "codigo": "56165",
      "action": "skipped",
      "reason": "missing_price_usd"
    },
    {
      "codigo": "56162",
      "action": "skipped",
      "reason": "missing_price_usd"
    },
    {
      "codigo": "56159",
      "action": "skipped",
      "reason": "missing_price_usd"
    },
    {
      "codigo": "56158",
      "action": "skipped",
      "reason": "missing_price_usd"
    },
    {
      "codigo": "52317",
      "action": "skipped",
      "reason": "missing_price_usd"
    },
    {
      "codigo": "53703",
      "action": "skipped",
      "reason": "missing_price_usd"
    },
    {
      "codigo": "54638",
      "action": "skipped",
      "reason": "missing_price_usd"
    },
    {
      "codigo": "54632",
      "action": "skipped",
      "reason": "missing_price_usd"
    },
    {
      "codigo": "54629",
      "action": "skipped",
      "reason": "missing_price_usd"
    },
    {
      "codigo": "52371",
      "action": "skipped",
      "reason": "missing_price_usd"
    },
    {
      "codigo": "54401",
      "action": "skipped",
      "reason": "missing_price_usd"
    },
    {
      "codigo": "54399",
      "action": "skipped",
      "reason": "missing_price_usd"
    },
    {
      "codigo": "53349",
      "action": "skipped",
      "reason": "missing_price_usd"
    },
    {
      "codigo": "52739",
      "action": "skipped",
      "reason": "missing_price_usd"
    },
    {
      "codigo": "52126",
      "action": "skipped",
      "reason": "missing_price_usd"
    },
    {
      "codigo": "50898",
      "action": "skipped",
      "reason": "missing_price_usd"
    },
    {
      "codigo": "51622",
      "action": "skipped",
      "reason": "missing_price_usd"
    },
    {
      "codigo": "50899",
      "action": "skipped",
      "reason": "missing_price_usd"
    },
    {
      "codigo": "50671",
      "action": "skipped",
      "reason": "missing_price_usd"
    },
    {
      "codigo": "45335",
      "action": "skipped",
      "reason": "missing_price_usd"
    },
    {
      "codigo": "39629",
      "action": "skipped",
      "reason": "missing_price_usd"
    },
    {
      "codigo": "39522",
      "action": "skipped",
      "reason": "missing_price_usd"
    },
    {
      "codigo": "19808",
      "action": "skipped",
      "reason": "missing_price_usd"
    },
    {
      "codigo": "31413",
      "action": "skipped",
      "reason": "missing_price_usd"
    },
    {
      "codigo": "29422",
      "action": "skipped",
      "reason": "missing_price_usd"
    },
    {
      "codigo": "28664",
      "action": "skipped",
      "reason": "missing_price_usd"
    },
    {
      "codigo": "28571",
      "action": "skipped",
      "reason": "missing_price_usd"
    },
    {
      "codigo": "26118",
      "action": "skipped",
      "reason": "missing_price_usd"
    },
    {
      "codigo": "55647",
      "action": "skipped",
      "reason": "missing_price_usd"
    },
    {
      "codigo": "51947",
      "action": "skipped",
      "reason": "missing_price_usd"
    },
    {
      "codigo": "51946",
      "action": "skipped",
      "reason": "missing_price_usd"
    },
    {
      "codigo": "43135",
      "action": "skipped",
      "reason": "missing_price_usd"
    },
    {
      "codigo": "43134",
      "action": "skipped",
      "reason": "missing_price_usd"
    },
    {
      "codigo": "31101",
      "action": "skipped",
      "reason": "missing_price_usd"
    },
    {
      "codigo": "55128",
      "action": "skipped",
      "reason": "missing_price_usd"
    },
    {
      "codigo": "57574",
      "action": "skipped",
      "reason": "missing_price_usd"
    },
    {
      "codigo": "57573",
      "action": "skipped",
      "reason": "missing_price_usd"
    },
    {
      "codigo": "56430",
      "action": "skipped",
      "reason": "missing_price_usd"
    },
    {
      "codigo": "53373",
      "action": "skipped",
      "reason": "missing_price_usd"
    },
    {
      "codigo": "52498",
      "action": "skipped",
      "reason": "missing_price_usd"
    },
    {
      "codigo": "52497",
      "action": "skipped",
      "reason": "missing_price_usd"
    },
    {
      "codigo": "52495",
      "action": "skipped",
      "reason": "missing_price_usd"
    },
    {
      "codigo": "52057",
      "action": "skipped",
      "reason": "missing_price_usd"
    },
    {
      "codigo": "40709",
      "action": "skipped",
      "reason": "missing_price_usd"
    },
    {
      "codigo": "23937",
      "action": "skipped",
      "reason": "missing_price_usd"
    },
    {
      "codigo": "1628",
      "action": "skipped",
      "reason": "missing_price_usd"
    },
    {
      "codigo": "55517",
      "action": "skipped",
      "reason": "missing_price_usd"
    },
    {
      "codigo": "55242",
      "action": "skipped",
      "reason": "missing_price_usd"
    },
    {
      "codigo": "54950",
      "action": "skipped",
      "reason": "missing_price_usd"
    },
    {
      "codigo": "54946",
      "action": "skipped",
      "reason": "missing_price_usd"
    },
    {
      "codigo": "54103",
      "action": "skipped",
      "reason": "missing_price_usd"
    },
    {
      "codigo": "52996",
      "action": "skipped",
      "reason": "missing_price_usd"
    },
    {
      "codigo": "49579",
      "action": "skipped",
      "reason": "missing_price_usd"
    },
    {
      "codigo": "49576",
      "action": "skipped",
      "reason": "missing_price_usd"
    },
    {
      "codigo": "46041",
      "action": "skipped",
      "reason": "missing_price_usd"
    },
    {
      "codigo": "44465",
      "action": "skipped",
      "reason": "missing_price_usd"
    },
    {
      "codigo": "44198",
      "action": "skipped",
      "reason": "missing_price_usd"
    },
    {
      "codigo": "42213",
      "action": "skipped",
      "reason": "missing_price_usd"
    },
    {
      "codigo": "36738",
      "action": "skipped",
      "reason": "missing_price_usd"
    },
    {
      "codigo": "30080",
      "action": "skipped",
      "reason": "missing_price_usd"
    },
    {
      "codigo": "26900",
      "action": "skipped",
      "reason": "missing_price_usd"
    },
    {
      "codigo": "26897",
      "action": "skipped",
      "reason": "missing_price_usd"
    },
    {
      "codigo": "26896",
      "action": "skipped",
      "reason": "missing_price_usd"
    },
    {
      "codigo": "24773",
      "action": "skipped",
      "reason": "missing_price_usd"
    },
    {
      "codigo": "58067",
      "action": "skipped",
      "reason": "missing_price_usd"
    },
    {
      "codigo": "57061",
      "action": "skipped",
      "reason": "missing_price_usd"
    },
    {
      "codigo": "57060",
      "action": "skipped",
      "reason": "missing_price_usd"
    },
    {
      "codigo": "55497",
      "action": "skipped",
      "reason": "missing_price_usd"
    },
    {
      "codigo": "47594",
      "action": "skipped",
      "reason": "missing_price_usd"
    },
    {
      "codigo": "47071",
      "action": "skipped",
      "reason": "missing_price_usd"
    },
    {
      "codigo": "43111",
      "action": "skipped",
      "reason": "missing_price_usd"
    },
    {
      "codigo": "43110",
      "action": "skipped",
      "reason": "missing_price_usd"
    },
    {
      "codigo": "42399",
      "action": "skipped",
      "reason": "missing_price_usd"
    },
    {
      "codigo": "37581",
      "action": "skipped",
      "reason": "missing_price_usd"
    },
    {
      "codigo": "16184",
      "action": "skipped",
      "reason": "missing_price_usd"
    },
    {
      "codigo": "16183",
      "action": "skipped",
      "reason": "missing_price_usd"
    },
    {
      "codigo": "10314",
      "action": "skipped",
      "reason": "missing_price_usd"
    },
    {
      "codigo": "55575",
      "action": "skipped",
      "reason": "missing_price_usd"
    },
    {
      "codigo": "57993",
      "action": "skipped",
      "reason": "missing_price_usd"
    },
    {
      "codigo": "57967",
      "action": "skipped",
      "reason": "missing_price_usd"
    },
    {
      "codigo": "57759",
      "action": "skipped",
      "reason": "missing_price_usd"
    },
    {
      "codigo": "57758",
      "action": "skipped",
      "reason": "missing_price_usd"
    },
    {
      "codigo": "56954",
      "action": "skipped",
      "reason": "missing_price_usd"
    },
    {
      "codigo": "56938",
      "action": "skipped",
      "reason": "missing_price_usd"
    },
    {
      "codigo": "56937",
      "action": "skipped",
      "reason": "missing_price_usd"
    },
    {
      "codigo": "55695",
      "action": "skipped",
      "reason": "missing_price_usd"
    },
    {
      "codigo": "55694",
      "action": "skipped",
      "reason": "missing_price_usd"
    },
    {
      "codigo": "55661",
      "action": "skipped",
      "reason": "missing_price_usd"
    },
    {
      "codigo": "54339",
      "action": "skipped",
      "reason": "missing_price_usd"
    },
    {
      "codigo": "52619",
      "action": "skipped",
      "reason": "missing_price_usd"
    },
    {
      "codigo": "52618",
      "action": "skipped",
      "reason": "missing_price_usd"
    },
    {
      "codigo": "52058",
      "action": "skipped",
      "reason": "missing_price_usd"
    },
    {
      "codigo": "51039",
      "action": "skipped",
      "reason": "missing_price_usd"
    },
    {
      "codigo": "51015",
      "action": "skipped",
      "reason": "missing_price_usd"
    },
    {
      "codigo": "50974",
      "action": "skipped",
      "reason": "missing_price_usd"
    },
    {
      "codigo": "50757",
      "action": "skipped",
      "reason": "missing_price_usd"
    },
    {
      "codigo": "50756",
      "action": "skipped",
      "reason": "missing_price_usd"
    },
    {
      "codigo": "50753",
      "action": "skipped",
      "reason": "missing_price_usd"
    },
    {
      "codigo": "50752",
      "action": "skipped",
      "reason": "missing_price_usd"
    },
    {
      "codigo": "48629",
      "action": "skipped",
      "reason": "missing_price_usd"
    },
    {
      "codigo": "48628",
      "action": "skipped",
      "reason": "missing_price_usd"
    },
    {
      "codigo": "48627",
      "action": "skipped",
      "reason": "missing_price_usd"
    },
    {
      "codigo": "45599",
      "action": "skipped",
      "reason": "missing_price_usd"
    },
    {
      "codigo": "45387",
      "action": "skipped",
      "reason": "missing_price_usd"
    },
    {
      "codigo": "45385",
      "action": "skipped",
      "reason": "missing_price_usd"
    },
    {
      "codigo": "45384",
      "action": "skipped",
      "reason": "missing_price_usd"
    },
    {
      "codigo": "41376",
      "action": "skipped",
      "reason": "missing_price_usd"
    },
    {
      "codigo": "41375",
      "action": "skipped",
      "reason": "missing_price_usd"
    },
    {
      "codigo": "40080",
      "action": "skipped",
      "reason": "missing_price_usd"
    },
    {
      "codigo": "26890",
      "action": "skipped",
      "reason": "missing_price_usd"
    },
    {
      "codigo": "26877",
      "action": "skipped",
      "reason": "missing_price_usd"
    },
    {
      "codigo": "22035",
      "action": "skipped",
      "reason": "missing_price_usd"
    },
    {
      "codigo": "22034",
      "action": "skipped",
      "reason": "missing_price_usd"
    },
    {
      "codigo": "22033",
      "action": "skipped",
      "reason": "missing_price_usd"
    },
    {
      "codigo": "55989",
      "action": "skipped",
      "reason": "missing_price_usd"
    },
    {
      "codigo": "55983",
      "action": "skipped",
      "reason": "missing_price_usd"
    },
    {
      "codigo": "55984",
      "action": "skipped",
      "reason": "missing_price_usd"
    },
    {
      "codigo": "55847",
      "action": "skipped",
      "reason": "missing_price_usd"
    },
    {
      "codigo": "55846",
      "action": "skipped",
      "reason": "missing_price_usd"
    },
    {
      "codigo": "55848",
      "action": "skipped",
      "reason": "missing_price_usd"
    },
    {
      "codigo": "54593",
      "action": "skipped",
      "reason": "missing_price_usd"
    },
    {
      "codigo": "56363",
      "action": "skipped",
      "reason": "missing_price_usd"
    },
    {
      "codigo": "57670",
      "action": "skipped",
      "reason": "missing_price_usd"
    },
    {
      "codigo": "57669",
      "action": "skipped",
      "reason": "missing_price_usd"
    },
    {
      "codigo": "57668",
      "action": "skipped",
      "reason": "missing_price_usd"
    },
    {
      "codigo": "57667",
      "action": "skipped",
      "reason": "missing_price_usd"
    },
    {
      "codigo": "57665",
      "action": "skipped",
      "reason": "missing_price_usd"
    },
    {
      "codigo": "57379",
      "action": "skipped",
      "reason": "missing_price_usd"
    },
    {
      "codigo": "57378",
      "action": "skipped",
      "reason": "missing_price_usd"
    },
    {
      "codigo": "57377",
      "action": "skipped",
      "reason": "missing_price_usd"
    },
    {
      "codigo": "57376",
      "action": "skipped",
      "reason": "missing_price_usd"
    },
    {
      "codigo": "57375",
      "action": "skipped",
      "reason": "missing_price_usd"
    },
    {
      "codigo": "57374",
      "action": "skipped",
      "reason": "missing_price_usd"
    },
    {
      "codigo": "57373",
      "action": "skipped",
      "reason": "missing_price_usd"
    },
    {
      "codigo": "57372",
      "action": "skipped",
      "reason": "missing_price_usd"
    },
    {
      "codigo": "57371",
      "action": "skipped",
      "reason": "missing_price_usd"
    },
    {
      "codigo": "57370",
      "action": "skipped",
      "reason": "missing_price_usd"
    },
    {
      "codigo": "57369",
      "action": "skipped",
      "reason": "missing_price_usd"
    },
    {
      "codigo": "57226",
      "action": "skipped",
      "reason": "missing_price_usd"
    },
    {
      "codigo": "57225",
      "action": "skipped",
      "reason": "missing_price_usd"
    },
    {
      "codigo": "57224",
      "action": "skipped",
      "reason": "missing_price_usd"
    },
    {
      "codigo": "57223",
      "action": "skipped",
      "reason": "missing_price_usd"
    },
    {
      "codigo": "57217",
      "action": "skipped",
      "reason": "missing_price_usd"
    },
    {
      "codigo": "57216",
      "action": "skipped",
      "reason": "missing_price_usd"
    },
    {
      "codigo": "57215",
      "action": "skipped",
      "reason": "missing_price_usd"
    },
    {
      "codigo": "57214",
      "action": "skipped",
      "reason": "missing_price_usd"
    },
    {
      "codigo": "57213",
      "action": "skipped",
      "reason": "missing_price_usd"
    },
    {
      "codigo": "57158",
      "action": "skipped",
      "reason": "missing_price_usd"
    },
    {
      "codigo": "57156",
      "action": "skipped",
      "reason": "missing_price_usd"
    },
    {
      "codigo": "56799",
      "action": "skipped",
      "reason": "missing_price_usd"
    },
    {
      "codigo": "56798",
      "action": "skipped",
      "reason": "missing_price_usd"
    },
    {
      "codigo": "56797",
      "action": "skipped",
      "reason": "missing_price_usd"
    },
    {
      "codigo": "56796",
      "action": "skipped",
      "reason": "missing_price_usd"
    },
    {
      "codigo": "56795",
      "action": "skipped",
      "reason": "missing_price_usd"
    },
    {
      "codigo": "56712",
      "action": "skipped",
      "reason": "missing_price_usd"
    },
    {
      "codigo": "56527",
      "action": "skipped",
      "reason": "missing_price_usd"
    },
    {
      "codigo": "56526",
      "action": "skipped",
      "reason": "missing_price_usd"
    },
    {
      "codigo": "56408",
      "action": "skipped",
      "reason": "missing_price_usd"
    },
    {
      "codigo": "56365",
      "action": "skipped",
      "reason": "missing_price_usd"
    },
    {
      "codigo": "56364",
      "action": "skipped",
      "reason": "missing_price_usd"
    },
    {
      "codigo": "56362",
      "action": "skipped",
      "reason": "missing_price_usd"
    },
    {
      "codigo": "56278",
      "action": "skipped",
      "reason": "missing_price_usd"
    },
    {
      "codigo": "56151",
      "action": "skipped",
      "reason": "missing_price_usd"
    },
    {
      "codigo": "56150",
      "action": "skipped",
      "reason": "missing_price_usd"
    },
    {
      "codigo": "55977",
      "action": "skipped",
      "reason": "missing_price_usd"
    },
    {
      "codigo": "55892",
      "action": "skipped",
      "reason": "missing_price_usd"
    },
    {
      "codigo": "55891",
      "action": "skipped",
      "reason": "missing_price_usd"
    },
    {
      "codigo": "55890",
      "action": "skipped",
      "reason": "missing_price_usd"
    },
    {
      "codigo": "55889",
      "action": "skipped",
      "reason": "missing_price_usd"
    },
    {
      "codigo": "55888",
      "action": "skipped",
      "reason": "missing_price_usd"
    },
    {
      "codigo": "55781",
      "action": "skipped",
      "reason": "missing_price_usd"
    },
    {
      "codigo": "55746",
      "action": "skipped",
      "reason": "missing_price_usd"
    },
    {
      "codigo": "55745",
      "action": "skipped",
      "reason": "missing_price_usd"
    },
    {
      "codigo": "55744",
      "action": "skipped",
      "reason": "missing_price_usd"
    },
    {
      "codigo": "55741",
      "action": "skipped",
      "reason": "missing_price_usd"
    },
    {
      "codigo": "55670",
      "action": "skipped",
      "reason": "missing_price_usd"
    },
    {
      "codigo": "55455",
      "action": "skipped",
      "reason": "missing_price_usd"
    },
    {
      "codigo": "55331",
      "action": "skipped",
      "reason": "missing_price_usd"
    },
    {
      "codigo": "55052",
      "action": "skipped",
      "reason": "missing_price_usd"
    },
    {
      "codigo": "54728",
      "action": "skipped",
      "reason": "missing_price_usd"
    },
    {
      "codigo": "54309",
      "action": "skipped",
      "reason": "missing_price_usd"
    },
    {
      "codigo": "53950",
      "action": "skipped",
      "reason": "missing_price_usd"
    },
    {
      "codigo": "53949",
      "action": "skipped",
      "reason": "missing_price_usd"
    },
    {
      "codigo": "53713",
      "action": "skipped",
      "reason": "missing_price_usd"
    },
    {
      "codigo": "39995",
      "action": "skipped",
      "reason": "missing_price_usd"
    },
    {
      "codigo": "51255",
      "action": "skipped",
      "reason": "missing_price_usd"
    },
    {
      "codigo": "53564",
      "action": "skipped",
      "reason": "missing_price_usd"
    },
    {
      "codigo": "53562",
      "action": "skipped",
      "reason": "missing_price_usd"
    },
    {
      "codigo": "53366",
      "action": "skipped",
      "reason": "missing_price_usd"
    },
    {
      "codigo": "38976",
      "action": "skipped",
      "reason": "missing_price_usd"
    },
    {
      "codigo": "53268",
      "action": "skipped",
      "reason": "missing_price_usd"
    },
    {
      "codigo": "53005",
      "action": "skipped",
      "reason": "missing_price_usd"
    },
    {
      "codigo": "51709",
      "action": "skipped",
      "reason": "missing_price_usd"
    },
    {
      "codigo": "51708",
      "action": "skipped",
      "reason": "missing_price_usd"
    },
    {
      "codigo": "51707",
      "action": "skipped",
      "reason": "missing_price_usd"
    },
    {
      "codigo": "51706",
      "action": "skipped",
      "reason": "missing_price_usd"
    },
    {
      "codigo": "51704",
      "action": "skipped",
      "reason": "missing_price_usd"
    },
    {
      "codigo": "51703",
      "action": "skipped",
      "reason": "missing_price_usd"
    },
    {
      "codigo": "51537",
      "action": "skipped",
      "reason": "missing_price_usd"
    },
    {
      "codigo": "51257",
      "action": "skipped",
      "reason": "missing_price_usd"
    },
    {
      "codigo": "51256",
      "action": "skipped",
      "reason": "missing_price_usd"
    },
    {
      "codigo": "50919",
      "action": "skipped",
      "reason": "missing_price_usd"
    },
    {
      "codigo": "50918",
      "action": "skipped",
      "reason": "missing_price_usd"
    },
    {
      "codigo": "50916",
      "action": "skipped",
      "reason": "missing_price_usd"
    },
    {
      "codigo": "50915",
      "action": "skipped",
      "reason": "missing_price_usd"
    },
    {
      "codigo": "50162",
      "action": "skipped",
      "reason": "missing_price_usd"
    },
    {
      "codigo": "49674",
      "action": "skipped",
      "reason": "missing_price_usd"
    },
    {
      "codigo": "49651",
      "action": "skipped",
      "reason": "missing_price_usd"
    },
    {
      "codigo": "49309",
      "action": "skipped",
      "reason": "missing_price_usd"
    },
    {
      "codigo": "49302",
      "action": "skipped",
      "reason": "missing_price_usd"
    },
    {
      "codigo": "48972",
      "action": "skipped",
      "reason": "missing_price_usd"
    },
    {
      "codigo": "48971",
      "action": "skipped",
      "reason": "missing_price_usd"
    },
    {
      "codigo": "48584",
      "action": "skipped",
      "reason": "missing_price_usd"
    },
    {
      "codigo": "48537",
      "action": "skipped",
      "reason": "missing_price_usd"
    },
    {
      "codigo": "48020",
      "action": "skipped",
      "reason": "missing_price_usd"
    },
    {
      "codigo": "48014",
      "action": "skipped",
      "reason": "missing_price_usd"
    },
    {
      "codigo": "47420",
      "action": "skipped",
      "reason": "missing_price_usd"
    },
    {
      "codigo": "47391",
      "action": "skipped",
      "reason": "missing_price_usd"
    },
    {
      "codigo": "47329",
      "action": "skipped",
      "reason": "missing_price_usd"
    },
    {
      "codigo": "46746",
      "action": "skipped",
      "reason": "missing_price_usd"
    },
    {
      "codigo": "46745",
      "action": "skipped",
      "reason": "missing_price_usd"
    },
    {
      "codigo": "46546",
      "action": "skipped",
      "reason": "missing_price_usd"
    },
    {
      "codigo": "46545",
      "action": "skipped",
      "reason": "missing_price_usd"
    },
    {
      "codigo": "46544",
      "action": "skipped",
      "reason": "missing_price_usd"
    },
    {
      "codigo": "45155",
      "action": "skipped",
      "reason": "missing_price_usd"
    },
    {
      "codigo": "46193",
      "action": "skipped",
      "reason": "missing_price_usd"
    },
    {
      "codigo": "46192",
      "action": "skipped",
      "reason": "missing_price_usd"
    },
    {
      "codigo": "46084",
      "action": "skipped",
      "reason": "missing_price_usd"
    },
    {
      "codigo": "46063",
      "action": "skipped",
      "reason": "missing_price_usd"
    },
    {
      "codigo": "45702",
      "action": "skipped",
      "reason": "missing_price_usd"
    },
    {
      "codigo": "45156",
      "action": "skipped",
      "reason": "missing_price_usd"
    },
    {
      "codigo": "44473",
      "action": "skipped",
      "reason": "missing_price_usd"
    },
    {
      "codigo": "44472",
      "action": "skipped",
      "reason": "missing_price_usd"
    },
    {
      "codigo": "44772",
      "action": "skipped",
      "reason": "missing_price_usd"
    },
    {
      "codigo": "44444",
      "action": "skipped",
      "reason": "missing_price_usd"
    },
    {
      "codigo": "36363",
      "action": "skipped",
      "reason": "missing_price_usd"
    },
    {
      "codigo": "39994",
      "action": "skipped",
      "reason": "missing_price_usd"
    },
    {
      "codigo": "40562",
      "action": "skipped",
      "reason": "missing_price_usd"
    },
    {
      "codigo": "31823",
      "action": "skipped",
      "reason": "missing_price_usd"
    },
    {
      "codigo": "41213",
      "action": "skipped",
      "reason": "missing_price_usd"
    },
    {
      "codigo": "41212",
      "action": "skipped",
      "reason": "missing_price_usd"
    },
    {
      "codigo": "40563",
      "action": "skipped",
      "reason": "missing_price_usd"
    },
    {
      "codigo": "40539",
      "action": "skipped",
      "reason": "missing_price_usd"
    },
    {
      "codigo": "39996",
      "action": "skipped",
      "reason": "missing_price_usd"
    },
    {
      "codigo": "36364",
      "action": "skipped",
      "reason": "missing_price_usd"
    },
    {
      "codigo": "36362",
      "action": "skipped",
      "reason": "missing_price_usd"
    },
    {
      "codigo": "38495",
      "action": "skipped",
      "reason": "missing_price_usd"
    },
    {
      "codigo": "37965",
      "action": "skipped",
      "reason": "missing_price_usd"
    },
    {
      "codigo": "37672",
      "action": "skipped",
      "reason": "missing_price_usd"
    },
    {
      "codigo": "37663",
      "action": "skipped",
      "reason": "missing_price_usd"
    },
    {
      "codigo": "36571",
      "action": "skipped",
      "reason": "missing_price_usd"
    },
    {
      "codigo": "36569",
      "action": "skipped",
      "reason": "missing_price_usd"
    },
    {
      "codigo": "36432",
      "action": "skipped",
      "reason": "missing_price_usd"
    },
    {
      "codigo": "35226",
      "action": "skipped",
      "reason": "missing_price_usd"
    },
    {
      "codigo": "35189",
      "action": "skipped",
      "reason": "missing_price_usd"
    },
    {
      "codigo": "8095",
      "action": "skipped",
      "reason": "missing_price_usd"
    },
    {
      "codigo": "34852",
      "action": "skipped",
      "reason": "missing_price_usd"
    },
    {
      "codigo": "34516",
      "action": "skipped",
      "reason": "missing_price_usd"
    },
    {
      "codigo": "34291",
      "action": "skipped",
      "reason": "missing_price_usd"
    },
    {
      "codigo": "33950",
      "action": "skipped",
      "reason": "missing_price_usd"
    },
    {
      "codigo": "33773",
      "action": "skipped",
      "reason": "missing_price_usd"
    },
    {
      "codigo": "31826",
      "action": "skipped",
      "reason": "missing_price_usd"
    },
    {
      "codigo": "31825",
      "action": "skipped",
      "reason": "missing_price_usd"
    },
    {
      "codigo": "30272",
      "action": "skipped",
      "reason": "missing_price_usd"
    },
    {
      "codigo": "28197",
      "action": "skipped",
      "reason": "missing_price_usd"
    },
    {
      "codigo": "25965",
      "action": "skipped",
      "reason": "missing_price_usd"
    },
    {
      "codigo": "25916",
      "action": "skipped",
      "reason": "missing_price_usd"
    },
    {
      "codigo": "22535",
      "action": "skipped",
      "reason": "missing_price_usd"
    },
    {
      "codigo": "21766",
      "action": "skipped",
      "reason": "missing_price_usd"
    },
    {
      "codigo": "57871",
      "action": "skipped",
      "reason": "missing_price_usd"
    },
    {
      "codigo": "57870",
      "action": "skipped",
      "reason": "missing_price_usd"
    },
    {
      "codigo": "57644",
      "action": "skipped",
      "reason": "missing_price_usd"
    },
    {
      "codigo": "57563",
      "action": "skipped",
      "reason": "missing_price_usd"
    },
    {
      "codigo": "57192",
      "action": "skipped",
      "reason": "missing_price_usd"
    },
    {
      "codigo": "57191",
      "action": "skipped",
      "reason": "missing_price_usd"
    },
    {
      "codigo": "57091",
      "action": "skipped",
      "reason": "missing_price_usd"
    },
    {
      "codigo": "57089",
      "action": "skipped",
      "reason": "missing_price_usd"
    },
    {
      "codigo": "57088",
      "action": "skipped",
      "reason": "missing_price_usd"
    },
    {
      "codigo": "56872",
      "action": "skipped",
      "reason": "missing_price_usd"
    },
    {
      "codigo": "55104",
      "action": "skipped",
      "reason": "missing_price_usd"
    },
    {
      "codigo": "55103",
      "action": "skipped",
      "reason": "missing_price_usd"
    },
    {
      "codigo": "55102",
      "action": "skipped",
      "reason": "missing_price_usd"
    },
    {
      "codigo": "55101",
      "action": "skipped",
      "reason": "missing_price_usd"
    },
    {
      "codigo": "54580",
      "action": "skipped",
      "reason": "missing_price_usd"
    },
    {
      "codigo": "53285",
      "action": "skipped",
      "reason": "missing_price_usd"
    },
    {
      "codigo": "52396",
      "action": "skipped",
      "reason": "missing_price_usd"
    },
    {
      "codigo": "51494",
      "action": "skipped",
      "reason": "missing_price_usd"
    },
    {
      "codigo": "51484",
      "action": "skipped",
      "reason": "missing_price_usd"
    },
    {
      "codigo": "51451",
      "action": "skipped",
      "reason": "missing_price_usd"
    },
    {
      "codigo": "50356",
      "action": "skipped",
      "reason": "missing_price_usd"
    },
    {
      "codigo": "50355",
      "action": "skipped",
      "reason": "missing_price_usd"
    },
    {
      "codigo": "47369",
      "action": "skipped",
      "reason": "missing_price_usd"
    },
    {
      "codigo": "48643",
      "action": "skipped",
      "reason": "missing_price_usd"
    },
    {
      "codigo": "48594",
      "action": "skipped",
      "reason": "missing_price_usd"
    },
    {
      "codigo": "48316",
      "action": "skipped",
      "reason": "missing_price_usd"
    },
    {
      "codigo": "48315",
      "action": "skipped",
      "reason": "missing_price_usd"
    },
    {
      "codigo": "48026",
      "action": "skipped",
      "reason": "missing_price_usd"
    },
    {
      "codigo": "48025",
      "action": "skipped",
      "reason": "missing_price_usd"
    },
    {
      "codigo": "47663",
      "action": "skipped",
      "reason": "missing_price_usd"
    },
    {
      "codigo": "47364",
      "action": "skipped",
      "reason": "missing_price_usd"
    },
    {
      "codigo": "47137",
      "action": "skipped",
      "reason": "missing_price_usd"
    },
    {
      "codigo": "46547",
      "action": "skipped",
      "reason": "missing_price_usd"
    },
    {
      "codigo": "45986",
      "action": "skipped",
      "reason": "missing_price_usd"
    },
    {
      "codigo": "45548",
      "action": "skipped",
      "reason": "missing_price_usd"
    },
    {
      "codigo": "45346",
      "action": "skipped",
      "reason": "missing_price_usd"
    },
    {
      "codigo": "44379",
      "action": "skipped",
      "reason": "missing_price_usd"
    },
    {
      "codigo": "41481",
      "action": "skipped",
      "reason": "missing_price_usd"
    },
    {
      "codigo": "41480",
      "action": "skipped",
      "reason": "missing_price_usd"
    },
    {
      "codigo": "39815",
      "action": "skipped",
      "reason": "missing_price_usd"
    },
    {
      "codigo": "38692",
      "action": "skipped",
      "reason": "missing_price_usd"
    },
    {
      "codigo": "553",
      "action": "skipped",
      "reason": "missing_price_usd"
    },
    {
      "codigo": "32432",
      "action": "skipped",
      "reason": "missing_price_usd"
    },
    {
      "codigo": "26193",
      "action": "skipped",
      "reason": "missing_price_usd"
    },
    {
      "codigo": "25802",
      "action": "skipped",
      "reason": "missing_price_usd"
    },
    {
      "codigo": "24264",
      "action": "skipped",
      "reason": "missing_price_usd"
    },
    {
      "codigo": "14899",
      "action": "skipped",
      "reason": "missing_price_usd"
    },
    {
      "codigo": "14497",
      "action": "skipped",
      "reason": "missing_price_usd"
    },
    {
      "codigo": "13931",
      "action": "skipped",
      "reason": "missing_price_usd"
    },
    {
      "codigo": "13310",
      "action": "skipped",
      "reason": "missing_price_usd"
    },
    {
      "codigo": "53896",
      "action": "skipped",
      "reason": "missing_price_usd"
    },
    {
      "codigo": "57403",
      "action": "skipped",
      "reason": "missing_price_usd"
    },
    {
      "codigo": "57361",
      "action": "skipped",
      "reason": "missing_price_usd"
    },
    {
      "codigo": "57360",
      "action": "skipped",
      "reason": "missing_price_usd"
    },
    {
      "codigo": "57359",
      "action": "skipped",
      "reason": "missing_price_usd"
    },
    {
      "codigo": "56450",
      "action": "skipped",
      "reason": "missing_price_usd"
    },
    {
      "codigo": "56401",
      "action": "skipped",
      "reason": "missing_price_usd"
    },
    {
      "codigo": "55771",
      "action": "skipped",
      "reason": "missing_price_usd"
    },
    {
      "codigo": "55720",
      "action": "skipped",
      "reason": "missing_price_usd"
    },
    {
      "codigo": "51446",
      "action": "skipped",
      "reason": "missing_price_usd"
    },
    {
      "codigo": "51445",
      "action": "skipped",
      "reason": "missing_price_usd"
    },
    {
      "codigo": "46741",
      "action": "skipped",
      "reason": "missing_price_usd"
    },
    {
      "codigo": "45976",
      "action": "skipped",
      "reason": "missing_price_usd"
    },
    {
      "codigo": "43698",
      "action": "skipped",
      "reason": "missing_price_usd"
    },
    {
      "codigo": "43697",
      "action": "skipped",
      "reason": "missing_price_usd"
    },
    {
      "codigo": "38256",
      "action": "skipped",
      "reason": "missing_price_usd"
    },
    {
      "codigo": "58163",
      "action": "skipped",
      "reason": "missing_price_usd"
    },
    {
      "codigo": "58164",
      "action": "skipped",
      "reason": "missing_price_usd"
    },
    {
      "codigo": "58162",
      "action": "skipped",
      "reason": "missing_price_usd"
    },
    {
      "codigo": "58152",
      "action": "skipped",
      "reason": "missing_price_usd"
    },
    {
      "codigo": "58118",
      "action": "skipped",
      "reason": "missing_price_usd"
    },
    {
      "codigo": "57464",
      "action": "skipped",
      "reason": "missing_price_usd"
    },
    {
      "codigo": "58104",
      "action": "skipped",
      "reason": "missing_price_usd"
    },
    {
      "codigo": "55762",
      "action": "skipped",
      "reason": "missing_price_usd"
    },
    {
      "codigo": "58068",
      "action": "skipped",
      "reason": "missing_price_usd"
    },
    {
      "codigo": "56320",
      "action": "skipped",
      "reason": "missing_price_usd"
    },
    {
      "codigo": "54779",
      "action": "skipped",
      "reason": "missing_price_usd"
    },
    {
      "codigo": "54565",
      "action": "skipped",
      "reason": "missing_price_usd"
    },
    {
      "codigo": "53927",
      "action": "skipped",
      "reason": "missing_price_usd"
    },
    {
      "codigo": "53295",
      "action": "skipped",
      "reason": "missing_price_usd"
    },
    {
      "codigo": "53413",
      "action": "skipped",
      "reason": "missing_price_usd"
    },
    {
      "codigo": "51981",
      "action": "skipped",
      "reason": "missing_price_usd"
    },
    {
      "codigo": "51979",
      "action": "skipped",
      "reason": "missing_price_usd"
    },
    {
      "codigo": "51978",
      "action": "skipped",
      "reason": "missing_price_usd"
    },
    {
      "codigo": "51977",
      "action": "skipped",
      "reason": "missing_price_usd"
    },
    {
      "codigo": "51976",
      "action": "skipped",
      "reason": "missing_price_usd"
    },
    {
      "codigo": "50808",
      "action": "skipped",
      "reason": "missing_price_usd"
    },
    {
      "codigo": "50807",
      "action": "skipped",
      "reason": "missing_price_usd"
    },
    {
      "codigo": "42805",
      "action": "skipped",
      "reason": "missing_price_usd"
    },
    {
      "codigo": "31915",
      "action": "skipped",
      "reason": "missing_price_usd"
    },
    {
      "codigo": "58148",
      "action": "skipped",
      "reason": "missing_price_usd"
    },
    {
      "codigo": "56668",
      "action": "skipped",
      "reason": "missing_price_usd"
    },
    {
      "codigo": "57946",
      "action": "skipped",
      "reason": "missing_price_usd"
    },
    {
      "codigo": "57945",
      "action": "skipped",
      "reason": "missing_price_usd"
    },
    {
      "codigo": "57944",
      "action": "skipped",
      "reason": "missing_price_usd"
    },
    {
      "codigo": "57943",
      "action": "skipped",
      "reason": "missing_price_usd"
    },
    {
      "codigo": "57362",
      "action": "skipped",
      "reason": "missing_price_usd"
    },
    {
      "codigo": "57246",
      "action": "skipped",
      "reason": "missing_price_usd"
    },
    {
      "codigo": "57245",
      "action": "skipped",
      "reason": "missing_price_usd"
    },
    {
      "codigo": "57244",
      "action": "skipped",
      "reason": "missing_price_usd"
    },
    {
      "codigo": "57071",
      "action": "skipped",
      "reason": "missing_price_usd"
    },
    {
      "codigo": "56684",
      "action": "skipped",
      "reason": "missing_price_usd"
    },
    {
      "codigo": "56222",
      "action": "skipped",
      "reason": "missing_price_usd"
    },
    {
      "codigo": "56221",
      "action": "skipped",
      "reason": "missing_price_usd"
    },
    {
      "codigo": "56220",
      "action": "skipped",
      "reason": "missing_price_usd"
    },
    {
      "codigo": "56219",
      "action": "skipped",
      "reason": "missing_price_usd"
    },
    {
      "codigo": "56218",
      "action": "skipped",
      "reason": "missing_price_usd"
    },
    {
      "codigo": "56217",
      "action": "skipped",
      "reason": "missing_price_usd"
    },
    {
      "codigo": "56216",
      "action": "skipped",
      "reason": "missing_price_usd"
    },
    {
      "codigo": "56215",
      "action": "skipped",
      "reason": "missing_price_usd"
    },
    {
      "codigo": "56214",
      "action": "skipped",
      "reason": "missing_price_usd"
    },
    {
      "codigo": "56213",
      "action": "skipped",
      "reason": "missing_price_usd"
    },
    {
      "codigo": "55842",
      "action": "skipped",
      "reason": "missing_price_usd"
    },
    {
      "codigo": "55730",
      "action": "skipped",
      "reason": "missing_price_usd"
    },
    {
      "codigo": "55728",
      "action": "skipped",
      "reason": "missing_price_usd"
    },
    {
      "codigo": "55726",
      "action": "skipped",
      "reason": "missing_price_usd"
    },
    {
      "codigo": "55615",
      "action": "skipped",
      "reason": "missing_price_usd"
    },
    {
      "codigo": "54983",
      "action": "skipped",
      "reason": "missing_price_usd"
    },
    {
      "codigo": "54945",
      "action": "skipped",
      "reason": "missing_price_usd"
    },
    {
      "codigo": "54838",
      "action": "skipped",
      "reason": "missing_price_usd"
    },
    {
      "codigo": "54837",
      "action": "skipped",
      "reason": "missing_price_usd"
    },
    {
      "codigo": "54748",
      "action": "skipped",
      "reason": "missing_price_usd"
    },
    {
      "codigo": "54703",
      "action": "skipped",
      "reason": "missing_price_usd"
    },
    {
      "codigo": "54702",
      "action": "skipped",
      "reason": "missing_price_usd"
    },
    {
      "codigo": "54544",
      "action": "skipped",
      "reason": "missing_price_usd"
    },
    {
      "codigo": "54542",
      "action": "skipped",
      "reason": "missing_price_usd"
    },
    {
      "codigo": "54541",
      "action": "skipped",
      "reason": "missing_price_usd"
    },
    {
      "codigo": "54540",
      "action": "skipped",
      "reason": "missing_price_usd"
    },
    {
      "codigo": "54539",
      "action": "skipped",
      "reason": "missing_price_usd"
    },
    {
      "codigo": "54538",
      "action": "skipped",
      "reason": "missing_price_usd"
    },
    {
      "codigo": "54536",
      "action": "skipped",
      "reason": "missing_price_usd"
    },
    {
      "codigo": "54535",
      "action": "skipped",
      "reason": "missing_price_usd"
    },
    {
      "codigo": "54534",
      "action": "skipped",
      "reason": "missing_price_usd"
    },
    {
      "codigo": "54530",
      "action": "skipped",
      "reason": "missing_price_usd"
    },
    {
      "codigo": "54527",
      "action": "skipped",
      "reason": "missing_price_usd"
    },
    {
      "codigo": "54208",
      "action": "skipped",
      "reason": "missing_price_usd"
    },
    {
      "codigo": "53775",
      "action": "skipped",
      "reason": "missing_price_usd"
    },
    {
      "codigo": "53773",
      "action": "skipped",
      "reason": "missing_price_usd"
    },
    {
      "codigo": "52867",
      "action": "skipped",
      "reason": "missing_price_usd"
    },
    {
      "codigo": "52362",
      "action": "skipped",
      "reason": "missing_price_usd"
    },
    {
      "codigo": "52858",
      "action": "skipped",
      "reason": "missing_price_usd"
    },
    {
      "codigo": "52857",
      "action": "skipped",
      "reason": "missing_price_usd"
    },
    {
      "codigo": "52866",
      "action": "skipped",
      "reason": "missing_price_usd"
    },
    {
      "codigo": "52862",
      "action": "skipped",
      "reason": "missing_price_usd"
    },
    {
      "codigo": "52855",
      "action": "skipped",
      "reason": "missing_price_usd"
    },
    {
      "codigo": "52363",
      "action": "skipped",
      "reason": "missing_price_usd"
    },
    {
      "codigo": "52360",
      "action": "skipped",
      "reason": "missing_price_usd"
    },
    {
      "codigo": "52098",
      "action": "skipped",
      "reason": "missing_price_usd"
    },
    {
      "codigo": "51486",
      "action": "skipped",
      "reason": "missing_price_usd"
    },
    {
      "codigo": "50888",
      "action": "skipped",
      "reason": "missing_price_usd"
    },
    {
      "codigo": "50887",
      "action": "skipped",
      "reason": "missing_price_usd"
    },
    {
      "codigo": "49688",
      "action": "skipped",
      "reason": "missing_price_usd"
    },
    {
      "codigo": "49461",
      "action": "skipped",
      "reason": "missing_price_usd"
    },
    {
      "codigo": "49460",
      "action": "skipped",
      "reason": "missing_price_usd"
    },
    {
      "codigo": "24344",
      "action": "skipped",
      "reason": "missing_price_usd"
    },
    {
      "codigo": "45904",
      "action": "skipped",
      "reason": "missing_price_usd"
    },
    {
      "codigo": "45903",
      "action": "skipped",
      "reason": "missing_price_usd"
    },
    {
      "codigo": "44713",
      "action": "skipped",
      "reason": "missing_price_usd"
    },
    {
      "codigo": "43537",
      "action": "skipped",
      "reason": "missing_price_usd"
    },
    {
      "codigo": "41643",
      "action": "skipped",
      "reason": "missing_price_usd"
    },
    {
      "codigo": "40313",
      "action": "skipped",
      "reason": "missing_price_usd"
    },
    {
      "codigo": "40281",
      "action": "skipped",
      "reason": "missing_price_usd"
    },
    {
      "codigo": "39550",
      "action": "skipped",
      "reason": "missing_price_usd"
    },
    {
      "codigo": "37967",
      "action": "skipped",
      "reason": "missing_price_usd"
    },
    {
      "codigo": "37864",
      "action": "skipped",
      "reason": "missing_price_usd"
    },
    {
      "codigo": "36866",
      "action": "skipped",
      "reason": "missing_price_usd"
    },
    {
      "codigo": "36612",
      "action": "skipped",
      "reason": "missing_price_usd"
    },
    {
      "codigo": "36610",
      "action": "skipped",
      "reason": "missing_price_usd"
    },
    {
      "codigo": "32256",
      "action": "skipped",
      "reason": "missing_price_usd"
    },
    {
      "codigo": "29120",
      "action": "skipped",
      "reason": "missing_price_usd"
    },
    {
      "codigo": "26471",
      "action": "skipped",
      "reason": "missing_price_usd"
    },
    {
      "codigo": "25972",
      "action": "skipped",
      "reason": "missing_price_usd"
    },
    {
      "codigo": "24881",
      "action": "skipped",
      "reason": "missing_price_usd"
    },
    {
      "codigo": "19329",
      "action": "skipped",
      "reason": "missing_price_usd"
    },
    {
      "codigo": "19328",
      "action": "skipped",
      "reason": "missing_price_usd"
    },
    {
      "codigo": "19327",
      "action": "skipped",
      "reason": "missing_price_usd"
    },
    {
      "codigo": "19325",
      "action": "skipped",
      "reason": "missing_price_usd"
    },
    {
      "codigo": "56442",
      "action": "skipped",
      "reason": "missing_price_usd"
    },
    {
      "codigo": "58113",
      "action": "skipped",
      "reason": "missing_price_usd"
    },
    {
      "codigo": "57570",
      "action": "skipped",
      "reason": "missing_price_usd"
    },
    {
      "codigo": "57836",
      "action": "skipped",
      "reason": "missing_price_usd"
    },
    {
      "codigo": "57066",
      "action": "skipped",
      "reason": "missing_price_usd"
    },
    {
      "codigo": "56804",
      "action": "skipped",
      "reason": "missing_price_usd"
    },
    {
      "codigo": "56699",
      "action": "skipped",
      "reason": "missing_price_usd"
    },
    {
      "codigo": "56346",
      "action": "skipped",
      "reason": "missing_price_usd"
    },
    {
      "codigo": "55763",
      "action": "skipped",
      "reason": "missing_price_usd"
    },
    {
      "codigo": "55193",
      "action": "skipped",
      "reason": "missing_price_usd"
    },
    {
      "codigo": "54856",
      "action": "skipped",
      "reason": "missing_price_usd"
    },
    {
      "codigo": "53580",
      "action": "skipped",
      "reason": "missing_price_usd"
    },
    {
      "codigo": "53233",
      "action": "skipped",
      "reason": "missing_price_usd"
    },
    {
      "codigo": "50039",
      "action": "skipped",
      "reason": "missing_price_usd"
    },
    {
      "codigo": "48721",
      "action": "skipped",
      "reason": "missing_price_usd"
    },
    {
      "codigo": "48368",
      "action": "skipped",
      "reason": "missing_price_usd"
    },
    {
      "codigo": "48068",
      "action": "skipped",
      "reason": "missing_price_usd"
    },
    {
      "codigo": "47566",
      "action": "skipped",
      "reason": "missing_price_usd"
    },
    {
      "codigo": "48658",
      "action": "skipped",
      "reason": "missing_price_usd"
    },
    {
      "codigo": "47144",
      "action": "skipped",
      "reason": "missing_price_usd"
    },
    {
      "codigo": "46706",
      "action": "skipped",
      "reason": "missing_price_usd"
    },
    {
      "codigo": "40619",
      "action": "skipped",
      "reason": "missing_price_usd"
    },
    {
      "codigo": "32785",
      "action": "skipped",
      "reason": "missing_price_usd"
    },
    {
      "codigo": "56146",
      "action": "skipped",
      "reason": "missing_price_usd"
    },
    {
      "codigo": "56143",
      "action": "skipped",
      "reason": "missing_price_usd"
    },
    {
      "codigo": "54914",
      "action": "skipped",
      "reason": "missing_price_usd"
    },
    {
      "codigo": "52385",
      "action": "skipped",
      "reason": "missing_price_usd"
    },
    {
      "codigo": "53360",
      "action": "skipped",
      "reason": "missing_price_usd"
    },
    {
      "codigo": "50142",
      "action": "skipped",
      "reason": "missing_price_usd"
    },
    {
      "codigo": "50421",
      "action": "skipped",
      "reason": "missing_price_usd"
    },
    {
      "codigo": "49253",
      "action": "skipped",
      "reason": "missing_price_usd"
    },
    {
      "codigo": "49254",
      "action": "skipped",
      "reason": "missing_price_usd"
    },
    {
      "codigo": "48794",
      "action": "skipped",
      "reason": "missing_price_usd"
    },
    {
      "codigo": "55049",
      "action": "skipped",
      "reason": "missing_price_usd"
    },
    {
      "codigo": "53247",
      "action": "skipped",
      "reason": "missing_price_usd"
    },
    {
      "codigo": "58093",
      "action": "skipped",
      "reason": "missing_price_usd"
    },
    {
      "codigo": "57968",
      "action": "skipped",
      "reason": "missing_price_usd"
    },
    {
      "codigo": "57942",
      "action": "skipped",
      "reason": "missing_price_usd"
    },
    {
      "codigo": "57805",
      "action": "skipped",
      "reason": "missing_price_usd"
    },
    {
      "codigo": "57523",
      "action": "skipped",
      "reason": "missing_price_usd"
    },
    {
      "codigo": "57415",
      "action": "skipped",
      "reason": "missing_price_usd"
    },
    {
      "codigo": "57165",
      "action": "skipped",
      "reason": "missing_price_usd"
    },
    {
      "codigo": "56903",
      "action": "skipped",
      "reason": "missing_price_usd"
    },
    {
      "codigo": "56901",
      "action": "skipped",
      "reason": "missing_price_usd"
    },
    {
      "codigo": "56746",
      "action": "skipped",
      "reason": "missing_price_usd"
    },
    {
      "codigo": "56745",
      "action": "skipped",
      "reason": "missing_price_usd"
    },
    {
      "codigo": "56691",
      "action": "skipped",
      "reason": "missing_price_usd"
    },
    {
      "codigo": "56625",
      "action": "skipped",
      "reason": "missing_price_usd"
    },
    {
      "codigo": "56477",
      "action": "skipped",
      "reason": "missing_price_usd"
    },
    {
      "codigo": "56476",
      "action": "skipped",
      "reason": "missing_price_usd"
    },
    {
      "codigo": "56313",
      "action": "skipped",
      "reason": "missing_price_usd"
    },
    {
      "codigo": "56145",
      "action": "skipped",
      "reason": "missing_price_usd"
    },
    {
      "codigo": "56093",
      "action": "skipped",
      "reason": "missing_price_usd"
    },
    {
      "codigo": "56079",
      "action": "skipped",
      "reason": "missing_price_usd"
    },
    {
      "codigo": "56078",
      "action": "skipped",
      "reason": "missing_price_usd"
    },
    {
      "codigo": "56077",
      "action": "skipped",
      "reason": "missing_price_usd"
    },
    {
      "codigo": "55738",
      "action": "skipped",
      "reason": "missing_price_usd"
    },
    {
      "codigo": "55552",
      "action": "skipped",
      "reason": "missing_price_usd"
    },
    {
      "codigo": "55375",
      "action": "skipped",
      "reason": "missing_price_usd"
    },
    {
      "codigo": "55373",
      "action": "skipped",
      "reason": "missing_price_usd"
    },
    {
      "codigo": "55372",
      "action": "skipped",
      "reason": "missing_price_usd"
    },
    {
      "codigo": "55186",
      "action": "skipped",
      "reason": "missing_price_usd"
    },
    {
      "codigo": "55180",
      "action": "skipped",
      "reason": "missing_price_usd"
    },
    {
      "codigo": "55162",
      "action": "skipped",
      "reason": "missing_price_usd"
    },
    {
      "codigo": "55160",
      "action": "skipped",
      "reason": "missing_price_usd"
    },
    {
      "codigo": "55159",
      "action": "skipped",
      "reason": "missing_price_usd"
    },
    {
      "codigo": "55158",
      "action": "skipped",
      "reason": "missing_price_usd"
    },
    {
      "codigo": "55157",
      "action": "skipped",
      "reason": "missing_price_usd"
    },
    {
      "codigo": "55086",
      "action": "skipped",
      "reason": "missing_price_usd"
    },
    {
      "codigo": "55039",
      "action": "skipped",
      "reason": "missing_price_usd"
    },
    {
      "codigo": "54795",
      "action": "skipped",
      "reason": "missing_price_usd"
    },
    {
      "codigo": "54332",
      "action": "skipped",
      "reason": "missing_price_usd"
    },
    {
      "codigo": "50458",
      "action": "skipped",
      "reason": "missing_price_usd"
    },
    {
      "codigo": "53092",
      "action": "skipped",
      "reason": "missing_price_usd"
    },
    {
      "codigo": "53072",
      "action": "skipped",
      "reason": "missing_price_usd"
    },
    {
      "codigo": "52452",
      "action": "skipped",
      "reason": "missing_price_usd"
    },
    {
      "codigo": "52405",
      "action": "skipped",
      "reason": "missing_price_usd"
    },
    {
      "codigo": "52389",
      "action": "skipped",
      "reason": "missing_price_usd"
    },
    {
      "codigo": "50829",
      "action": "skipped",
      "reason": "missing_price_usd"
    },
    {
      "codigo": "49375",
      "action": "skipped",
      "reason": "missing_price_usd"
    },
    {
      "codigo": "19757",
      "action": "skipped",
      "reason": "missing_price_usd"
    },
    {
      "codigo": "48776",
      "action": "skipped",
      "reason": "missing_price_usd"
    },
    {
      "codigo": "48733",
      "action": "skipped",
      "reason": "missing_price_usd"
    },
    {
      "codigo": "48111",
      "action": "skipped",
      "reason": "missing_price_usd"
    },
    {
      "codigo": "48110",
      "action": "skipped",
      "reason": "missing_price_usd"
    },
    {
      "codigo": "47999",
      "action": "skipped",
      "reason": "missing_price_usd"
    },
    {
      "codigo": "47998",
      "action": "skipped",
      "reason": "missing_price_usd"
    },
    {
      "codigo": "47569",
      "action": "skipped",
      "reason": "missing_price_usd"
    },
    {
      "codigo": "40454",
      "action": "skipped",
      "reason": "missing_price_usd"
    },
    {
      "codigo": "45575",
      "action": "skipped",
      "reason": "missing_price_usd"
    },
    {
      "codigo": "45021",
      "action": "skipped",
      "reason": "missing_price_usd"
    },
    {
      "codigo": "45213",
      "action": "skipped",
      "reason": "missing_price_usd"
    },
    {
      "codigo": "44622",
      "action": "skipped",
      "reason": "missing_price_usd"
    },
    {
      "codigo": "42963",
      "action": "skipped",
      "reason": "missing_price_usd"
    },
    {
      "codigo": "42852",
      "action": "skipped",
      "reason": "missing_price_usd"
    },
    {
      "codigo": "42093",
      "action": "skipped",
      "reason": "missing_price_usd"
    },
    {
      "codigo": "41869",
      "action": "skipped",
      "reason": "missing_price_usd"
    },
    {
      "codigo": "41205",
      "action": "skipped",
      "reason": "missing_price_usd"
    },
    {
      "codigo": "27232",
      "action": "skipped",
      "reason": "missing_price_usd"
    },
    {
      "codigo": "40653",
      "action": "skipped",
      "reason": "missing_price_usd"
    },
    {
      "codigo": "37878",
      "action": "skipped",
      "reason": "missing_price_usd"
    },
    {
      "codigo": "40240",
      "action": "skipped",
      "reason": "missing_price_usd"
    },
    {
      "codigo": "39749",
      "action": "skipped",
      "reason": "missing_price_usd"
    },
    {
      "codigo": "38192",
      "action": "skipped",
      "reason": "missing_price_usd"
    },
    {
      "codigo": "38095",
      "action": "skipped",
      "reason": "missing_price_usd"
    },
    {
      "codigo": "37717",
      "action": "skipped",
      "reason": "missing_price_usd"
    },
    {
      "codigo": "33637",
      "action": "skipped",
      "reason": "missing_price_usd"
    },
    {
      "codigo": "33634",
      "action": "skipped",
      "reason": "missing_price_usd"
    },
    {
      "codigo": "30100",
      "action": "skipped",
      "reason": "missing_price_usd"
    },
    {
      "codigo": "29910",
      "action": "skipped",
      "reason": "missing_price_usd"
    },
    {
      "codigo": "28493",
      "action": "skipped",
      "reason": "missing_price_usd"
    },
    {
      "codigo": "27522",
      "action": "skipped",
      "reason": "missing_price_usd"
    },
    {
      "codigo": "26746",
      "action": "skipped",
      "reason": "missing_price_usd"
    },
    {
      "codigo": "26456",
      "action": "skipped",
      "reason": "missing_price_usd"
    },
    {
      "codigo": "23906",
      "action": "skipped",
      "reason": "missing_price_usd"
    },
    {
      "codigo": "23734",
      "action": "skipped",
      "reason": "missing_price_usd"
    },
    {
      "codigo": "23345",
      "action": "skipped",
      "reason": "missing_price_usd"
    },
    {
      "codigo": "16743",
      "action": "skipped",
      "reason": "missing_price_usd"
    },
    {
      "codigo": "57251",
      "action": "skipped",
      "reason": "missing_price_usd"
    },
    {
      "codigo": "56052",
      "action": "skipped",
      "reason": "missing_price_usd"
    },
    {
      "codigo": "55734",
      "action": "skipped",
      "reason": "missing_price_usd"
    },
    {
      "codigo": "49057",
      "action": "skipped",
      "reason": "missing_price_usd"
    },
    {
      "codigo": "58139",
      "action": "skipped",
      "reason": "missing_price_usd"
    },
    {
      "codigo": "58140",
      "action": "skipped",
      "reason": "missing_price_usd"
    },
    {
      "codigo": "54858",
      "action": "skipped",
      "reason": "missing_price_usd"
    },
    {
      "codigo": "54855",
      "action": "skipped",
      "reason": "missing_price_usd"
    },
    {
      "codigo": "54854",
      "action": "skipped",
      "reason": "missing_price_usd"
    },
    {
      "codigo": "58004",
      "action": "skipped",
      "reason": "missing_price_usd"
    },
    {
      "codigo": "56761",
      "action": "skipped",
      "reason": "missing_price_usd"
    },
    {
      "codigo": "56763",
      "action": "skipped",
      "reason": "missing_price_usd"
    },
    {
      "codigo": "56734",
      "action": "skipped",
      "reason": "missing_price_usd"
    },
    {
      "codigo": "54755",
      "action": "skipped",
      "reason": "missing_price_usd"
    },
    {
      "codigo": "54233",
      "action": "skipped",
      "reason": "missing_price_usd"
    },
    {
      "codigo": "56703",
      "action": "skipped",
      "reason": "missing_price_usd"
    },
    {
      "codigo": "40730",
      "action": "skipped",
      "reason": "missing_price_usd"
    },
    {
      "codigo": "58015",
      "action": "skipped",
      "reason": "missing_price_usd"
    },
    {
      "codigo": "57727",
      "action": "skipped",
      "reason": "missing_price_usd"
    },
    {
      "codigo": "57645",
      "action": "skipped",
      "reason": "missing_price_usd"
    },
    {
      "codigo": "57568",
      "action": "skipped",
      "reason": "missing_price_usd"
    },
    {
      "codigo": "57536",
      "action": "skipped",
      "reason": "missing_price_usd"
    },
    {
      "codigo": "57414",
      "action": "skipped",
      "reason": "missing_price_usd"
    },
    {
      "codigo": "57413",
      "action": "skipped",
      "reason": "missing_price_usd"
    },
    {
      "codigo": "57120",
      "action": "skipped",
      "reason": "missing_price_usd"
    },
    {
      "codigo": "57119",
      "action": "skipped",
      "reason": "missing_price_usd"
    },
    {
      "codigo": "57118",
      "action": "skipped",
      "reason": "missing_price_usd"
    },
    {
      "codigo": "57116",
      "action": "skipped",
      "reason": "missing_price_usd"
    },
    {
      "codigo": "57115",
      "action": "skipped",
      "reason": "missing_price_usd"
    },
    {
      "codigo": "57114",
      "action": "skipped",
      "reason": "missing_price_usd"
    },
    {
      "codigo": "57113",
      "action": "skipped",
      "reason": "missing_price_usd"
    },
    {
      "codigo": "57112",
      "action": "skipped",
      "reason": "missing_price_usd"
    },
    {
      "codigo": "57086",
      "action": "skipped",
      "reason": "missing_price_usd"
    },
    {
      "codigo": "57085",
      "action": "skipped",
      "reason": "missing_price_usd"
    },
    {
      "codigo": "57084",
      "action": "skipped",
      "reason": "missing_price_usd"
    },
    {
      "codigo": "57082",
      "action": "skipped",
      "reason": "missing_price_usd"
    },
    {
      "codigo": "57079",
      "action": "skipped",
      "reason": "missing_price_usd"
    },
    {
      "codigo": "57063",
      "action": "skipped",
      "reason": "missing_price_usd"
    },
    {
      "codigo": "57014",
      "action": "skipped",
      "reason": "missing_price_usd"
    },
    {
      "codigo": "56915",
      "action": "skipped",
      "reason": "missing_price_usd"
    },
    {
      "codigo": "56865",
      "action": "skipped",
      "reason": "missing_price_usd"
    },
    {
      "codigo": "56864",
      "action": "skipped",
      "reason": "missing_price_usd"
    },
    {
      "codigo": "56764",
      "action": "skipped",
      "reason": "missing_price_usd"
    },
    {
      "codigo": "56762",
      "action": "skipped",
      "reason": "missing_price_usd"
    },
    {
      "codigo": "56760",
      "action": "skipped",
      "reason": "missing_price_usd"
    },
    {
      "codigo": "56759",
      "action": "skipped",
      "reason": "missing_price_usd"
    },
    {
      "codigo": "56758",
      "action": "skipped",
      "reason": "missing_price_usd"
    },
    {
      "codigo": "56740",
      "action": "skipped",
      "reason": "missing_price_usd"
    },
    {
      "codigo": "56739",
      "action": "skipped",
      "reason": "missing_price_usd"
    },
    {
      "codigo": "56738",
      "action": "skipped",
      "reason": "missing_price_usd"
    },
    {
      "codigo": "56735",
      "action": "skipped",
      "reason": "missing_price_usd"
    },
    {
      "codigo": "56693",
      "action": "skipped",
      "reason": "missing_price_usd"
    },
    {
      "codigo": "56680",
      "action": "skipped",
      "reason": "missing_price_usd"
    },
    {
      "codigo": "56447",
      "action": "skipped",
      "reason": "missing_price_usd"
    },
    {
      "codigo": "56406",
      "action": "skipped",
      "reason": "missing_price_usd"
    },
    {
      "codigo": "56404",
      "action": "skipped",
      "reason": "missing_price_usd"
    },
    {
      "codigo": "56340",
      "action": "skipped",
      "reason": "missing_price_usd"
    },
    {
      "codigo": "56338",
      "action": "skipped",
      "reason": "missing_price_usd"
    },
    {
      "codigo": "56337",
      "action": "skipped",
      "reason": "missing_price_usd"
    },
    {
      "codigo": "56335",
      "action": "skipped",
      "reason": "missing_price_usd"
    },
    {
      "codigo": "56334",
      "action": "skipped",
      "reason": "missing_price_usd"
    },
    {
      "codigo": "56330",
      "action": "skipped",
      "reason": "missing_price_usd"
    },
    {
      "codigo": "56329",
      "action": "skipped",
      "reason": "missing_price_usd"
    },
    {
      "codigo": "56328",
      "action": "skipped",
      "reason": "missing_price_usd"
    },
    {
      "codigo": "56279",
      "action": "skipped",
      "reason": "missing_price_usd"
    },
    {
      "codigo": "56227",
      "action": "skipped",
      "reason": "missing_price_usd"
    },
    {
      "codigo": "56226",
      "action": "skipped",
      "reason": "missing_price_usd"
    },
    {
      "codigo": "56225",
      "action": "skipped",
      "reason": "missing_price_usd"
    },
    {
      "codigo": "56212",
      "action": "skipped",
      "reason": "missing_price_usd"
    },
    {
      "codigo": "56211",
      "action": "skipped",
      "reason": "missing_price_usd"
    },
    {
      "codigo": "56051",
      "action": "skipped",
      "reason": "missing_price_usd"
    },
    {
      "codigo": "56050",
      "action": "skipped",
      "reason": "missing_price_usd"
    },
    {
      "codigo": "56049",
      "action": "skipped",
      "reason": "missing_price_usd"
    },
    {
      "codigo": "55749",
      "action": "skipped",
      "reason": "missing_price_usd"
    },
    {
      "codigo": "55748",
      "action": "skipped",
      "reason": "missing_price_usd"
    },
    {
      "codigo": "55747",
      "action": "skipped",
      "reason": "missing_price_usd"
    },
    {
      "codigo": "55736",
      "action": "skipped",
      "reason": "missing_price_usd"
    },
    {
      "codigo": "55682",
      "action": "skipped",
      "reason": "missing_price_usd"
    },
    {
      "codigo": "55627",
      "action": "skipped",
      "reason": "missing_price_usd"
    },
    {
      "codigo": "55450",
      "action": "skipped",
      "reason": "missing_price_usd"
    },
    {
      "codigo": "55449",
      "action": "skipped",
      "reason": "missing_price_usd"
    },
    {
      "codigo": "55429",
      "action": "skipped",
      "reason": "missing_price_usd"
    },
    {
      "codigo": "55428",
      "action": "skipped",
      "reason": "missing_price_usd"
    },
    {
      "codigo": "54857",
      "action": "skipped",
      "reason": "missing_price_usd"
    },
    {
      "codigo": "54802",
      "action": "skipped",
      "reason": "missing_price_usd"
    },
    {
      "codigo": "54372",
      "action": "skipped",
      "reason": "missing_price_usd"
    },
    {
      "codigo": "54371",
      "action": "skipped",
      "reason": "missing_price_usd"
    },
    {
      "codigo": "54370",
      "action": "skipped",
      "reason": "missing_price_usd"
    },
    {
      "codigo": "54362",
      "action": "skipped",
      "reason": "missing_price_usd"
    },
    {
      "codigo": "54243",
      "action": "skipped",
      "reason": "missing_price_usd"
    },
    {
      "codigo": "54232",
      "action": "skipped",
      "reason": "missing_price_usd"
    },
    {
      "codigo": "54209",
      "action": "skipped",
      "reason": "missing_price_usd"
    },
    {
      "codigo": "53735",
      "action": "skipped",
      "reason": "missing_price_usd"
    },
    {
      "codigo": "53992",
      "action": "skipped",
      "reason": "missing_price_usd"
    },
    {
      "codigo": "53184",
      "action": "skipped",
      "reason": "missing_price_usd"
    },
    {
      "codigo": "53183",
      "action": "skipped",
      "reason": "missing_price_usd"
    },
    {
      "codigo": "53181",
      "action": "skipped",
      "reason": "missing_price_usd"
    },
    {
      "codigo": "51410",
      "action": "skipped",
      "reason": "missing_price_usd"
    },
    {
      "codigo": "49952",
      "action": "skipped",
      "reason": "missing_price_usd"
    },
    {
      "codigo": "49944",
      "action": "skipped",
      "reason": "missing_price_usd"
    },
    {
      "codigo": "49943",
      "action": "skipped",
      "reason": "missing_price_usd"
    },
    {
      "codigo": "51168",
      "action": "skipped",
      "reason": "missing_price_usd"
    },
    {
      "codigo": "50779",
      "action": "skipped",
      "reason": "missing_price_usd"
    },
    {
      "codigo": "49953",
      "action": "skipped",
      "reason": "missing_price_usd"
    },
    {
      "codigo": "49951",
      "action": "skipped",
      "reason": "missing_price_usd"
    },
    {
      "codigo": "49949",
      "action": "skipped",
      "reason": "missing_price_usd"
    },
    {
      "codigo": "49948",
      "action": "skipped",
      "reason": "missing_price_usd"
    },
    {
      "codigo": "49947",
      "action": "skipped",
      "reason": "missing_price_usd"
    },
    {
      "codigo": "49941",
      "action": "skipped",
      "reason": "missing_price_usd"
    },
    {
      "codigo": "49940",
      "action": "skipped",
      "reason": "missing_price_usd"
    },
    {
      "codigo": "49939",
      "action": "skipped",
      "reason": "missing_price_usd"
    },
    {
      "codigo": "49938",
      "action": "skipped",
      "reason": "missing_price_usd"
    },
    {
      "codigo": "48743",
      "action": "skipped",
      "reason": "missing_price_usd"
    },
    {
      "codigo": "46027",
      "action": "skipped",
      "reason": "missing_price_usd"
    },
    {
      "codigo": "46023",
      "action": "skipped",
      "reason": "missing_price_usd"
    },
    {
      "codigo": "48539",
      "action": "skipped",
      "reason": "missing_price_usd"
    },
    {
      "codigo": "48538",
      "action": "skipped",
      "reason": "missing_price_usd"
    },
    {
      "codigo": "48536",
      "action": "skipped",
      "reason": "missing_price_usd"
    },
    {
      "codigo": "48513",
      "action": "skipped",
      "reason": "missing_price_usd"
    },
    {
      "codigo": "48435",
      "action": "skipped",
      "reason": "missing_price_usd"
    },
    {
      "codigo": "48143",
      "action": "skipped",
      "reason": "missing_price_usd"
    },
    {
      "codigo": "48035",
      "action": "skipped",
      "reason": "missing_price_usd"
    },
    {
      "codigo": "48029",
      "action": "skipped",
      "reason": "missing_price_usd"
    },
    {
      "codigo": "48019",
      "action": "skipped",
      "reason": "missing_price_usd"
    },
    {
      "codigo": "48009",
      "action": "skipped",
      "reason": "missing_price_usd"
    },
    {
      "codigo": "47612",
      "action": "skipped",
      "reason": "missing_price_usd"
    },
    {
      "codigo": "47357",
      "action": "skipped",
      "reason": "missing_price_usd"
    },
    {
      "codigo": "47354",
      "action": "skipped",
      "reason": "missing_price_usd"
    },
    {
      "codigo": "47198",
      "action": "skipped",
      "reason": "missing_price_usd"
    },
    {
      "codigo": "46170",
      "action": "skipped",
      "reason": "missing_price_usd"
    },
    {
      "codigo": "46169",
      "action": "skipped",
      "reason": "missing_price_usd"
    },
    {
      "codigo": "43600",
      "action": "skipped",
      "reason": "missing_price_usd"
    },
    {
      "codigo": "43426",
      "action": "skipped",
      "reason": "missing_price_usd"
    },
    {
      "codigo": "41999",
      "action": "skipped",
      "reason": "missing_price_usd"
    },
    {
      "codigo": "41552",
      "action": "skipped",
      "reason": "missing_price_usd"
    },
    {
      "codigo": "40776",
      "action": "skipped",
      "reason": "missing_price_usd"
    },
    {
      "codigo": "39339",
      "action": "skipped",
      "reason": "missing_price_usd"
    },
    {
      "codigo": "39015",
      "action": "skipped",
      "reason": "missing_price_usd"
    },
    {
      "codigo": "39002",
      "action": "skipped",
      "reason": "missing_price_usd"
    },
    {
      "codigo": "27713",
      "action": "skipped",
      "reason": "missing_price_usd"
    },
    {
      "codigo": "31495",
      "action": "skipped",
      "reason": "missing_price_usd"
    },
    {
      "codigo": "27891",
      "action": "skipped",
      "reason": "missing_price_usd"
    },
    {
      "codigo": "25872",
      "action": "skipped",
      "reason": "missing_price_usd"
    },
    {
      "codigo": "57268",
      "action": "skipped",
      "reason": "missing_price_usd"
    },
    {
      "codigo": "58145",
      "action": "skipped",
      "reason": "missing_price_usd"
    },
    {
      "codigo": "55318",
      "action": "skipped",
      "reason": "missing_price_usd"
    },
    {
      "codigo": "51922",
      "action": "skipped",
      "reason": "missing_price_usd"
    },
    {
      "codigo": "56962",
      "action": "skipped",
      "reason": "missing_price_usd"
    },
    {
      "codigo": "57146",
      "action": "skipped",
      "reason": "missing_price_usd"
    },
    {
      "codigo": "58062",
      "action": "skipped",
      "reason": "missing_price_usd"
    },
    {
      "codigo": "58061",
      "action": "skipped",
      "reason": "missing_price_usd"
    },
    {
      "codigo": "58063",
      "action": "skipped",
      "reason": "missing_price_usd"
    },
    {
      "codigo": "56436",
      "action": "skipped",
      "reason": "missing_price_usd"
    },
    {
      "codigo": "48774",
      "action": "skipped",
      "reason": "missing_price_usd"
    },
    {
      "codigo": "57673",
      "action": "skipped",
      "reason": "missing_price_usd"
    },
    {
      "codigo": "57608",
      "action": "skipped",
      "reason": "missing_price_usd"
    },
    {
      "codigo": "57545",
      "action": "skipped",
      "reason": "missing_price_usd"
    },
    {
      "codigo": "57544",
      "action": "skipped",
      "reason": "missing_price_usd"
    },
    {
      "codigo": "57543",
      "action": "skipped",
      "reason": "missing_price_usd"
    },
    {
      "codigo": "57531",
      "action": "skipped",
      "reason": "missing_price_usd"
    },
    {
      "codigo": "57530",
      "action": "skipped",
      "reason": "missing_price_usd"
    },
    {
      "codigo": "57528",
      "action": "skipped",
      "reason": "missing_price_usd"
    },
    {
      "codigo": "57512",
      "action": "skipped",
      "reason": "missing_price_usd"
    },
    {
      "codigo": "57499",
      "action": "skipped",
      "reason": "missing_price_usd"
    },
    {
      "codigo": "57496",
      "action": "skipped",
      "reason": "missing_price_usd"
    },
    {
      "codigo": "57490",
      "action": "skipped",
      "reason": "missing_price_usd"
    },
    {
      "codigo": "57484",
      "action": "skipped",
      "reason": "missing_price_usd"
    },
    {
      "codigo": "57441",
      "action": "skipped",
      "reason": "missing_price_usd"
    },
    {
      "codigo": "57382",
      "action": "skipped",
      "reason": "missing_price_usd"
    },
    {
      "codigo": "57289",
      "action": "skipped",
      "reason": "missing_price_usd"
    },
    {
      "codigo": "57287",
      "action": "skipped",
      "reason": "missing_price_usd"
    },
    {
      "codigo": "57283",
      "action": "skipped",
      "reason": "missing_price_usd"
    },
    {
      "codigo": "57282",
      "action": "skipped",
      "reason": "missing_price_usd"
    },
    {
      "codigo": "57281",
      "action": "skipped",
      "reason": "missing_price_usd"
    },
    {
      "codigo": "57280",
      "action": "skipped",
      "reason": "missing_price_usd"
    },
    {
      "codigo": "57279",
      "action": "skipped",
      "reason": "missing_price_usd"
    },
    {
      "codigo": "57278",
      "action": "skipped",
      "reason": "missing_price_usd"
    },
    {
      "codigo": "57277",
      "action": "skipped",
      "reason": "missing_price_usd"
    },
    {
      "codigo": "57276",
      "action": "skipped",
      "reason": "missing_price_usd"
    },
    {
      "codigo": "57275",
      "action": "skipped",
      "reason": "missing_price_usd"
    },
    {
      "codigo": "57274",
      "action": "skipped",
      "reason": "missing_price_usd"
    },
    {
      "codigo": "57273",
      "action": "skipped",
      "reason": "missing_price_usd"
    },
    {
      "codigo": "57272",
      "action": "skipped",
      "reason": "missing_price_usd"
    },
    {
      "codigo": "57271",
      "action": "skipped",
      "reason": "missing_price_usd"
    },
    {
      "codigo": "57270",
      "action": "skipped",
      "reason": "missing_price_usd"
    },
    {
      "codigo": "57267",
      "action": "skipped",
      "reason": "missing_price_usd"
    },
    {
      "codigo": "57266",
      "action": "skipped",
      "reason": "missing_price_usd"
    },
    {
      "codigo": "57265",
      "action": "skipped",
      "reason": "missing_price_usd"
    },
    {
      "codigo": "57264",
      "action": "skipped",
      "reason": "missing_price_usd"
    },
    {
      "codigo": "57141",
      "action": "skipped",
      "reason": "missing_price_usd"
    },
    {
      "codigo": "56847",
      "action": "skipped",
      "reason": "missing_price_usd"
    },
    {
      "codigo": "56518",
      "action": "skipped",
      "reason": "missing_price_usd"
    },
    {
      "codigo": "56490",
      "action": "skipped",
      "reason": "missing_price_usd"
    },
    {
      "codigo": "56403",
      "action": "skipped",
      "reason": "missing_price_usd"
    },
    {
      "codigo": "56233",
      "action": "skipped",
      "reason": "missing_price_usd"
    },
    {
      "codigo": "56229",
      "action": "skipped",
      "reason": "missing_price_usd"
    },
    {
      "codigo": "55908",
      "action": "skipped",
      "reason": "missing_price_usd"
    },
    {
      "codigo": "55819",
      "action": "skipped",
      "reason": "missing_price_usd"
    },
    {
      "codigo": "55816",
      "action": "skipped",
      "reason": "missing_price_usd"
    },
    {
      "codigo": "55760",
      "action": "skipped",
      "reason": "missing_price_usd"
    },
    {
      "codigo": "55412",
      "action": "skipped",
      "reason": "missing_price_usd"
    },
    {
      "codigo": "55218",
      "action": "skipped",
      "reason": "missing_price_usd"
    },
    {
      "codigo": "55077",
      "action": "skipped",
      "reason": "missing_price_usd"
    },
    {
      "codigo": "55024",
      "action": "skipped",
      "reason": "missing_price_usd"
    },
    {
      "codigo": "53726",
      "action": "skipped",
      "reason": "missing_price_usd"
    },
    {
      "codigo": "54391",
      "action": "skipped",
      "reason": "missing_price_usd"
    },
    {
      "codigo": "53527",
      "action": "skipped",
      "reason": "missing_price_usd"
    },
    {
      "codigo": "52871",
      "action": "skipped",
      "reason": "missing_price_usd"
    },
    {
      "codigo": "52870",
      "action": "skipped",
      "reason": "missing_price_usd"
    },
    {
      "codigo": "52852",
      "action": "skipped",
      "reason": "missing_price_usd"
    },
    {
      "codigo": "52673",
      "action": "skipped",
      "reason": "missing_price_usd"
    },
    {
      "codigo": "52659",
      "action": "skipped",
      "reason": "missing_price_usd"
    },
    {
      "codigo": "52511",
      "action": "skipped",
      "reason": "missing_price_usd"
    },
    {
      "codigo": "52276",
      "action": "skipped",
      "reason": "missing_price_usd"
    },
    {
      "codigo": "52110",
      "action": "skipped",
      "reason": "missing_price_usd"
    },
    {
      "codigo": "51990",
      "action": "skipped",
      "reason": "missing_price_usd"
    },
    {
      "codigo": "51908",
      "action": "skipped",
      "reason": "missing_price_usd"
    },
    {
      "codigo": "51623",
      "action": "skipped",
      "reason": "missing_price_usd"
    },
    {
      "codigo": "51489",
      "action": "skipped",
      "reason": "missing_price_usd"
    },
    {
      "codigo": "51434",
      "action": "skipped",
      "reason": "missing_price_usd"
    },
    {
      "codigo": "51433",
      "action": "skipped",
      "reason": "missing_price_usd"
    },
    {
      "codigo": "51134",
      "action": "skipped",
      "reason": "missing_price_usd"
    },
    {
      "codigo": "44261",
      "action": "skipped",
      "reason": "missing_price_usd"
    },
    {
      "codigo": "50913",
      "action": "skipped",
      "reason": "missing_price_usd"
    },
    {
      "codigo": "50902",
      "action": "skipped",
      "reason": "missing_price_usd"
    },
    {
      "codigo": "50336",
      "action": "skipped",
      "reason": "missing_price_usd"
    },
    {
      "codigo": "50283",
      "action": "skipped",
      "reason": "missing_price_usd"
    },
    {
      "codigo": "49545",
      "action": "skipped",
      "reason": "missing_price_usd"
    },
    {
      "codigo": "49544",
      "action": "skipped",
      "reason": "missing_price_usd"
    },
    {
      "codigo": "49510",
      "action": "skipped",
      "reason": "missing_price_usd"
    },
    {
      "codigo": "42642",
      "action": "skipped",
      "reason": "missing_price_usd"
    },
    {
      "codigo": "49316",
      "action": "skipped",
      "reason": "missing_price_usd"
    },
    {
      "codigo": "48921",
      "action": "skipped",
      "reason": "missing_price_usd"
    },
    {
      "codigo": "48192",
      "action": "skipped",
      "reason": "missing_price_usd"
    },
    {
      "codigo": "48635",
      "action": "skipped",
      "reason": "missing_price_usd"
    },
    {
      "codigo": "48556",
      "action": "skipped",
      "reason": "missing_price_usd"
    },
    {
      "codigo": "48031",
      "action": "skipped",
      "reason": "missing_price_usd"
    },
    {
      "codigo": "47960",
      "action": "skipped",
      "reason": "missing_price_usd"
    },
    {
      "codigo": "47661",
      "action": "skipped",
      "reason": "missing_price_usd"
    },
    {
      "codigo": "47660",
      "action": "skipped",
      "reason": "missing_price_usd"
    },
    {
      "codigo": "47085",
      "action": "skipped",
      "reason": "missing_price_usd"
    },
    {
      "codigo": "47022",
      "action": "skipped",
      "reason": "missing_price_usd"
    },
    {
      "codigo": "46621",
      "action": "skipped",
      "reason": "missing_price_usd"
    },
    {
      "codigo": "46619",
      "action": "skipped",
      "reason": "missing_price_usd"
    },
    {
      "codigo": "46519",
      "action": "skipped",
      "reason": "missing_price_usd"
    },
    {
      "codigo": "46186",
      "action": "skipped",
      "reason": "missing_price_usd"
    },
    {
      "codigo": "45373",
      "action": "skipped",
      "reason": "missing_price_usd"
    },
    {
      "codigo": "45771",
      "action": "skipped",
      "reason": "missing_price_usd"
    },
    {
      "codigo": "44941",
      "action": "skipped",
      "reason": "missing_price_usd"
    },
    {
      "codigo": "44871",
      "action": "skipped",
      "reason": "missing_price_usd"
    },
    {
      "codigo": "43226",
      "action": "skipped",
      "reason": "missing_price_usd"
    },
    {
      "codigo": "43225",
      "action": "skipped",
      "reason": "missing_price_usd"
    },
    {
      "codigo": "43224",
      "action": "skipped",
      "reason": "missing_price_usd"
    },
    {
      "codigo": "42886",
      "action": "skipped",
      "reason": "missing_price_usd"
    },
    {
      "codigo": "42885",
      "action": "skipped",
      "reason": "missing_price_usd"
    },
    {
      "codigo": "42871",
      "action": "skipped",
      "reason": "missing_price_usd"
    },
    {
      "codigo": "42644",
      "action": "skipped",
      "reason": "missing_price_usd"
    },
    {
      "codigo": "42106",
      "action": "skipped",
      "reason": "missing_price_usd"
    },
    {
      "codigo": "41810",
      "action": "skipped",
      "reason": "missing_price_usd"
    },
    {
      "codigo": "40660",
      "action": "skipped",
      "reason": "missing_price_usd"
    },
    {
      "codigo": "40655",
      "action": "skipped",
      "reason": "missing_price_usd"
    },
    {
      "codigo": "40651",
      "action": "skipped",
      "reason": "missing_price_usd"
    },
    {
      "codigo": "40376",
      "action": "skipped",
      "reason": "missing_price_usd"
    },
    {
      "codigo": "40128",
      "action": "skipped",
      "reason": "missing_price_usd"
    },
    {
      "codigo": "40079",
      "action": "skipped",
      "reason": "missing_price_usd"
    },
    {
      "codigo": "39808",
      "action": "skipped",
      "reason": "missing_price_usd"
    },
    {
      "codigo": "39781",
      "action": "skipped",
      "reason": "missing_price_usd"
    },
    {
      "codigo": "39322",
      "action": "skipped",
      "reason": "missing_price_usd"
    },
    {
      "codigo": "39201",
      "action": "skipped",
      "reason": "missing_price_usd"
    },
    {
      "codigo": "39097",
      "action": "skipped",
      "reason": "missing_price_usd"
    },
    {
      "codigo": "39023",
      "action": "skipped",
      "reason": "missing_price_usd"
    },
    {
      "codigo": "38993",
      "action": "skipped",
      "reason": "missing_price_usd"
    },
    {
      "codigo": "38303",
      "action": "skipped",
      "reason": "missing_price_usd"
    },
    {
      "codigo": "38037",
      "action": "skipped",
      "reason": "missing_price_usd"
    },
    {
      "codigo": "37309",
      "action": "skipped",
      "reason": "missing_price_usd"
    },
    {
      "codigo": "37188",
      "action": "skipped",
      "reason": "missing_price_usd"
    },
    {
      "codigo": "37157",
      "action": "skipped",
      "reason": "missing_price_usd"
    },
    {
      "codigo": "33059",
      "action": "skipped",
      "reason": "missing_price_usd"
    },
    {
      "codigo": "29007",
      "action": "skipped",
      "reason": "missing_price_usd"
    },
    {
      "codigo": "36681",
      "action": "skipped",
      "reason": "missing_price_usd"
    },
    {
      "codigo": "36680",
      "action": "skipped",
      "reason": "missing_price_usd"
    },
    {
      "codigo": "36405",
      "action": "skipped",
      "reason": "missing_price_usd"
    },
    {
      "codigo": "34706",
      "action": "skipped",
      "reason": "missing_price_usd"
    },
    {
      "codigo": "32239",
      "action": "skipped",
      "reason": "missing_price_usd"
    },
    {
      "codigo": "31240",
      "action": "skipped",
      "reason": "missing_price_usd"
    },
    {
      "codigo": "30624",
      "action": "skipped",
      "reason": "missing_price_usd"
    },
    {
      "codigo": "30427",
      "action": "skipped",
      "reason": "missing_price_usd"
    },
    {
      "codigo": "30109",
      "action": "skipped",
      "reason": "missing_price_usd"
    },
    {
      "codigo": "29006",
      "action": "skipped",
      "reason": "missing_price_usd"
    },
    {
      "codigo": "24297",
      "action": "skipped",
      "reason": "missing_price_usd"
    },
    {
      "codigo": "24265",
      "action": "skipped",
      "reason": "missing_price_usd"
    },
    {
      "codigo": "57326",
      "action": "skipped",
      "reason": "missing_price_usd"
    },
    {
      "codigo": "58055",
      "action": "skipped",
      "reason": "missing_price_usd"
    },
    {
      "codigo": "55829",
      "action": "skipped",
      "reason": "missing_price_usd"
    },
    {
      "codigo": "55054",
      "action": "skipped",
      "reason": "missing_price_usd"
    },
    {
      "codigo": "57737",
      "action": "skipped",
      "reason": "missing_price_usd"
    },
    {
      "codigo": "57419",
      "action": "skipped",
      "reason": "missing_price_usd"
    },
    {
      "codigo": "55688",
      "action": "skipped",
      "reason": "missing_price_usd"
    },
    {
      "codigo": "58146",
      "action": "skipped",
      "reason": "missing_price_usd"
    },
    {
      "codigo": "53231",
      "action": "skipped",
      "reason": "missing_price_usd"
    },
    {
      "codigo": "53446",
      "action": "skipped",
      "reason": "missing_price_usd"
    },
    {
      "codigo": "52934",
      "action": "skipped",
      "reason": "missing_price_usd"
    },
    {
      "codigo": "52677",
      "action": "skipped",
      "reason": "missing_price_usd"
    },
    {
      "codigo": "50937",
      "action": "skipped",
      "reason": "missing_price_usd"
    },
    {
      "codigo": "50941",
      "action": "skipped",
      "reason": "missing_price_usd"
    },
    {
      "codigo": "48983",
      "action": "skipped",
      "reason": "missing_price_usd"
    },
    {
      "codigo": "49683",
      "action": "skipped",
      "reason": "missing_price_usd"
    },
    {
      "codigo": "48335",
      "action": "skipped",
      "reason": "missing_price_usd"
    },
    {
      "codigo": "48334",
      "action": "skipped",
      "reason": "missing_price_usd"
    },
    {
      "codigo": "47821",
      "action": "skipped",
      "reason": "missing_price_usd"
    },
    {
      "codigo": "47819",
      "action": "skipped",
      "reason": "missing_price_usd"
    },
    {
      "codigo": "56465",
      "action": "skipped",
      "reason": "missing_price_usd"
    },
    {
      "codigo": "57547",
      "action": "skipped",
      "reason": "missing_price_usd"
    },
    {
      "codigo": "57537",
      "action": "skipped",
      "reason": "missing_price_usd"
    },
    {
      "codigo": "56469",
      "action": "skipped",
      "reason": "missing_price_usd"
    },
    {
      "codigo": "57824",
      "action": "skipped",
      "reason": "missing_price_usd"
    },
    {
      "codigo": "53286",
      "action": "skipped",
      "reason": "missing_price_usd"
    },
    {
      "codigo": "44636",
      "action": "skipped",
      "reason": "missing_price_usd"
    },
    {
      "codigo": "44178",
      "action": "skipped",
      "reason": "missing_price_usd"
    },
    {
      "codigo": "56458",
      "action": "skipped",
      "reason": "missing_price_usd"
    },
    {
      "codigo": "42195",
      "action": "skipped",
      "reason": "missing_price_usd"
    },
    {
      "codigo": "43540",
      "action": "skipped",
      "reason": "missing_price_usd"
    },
    {
      "codigo": "58058",
      "action": "skipped",
      "reason": "missing_price_usd"
    },
    {
      "codigo": "56926",
      "action": "skipped",
      "reason": "missing_price_usd"
    },
    {
      "codigo": "57440",
      "action": "skipped",
      "reason": "missing_price_usd"
    },
    {
      "codigo": "58059",
      "action": "skipped",
      "reason": "missing_price_usd"
    },
    {
      "codigo": "57941",
      "action": "skipped",
      "reason": "missing_price_usd"
    },
    {
      "codigo": "57940",
      "action": "skipped",
      "reason": "missing_price_usd"
    },
    {
      "codigo": "57939",
      "action": "skipped",
      "reason": "missing_price_usd"
    },
    {
      "codigo": "57938",
      "action": "skipped",
      "reason": "missing_price_usd"
    },
    {
      "codigo": "57937",
      "action": "skipped",
      "reason": "missing_price_usd"
    },
    {
      "codigo": "57932",
      "action": "skipped",
      "reason": "missing_price_usd"
    },
    {
      "codigo": "57931",
      "action": "skipped",
      "reason": "missing_price_usd"
    },
    {
      "codigo": "57736",
      "action": "skipped",
      "reason": "missing_price_usd"
    },
    {
      "codigo": "57735",
      "action": "skipped",
      "reason": "missing_price_usd"
    },
    {
      "codigo": "57609",
      "action": "skipped",
      "reason": "missing_price_usd"
    },
    {
      "codigo": "57549",
      "action": "skipped",
      "reason": "missing_price_usd"
    },
    {
      "codigo": "57548",
      "action": "skipped",
      "reason": "missing_price_usd"
    },
    {
      "codigo": "57546",
      "action": "skipped",
      "reason": "missing_price_usd"
    },
    {
      "codigo": "57399",
      "action": "skipped",
      "reason": "missing_price_usd"
    },
    {
      "codigo": "57327",
      "action": "skipped",
      "reason": "missing_price_usd"
    },
    {
      "codigo": "57254",
      "action": "skipped",
      "reason": "missing_price_usd"
    },
    {
      "codigo": "57247",
      "action": "skipped",
      "reason": "missing_price_usd"
    },
    {
      "codigo": "57030",
      "action": "skipped",
      "reason": "missing_price_usd"
    },
    {
      "codigo": "57029",
      "action": "skipped",
      "reason": "missing_price_usd"
    },
    {
      "codigo": "57028",
      "action": "skipped",
      "reason": "missing_price_usd"
    },
    {
      "codigo": "56993",
      "action": "skipped",
      "reason": "missing_price_usd"
    },
    {
      "codigo": "56928",
      "action": "skipped",
      "reason": "missing_price_usd"
    },
    {
      "codigo": "56927",
      "action": "skipped",
      "reason": "missing_price_usd"
    },
    {
      "codigo": "56925",
      "action": "skipped",
      "reason": "missing_price_usd"
    },
    {
      "codigo": "56855",
      "action": "skipped",
      "reason": "missing_price_usd"
    },
    {
      "codigo": "56819",
      "action": "skipped",
      "reason": "missing_price_usd"
    },
    {
      "codigo": "56815",
      "action": "skipped",
      "reason": "missing_price_usd"
    },
    {
      "codigo": "56723",
      "action": "skipped",
      "reason": "missing_price_usd"
    },
    {
      "codigo": "56716",
      "action": "skipped",
      "reason": "missing_price_usd"
    },
    {
      "codigo": "56460",
      "action": "skipped",
      "reason": "missing_price_usd"
    },
    {
      "codigo": "56384",
      "action": "skipped",
      "reason": "missing_price_usd"
    },
    {
      "codigo": "55631",
      "action": "skipped",
      "reason": "missing_price_usd"
    },
    {
      "codigo": "55019",
      "action": "skipped",
      "reason": "missing_price_usd"
    },
    {
      "codigo": "54497",
      "action": "skipped",
      "reason": "missing_price_usd"
    },
    {
      "codigo": "53897",
      "action": "skipped",
      "reason": "missing_price_usd"
    },
    {
      "codigo": "53793",
      "action": "skipped",
      "reason": "missing_price_usd"
    },
    {
      "codigo": "53753",
      "action": "skipped",
      "reason": "missing_price_usd"
    },
    {
      "codigo": "53445",
      "action": "skipped",
      "reason": "missing_price_usd"
    },
    {
      "codigo": "53375",
      "action": "skipped",
      "reason": "missing_price_usd"
    },
    {
      "codigo": "53374",
      "action": "skipped",
      "reason": "missing_price_usd"
    },
    {
      "codigo": "53326",
      "action": "skipped",
      "reason": "missing_price_usd"
    },
    {
      "codigo": "53315",
      "action": "skipped",
      "reason": "missing_price_usd"
    },
    {
      "codigo": "53304",
      "action": "skipped",
      "reason": "missing_price_usd"
    },
    {
      "codigo": "53302",
      "action": "skipped",
      "reason": "missing_price_usd"
    },
    {
      "codigo": "53301",
      "action": "skipped",
      "reason": "missing_price_usd"
    },
    {
      "codigo": "53300",
      "action": "skipped",
      "reason": "missing_price_usd"
    },
    {
      "codigo": "53236",
      "action": "skipped",
      "reason": "missing_price_usd"
    },
    {
      "codigo": "53232",
      "action": "skipped",
      "reason": "missing_price_usd"
    },
    {
      "codigo": "53011",
      "action": "skipped",
      "reason": "missing_price_usd"
    },
    {
      "codigo": "52894",
      "action": "skipped",
      "reason": "missing_price_usd"
    },
    {
      "codigo": "52893",
      "action": "skipped",
      "reason": "missing_price_usd"
    },
    {
      "codigo": "52892",
      "action": "skipped",
      "reason": "missing_price_usd"
    },
    {
      "codigo": "52841",
      "action": "skipped",
      "reason": "missing_price_usd"
    },
    {
      "codigo": "52696",
      "action": "skipped",
      "reason": "missing_price_usd"
    },
    {
      "codigo": "52661",
      "action": "skipped",
      "reason": "missing_price_usd"
    },
    {
      "codigo": "52116",
      "action": "skipped",
      "reason": "missing_price_usd"
    },
    {
      "codigo": "51609",
      "action": "skipped",
      "reason": "missing_price_usd"
    },
    {
      "codigo": "52073",
      "action": "skipped",
      "reason": "missing_price_usd"
    },
    {
      "codigo": "48980",
      "action": "skipped",
      "reason": "missing_price_usd"
    },
    {
      "codigo": "50419",
      "action": "skipped",
      "reason": "missing_price_usd"
    },
    {
      "codigo": "51285",
      "action": "skipped",
      "reason": "missing_price_usd"
    },
    {
      "codigo": "51055",
      "action": "skipped",
      "reason": "missing_price_usd"
    },
    {
      "codigo": "51054",
      "action": "skipped",
      "reason": "missing_price_usd"
    },
    {
      "codigo": "51053",
      "action": "skipped",
      "reason": "missing_price_usd"
    },
    {
      "codigo": "51051",
      "action": "skipped",
      "reason": "missing_price_usd"
    },
    {
      "codigo": "50947",
      "action": "skipped",
      "reason": "missing_price_usd"
    },
    {
      "codigo": "50945",
      "action": "skipped",
      "reason": "missing_price_usd"
    },
    {
      "codigo": "50940",
      "action": "skipped",
      "reason": "missing_price_usd"
    },
    {
      "codigo": "50814",
      "action": "skipped",
      "reason": "missing_price_usd"
    },
    {
      "codigo": "50813",
      "action": "skipped",
      "reason": "missing_price_usd"
    },
    {
      "codigo": "50390",
      "action": "skipped",
      "reason": "missing_price_usd"
    },
    {
      "codigo": "49814",
      "action": "skipped",
      "reason": "missing_price_usd"
    },
    {
      "codigo": "49718",
      "action": "skipped",
      "reason": "missing_price_usd"
    },
    {
      "codigo": "49458",
      "action": "skipped",
      "reason": "missing_price_usd"
    },
    {
      "codigo": "49366",
      "action": "skipped",
      "reason": "missing_price_usd"
    },
    {
      "codigo": "49153",
      "action": "skipped",
      "reason": "missing_price_usd"
    },
    {
      "codigo": "47778",
      "action": "skipped",
      "reason": "missing_price_usd"
    },
    {
      "codigo": "48984",
      "action": "skipped",
      "reason": "missing_price_usd"
    },
    {
      "codigo": "48639",
      "action": "skipped",
      "reason": "missing_price_usd"
    },
    {
      "codigo": "48638",
      "action": "skipped",
      "reason": "missing_price_usd"
    },
    {
      "codigo": "47023",
      "action": "skipped",
      "reason": "missing_price_usd"
    },
    {
      "codigo": "47413",
      "action": "skipped",
      "reason": "missing_price_usd"
    },
    {
      "codigo": "45815",
      "action": "skipped",
      "reason": "missing_price_usd"
    },
    {
      "codigo": "45249",
      "action": "skipped",
      "reason": "missing_price_usd"
    },
    {
      "codigo": "45248",
      "action": "skipped",
      "reason": "missing_price_usd"
    },
    {
      "codigo": "44951",
      "action": "skipped",
      "reason": "missing_price_usd"
    },
    {
      "codigo": "44615",
      "action": "skipped",
      "reason": "missing_price_usd"
    },
    {
      "codigo": "44614",
      "action": "skipped",
      "reason": "missing_price_usd"
    },
    {
      "codigo": "44598",
      "action": "skipped",
      "reason": "missing_price_usd"
    },
    {
      "codigo": "43955",
      "action": "skipped",
      "reason": "missing_price_usd"
    },
    {
      "codigo": "43950",
      "action": "skipped",
      "reason": "missing_price_usd"
    },
    {
      "codigo": "42782",
      "action": "skipped",
      "reason": "missing_price_usd"
    },
    {
      "codigo": "40715",
      "action": "skipped",
      "reason": "missing_price_usd"
    },
    {
      "codigo": "41219",
      "action": "skipped",
      "reason": "missing_price_usd"
    },
    {
      "codigo": "40790",
      "action": "skipped",
      "reason": "missing_price_usd"
    },
    {
      "codigo": "35341",
      "action": "skipped",
      "reason": "missing_price_usd"
    },
    {
      "codigo": "31471",
      "action": "skipped",
      "reason": "missing_price_usd"
    },
    {
      "codigo": "33762",
      "action": "skipped",
      "reason": "missing_price_usd"
    },
    {
      "codigo": "31411",
      "action": "skipped",
      "reason": "missing_price_usd"
    },
    {
      "codigo": "56702",
      "action": "skipped",
      "reason": "missing_price_usd"
    },
    {
      "codigo": "57081",
      "action": "skipped",
      "reason": "missing_price_usd"
    },
    {
      "codigo": "57080",
      "action": "skipped",
      "reason": "missing_price_usd"
    },
    {
      "codigo": "56644",
      "action": "skipped",
      "reason": "missing_price_usd"
    },
    {
      "codigo": "56344",
      "action": "skipped",
      "reason": "missing_price_usd"
    },
    {
      "codigo": "56343",
      "action": "skipped",
      "reason": "missing_price_usd"
    },
    {
      "codigo": "56342",
      "action": "skipped",
      "reason": "missing_price_usd"
    },
    {
      "codigo": "56339",
      "action": "skipped",
      "reason": "missing_price_usd"
    },
    {
      "codigo": "56252",
      "action": "skipped",
      "reason": "missing_price_usd"
    },
    {
      "codigo": "55792",
      "action": "skipped",
      "reason": "missing_price_usd"
    },
    {
      "codigo": "53203",
      "action": "skipped",
      "reason": "missing_price_usd"
    },
    {
      "codigo": "52207",
      "action": "skipped",
      "reason": "missing_price_usd"
    },
    {
      "codigo": "52206",
      "action": "skipped",
      "reason": "missing_price_usd"
    },
    {
      "codigo": "52201",
      "action": "skipped",
      "reason": "missing_price_usd"
    },
    {
      "codigo": "51479",
      "action": "skipped",
      "reason": "missing_price_usd"
    },
    {
      "codigo": "50635",
      "action": "skipped",
      "reason": "missing_price_usd"
    },
    {
      "codigo": "48057",
      "action": "skipped",
      "reason": "missing_price_usd"
    },
    {
      "codigo": "46040",
      "action": "skipped",
      "reason": "missing_price_usd"
    },
    {
      "codigo": "46039",
      "action": "skipped",
      "reason": "missing_price_usd"
    },
    {
      "codigo": "43599",
      "action": "skipped",
      "reason": "missing_price_usd"
    },
    {
      "codigo": "39553",
      "action": "skipped",
      "reason": "missing_price_usd"
    },
    {
      "codigo": "39552",
      "action": "skipped",
      "reason": "missing_price_usd"
    },
    {
      "codigo": "35106",
      "action": "skipped",
      "reason": "missing_price_usd"
    },
    {
      "codigo": "26153",
      "action": "skipped",
      "reason": "missing_price_usd"
    },
    {
      "codigo": "26152",
      "action": "skipped",
      "reason": "missing_price_usd"
    },
    {
      "codigo": "57352",
      "action": "skipped",
      "reason": "missing_price_usd"
    },
    {
      "codigo": "56987",
      "action": "skipped",
      "reason": "missing_price_usd"
    },
    {
      "codigo": "57521",
      "action": "skipped",
      "reason": "missing_price_usd"
    },
    {
      "codigo": "55571",
      "action": "skipped",
      "reason": "missing_price_usd"
    },
    {
      "codigo": "56074",
      "action": "skipped",
      "reason": "missing_price_usd"
    },
    {
      "codigo": "56473",
      "action": "skipped",
      "reason": "missing_price_usd"
    },
    {
      "codigo": "53596",
      "action": "skipped",
      "reason": "missing_price_usd"
    },
    {
      "codigo": "58064",
      "action": "skipped",
      "reason": "missing_price_usd"
    },
    {
      "codigo": "53338",
      "action": "skipped",
      "reason": "missing_price_usd"
    },
    {
      "codigo": "56998",
      "action": "skipped",
      "reason": "missing_price_usd"
    },
    {
      "codigo": "57353",
      "action": "skipped",
      "reason": "missing_price_usd"
    },
    {
      "codigo": "57823",
      "action": "skipped",
      "reason": "missing_price_usd"
    },
    {
      "codigo": "57822",
      "action": "skipped",
      "reason": "missing_price_usd"
    },
    {
      "codigo": "57756",
      "action": "skipped",
      "reason": "missing_price_usd"
    },
    {
      "codigo": "57755",
      "action": "skipped",
      "reason": "missing_price_usd"
    },
    {
      "codigo": "57753",
      "action": "skipped",
      "reason": "missing_price_usd"
    },
    {
      "codigo": "57709",
      "action": "skipped",
      "reason": "missing_price_usd"
    },
    {
      "codigo": "57593",
      "action": "skipped",
      "reason": "missing_price_usd"
    },
    {
      "codigo": "57524",
      "action": "skipped",
      "reason": "missing_price_usd"
    },
    {
      "codigo": "57522",
      "action": "skipped",
      "reason": "missing_price_usd"
    },
    {
      "codigo": "57504",
      "action": "skipped",
      "reason": "missing_price_usd"
    },
    {
      "codigo": "57503",
      "action": "skipped",
      "reason": "missing_price_usd"
    },
    {
      "codigo": "57025",
      "action": "skipped",
      "reason": "missing_price_usd"
    },
    {
      "codigo": "56988",
      "action": "skipped",
      "reason": "missing_price_usd"
    },
    {
      "codigo": "56985",
      "action": "skipped",
      "reason": "missing_price_usd"
    },
    {
      "codigo": "56984",
      "action": "skipped",
      "reason": "missing_price_usd"
    },
    {
      "codigo": "56983",
      "action": "skipped",
      "reason": "missing_price_usd"
    },
    {
      "codigo": "56982",
      "action": "skipped",
      "reason": "missing_price_usd"
    },
    {
      "codigo": "56981",
      "action": "skipped",
      "reason": "missing_price_usd"
    },
    {
      "codigo": "56980",
      "action": "skipped",
      "reason": "missing_price_usd"
    },
    {
      "codigo": "56979",
      "action": "skipped",
      "reason": "missing_price_usd"
    },
    {
      "codigo": "56978",
      "action": "skipped",
      "reason": "missing_price_usd"
    },
    {
      "codigo": "56977",
      "action": "skipped",
      "reason": "missing_price_usd"
    },
    {
      "codigo": "56976",
      "action": "skipped",
      "reason": "missing_price_usd"
    },
    {
      "codigo": "56858",
      "action": "skipped",
      "reason": "missing_price_usd"
    },
    {
      "codigo": "56729",
      "action": "skipped",
      "reason": "missing_price_usd"
    },
    {
      "codigo": "56728",
      "action": "skipped",
      "reason": "missing_price_usd"
    },
    {
      "codigo": "56687",
      "action": "skipped",
      "reason": "missing_price_usd"
    },
    {
      "codigo": "56673",
      "action": "skipped",
      "reason": "missing_price_usd"
    },
    {
      "codigo": "56502",
      "action": "skipped",
      "reason": "missing_price_usd"
    },
    {
      "codigo": "56501",
      "action": "skipped",
      "reason": "missing_price_usd"
    },
    {
      "codigo": "56500",
      "action": "skipped",
      "reason": "missing_price_usd"
    },
    {
      "codigo": "56499",
      "action": "skipped",
      "reason": "missing_price_usd"
    },
    {
      "codigo": "56497",
      "action": "skipped",
      "reason": "missing_price_usd"
    },
    {
      "codigo": "56495",
      "action": "skipped",
      "reason": "missing_price_usd"
    },
    {
      "codigo": "56472",
      "action": "skipped",
      "reason": "missing_price_usd"
    },
    {
      "codigo": "56291",
      "action": "skipped",
      "reason": "missing_price_usd"
    },
    {
      "codigo": "56290",
      "action": "skipped",
      "reason": "missing_price_usd"
    },
    {
      "codigo": "56191",
      "action": "skipped",
      "reason": "missing_price_usd"
    },
    {
      "codigo": "56190",
      "action": "skipped",
      "reason": "missing_price_usd"
    },
    {
      "codigo": "56189",
      "action": "skipped",
      "reason": "missing_price_usd"
    },
    {
      "codigo": "56183",
      "action": "skipped",
      "reason": "missing_price_usd"
    },
    {
      "codigo": "56182",
      "action": "skipped",
      "reason": "missing_price_usd"
    },
    {
      "codigo": "56178",
      "action": "skipped",
      "reason": "missing_price_usd"
    },
    {
      "codigo": "56069",
      "action": "skipped",
      "reason": "missing_price_usd"
    },
    {
      "codigo": "55801",
      "action": "skipped",
      "reason": "missing_price_usd"
    },
    {
      "codigo": "55800",
      "action": "skipped",
      "reason": "missing_price_usd"
    },
    {
      "codigo": "55799",
      "action": "skipped",
      "reason": "missing_price_usd"
    },
    {
      "codigo": "55798",
      "action": "skipped",
      "reason": "missing_price_usd"
    },
    {
      "codigo": "55789",
      "action": "skipped",
      "reason": "missing_price_usd"
    },
    {
      "codigo": "55788",
      "action": "skipped",
      "reason": "missing_price_usd"
    },
    {
      "codigo": "55787",
      "action": "skipped",
      "reason": "missing_price_usd"
    },
    {
      "codigo": "55727",
      "action": "skipped",
      "reason": "missing_price_usd"
    },
    {
      "codigo": "55725",
      "action": "skipped",
      "reason": "missing_price_usd"
    },
    {
      "codigo": "55723",
      "action": "skipped",
      "reason": "missing_price_usd"
    },
    {
      "codigo": "55458",
      "action": "skipped",
      "reason": "missing_price_usd"
    },
    {
      "codigo": "55414",
      "action": "skipped",
      "reason": "missing_price_usd"
    },
    {
      "codigo": "55360",
      "action": "skipped",
      "reason": "missing_price_usd"
    },
    {
      "codigo": "54895",
      "action": "skipped",
      "reason": "missing_price_usd"
    },
    {
      "codigo": "54834",
      "action": "skipped",
      "reason": "missing_price_usd"
    },
    {
      "codigo": "54507",
      "action": "skipped",
      "reason": "missing_price_usd"
    },
    {
      "codigo": "53990",
      "action": "skipped",
      "reason": "missing_price_usd"
    },
    {
      "codigo": "54433",
      "action": "skipped",
      "reason": "missing_price_usd"
    },
    {
      "codigo": "54432",
      "action": "skipped",
      "reason": "missing_price_usd"
    },
    {
      "codigo": "54230",
      "action": "skipped",
      "reason": "missing_price_usd"
    },
    {
      "codigo": "53895",
      "action": "skipped",
      "reason": "missing_price_usd"
    },
    {
      "codigo": "53437",
      "action": "skipped",
      "reason": "missing_price_usd"
    },
    {
      "codigo": "53206",
      "action": "skipped",
      "reason": "missing_price_usd"
    },
    {
      "codigo": "53018",
      "action": "skipped",
      "reason": "missing_price_usd"
    },
    {
      "codigo": "52726",
      "action": "skipped",
      "reason": "missing_price_usd"
    },
    {
      "codigo": "52464",
      "action": "skipped",
      "reason": "missing_price_usd"
    },
    {
      "codigo": "52149",
      "action": "skipped",
      "reason": "missing_price_usd"
    },
    {
      "codigo": "51794",
      "action": "skipped",
      "reason": "missing_price_usd"
    },
    {
      "codigo": "51791",
      "action": "skipped",
      "reason": "missing_price_usd"
    },
    {
      "codigo": "51529",
      "action": "skipped",
      "reason": "missing_price_usd"
    },
    {
      "codigo": "51203",
      "action": "skipped",
      "reason": "missing_price_usd"
    },
    {
      "codigo": "51202",
      "action": "skipped",
      "reason": "missing_price_usd"
    },
    {
      "codigo": "51201",
      "action": "skipped",
      "reason": "missing_price_usd"
    },
    {
      "codigo": "51175",
      "action": "skipped",
      "reason": "missing_price_usd"
    },
    {
      "codigo": "49853",
      "action": "skipped",
      "reason": "missing_price_usd"
    },
    {
      "codigo": "50499",
      "action": "skipped",
      "reason": "missing_price_usd"
    },
    {
      "codigo": "49946",
      "action": "skipped",
      "reason": "missing_price_usd"
    },
    {
      "codigo": "49854",
      "action": "skipped",
      "reason": "missing_price_usd"
    },
    {
      "codigo": "49045",
      "action": "skipped",
      "reason": "missing_price_usd"
    },
    {
      "codigo": "27878",
      "action": "skipped",
      "reason": "missing_price_usd"
    },
    {
      "codigo": "49098",
      "action": "skipped",
      "reason": "missing_price_usd"
    },
    {
      "codigo": "48964",
      "action": "skipped",
      "reason": "missing_price_usd"
    },
    {
      "codigo": "48738",
      "action": "skipped",
      "reason": "missing_price_usd"
    },
    {
      "codigo": "48560",
      "action": "skipped",
      "reason": "missing_price_usd"
    },
    {
      "codigo": "48283",
      "action": "skipped",
      "reason": "missing_price_usd"
    },
    {
      "codigo": "48208",
      "action": "skipped",
      "reason": "missing_price_usd"
    },
    {
      "codigo": "48207",
      "action": "skipped",
      "reason": "missing_price_usd"
    },
    {
      "codigo": "48206",
      "action": "skipped",
      "reason": "missing_price_usd"
    },
    {
      "codigo": "48119",
      "action": "skipped",
      "reason": "missing_price_usd"
    },
    {
      "codigo": "47989",
      "action": "skipped",
      "reason": "missing_price_usd"
    },
    {
      "codigo": "47850",
      "action": "skipped",
      "reason": "missing_price_usd"
    },
    {
      "codigo": "47581",
      "action": "skipped",
      "reason": "missing_price_usd"
    },
    {
      "codigo": "47406",
      "action": "skipped",
      "reason": "missing_price_usd"
    },
    {
      "codigo": "47382",
      "action": "skipped",
      "reason": "missing_price_usd"
    },
    {
      "codigo": "47323",
      "action": "skipped",
      "reason": "missing_price_usd"
    },
    {
      "codigo": "45746",
      "action": "skipped",
      "reason": "missing_price_usd"
    },
    {
      "codigo": "45653",
      "action": "skipped",
      "reason": "missing_price_usd"
    },
    {
      "codigo": "43230",
      "action": "skipped",
      "reason": "missing_price_usd"
    },
    {
      "codigo": "42944",
      "action": "skipped",
      "reason": "missing_price_usd"
    },
    {
      "codigo": "42942",
      "action": "skipped",
      "reason": "missing_price_usd"
    },
    {
      "codigo": "42604",
      "action": "skipped",
      "reason": "missing_price_usd"
    },
    {
      "codigo": "41632",
      "action": "skipped",
      "reason": "missing_price_usd"
    },
    {
      "codigo": "41630",
      "action": "skipped",
      "reason": "missing_price_usd"
    },
    {
      "codigo": "41629",
      "action": "skipped",
      "reason": "missing_price_usd"
    },
    {
      "codigo": "41627",
      "action": "skipped",
      "reason": "missing_price_usd"
    },
    {
      "codigo": "37752",
      "action": "skipped",
      "reason": "missing_price_usd"
    },
    {
      "codigo": "36830",
      "action": "skipped",
      "reason": "missing_price_usd"
    },
    {
      "codigo": "36640",
      "action": "skipped",
      "reason": "missing_price_usd"
    },
    {
      "codigo": "36639",
      "action": "skipped",
      "reason": "missing_price_usd"
    },
    {
      "codigo": "36637",
      "action": "skipped",
      "reason": "missing_price_usd"
    },
    {
      "codigo": "35900",
      "action": "skipped",
      "reason": "missing_price_usd"
    },
    {
      "codigo": "35724",
      "action": "skipped",
      "reason": "missing_price_usd"
    },
    {
      "codigo": "35493",
      "action": "skipped",
      "reason": "missing_price_usd"
    },
    {
      "codigo": "33343",
      "action": "skipped",
      "reason": "missing_price_usd"
    },
    {
      "codigo": "34997",
      "action": "skipped",
      "reason": "missing_price_usd"
    },
    {
      "codigo": "34996",
      "action": "skipped",
      "reason": "missing_price_usd"
    },
    {
      "codigo": "34470",
      "action": "skipped",
      "reason": "missing_price_usd"
    },
    {
      "codigo": "27619",
      "action": "skipped",
      "reason": "missing_price_usd"
    },
    {
      "codigo": "58143",
      "action": "skipped",
      "reason": "missing_price_usd"
    },
    {
      "codigo": "48437",
      "action": "skipped",
      "reason": "missing_price_usd"
    },
    {
      "codigo": "56599",
      "action": "skipped",
      "reason": "missing_price_usd"
    },
    {
      "codigo": "56639",
      "action": "skipped",
      "reason": "missing_price_usd"
    },
    {
      "codigo": "56637",
      "action": "skipped",
      "reason": "missing_price_usd"
    },
    {
      "codigo": "56636",
      "action": "skipped",
      "reason": "missing_price_usd"
    },
    {
      "codigo": "56617",
      "action": "skipped",
      "reason": "missing_price_usd"
    },
    {
      "codigo": "56633",
      "action": "skipped",
      "reason": "missing_price_usd"
    },
    {
      "codigo": "56634",
      "action": "skipped",
      "reason": "missing_price_usd"
    },
    {
      "codigo": "48440",
      "action": "skipped",
      "reason": "missing_price_usd"
    },
    {
      "codigo": "48439",
      "action": "skipped",
      "reason": "missing_price_usd"
    },
    {
      "codigo": "47386",
      "action": "skipped",
      "reason": "missing_price_usd"
    },
    {
      "codigo": "58018",
      "action": "skipped",
      "reason": "missing_price_usd"
    },
    {
      "codigo": "58045",
      "action": "skipped",
      "reason": "missing_price_usd"
    },
    {
      "codigo": "58044",
      "action": "skipped",
      "reason": "missing_price_usd"
    },
    {
      "codigo": "58032",
      "action": "skipped",
      "reason": "missing_price_usd"
    },
    {
      "codigo": "58030",
      "action": "skipped",
      "reason": "missing_price_usd"
    },
    {
      "codigo": "57909",
      "action": "skipped",
      "reason": "missing_price_usd"
    },
    {
      "codigo": "58020",
      "action": "skipped",
      "reason": "missing_price_usd"
    },
    {
      "codigo": "57952",
      "action": "skipped",
      "reason": "missing_price_usd"
    },
    {
      "codigo": "57908",
      "action": "skipped",
      "reason": "missing_price_usd"
    },
    {
      "codigo": "57907",
      "action": "skipped",
      "reason": "missing_price_usd"
    },
    {
      "codigo": "57906",
      "action": "skipped",
      "reason": "missing_price_usd"
    },
    {
      "codigo": "57905",
      "action": "skipped",
      "reason": "missing_price_usd"
    },
    {
      "codigo": "57904",
      "action": "skipped",
      "reason": "missing_price_usd"
    },
    {
      "codigo": "57903",
      "action": "skipped",
      "reason": "missing_price_usd"
    },
    {
      "codigo": "57902",
      "action": "skipped",
      "reason": "missing_price_usd"
    },
    {
      "codigo": "57901",
      "action": "skipped",
      "reason": "missing_price_usd"
    },
    {
      "codigo": "57865",
      "action": "skipped",
      "reason": "missing_price_usd"
    },
    {
      "codigo": "57864",
      "action": "skipped",
      "reason": "missing_price_usd"
    },
    {
      "codigo": "57863",
      "action": "skipped",
      "reason": "missing_price_usd"
    },
    {
      "codigo": "57862",
      "action": "skipped",
      "reason": "missing_price_usd"
    },
    {
      "codigo": "57861",
      "action": "skipped",
      "reason": "missing_price_usd"
    },
    {
      "codigo": "57857",
      "action": "skipped",
      "reason": "missing_price_usd"
    },
    {
      "codigo": "57856",
      "action": "skipped",
      "reason": "missing_price_usd"
    },
    {
      "codigo": "57424",
      "action": "skipped",
      "reason": "missing_price_usd"
    },
    {
      "codigo": "57222",
      "action": "skipped",
      "reason": "missing_price_usd"
    },
    {
      "codigo": "56950",
      "action": "skipped",
      "reason": "missing_price_usd"
    },
    {
      "codigo": "56754",
      "action": "skipped",
      "reason": "missing_price_usd"
    },
    {
      "codigo": "56753",
      "action": "skipped",
      "reason": "missing_price_usd"
    },
    {
      "codigo": "56593",
      "action": "skipped",
      "reason": "missing_price_usd"
    },
    {
      "codigo": "55775",
      "action": "skipped",
      "reason": "missing_price_usd"
    },
    {
      "codigo": "55774",
      "action": "skipped",
      "reason": "missing_price_usd"
    },
    {
      "codigo": "55773",
      "action": "skipped",
      "reason": "missing_price_usd"
    },
    {
      "codigo": "55710",
      "action": "skipped",
      "reason": "missing_price_usd"
    },
    {
      "codigo": "47671",
      "action": "skipped",
      "reason": "missing_price_usd"
    },
    {
      "codigo": "54122",
      "action": "skipped",
      "reason": "missing_price_usd"
    },
    {
      "codigo": "54121",
      "action": "skipped",
      "reason": "missing_price_usd"
    },
    {
      "codigo": "54120",
      "action": "skipped",
      "reason": "missing_price_usd"
    },
    {
      "codigo": "54119",
      "action": "skipped",
      "reason": "missing_price_usd"
    },
    {
      "codigo": "47498",
      "action": "skipped",
      "reason": "missing_price_usd"
    },
    {
      "codigo": "47497",
      "action": "skipped",
      "reason": "missing_price_usd"
    },
    {
      "codigo": "19599",
      "action": "skipped",
      "reason": "missing_price_usd"
    },
    {
      "codigo": "47813",
      "action": "skipped",
      "reason": "missing_price_usd"
    },
    {
      "codigo": "47812",
      "action": "skipped",
      "reason": "missing_price_usd"
    },
    {
      "codigo": "47811",
      "action": "skipped",
      "reason": "missing_price_usd"
    },
    {
      "codigo": "47718",
      "action": "skipped",
      "reason": "missing_price_usd"
    },
    {
      "codigo": "47709",
      "action": "skipped",
      "reason": "missing_price_usd"
    },
    {
      "codigo": "47387",
      "action": "skipped",
      "reason": "missing_price_usd"
    },
    {
      "codigo": "44965",
      "action": "skipped",
      "reason": "missing_price_usd"
    },
    {
      "codigo": "16686",
      "action": "skipped",
      "reason": "missing_price_usd"
    },
    {
      "codigo": "16684",
      "action": "skipped",
      "reason": "missing_price_usd"
    },
    {
      "codigo": "38025",
      "action": "skipped",
      "reason": "missing_price_usd"
    },
    {
      "codigo": "38024",
      "action": "skipped",
      "reason": "missing_price_usd"
    },
    {
      "codigo": "24726",
      "action": "skipped",
      "reason": "missing_price_usd"
    },
    {
      "codigo": "19598",
      "action": "skipped",
      "reason": "missing_price_usd"
    },
    {
      "codigo": "9439",
      "action": "skipped",
      "reason": "missing_price_usd"
    },
    {
      "codigo": "9438",
      "action": "skipped",
      "reason": "missing_price_usd"
    },
    {
      "codigo": "8525",
      "action": "skipped",
      "reason": "missing_price_usd"
    },
    {
      "codigo": "8521",
      "action": "skipped",
      "reason": "missing_price_usd"
    },
    {
      "codigo": "8520",
      "action": "skipped",
      "reason": "missing_price_usd"
    },
    {
      "codigo": "8519",
      "action": "skipped",
      "reason": "missing_price_usd"
    },
    {
      "codigo": "7760",
      "action": "skipped",
      "reason": "missing_price_usd"
    },
    {
      "codigo": "7757",
      "action": "skipped",
      "reason": "missing_price_usd"
    },
    {
      "codigo": "4624",
      "action": "skipped",
      "reason": "missing_price_usd"
    },
    {
      "codigo": "34342",
      "action": "skipped",
      "reason": "missing_price_usd"
    },
    {
      "codigo": "31596",
      "action": "skipped",
      "reason": "missing_price_usd"
    },
    {
      "codigo": "31595",
      "action": "skipped",
      "reason": "missing_price_usd"
    },
    {
      "codigo": "27291",
      "action": "skipped",
      "reason": "missing_price_usd"
    },
    {
      "codigo": "27289",
      "action": "skipped",
      "reason": "missing_price_usd"
    },
    {
      "codigo": "24186",
      "action": "skipped",
      "reason": "missing_price_usd"
    },
    {
      "codigo": "24185",
      "action": "skipped",
      "reason": "missing_price_usd"
    },
    {
      "codigo": "19597",
      "action": "skipped",
      "reason": "missing_price_usd"
    },
    {
      "codigo": "19596",
      "action": "skipped",
      "reason": "missing_price_usd"
    },
    {
      "codigo": "16685",
      "action": "skipped",
      "reason": "missing_price_usd"
    },
    {
      "codigo": "13046",
      "action": "skipped",
      "reason": "missing_price_usd"
    },
    {
      "codigo": "10528",
      "action": "skipped",
      "reason": "missing_price_usd"
    },
    {
      "codigo": "58165",
      "action": "skipped",
      "reason": "missing_price_usd"
    },
    {
      "codigo": "58154",
      "action": "skipped",
      "reason": "missing_price_usd"
    },
    {
      "codigo": "58153",
      "action": "skipped",
      "reason": "missing_price_usd"
    },
    {
      "codigo": "54725",
      "action": "skipped",
      "reason": "missing_price_usd"
    },
    {
      "codigo": "56628",
      "action": "skipped",
      "reason": "missing_price_usd"
    },
    {
      "codigo": "55512",
      "action": "skipped",
      "reason": "missing_price_usd"
    },
    {
      "codigo": "57811",
      "action": "skipped",
      "reason": "missing_price_usd"
    },
    {
      "codigo": "57841",
      "action": "skipped",
      "reason": "missing_price_usd"
    },
    {
      "codigo": "57762",
      "action": "skipped",
      "reason": "missing_price_usd"
    },
    {
      "codigo": "41623",
      "action": "skipped",
      "reason": "missing_price_usd"
    },
    {
      "codigo": "53195",
      "action": "skipped",
      "reason": "missing_price_usd"
    },
    {
      "codigo": "57853",
      "action": "skipped",
      "reason": "missing_price_usd"
    },
    {
      "codigo": "57849",
      "action": "skipped",
      "reason": "missing_price_usd"
    },
    {
      "codigo": "57848",
      "action": "skipped",
      "reason": "missing_price_usd"
    },
    {
      "codigo": "57846",
      "action": "skipped",
      "reason": "missing_price_usd"
    },
    {
      "codigo": "57843",
      "action": "skipped",
      "reason": "missing_price_usd"
    },
    {
      "codigo": "57840",
      "action": "skipped",
      "reason": "missing_price_usd"
    },
    {
      "codigo": "57839",
      "action": "skipped",
      "reason": "missing_price_usd"
    },
    {
      "codigo": "56876",
      "action": "skipped",
      "reason": "missing_price_usd"
    },
    {
      "codigo": "56277",
      "action": "skipped",
      "reason": "missing_price_usd"
    },
    {
      "codigo": "56075",
      "action": "skipped",
      "reason": "missing_price_usd"
    },
    {
      "codigo": "55514",
      "action": "skipped",
      "reason": "missing_price_usd"
    },
    {
      "codigo": "55513",
      "action": "skipped",
      "reason": "missing_price_usd"
    },
    {
      "codigo": "55510",
      "action": "skipped",
      "reason": "missing_price_usd"
    },
    {
      "codigo": "48642",
      "action": "skipped",
      "reason": "missing_price_usd"
    },
    {
      "codigo": "49627",
      "action": "skipped",
      "reason": "missing_price_usd"
    },
    {
      "codigo": "49441",
      "action": "skipped",
      "reason": "missing_price_usd"
    },
    {
      "codigo": "49440",
      "action": "skipped",
      "reason": "missing_price_usd"
    },
    {
      "codigo": "49439",
      "action": "skipped",
      "reason": "missing_price_usd"
    },
    {
      "codigo": "7702",
      "action": "skipped",
      "reason": "missing_price_usd"
    },
    {
      "codigo": "49351",
      "action": "skipped",
      "reason": "missing_price_usd"
    },
    {
      "codigo": "49350",
      "action": "skipped",
      "reason": "missing_price_usd"
    },
    {
      "codigo": "34993",
      "action": "skipped",
      "reason": "missing_price_usd"
    },
    {
      "codigo": "30309",
      "action": "skipped",
      "reason": "missing_price_usd"
    },
    {
      "codigo": "48204",
      "action": "skipped",
      "reason": "missing_price_usd"
    },
    {
      "codigo": "47314",
      "action": "skipped",
      "reason": "missing_price_usd"
    },
    {
      "codigo": "45559",
      "action": "skipped",
      "reason": "missing_price_usd"
    },
    {
      "codigo": "44347",
      "action": "skipped",
      "reason": "missing_price_usd"
    },
    {
      "codigo": "44346",
      "action": "skipped",
      "reason": "missing_price_usd"
    },
    {
      "codigo": "44341",
      "action": "skipped",
      "reason": "missing_price_usd"
    },
    {
      "codigo": "43373",
      "action": "skipped",
      "reason": "missing_price_usd"
    },
    {
      "codigo": "42385",
      "action": "skipped",
      "reason": "missing_price_usd"
    },
    {
      "codigo": "30311",
      "action": "skipped",
      "reason": "missing_price_usd"
    },
    {
      "codigo": "41158",
      "action": "skipped",
      "reason": "missing_price_usd"
    },
    {
      "codigo": "40498",
      "action": "skipped",
      "reason": "missing_price_usd"
    },
    {
      "codigo": "40339",
      "action": "skipped",
      "reason": "missing_price_usd"
    },
    {
      "codigo": "40334",
      "action": "skipped",
      "reason": "missing_price_usd"
    },
    {
      "codigo": "40333",
      "action": "skipped",
      "reason": "missing_price_usd"
    },
    {
      "codigo": "37635",
      "action": "skipped",
      "reason": "missing_price_usd"
    },
    {
      "codigo": "37634",
      "action": "skipped",
      "reason": "missing_price_usd"
    },
    {
      "codigo": "36526",
      "action": "skipped",
      "reason": "missing_price_usd"
    },
    {
      "codigo": "36479",
      "action": "skipped",
      "reason": "missing_price_usd"
    },
    {
      "codigo": "35877",
      "action": "skipped",
      "reason": "missing_price_usd"
    },
    {
      "codigo": "29872",
      "action": "skipped",
      "reason": "missing_price_usd"
    },
    {
      "codigo": "35649",
      "action": "skipped",
      "reason": "missing_price_usd"
    },
    {
      "codigo": "35310",
      "action": "skipped",
      "reason": "missing_price_usd"
    },
    {
      "codigo": "35167",
      "action": "skipped",
      "reason": "missing_price_usd"
    },
    {
      "codigo": "25271",
      "action": "skipped",
      "reason": "missing_price_usd"
    },
    {
      "codigo": "9829",
      "action": "skipped",
      "reason": "missing_price_usd"
    },
    {
      "codigo": "31769",
      "action": "skipped",
      "reason": "missing_price_usd"
    },
    {
      "codigo": "20223",
      "action": "skipped",
      "reason": "missing_price_usd"
    },
    {
      "codigo": "16487",
      "action": "skipped",
      "reason": "missing_price_usd"
    },
    {
      "codigo": "15632",
      "action": "skipped",
      "reason": "missing_price_usd"
    },
    {
      "codigo": "11418",
      "action": "skipped",
      "reason": "missing_price_usd"
    },
    {
      "codigo": "57812",
      "action": "skipped",
      "reason": "missing_price_usd"
    },
    {
      "codigo": "57810",
      "action": "skipped",
      "reason": "missing_price_usd"
    },
    {
      "codigo": "56672",
      "action": "skipped",
      "reason": "missing_price_usd"
    },
    {
      "codigo": "54529",
      "action": "skipped",
      "reason": "missing_price_usd"
    },
    {
      "codigo": "37905",
      "action": "skipped",
      "reason": "missing_price_usd"
    },
    {
      "codigo": "23185",
      "action": "skipped",
      "reason": "missing_price_usd"
    },
    {
      "codigo": "57892",
      "action": "skipped",
      "reason": "missing_price_usd"
    },
    {
      "codigo": "55668",
      "action": "skipped",
      "reason": "missing_price_usd"
    },
    {
      "codigo": "58069",
      "action": "skipped",
      "reason": "missing_price_usd"
    },
    {
      "codigo": "57718",
      "action": "skipped",
      "reason": "missing_price_usd"
    },
    {
      "codigo": "57631",
      "action": "skipped",
      "reason": "missing_price_usd"
    },
    {
      "codigo": "57529",
      "action": "skipped",
      "reason": "missing_price_usd"
    },
    {
      "codigo": "57438",
      "action": "skipped",
      "reason": "missing_price_usd"
    },
    {
      "codigo": "57034",
      "action": "skipped",
      "reason": "missing_price_usd"
    },
    {
      "codigo": "57033",
      "action": "skipped",
      "reason": "missing_price_usd"
    },
    {
      "codigo": "56064",
      "action": "skipped",
      "reason": "missing_price_usd"
    },
    {
      "codigo": "54810",
      "action": "skipped",
      "reason": "missing_price_usd"
    },
    {
      "codigo": "54807",
      "action": "skipped",
      "reason": "missing_price_usd"
    },
    {
      "codigo": "54761",
      "action": "skipped",
      "reason": "missing_price_usd"
    },
    {
      "codigo": "54326",
      "action": "skipped",
      "reason": "missing_price_usd"
    },
    {
      "codigo": "54135",
      "action": "skipped",
      "reason": "missing_price_usd"
    },
    {
      "codigo": "54134",
      "action": "skipped",
      "reason": "missing_price_usd"
    },
    {
      "codigo": "51618",
      "action": "skipped",
      "reason": "missing_price_usd"
    },
    {
      "codigo": "51617",
      "action": "skipped",
      "reason": "missing_price_usd"
    },
    {
      "codigo": "51616",
      "action": "skipped",
      "reason": "missing_price_usd"
    },
    {
      "codigo": "51016",
      "action": "skipped",
      "reason": "missing_price_usd"
    },
    {
      "codigo": "50254",
      "action": "skipped",
      "reason": "missing_price_usd"
    },
    {
      "codigo": "50252",
      "action": "skipped",
      "reason": "missing_price_usd"
    },
    {
      "codigo": "49417",
      "action": "skipped",
      "reason": "missing_price_usd"
    },
    {
      "codigo": "49416",
      "action": "skipped",
      "reason": "missing_price_usd"
    },
    {
      "codigo": "48611",
      "action": "skipped",
      "reason": "missing_price_usd"
    },
    {
      "codigo": "47949",
      "action": "skipped",
      "reason": "missing_price_usd"
    },
    {
      "codigo": "47979",
      "action": "skipped",
      "reason": "missing_price_usd"
    },
    {
      "codigo": "46890",
      "action": "skipped",
      "reason": "missing_price_usd"
    },
    {
      "codigo": "46552",
      "action": "skipped",
      "reason": "missing_price_usd"
    },
    {
      "codigo": "46551",
      "action": "skipped",
      "reason": "missing_price_usd"
    },
    {
      "codigo": "46513",
      "action": "skipped",
      "reason": "missing_price_usd"
    },
    {
      "codigo": "46512",
      "action": "skipped",
      "reason": "missing_price_usd"
    },
    {
      "codigo": "44414",
      "action": "skipped",
      "reason": "missing_price_usd"
    },
    {
      "codigo": "21381",
      "action": "skipped",
      "reason": "missing_price_usd"
    },
    {
      "codigo": "55436",
      "action": "skipped",
      "reason": "missing_price_usd"
    },
    {
      "codigo": "56649",
      "action": "skipped",
      "reason": "missing_price_usd"
    },
    {
      "codigo": "55308",
      "action": "skipped",
      "reason": "missing_price_usd"
    },
    {
      "codigo": "56267",
      "action": "skipped",
      "reason": "missing_price_usd"
    },
    {
      "codigo": "58102",
      "action": "skipped",
      "reason": "missing_price_usd"
    },
    {
      "codigo": "55548",
      "action": "skipped",
      "reason": "missing_price_usd"
    },
    {
      "codigo": "54726",
      "action": "skipped",
      "reason": "missing_price_usd"
    },
    {
      "codigo": "56263",
      "action": "skipped",
      "reason": "missing_price_usd"
    },
    {
      "codigo": "55959",
      "action": "skipped",
      "reason": "missing_price_usd"
    },
    {
      "codigo": "57553",
      "action": "skipped",
      "reason": "missing_price_usd"
    },
    {
      "codigo": "52366",
      "action": "skipped",
      "reason": "missing_price_usd"
    },
    {
      "codigo": "52255",
      "action": "skipped",
      "reason": "missing_price_usd"
    },
    {
      "codigo": "52635",
      "action": "skipped",
      "reason": "missing_price_usd"
    },
    {
      "codigo": "52383",
      "action": "skipped",
      "reason": "missing_price_usd"
    },
    {
      "codigo": "58124",
      "action": "skipped",
      "reason": "missing_price_usd"
    },
    {
      "codigo": "55549",
      "action": "skipped",
      "reason": "missing_price_usd"
    },
    {
      "codigo": "57309",
      "action": "skipped",
      "reason": "missing_price_usd"
    },
    {
      "codigo": "55194",
      "action": "skipped",
      "reason": "missing_price_usd"
    },
    {
      "codigo": "56444",
      "action": "skipped",
      "reason": "missing_price_usd"
    },
    {
      "codigo": "58090",
      "action": "skipped",
      "reason": "missing_price_usd"
    },
    {
      "codigo": "58110",
      "action": "skipped",
      "reason": "missing_price_usd"
    },
    {
      "codigo": "58107",
      "action": "skipped",
      "reason": "missing_price_usd"
    },
    {
      "codigo": "58106",
      "action": "skipped",
      "reason": "missing_price_usd"
    },
    {
      "codigo": "58065",
      "action": "skipped",
      "reason": "missing_price_usd"
    },
    {
      "codigo": "58066",
      "action": "skipped",
      "reason": "missing_price_usd"
    },
    {
      "codigo": "55862",
      "action": "skipped",
      "reason": "missing_price_usd"
    },
    {
      "codigo": "55872",
      "action": "skipped",
      "reason": "missing_price_usd"
    },
    {
      "codigo": "57894",
      "action": "skipped",
      "reason": "missing_price_usd"
    },
    {
      "codigo": "55114",
      "action": "skipped",
      "reason": "missing_price_usd"
    },
    {
      "codigo": "57969",
      "action": "skipped",
      "reason": "missing_price_usd"
    },
    {
      "codigo": "58022",
      "action": "skipped",
      "reason": "missing_price_usd"
    },
    {
      "codigo": "58024",
      "action": "skipped",
      "reason": "missing_price_usd"
    },
    {
      "codigo": "55778",
      "action": "skipped",
      "reason": "missing_price_usd"
    },
    {
      "codigo": "55426",
      "action": "skipped",
      "reason": "missing_price_usd"
    },
    {
      "codigo": "55134",
      "action": "skipped",
      "reason": "missing_price_usd"
    },
    {
      "codigo": "55291",
      "action": "skipped",
      "reason": "missing_price_usd"
    },
    {
      "codigo": "57455",
      "action": "skipped",
      "reason": "missing_price_usd"
    },
    {
      "codigo": "53734",
      "action": "skipped",
      "reason": "missing_price_usd"
    },
    {
      "codigo": "54549",
      "action": "skipped",
      "reason": "missing_price_usd"
    },
    {
      "codigo": "55295",
      "action": "skipped",
      "reason": "missing_price_usd"
    },
    {
      "codigo": "58033",
      "action": "skipped",
      "reason": "missing_price_usd"
    },
    {
      "codigo": "58029",
      "action": "skipped",
      "reason": "missing_price_usd"
    },
    {
      "codigo": "58026",
      "action": "skipped",
      "reason": "missing_price_usd"
    },
    {
      "codigo": "58025",
      "action": "skipped",
      "reason": "missing_price_usd"
    },
    {
      "codigo": "57896",
      "action": "skipped",
      "reason": "missing_price_usd"
    },
    {
      "codigo": "57893",
      "action": "skipped",
      "reason": "missing_price_usd"
    },
    {
      "codigo": "57876",
      "action": "skipped",
      "reason": "missing_price_usd"
    },
    {
      "codigo": "57875",
      "action": "skipped",
      "reason": "missing_price_usd"
    },
    {
      "codigo": "57874",
      "action": "skipped",
      "reason": "missing_price_usd"
    },
    {
      "codigo": "57873",
      "action": "skipped",
      "reason": "missing_price_usd"
    },
    {
      "codigo": "57869",
      "action": "skipped",
      "reason": "missing_price_usd"
    },
    {
      "codigo": "57837",
      "action": "skipped",
      "reason": "missing_price_usd"
    },
    {
      "codigo": "57789",
      "action": "skipped",
      "reason": "missing_price_usd"
    },
    {
      "codigo": "57760",
      "action": "skipped",
      "reason": "missing_price_usd"
    },
    {
      "codigo": "57717",
      "action": "skipped",
      "reason": "missing_price_usd"
    },
    {
      "codigo": "57714",
      "action": "skipped",
      "reason": "missing_price_usd"
    },
    {
      "codigo": "57676",
      "action": "skipped",
      "reason": "missing_price_usd"
    },
    {
      "codigo": "57601",
      "action": "skipped",
      "reason": "missing_price_usd"
    },
    {
      "codigo": "57555",
      "action": "skipped",
      "reason": "missing_price_usd"
    },
    {
      "codigo": "57431",
      "action": "skipped",
      "reason": "missing_price_usd"
    },
    {
      "codigo": "57430",
      "action": "skipped",
      "reason": "missing_price_usd"
    },
    {
      "codigo": "57429",
      "action": "skipped",
      "reason": "missing_price_usd"
    },
    {
      "codigo": "57427",
      "action": "skipped",
      "reason": "missing_price_usd"
    },
    {
      "codigo": "57426",
      "action": "skipped",
      "reason": "missing_price_usd"
    },
    {
      "codigo": "57303",
      "action": "skipped",
      "reason": "missing_price_usd"
    },
    {
      "codigo": "57302",
      "action": "skipped",
      "reason": "missing_price_usd"
    },
    {
      "codigo": "57297",
      "action": "skipped",
      "reason": "missing_price_usd"
    },
    {
      "codigo": "56970",
      "action": "skipped",
      "reason": "missing_price_usd"
    },
    {
      "codigo": "56914",
      "action": "skipped",
      "reason": "missing_price_usd"
    },
    {
      "codigo": "56741",
      "action": "skipped",
      "reason": "missing_price_usd"
    },
    {
      "codigo": "56731",
      "action": "skipped",
      "reason": "missing_price_usd"
    },
    {
      "codigo": "56664",
      "action": "skipped",
      "reason": "missing_price_usd"
    },
    {
      "codigo": "56432",
      "action": "skipped",
      "reason": "missing_price_usd"
    },
    {
      "codigo": "56265",
      "action": "skipped",
      "reason": "missing_price_usd"
    },
    {
      "codigo": "56264",
      "action": "skipped",
      "reason": "missing_price_usd"
    },
    {
      "codigo": "56261",
      "action": "skipped",
      "reason": "missing_price_usd"
    },
    {
      "codigo": "56259",
      "action": "skipped",
      "reason": "missing_price_usd"
    },
    {
      "codigo": "56256",
      "action": "skipped",
      "reason": "missing_price_usd"
    },
    {
      "codigo": "56248",
      "action": "skipped",
      "reason": "missing_price_usd"
    },
    {
      "codigo": "55957",
      "action": "skipped",
      "reason": "missing_price_usd"
    },
    {
      "codigo": "55946",
      "action": "skipped",
      "reason": "missing_price_usd"
    },
    {
      "codigo": "55874",
      "action": "skipped",
      "reason": "missing_price_usd"
    },
    {
      "codigo": "55873",
      "action": "skipped",
      "reason": "missing_price_usd"
    },
    {
      "codigo": "55855",
      "action": "skipped",
      "reason": "missing_price_usd"
    },
    {
      "codigo": "55621",
      "action": "skipped",
      "reason": "missing_price_usd"
    },
    {
      "codigo": "55481",
      "action": "skipped",
      "reason": "missing_price_usd"
    },
    {
      "codigo": "55480",
      "action": "skipped",
      "reason": "missing_price_usd"
    },
    {
      "codigo": "55446",
      "action": "skipped",
      "reason": "missing_price_usd"
    },
    {
      "codigo": "55434",
      "action": "skipped",
      "reason": "missing_price_usd"
    },
    {
      "codigo": "55423",
      "action": "skipped",
      "reason": "missing_price_usd"
    },
    {
      "codigo": "55391",
      "action": "skipped",
      "reason": "missing_price_usd"
    },
    {
      "codigo": "55390",
      "action": "skipped",
      "reason": "missing_price_usd"
    },
    {
      "codigo": "55378",
      "action": "skipped",
      "reason": "missing_price_usd"
    },
    {
      "codigo": "55353",
      "action": "skipped",
      "reason": "missing_price_usd"
    },
    {
      "codigo": "55352",
      "action": "skipped",
      "reason": "missing_price_usd"
    },
    {
      "codigo": "55296",
      "action": "skipped",
      "reason": "missing_price_usd"
    },
    {
      "codigo": "55287",
      "action": "skipped",
      "reason": "missing_price_usd"
    },
    {
      "codigo": "55260",
      "action": "skipped",
      "reason": "missing_price_usd"
    },
    {
      "codigo": "55241",
      "action": "skipped",
      "reason": "missing_price_usd"
    },
    {
      "codigo": "54288",
      "action": "skipped",
      "reason": "missing_price_usd"
    },
    {
      "codigo": "54736",
      "action": "skipped",
      "reason": "missing_price_usd"
    },
    {
      "codigo": "54697",
      "action": "skipped",
      "reason": "missing_price_usd"
    },
    {
      "codigo": "54695",
      "action": "skipped",
      "reason": "missing_price_usd"
    },
    {
      "codigo": "54457",
      "action": "skipped",
      "reason": "missing_price_usd"
    },
    {
      "codigo": "54415",
      "action": "skipped",
      "reason": "missing_price_usd"
    },
    {
      "codigo": "53833",
      "action": "skipped",
      "reason": "missing_price_usd"
    },
    {
      "codigo": "54266",
      "action": "skipped",
      "reason": "missing_price_usd"
    },
    {
      "codigo": "54148",
      "action": "skipped",
      "reason": "missing_price_usd"
    },
    {
      "codigo": "54051",
      "action": "skipped",
      "reason": "missing_price_usd"
    },
    {
      "codigo": "53826",
      "action": "skipped",
      "reason": "missing_price_usd"
    },
    {
      "codigo": "53704",
      "action": "skipped",
      "reason": "missing_price_usd"
    },
    {
      "codigo": "52478",
      "action": "skipped",
      "reason": "missing_price_usd"
    },
    {
      "codigo": "53590",
      "action": "skipped",
      "reason": "missing_price_usd"
    },
    {
      "codigo": "52368",
      "action": "skipped",
      "reason": "missing_price_usd"
    },
    {
      "codigo": "53561",
      "action": "skipped",
      "reason": "missing_price_usd"
    },
    {
      "codigo": "53560",
      "action": "skipped",
      "reason": "missing_price_usd"
    },
    {
      "codigo": "52087",
      "action": "skipped",
      "reason": "missing_price_usd"
    },
    {
      "codigo": "52805",
      "action": "skipped",
      "reason": "missing_price_usd"
    },
    {
      "codigo": "53249",
      "action": "skipped",
      "reason": "missing_price_usd"
    },
    {
      "codigo": "52931",
      "action": "skipped",
      "reason": "missing_price_usd"
    },
    {
      "codigo": "52840",
      "action": "skipped",
      "reason": "missing_price_usd"
    },
    {
      "codigo": "52779",
      "action": "skipped",
      "reason": "missing_price_usd"
    },
    {
      "codigo": "52665",
      "action": "skipped",
      "reason": "missing_price_usd"
    },
    {
      "codigo": "52663",
      "action": "skipped",
      "reason": "missing_price_usd"
    },
    {
      "codigo": "52657",
      "action": "skipped",
      "reason": "missing_price_usd"
    },
    {
      "codigo": "52476",
      "action": "skipped",
      "reason": "missing_price_usd"
    },
    {
      "codigo": "51965",
      "action": "skipped",
      "reason": "missing_price_usd"
    },
    {
      "codigo": "52406",
      "action": "skipped",
      "reason": "missing_price_usd"
    },
    {
      "codigo": "52404",
      "action": "skipped",
      "reason": "missing_price_usd"
    },
    {
      "codigo": "52284",
      "action": "skipped",
      "reason": "missing_price_usd"
    },
    {
      "codigo": "52256",
      "action": "skipped",
      "reason": "missing_price_usd"
    },
    {
      "codigo": "52237",
      "action": "skipped",
      "reason": "missing_price_usd"
    },
    {
      "codigo": "52226",
      "action": "skipped",
      "reason": "missing_price_usd"
    },
    {
      "codigo": "52144",
      "action": "skipped",
      "reason": "missing_price_usd"
    },
    {
      "codigo": "52078",
      "action": "skipped",
      "reason": "missing_price_usd"
    },
    {
      "codigo": "51936",
      "action": "skipped",
      "reason": "missing_price_usd"
    },
    {
      "codigo": "49372",
      "action": "skipped",
      "reason": "missing_price_usd"
    },
    {
      "codigo": "49883",
      "action": "skipped",
      "reason": "missing_price_usd"
    },
    {
      "codigo": "46801",
      "action": "skipped",
      "reason": "missing_price_usd"
    },
    {
      "codigo": "45855",
      "action": "skipped",
      "reason": "missing_price_usd"
    },
    {
      "codigo": "53818",
      "action": "skipped",
      "reason": "missing_price_usd"
    },
    {
      "codigo": "58041",
      "action": "skipped",
      "reason": "missing_price_usd"
    },
    {
      "codigo": "57949",
      "action": "skipped",
      "reason": "missing_price_usd"
    },
    {
      "codigo": "57732",
      "action": "skipped",
      "reason": "missing_price_usd"
    },
    {
      "codigo": "57731",
      "action": "skipped",
      "reason": "missing_price_usd"
    },
    {
      "codigo": "57730",
      "action": "skipped",
      "reason": "missing_price_usd"
    },
    {
      "codigo": "57729",
      "action": "skipped",
      "reason": "missing_price_usd"
    },
    {
      "codigo": "57313",
      "action": "skipped",
      "reason": "missing_price_usd"
    },
    {
      "codigo": "57135",
      "action": "skipped",
      "reason": "missing_price_usd"
    },
    {
      "codigo": "57134",
      "action": "skipped",
      "reason": "missing_price_usd"
    },
    {
      "codigo": "57130",
      "action": "skipped",
      "reason": "missing_price_usd"
    },
    {
      "codigo": "57129",
      "action": "skipped",
      "reason": "missing_price_usd"
    },
    {
      "codigo": "56554",
      "action": "skipped",
      "reason": "missing_price_usd"
    },
    {
      "codigo": "55143",
      "action": "skipped",
      "reason": "missing_price_usd"
    },
    {
      "codigo": "54922",
      "action": "skipped",
      "reason": "missing_price_usd"
    },
    {
      "codigo": "54912",
      "action": "skipped",
      "reason": "missing_price_usd"
    },
    {
      "codigo": "54911",
      "action": "skipped",
      "reason": "missing_price_usd"
    },
    {
      "codigo": "54723",
      "action": "skipped",
      "reason": "missing_price_usd"
    },
    {
      "codigo": "53544",
      "action": "skipped",
      "reason": "missing_price_usd"
    },
    {
      "codigo": "52995",
      "action": "skipped",
      "reason": "missing_price_usd"
    },
    {
      "codigo": "52937",
      "action": "skipped",
      "reason": "missing_price_usd"
    },
    {
      "codigo": "52248",
      "action": "skipped",
      "reason": "missing_price_usd"
    },
    {
      "codigo": "51596",
      "action": "skipped",
      "reason": "missing_price_usd"
    },
    {
      "codigo": "51093",
      "action": "skipped",
      "reason": "missing_price_usd"
    },
    {
      "codigo": "49067",
      "action": "skipped",
      "reason": "missing_price_usd"
    },
    {
      "codigo": "49018",
      "action": "skipped",
      "reason": "missing_price_usd"
    },
    {
      "codigo": "48993",
      "action": "skipped",
      "reason": "missing_price_usd"
    },
    {
      "codigo": "48900",
      "action": "skipped",
      "reason": "missing_price_usd"
    },
    {
      "codigo": "44081",
      "action": "skipped",
      "reason": "missing_price_usd"
    },
    {
      "codigo": "43886",
      "action": "skipped",
      "reason": "missing_price_usd"
    },
    {
      "codigo": "42151",
      "action": "skipped",
      "reason": "missing_price_usd"
    },
    {
      "codigo": "38379",
      "action": "skipped",
      "reason": "missing_price_usd"
    },
    {
      "codigo": "38696",
      "action": "skipped",
      "reason": "missing_price_usd"
    },
    {
      "codigo": "38695",
      "action": "skipped",
      "reason": "missing_price_usd"
    },
    {
      "codigo": "58142",
      "action": "skipped",
      "reason": "missing_price_usd"
    },
    {
      "codigo": "57389",
      "action": "skipped",
      "reason": "missing_price_usd"
    },
    {
      "codigo": "55167",
      "action": "skipped",
      "reason": "missing_price_usd"
    },
    {
      "codigo": "55165",
      "action": "skipped",
      "reason": "missing_price_usd"
    },
    {
      "codigo": "53080",
      "action": "skipped",
      "reason": "missing_price_usd"
    },
    {
      "codigo": "45195",
      "action": "skipped",
      "reason": "missing_price_usd"
    },
    {
      "codigo": "44559",
      "action": "skipped",
      "reason": "missing_price_usd"
    },
    {
      "codigo": "44558",
      "action": "skipped",
      "reason": "missing_price_usd"
    },
    {
      "codigo": "44286",
      "action": "skipped",
      "reason": "missing_price_usd"
    },
    {
      "codigo": "43773",
      "action": "skipped",
      "reason": "missing_price_usd"
    },
    {
      "codigo": "40185",
      "action": "skipped",
      "reason": "missing_price_usd"
    },
    {
      "codigo": "42674",
      "action": "skipped",
      "reason": "missing_price_usd"
    },
    {
      "codigo": "27774",
      "action": "skipped",
      "reason": "missing_price_usd"
    },
    {
      "codigo": "26976",
      "action": "skipped",
      "reason": "missing_price_usd"
    },
    {
      "codigo": "25104",
      "action": "skipped",
      "reason": "missing_price_usd"
    },
    {
      "codigo": "24951",
      "action": "skipped",
      "reason": "missing_price_usd"
    },
    {
      "codigo": "21347",
      "action": "skipped",
      "reason": "missing_price_usd"
    },
    {
      "codigo": "20438",
      "action": "skipped",
      "reason": "missing_price_usd"
    },
    {
      "codigo": "58159",
      "action": "skipped",
      "reason": "missing_price_usd"
    },
    {
      "codigo": "53104",
      "action": "skipped",
      "reason": "missing_price_usd"
    },
    {
      "codigo": "51798",
      "action": "skipped",
      "reason": "missing_price_usd"
    },
    {
      "codigo": "44140",
      "action": "skipped",
      "reason": "missing_price_usd"
    },
    {
      "codigo": "57959",
      "action": "skipped",
      "reason": "missing_price_usd"
    },
    {
      "codigo": "57958",
      "action": "skipped",
      "reason": "missing_price_usd"
    },
    {
      "codigo": "55974",
      "action": "skipped",
      "reason": "missing_price_usd"
    },
    {
      "codigo": "58060",
      "action": "skipped",
      "reason": "missing_price_usd"
    },
    {
      "codigo": "56124",
      "action": "skipped",
      "reason": "missing_price_usd"
    },
    {
      "codigo": "56122",
      "action": "skipped",
      "reason": "missing_price_usd"
    },
    {
      "codigo": "56135",
      "action": "skipped",
      "reason": "missing_price_usd"
    },
    {
      "codigo": "56126",
      "action": "skipped",
      "reason": "missing_price_usd"
    },
    {
      "codigo": "56128",
      "action": "skipped",
      "reason": "missing_price_usd"
    },
    {
      "codigo": "56109",
      "action": "skipped",
      "reason": "missing_price_usd"
    },
    {
      "codigo": "58072",
      "action": "skipped",
      "reason": "missing_price_usd"
    },
    {
      "codigo": "58070",
      "action": "skipped",
      "reason": "missing_price_usd"
    },
    {
      "codigo": "58073",
      "action": "skipped",
      "reason": "missing_price_usd"
    },
    {
      "codigo": "58074",
      "action": "skipped",
      "reason": "missing_price_usd"
    },
    {
      "codigo": "58071",
      "action": "skipped",
      "reason": "missing_price_usd"
    },
    {
      "codigo": "54792",
      "action": "skipped",
      "reason": "missing_price_usd"
    },
    {
      "codigo": "57552",
      "action": "skipped",
      "reason": "missing_price_usd"
    },
    {
      "codigo": "55966",
      "action": "skipped",
      "reason": "missing_price_usd"
    },
    {
      "codigo": "40275",
      "action": "skipped",
      "reason": "missing_price_usd"
    },
    {
      "codigo": "57983",
      "action": "skipped",
      "reason": "missing_price_usd"
    },
    {
      "codigo": "57982",
      "action": "skipped",
      "reason": "missing_price_usd"
    },
    {
      "codigo": "57981",
      "action": "skipped",
      "reason": "missing_price_usd"
    },
    {
      "codigo": "57957",
      "action": "skipped",
      "reason": "missing_price_usd"
    },
    {
      "codigo": "57821",
      "action": "skipped",
      "reason": "missing_price_usd"
    },
    {
      "codigo": "57802",
      "action": "skipped",
      "reason": "missing_price_usd"
    },
    {
      "codigo": "57801",
      "action": "skipped",
      "reason": "missing_price_usd"
    },
    {
      "codigo": "57800",
      "action": "skipped",
      "reason": "missing_price_usd"
    },
    {
      "codigo": "57796",
      "action": "skipped",
      "reason": "missing_price_usd"
    },
    {
      "codigo": "57795",
      "action": "skipped",
      "reason": "missing_price_usd"
    },
    {
      "codigo": "57794",
      "action": "skipped",
      "reason": "missing_price_usd"
    },
    {
      "codigo": "57258",
      "action": "skipped",
      "reason": "missing_price_usd"
    },
    {
      "codigo": "57083",
      "action": "skipped",
      "reason": "missing_price_usd"
    },
    {
      "codigo": "56930",
      "action": "skipped",
      "reason": "missing_price_usd"
    },
    {
      "codigo": "56929",
      "action": "skipped",
      "reason": "missing_price_usd"
    },
    {
      "codigo": "56922",
      "action": "skipped",
      "reason": "missing_price_usd"
    },
    {
      "codigo": "56844",
      "action": "skipped",
      "reason": "missing_price_usd"
    },
    {
      "codigo": "56814",
      "action": "skipped",
      "reason": "missing_price_usd"
    },
    {
      "codigo": "56793",
      "action": "skipped",
      "reason": "missing_price_usd"
    },
    {
      "codigo": "56749",
      "action": "skipped",
      "reason": "missing_price_usd"
    },
    {
      "codigo": "56748",
      "action": "skipped",
      "reason": "missing_price_usd"
    },
    {
      "codigo": "56744",
      "action": "skipped",
      "reason": "missing_price_usd"
    },
    {
      "codigo": "56742",
      "action": "skipped",
      "reason": "missing_price_usd"
    },
    {
      "codigo": "56551",
      "action": "skipped",
      "reason": "missing_price_usd"
    },
    {
      "codigo": "56550",
      "action": "skipped",
      "reason": "missing_price_usd"
    },
    {
      "codigo": "56456",
      "action": "skipped",
      "reason": "missing_price_usd"
    },
    {
      "codigo": "56455",
      "action": "skipped",
      "reason": "missing_price_usd"
    },
    {
      "codigo": "56454",
      "action": "skipped",
      "reason": "missing_price_usd"
    },
    {
      "codigo": "56438",
      "action": "skipped",
      "reason": "missing_price_usd"
    },
    {
      "codigo": "56437",
      "action": "skipped",
      "reason": "missing_price_usd"
    },
    {
      "codigo": "56324",
      "action": "skipped",
      "reason": "missing_price_usd"
    },
    {
      "codigo": "56323",
      "action": "skipped",
      "reason": "missing_price_usd"
    },
    {
      "codigo": "56275",
      "action": "skipped",
      "reason": "missing_price_usd"
    },
    {
      "codigo": "56273",
      "action": "skipped",
      "reason": "missing_price_usd"
    },
    {
      "codigo": "56271",
      "action": "skipped",
      "reason": "missing_price_usd"
    },
    {
      "codigo": "56270",
      "action": "skipped",
      "reason": "missing_price_usd"
    },
    {
      "codigo": "56138",
      "action": "skipped",
      "reason": "missing_price_usd"
    },
    {
      "codigo": "56137",
      "action": "skipped",
      "reason": "missing_price_usd"
    },
    {
      "codigo": "56136",
      "action": "skipped",
      "reason": "missing_price_usd"
    },
    {
      "codigo": "56134",
      "action": "skipped",
      "reason": "missing_price_usd"
    },
    {
      "codigo": "56133",
      "action": "skipped",
      "reason": "missing_price_usd"
    },
    {
      "codigo": "56132",
      "action": "skipped",
      "reason": "missing_price_usd"
    },
    {
      "codigo": "56131",
      "action": "skipped",
      "reason": "missing_price_usd"
    },
    {
      "codigo": "56130",
      "action": "skipped",
      "reason": "missing_price_usd"
    },
    {
      "codigo": "56129",
      "action": "skipped",
      "reason": "missing_price_usd"
    },
    {
      "codigo": "56127",
      "action": "skipped",
      "reason": "missing_price_usd"
    },
    {
      "codigo": "56125",
      "action": "skipped",
      "reason": "missing_price_usd"
    },
    {
      "codigo": "56123",
      "action": "skipped",
      "reason": "missing_price_usd"
    },
    {
      "codigo": "56120",
      "action": "skipped",
      "reason": "missing_price_usd"
    },
    {
      "codigo": "56119",
      "action": "skipped",
      "reason": "missing_price_usd"
    },
    {
      "codigo": "56117",
      "action": "skipped",
      "reason": "missing_price_usd"
    },
    {
      "codigo": "56115",
      "action": "skipped",
      "reason": "missing_price_usd"
    },
    {
      "codigo": "56114",
      "action": "skipped",
      "reason": "missing_price_usd"
    },
    {
      "codigo": "56113",
      "action": "skipped",
      "reason": "missing_price_usd"
    },
    {
      "codigo": "56111",
      "action": "skipped",
      "reason": "missing_price_usd"
    },
    {
      "codigo": "56110",
      "action": "skipped",
      "reason": "missing_price_usd"
    },
    {
      "codigo": "56108",
      "action": "skipped",
      "reason": "missing_price_usd"
    },
    {
      "codigo": "55973",
      "action": "skipped",
      "reason": "missing_price_usd"
    },
    {
      "codigo": "55971",
      "action": "skipped",
      "reason": "missing_price_usd"
    },
    {
      "codigo": "55970",
      "action": "skipped",
      "reason": "missing_price_usd"
    },
    {
      "codigo": "55969",
      "action": "skipped",
      "reason": "missing_price_usd"
    },
    {
      "codigo": "55967",
      "action": "skipped",
      "reason": "missing_price_usd"
    },
    {
      "codigo": "55616",
      "action": "skipped",
      "reason": "missing_price_usd"
    },
    {
      "codigo": "55614",
      "action": "skipped",
      "reason": "missing_price_usd"
    },
    {
      "codigo": "55613",
      "action": "skipped",
      "reason": "missing_price_usd"
    },
    {
      "codigo": "55612",
      "action": "skipped",
      "reason": "missing_price_usd"
    },
    {
      "codigo": "55611",
      "action": "skipped",
      "reason": "missing_price_usd"
    },
    {
      "codigo": "55610",
      "action": "skipped",
      "reason": "missing_price_usd"
    },
    {
      "codigo": "55609",
      "action": "skipped",
      "reason": "missing_price_usd"
    },
    {
      "codigo": "55608",
      "action": "skipped",
      "reason": "missing_price_usd"
    },
    {
      "codigo": "55607",
      "action": "skipped",
      "reason": "missing_price_usd"
    },
    {
      "codigo": "55606",
      "action": "skipped",
      "reason": "missing_price_usd"
    },
    {
      "codigo": "55604",
      "action": "skipped",
      "reason": "missing_price_usd"
    },
    {
      "codigo": "55594",
      "action": "skipped",
      "reason": "missing_price_usd"
    },
    {
      "codigo": "55541",
      "action": "skipped",
      "reason": "missing_price_usd"
    },
    {
      "codigo": "55044",
      "action": "skipped",
      "reason": "missing_price_usd"
    },
    {
      "codigo": "54934",
      "action": "skipped",
      "reason": "missing_price_usd"
    },
    {
      "codigo": "54796",
      "action": "skipped",
      "reason": "missing_price_usd"
    },
    {
      "codigo": "54794",
      "action": "skipped",
      "reason": "missing_price_usd"
    },
    {
      "codigo": "54793",
      "action": "skipped",
      "reason": "missing_price_usd"
    },
    {
      "codigo": "54321",
      "action": "skipped",
      "reason": "missing_price_usd"
    },
    {
      "codigo": "54320",
      "action": "skipped",
      "reason": "missing_price_usd"
    },
    {
      "codigo": "54318",
      "action": "skipped",
      "reason": "missing_price_usd"
    },
    {
      "codigo": "54137",
      "action": "skipped",
      "reason": "missing_price_usd"
    },
    {
      "codigo": "53777",
      "action": "skipped",
      "reason": "missing_price_usd"
    },
    {
      "codigo": "53759",
      "action": "skipped",
      "reason": "missing_price_usd"
    },
    {
      "codigo": "53758",
      "action": "skipped",
      "reason": "missing_price_usd"
    },
    {
      "codigo": "53155",
      "action": "skipped",
      "reason": "missing_price_usd"
    },
    {
      "codigo": "52687",
      "action": "skipped",
      "reason": "missing_price_usd"
    },
    {
      "codigo": "52686",
      "action": "skipped",
      "reason": "missing_price_usd"
    },
    {
      "codigo": "52631",
      "action": "skipped",
      "reason": "missing_price_usd"
    },
    {
      "codigo": "52198",
      "action": "skipped",
      "reason": "missing_price_usd"
    },
    {
      "codigo": "52120",
      "action": "skipped",
      "reason": "missing_price_usd"
    },
    {
      "codigo": "52119",
      "action": "skipped",
      "reason": "missing_price_usd"
    },
    {
      "codigo": "52091",
      "action": "skipped",
      "reason": "missing_price_usd"
    },
    {
      "codigo": "52090",
      "action": "skipped",
      "reason": "missing_price_usd"
    },
    {
      "codigo": "51985",
      "action": "skipped",
      "reason": "missing_price_usd"
    },
    {
      "codigo": "51699",
      "action": "skipped",
      "reason": "missing_price_usd"
    },
    {
      "codigo": "51698",
      "action": "skipped",
      "reason": "missing_price_usd"
    },
    {
      "codigo": "50338",
      "action": "skipped",
      "reason": "missing_price_usd"
    },
    {
      "codigo": "51260",
      "action": "skipped",
      "reason": "missing_price_usd"
    },
    {
      "codigo": "50022",
      "action": "skipped",
      "reason": "missing_price_usd"
    },
    {
      "codigo": "49742",
      "action": "skipped",
      "reason": "missing_price_usd"
    },
    {
      "codigo": "50699",
      "action": "skipped",
      "reason": "missing_price_usd"
    },
    {
      "codigo": "50694",
      "action": "skipped",
      "reason": "missing_price_usd"
    },
    {
      "codigo": "50692",
      "action": "skipped",
      "reason": "missing_price_usd"
    },
    {
      "codigo": "50430",
      "action": "skipped",
      "reason": "missing_price_usd"
    },
    {
      "codigo": "50339",
      "action": "skipped",
      "reason": "missing_price_usd"
    },
    {
      "codigo": "50195",
      "action": "skipped",
      "reason": "missing_price_usd"
    },
    {
      "codigo": "50041",
      "action": "skipped",
      "reason": "missing_price_usd"
    },
    {
      "codigo": "49999",
      "action": "skipped",
      "reason": "missing_price_usd"
    },
    {
      "codigo": "49745",
      "action": "skipped",
      "reason": "missing_price_usd"
    },
    {
      "codigo": "49744",
      "action": "skipped",
      "reason": "missing_price_usd"
    },
    {
      "codigo": "49072",
      "action": "skipped",
      "reason": "missing_price_usd"
    },
    {
      "codigo": "49073",
      "action": "skipped",
      "reason": "missing_price_usd"
    },
    {
      "codigo": "49464",
      "action": "skipped",
      "reason": "missing_price_usd"
    },
    {
      "codigo": "49391",
      "action": "skipped",
      "reason": "missing_price_usd"
    },
    {
      "codigo": "49374",
      "action": "skipped",
      "reason": "missing_price_usd"
    },
    {
      "codigo": "49373",
      "action": "skipped",
      "reason": "missing_price_usd"
    },
    {
      "codigo": "27560",
      "action": "skipped",
      "reason": "missing_price_usd"
    },
    {
      "codigo": "25340",
      "action": "skipped",
      "reason": "missing_price_usd"
    },
    {
      "codigo": "23013",
      "action": "skipped",
      "reason": "missing_price_usd"
    },
    {
      "codigo": "49248",
      "action": "skipped",
      "reason": "missing_price_usd"
    },
    {
      "codigo": "49246",
      "action": "skipped",
      "reason": "missing_price_usd"
    },
    {
      "codigo": "49143",
      "action": "skipped",
      "reason": "missing_price_usd"
    },
    {
      "codigo": "48950",
      "action": "skipped",
      "reason": "missing_price_usd"
    },
    {
      "codigo": "48949",
      "action": "skipped",
      "reason": "missing_price_usd"
    },
    {
      "codigo": "48936",
      "action": "skipped",
      "reason": "missing_price_usd"
    },
    {
      "codigo": "47104",
      "action": "skipped",
      "reason": "missing_price_usd"
    },
    {
      "codigo": "48021",
      "action": "skipped",
      "reason": "missing_price_usd"
    },
    {
      "codigo": "47992",
      "action": "skipped",
      "reason": "missing_price_usd"
    },
    {
      "codigo": "47967",
      "action": "skipped",
      "reason": "missing_price_usd"
    },
    {
      "codigo": "47927",
      "action": "skipped",
      "reason": "missing_price_usd"
    },
    {
      "codigo": "47849",
      "action": "skipped",
      "reason": "missing_price_usd"
    },
    {
      "codigo": "47399",
      "action": "skipped",
      "reason": "missing_price_usd"
    },
    {
      "codigo": "46735",
      "action": "skipped",
      "reason": "missing_price_usd"
    },
    {
      "codigo": "46631",
      "action": "skipped",
      "reason": "missing_price_usd"
    },
    {
      "codigo": "45868",
      "action": "skipped",
      "reason": "missing_price_usd"
    },
    {
      "codigo": "44288",
      "action": "skipped",
      "reason": "missing_price_usd"
    },
    {
      "codigo": "45058",
      "action": "skipped",
      "reason": "missing_price_usd"
    },
    {
      "codigo": "45057",
      "action": "skipped",
      "reason": "missing_price_usd"
    },
    {
      "codigo": "45056",
      "action": "skipped",
      "reason": "missing_price_usd"
    },
    {
      "codigo": "45214",
      "action": "skipped",
      "reason": "missing_price_usd"
    },
    {
      "codigo": "45141",
      "action": "skipped",
      "reason": "missing_price_usd"
    },
    {
      "codigo": "45135",
      "action": "skipped",
      "reason": "missing_price_usd"
    },
    {
      "codigo": "45134",
      "action": "skipped",
      "reason": "missing_price_usd"
    },
    {
      "codigo": "44362",
      "action": "skipped",
      "reason": "missing_price_usd"
    },
    {
      "codigo": "44361",
      "action": "skipped",
      "reason": "missing_price_usd"
    },
    {
      "codigo": "43434",
      "action": "skipped",
      "reason": "missing_price_usd"
    },
    {
      "codigo": "42790",
      "action": "skipped",
      "reason": "missing_price_usd"
    },
    {
      "codigo": "42788",
      "action": "skipped",
      "reason": "missing_price_usd"
    },
    {
      "codigo": "42277",
      "action": "skipped",
      "reason": "missing_price_usd"
    },
    {
      "codigo": "41883",
      "action": "skipped",
      "reason": "missing_price_usd"
    },
    {
      "codigo": "38920",
      "action": "skipped",
      "reason": "missing_price_usd"
    },
    {
      "codigo": "41587",
      "action": "skipped",
      "reason": "missing_price_usd"
    },
    {
      "codigo": "41576",
      "action": "skipped",
      "reason": "missing_price_usd"
    },
    {
      "codigo": "40277",
      "action": "skipped",
      "reason": "missing_price_usd"
    },
    {
      "codigo": "38918",
      "action": "skipped",
      "reason": "missing_price_usd"
    },
    {
      "codigo": "39756",
      "action": "skipped",
      "reason": "missing_price_usd"
    },
    {
      "codigo": "40003",
      "action": "skipped",
      "reason": "missing_price_usd"
    },
    {
      "codigo": "39690",
      "action": "skipped",
      "reason": "missing_price_usd"
    },
    {
      "codigo": "39688",
      "action": "skipped",
      "reason": "missing_price_usd"
    },
    {
      "codigo": "39686",
      "action": "skipped",
      "reason": "missing_price_usd"
    },
    {
      "codigo": "39205",
      "action": "skipped",
      "reason": "missing_price_usd"
    },
    {
      "codigo": "39436",
      "action": "skipped",
      "reason": "missing_price_usd"
    },
    {
      "codigo": "39434",
      "action": "skipped",
      "reason": "missing_price_usd"
    },
    {
      "codigo": "38919",
      "action": "skipped",
      "reason": "missing_price_usd"
    },
    {
      "codigo": "39214",
      "action": "skipped",
      "reason": "missing_price_usd"
    },
    {
      "codigo": "39170",
      "action": "skipped",
      "reason": "missing_price_usd"
    },
    {
      "codigo": "39160",
      "action": "skipped",
      "reason": "missing_price_usd"
    },
    {
      "codigo": "39156",
      "action": "skipped",
      "reason": "missing_price_usd"
    },
    {
      "codigo": "38717",
      "action": "skipped",
      "reason": "missing_price_usd"
    },
    {
      "codigo": "37678",
      "action": "skipped",
      "reason": "missing_price_usd"
    },
    {
      "codigo": "37501",
      "action": "skipped",
      "reason": "missing_price_usd"
    },
    {
      "codigo": "35959",
      "action": "skipped",
      "reason": "missing_price_usd"
    },
    {
      "codigo": "27678",
      "action": "skipped",
      "reason": "missing_price_usd"
    },
    {
      "codigo": "24207",
      "action": "skipped",
      "reason": "missing_price_usd"
    },
    {
      "codigo": "8699",
      "action": "skipped",
      "reason": "missing_price_usd"
    },
    {
      "codigo": "34288",
      "action": "skipped",
      "reason": "missing_price_usd"
    },
    {
      "codigo": "34038",
      "action": "skipped",
      "reason": "missing_price_usd"
    },
    {
      "codigo": "34037",
      "action": "skipped",
      "reason": "missing_price_usd"
    },
    {
      "codigo": "33251",
      "action": "skipped",
      "reason": "missing_price_usd"
    },
    {
      "codigo": "33250",
      "action": "skipped",
      "reason": "missing_price_usd"
    },
    {
      "codigo": "32904",
      "action": "skipped",
      "reason": "missing_price_usd"
    },
    {
      "codigo": "32412",
      "action": "skipped",
      "reason": "missing_price_usd"
    },
    {
      "codigo": "31124",
      "action": "skipped",
      "reason": "missing_price_usd"
    },
    {
      "codigo": "30720",
      "action": "skipped",
      "reason": "missing_price_usd"
    },
    {
      "codigo": "30417",
      "action": "skipped",
      "reason": "missing_price_usd"
    },
    {
      "codigo": "30078",
      "action": "skipped",
      "reason": "missing_price_usd"
    },
    {
      "codigo": "29964",
      "action": "skipped",
      "reason": "missing_price_usd"
    },
    {
      "codigo": "29014",
      "action": "skipped",
      "reason": "missing_price_usd"
    },
    {
      "codigo": "28496",
      "action": "skipped",
      "reason": "missing_price_usd"
    },
    {
      "codigo": "27917",
      "action": "skipped",
      "reason": "missing_price_usd"
    },
    {
      "codigo": "27813",
      "action": "skipped",
      "reason": "missing_price_usd"
    },
    {
      "codigo": "27812",
      "action": "skipped",
      "reason": "missing_price_usd"
    },
    {
      "codigo": "27533",
      "action": "skipped",
      "reason": "missing_price_usd"
    },
    {
      "codigo": "25608",
      "action": "skipped",
      "reason": "missing_price_usd"
    },
    {
      "codigo": "25079",
      "action": "skipped",
      "reason": "missing_price_usd"
    },
    {
      "codigo": "24932",
      "action": "skipped",
      "reason": "missing_price_usd"
    },
    {
      "codigo": "24931",
      "action": "skipped",
      "reason": "missing_price_usd"
    },
    {
      "codigo": "24928",
      "action": "skipped",
      "reason": "missing_price_usd"
    },
    {
      "codigo": "24216",
      "action": "skipped",
      "reason": "missing_price_usd"
    },
    {
      "codigo": "22245",
      "action": "skipped",
      "reason": "missing_price_usd"
    },
    {
      "codigo": "22243",
      "action": "skipped",
      "reason": "missing_price_usd"
    },
    {
      "codigo": "22141",
      "action": "skipped",
      "reason": "missing_price_usd"
    },
    {
      "codigo": "21090",
      "action": "skipped",
      "reason": "missing_price_usd"
    },
    {
      "codigo": "19993",
      "action": "skipped",
      "reason": "missing_price_usd"
    },
    {
      "codigo": "19756",
      "action": "skipped",
      "reason": "missing_price_usd"
    },
    {
      "codigo": "18483",
      "action": "skipped",
      "reason": "missing_price_usd"
    },
    {
      "codigo": "17858",
      "action": "skipped",
      "reason": "missing_price_usd"
    },
    {
      "codigo": "17787",
      "action": "skipped",
      "reason": "missing_price_usd"
    },
    {
      "codigo": "17482",
      "action": "skipped",
      "reason": "missing_price_usd"
    },
    {
      "codigo": "1416",
      "action": "skipped",
      "reason": "missing_price_usd"
    },
    {
      "codigo": "12279",
      "action": "skipped",
      "reason": "missing_price_usd"
    },
    {
      "codigo": "10969",
      "action": "skipped",
      "reason": "missing_price_usd"
    },
    {
      "codigo": "10745",
      "action": "skipped",
      "reason": "missing_price_usd"
    },
    {
      "codigo": "58137",
      "action": "skipped",
      "reason": "missing_price_usd"
    },
    {
      "codigo": "58138",
      "action": "skipped",
      "reason": "missing_price_usd"
    },
    {
      "codigo": "57705",
      "action": "skipped",
      "reason": "missing_price_usd"
    },
    {
      "codigo": "57355",
      "action": "skipped",
      "reason": "missing_price_usd"
    },
    {
      "codigo": "57554",
      "action": "skipped",
      "reason": "missing_price_usd"
    },
    {
      "codigo": "57435",
      "action": "skipped",
      "reason": "missing_price_usd"
    },
    {
      "codigo": "57365",
      "action": "skipped",
      "reason": "missing_price_usd"
    },
    {
      "codigo": "57363",
      "action": "skipped",
      "reason": "missing_price_usd"
    },
    {
      "codigo": "57357",
      "action": "skipped",
      "reason": "missing_price_usd"
    },
    {
      "codigo": "57356",
      "action": "skipped",
      "reason": "missing_price_usd"
    },
    {
      "codigo": "57354",
      "action": "skipped",
      "reason": "missing_price_usd"
    },
    {
      "codigo": "57314",
      "action": "skipped",
      "reason": "missing_price_usd"
    },
    {
      "codigo": "57262",
      "action": "skipped",
      "reason": "missing_price_usd"
    },
    {
      "codigo": "57260",
      "action": "skipped",
      "reason": "missing_price_usd"
    },
    {
      "codigo": "57070",
      "action": "skipped",
      "reason": "missing_price_usd"
    },
    {
      "codigo": "57069",
      "action": "skipped",
      "reason": "missing_price_usd"
    },
    {
      "codigo": "56966",
      "action": "skipped",
      "reason": "missing_price_usd"
    },
    {
      "codigo": "54532",
      "action": "skipped",
      "reason": "missing_price_usd"
    },
    {
      "codigo": "54531",
      "action": "skipped",
      "reason": "missing_price_usd"
    },
    {
      "codigo": "54157",
      "action": "skipped",
      "reason": "missing_price_usd"
    },
    {
      "codigo": "53849",
      "action": "skipped",
      "reason": "missing_price_usd"
    },
    {
      "codigo": "52547",
      "action": "skipped",
      "reason": "missing_price_usd"
    },
    {
      "codigo": "53769",
      "action": "skipped",
      "reason": "missing_price_usd"
    },
    {
      "codigo": "53768",
      "action": "skipped",
      "reason": "missing_price_usd"
    },
    {
      "codigo": "53765",
      "action": "skipped",
      "reason": "missing_price_usd"
    },
    {
      "codigo": "53763",
      "action": "skipped",
      "reason": "missing_price_usd"
    },
    {
      "codigo": "53347",
      "action": "skipped",
      "reason": "missing_price_usd"
    },
    {
      "codigo": "52555",
      "action": "skipped",
      "reason": "missing_price_usd"
    },
    {
      "codigo": "52554",
      "action": "skipped",
      "reason": "missing_price_usd"
    },
    {
      "codigo": "52553",
      "action": "skipped",
      "reason": "missing_price_usd"
    },
    {
      "codigo": "52552",
      "action": "skipped",
      "reason": "missing_price_usd"
    },
    {
      "codigo": "52551",
      "action": "skipped",
      "reason": "missing_price_usd"
    },
    {
      "codigo": "52550",
      "action": "skipped",
      "reason": "missing_price_usd"
    },
    {
      "codigo": "52549",
      "action": "skipped",
      "reason": "missing_price_usd"
    },
    {
      "codigo": "52546",
      "action": "skipped",
      "reason": "missing_price_usd"
    },
    {
      "codigo": "52545",
      "action": "skipped",
      "reason": "missing_price_usd"
    },
    {
      "codigo": "52544",
      "action": "skipped",
      "reason": "missing_price_usd"
    },
    {
      "codigo": "52543",
      "action": "skipped",
      "reason": "missing_price_usd"
    },
    {
      "codigo": "52542",
      "action": "skipped",
      "reason": "missing_price_usd"
    },
    {
      "codigo": "52540",
      "action": "skipped",
      "reason": "missing_price_usd"
    },
    {
      "codigo": "52530",
      "action": "skipped",
      "reason": "missing_price_usd"
    },
    {
      "codigo": "52529",
      "action": "skipped",
      "reason": "missing_price_usd"
    },
    {
      "codigo": "52528",
      "action": "skipped",
      "reason": "missing_price_usd"
    },
    {
      "codigo": "52526",
      "action": "skipped",
      "reason": "missing_price_usd"
    },
    {
      "codigo": "52525",
      "action": "skipped",
      "reason": "missing_price_usd"
    },
    {
      "codigo": "52524",
      "action": "skipped",
      "reason": "missing_price_usd"
    },
    {
      "codigo": "52522",
      "action": "skipped",
      "reason": "missing_price_usd"
    },
    {
      "codigo": "52521",
      "action": "skipped",
      "reason": "missing_price_usd"
    },
    {
      "codigo": "52520",
      "action": "skipped",
      "reason": "missing_price_usd"
    },
    {
      "codigo": "52519",
      "action": "skipped",
      "reason": "missing_price_usd"
    },
    {
      "codigo": "52518",
      "action": "skipped",
      "reason": "missing_price_usd"
    },
    {
      "codigo": "52517",
      "action": "skipped",
      "reason": "missing_price_usd"
    },
    {
      "codigo": "52516",
      "action": "skipped",
      "reason": "missing_price_usd"
    },
    {
      "codigo": "52499",
      "action": "skipped",
      "reason": "missing_price_usd"
    },
    {
      "codigo": "51950",
      "action": "skipped",
      "reason": "missing_price_usd"
    },
    {
      "codigo": "51918",
      "action": "skipped",
      "reason": "missing_price_usd"
    },
    {
      "codigo": "49827",
      "action": "skipped",
      "reason": "missing_price_usd"
    },
    {
      "codigo": "49472",
      "action": "skipped",
      "reason": "missing_price_usd"
    },
    {
      "codigo": "49470",
      "action": "skipped",
      "reason": "missing_price_usd"
    },
    {
      "codigo": "49063",
      "action": "skipped",
      "reason": "missing_price_usd"
    },
    {
      "codigo": "45358",
      "action": "skipped",
      "reason": "missing_price_usd"
    },
    {
      "codigo": "20514",
      "action": "skipped",
      "reason": "missing_price_usd"
    },
    {
      "codigo": "47557",
      "action": "skipped",
      "reason": "missing_price_usd"
    },
    {
      "codigo": "46897",
      "action": "skipped",
      "reason": "missing_price_usd"
    },
    {
      "codigo": "46337",
      "action": "skipped",
      "reason": "missing_price_usd"
    },
    {
      "codigo": "45488",
      "action": "skipped",
      "reason": "missing_price_usd"
    },
    {
      "codigo": "44143",
      "action": "skipped",
      "reason": "missing_price_usd"
    },
    {
      "codigo": "43774",
      "action": "skipped",
      "reason": "missing_price_usd"
    },
    {
      "codigo": "43229",
      "action": "skipped",
      "reason": "missing_price_usd"
    },
    {
      "codigo": "42615",
      "action": "skipped",
      "reason": "missing_price_usd"
    },
    {
      "codigo": "42266",
      "action": "skipped",
      "reason": "missing_price_usd"
    },
    {
      "codigo": "42262",
      "action": "skipped",
      "reason": "missing_price_usd"
    },
    {
      "codigo": "41537",
      "action": "skipped",
      "reason": "missing_price_usd"
    },
    {
      "codigo": "41132",
      "action": "skipped",
      "reason": "missing_price_usd"
    },
    {
      "codigo": "41131",
      "action": "skipped",
      "reason": "missing_price_usd"
    },
    {
      "codigo": "40744",
      "action": "skipped",
      "reason": "missing_price_usd"
    },
    {
      "codigo": "40174",
      "action": "skipped",
      "reason": "missing_price_usd"
    },
    {
      "codigo": "38988",
      "action": "skipped",
      "reason": "missing_price_usd"
    },
    {
      "codigo": "37954",
      "action": "skipped",
      "reason": "missing_price_usd"
    },
    {
      "codigo": "37014",
      "action": "skipped",
      "reason": "missing_price_usd"
    },
    {
      "codigo": "35907",
      "action": "skipped",
      "reason": "missing_price_usd"
    },
    {
      "codigo": "35278",
      "action": "skipped",
      "reason": "missing_price_usd"
    },
    {
      "codigo": "35087",
      "action": "skipped",
      "reason": "missing_price_usd"
    },
    {
      "codigo": "28653",
      "action": "skipped",
      "reason": "missing_price_usd"
    },
    {
      "codigo": "28065",
      "action": "skipped",
      "reason": "missing_price_usd"
    },
    {
      "codigo": "9061",
      "action": "skipped",
      "reason": "missing_price_usd"
    },
    {
      "codigo": "79",
      "action": "skipped",
      "reason": "missing_price_usd"
    },
    {
      "codigo": "5568",
      "action": "skipped",
      "reason": "missing_price_usd"
    },
    {
      "codigo": "34615",
      "action": "skipped",
      "reason": "missing_price_usd"
    },
    {
      "codigo": "34163",
      "action": "skipped",
      "reason": "missing_price_usd"
    },
    {
      "codigo": "34161",
      "action": "skipped",
      "reason": "missing_price_usd"
    },
    {
      "codigo": "34160",
      "action": "skipped",
      "reason": "missing_price_usd"
    },
    {
      "codigo": "33969",
      "action": "skipped",
      "reason": "missing_price_usd"
    },
    {
      "codigo": "33845",
      "action": "skipped",
      "reason": "missing_price_usd"
    },
    {
      "codigo": "33843",
      "action": "skipped",
      "reason": "missing_price_usd"
    },
    {
      "codigo": "3316",
      "action": "skipped",
      "reason": "missing_price_usd"
    },
    {
      "codigo": "32436",
      "action": "skipped",
      "reason": "missing_price_usd"
    },
    {
      "codigo": "32242",
      "action": "skipped",
      "reason": "missing_price_usd"
    },
    {
      "codigo": "31016",
      "action": "skipped",
      "reason": "missing_price_usd"
    },
    {
      "codigo": "30331",
      "action": "skipped",
      "reason": "missing_price_usd"
    },
    {
      "codigo": "29109",
      "action": "skipped",
      "reason": "missing_price_usd"
    },
    {
      "codigo": "28516",
      "action": "skipped",
      "reason": "missing_price_usd"
    },
    {
      "codigo": "28401",
      "action": "skipped",
      "reason": "missing_price_usd"
    },
    {
      "codigo": "28397",
      "action": "skipped",
      "reason": "missing_price_usd"
    },
    {
      "codigo": "28366",
      "action": "skipped",
      "reason": "missing_price_usd"
    },
    {
      "codigo": "2783",
      "action": "skipped",
      "reason": "missing_price_usd"
    },
    {
      "codigo": "26014",
      "action": "skipped",
      "reason": "missing_price_usd"
    },
    {
      "codigo": "2594",
      "action": "skipped",
      "reason": "missing_price_usd"
    },
    {
      "codigo": "25793",
      "action": "skipped",
      "reason": "missing_price_usd"
    },
    {
      "codigo": "25493",
      "action": "skipped",
      "reason": "missing_price_usd"
    },
    {
      "codigo": "25492",
      "action": "skipped",
      "reason": "missing_price_usd"
    },
    {
      "codigo": "24519",
      "action": "skipped",
      "reason": "missing_price_usd"
    },
    {
      "codigo": "24515",
      "action": "skipped",
      "reason": "missing_price_usd"
    },
    {
      "codigo": "24330",
      "action": "skipped",
      "reason": "missing_price_usd"
    },
    {
      "codigo": "23974",
      "action": "skipped",
      "reason": "missing_price_usd"
    },
    {
      "codigo": "22942",
      "action": "skipped",
      "reason": "missing_price_usd"
    },
    {
      "codigo": "22414",
      "action": "skipped",
      "reason": "missing_price_usd"
    },
    {
      "codigo": "22252",
      "action": "skipped",
      "reason": "missing_price_usd"
    },
    {
      "codigo": "22056",
      "action": "skipped",
      "reason": "missing_price_usd"
    },
    {
      "codigo": "21775",
      "action": "skipped",
      "reason": "missing_price_usd"
    },
    {
      "codigo": "21645",
      "action": "skipped",
      "reason": "missing_price_usd"
    },
    {
      "codigo": "21449",
      "action": "skipped",
      "reason": "missing_price_usd"
    },
    {
      "codigo": "21300",
      "action": "skipped",
      "reason": "missing_price_usd"
    },
    {
      "codigo": "20890",
      "action": "skipped",
      "reason": "missing_price_usd"
    },
    {
      "codigo": "20211",
      "action": "skipped",
      "reason": "missing_price_usd"
    },
    {
      "codigo": "19635",
      "action": "skipped",
      "reason": "missing_price_usd"
    },
    {
      "codigo": "19352",
      "action": "skipped",
      "reason": "missing_price_usd"
    },
    {
      "codigo": "18393",
      "action": "skipped",
      "reason": "missing_price_usd"
    },
    {
      "codigo": "17791",
      "action": "skipped",
      "reason": "missing_price_usd"
    },
    {
      "codigo": "17417",
      "action": "skipped",
      "reason": "missing_price_usd"
    },
    {
      "codigo": "17178",
      "action": "skipped",
      "reason": "missing_price_usd"
    },
    {
      "codigo": "1705",
      "action": "skipped",
      "reason": "missing_price_usd"
    },
    {
      "codigo": "16144",
      "action": "skipped",
      "reason": "missing_price_usd"
    },
    {
      "codigo": "15903",
      "action": "skipped",
      "reason": "missing_price_usd"
    },
    {
      "codigo": "13896",
      "action": "skipped",
      "reason": "missing_price_usd"
    },
    {
      "codigo": "13539",
      "action": "skipped",
      "reason": "missing_price_usd"
    },
    {
      "codigo": "13231",
      "action": "skipped",
      "reason": "missing_price_usd"
    },
    {
      "codigo": "13056",
      "action": "skipped",
      "reason": "missing_price_usd"
    },
    {
      "codigo": "13033",
      "action": "skipped",
      "reason": "missing_price_usd"
    },
    {
      "codigo": "12849",
      "action": "skipped",
      "reason": "missing_price_usd"
    },
    {
      "codigo": "10361",
      "action": "skipped",
      "reason": "missing_price_usd"
    },
    {
      "codigo": "49879",
      "action": "skipped",
      "reason": "missing_price_usd"
    },
    {
      "codigo": "49878",
      "action": "skipped",
      "reason": "missing_price_usd"
    },
    {
      "codigo": "49875",
      "action": "skipped",
      "reason": "missing_price_usd"
    },
    {
      "codigo": "49873",
      "action": "skipped",
      "reason": "missing_price_usd"
    },
    {
      "codigo": "49872",
      "action": "skipped",
      "reason": "missing_price_usd"
    },
    {
      "codigo": "49871",
      "action": "skipped",
      "reason": "missing_price_usd"
    },
    {
      "codigo": "49869",
      "action": "skipped",
      "reason": "missing_price_usd"
    },
    {
      "codigo": "49865",
      "action": "skipped",
      "reason": "missing_price_usd"
    },
    {
      "codigo": "49864",
      "action": "skipped",
      "reason": "missing_price_usd"
    },
    {
      "codigo": "49863",
      "action": "skipped",
      "reason": "missing_price_usd"
    },
    {
      "codigo": "49860",
      "action": "skipped",
      "reason": "missing_price_usd"
    },
    {
      "codigo": "49397",
      "action": "skipped",
      "reason": "missing_price_usd"
    },
    {
      "codigo": "30990",
      "action": "skipped",
      "reason": "missing_price_usd"
    },
    {
      "codigo": "17063",
      "action": "skipped",
      "reason": "missing_price_usd"
    },
    {
      "codigo": "17062",
      "action": "skipped",
      "reason": "missing_price_usd"
    },
    {
      "codigo": "16344",
      "action": "skipped",
      "reason": "missing_price_usd"
    },
    {
      "codigo": "16343",
      "action": "skipped",
      "reason": "missing_price_usd"
    },
    {
      "codigo": "1377",
      "action": "skipped",
      "reason": "missing_price_usd"
    },
    {
      "codigo": "1376",
      "action": "skipped",
      "reason": "missing_price_usd"
    },
    {
      "codigo": "1375",
      "action": "skipped",
      "reason": "missing_price_usd"
    },
    {
      "codigo": "1298",
      "action": "skipped",
      "reason": "missing_price_usd"
    },
    {
      "codigo": "48321",
      "action": "skipped",
      "reason": "missing_price_usd"
    },
    {
      "codigo": "56752",
      "action": "skipped",
      "reason": "missing_price_usd"
    },
    {
      "codigo": "56751",
      "action": "skipped",
      "reason": "missing_price_usd"
    },
    {
      "codigo": "56750",
      "action": "skipped",
      "reason": "missing_price_usd"
    },
    {
      "codigo": "54929",
      "action": "skipped",
      "reason": "missing_price_usd"
    },
    {
      "codigo": "53216",
      "action": "skipped",
      "reason": "missing_price_usd"
    },
    {
      "codigo": "52816",
      "action": "skipped",
      "reason": "missing_price_usd"
    },
    {
      "codigo": "52782",
      "action": "skipped",
      "reason": "missing_price_usd"
    },
    {
      "codigo": "48253",
      "action": "skipped",
      "reason": "missing_price_usd"
    },
    {
      "codigo": "47247",
      "action": "skipped",
      "reason": "missing_price_usd"
    },
    {
      "codigo": "43188",
      "action": "skipped",
      "reason": "missing_price_usd"
    },
    {
      "codigo": "38770",
      "action": "skipped",
      "reason": "missing_price_usd"
    },
    {
      "codigo": "31739",
      "action": "skipped",
      "reason": "missing_price_usd"
    },
    {
      "codigo": "57572",
      "action": "skipped",
      "reason": "missing_price_usd"
    },
    {
      "codigo": "57059",
      "action": "skipped",
      "reason": "missing_price_usd"
    },
    {
      "codigo": "57058",
      "action": "skipped",
      "reason": "missing_price_usd"
    },
    {
      "codigo": "57057",
      "action": "skipped",
      "reason": "missing_price_usd"
    },
    {
      "codigo": "56097",
      "action": "skipped",
      "reason": "missing_price_usd"
    },
    {
      "codigo": "54533",
      "action": "skipped",
      "reason": "missing_price_usd"
    },
    {
      "codigo": "45550",
      "action": "skipped",
      "reason": "missing_price_usd"
    },
    {
      "codigo": "52177",
      "action": "skipped",
      "reason": "missing_price_usd"
    },
    {
      "codigo": "51999",
      "action": "skipped",
      "reason": "missing_price_usd"
    },
    {
      "codigo": "51921",
      "action": "skipped",
      "reason": "missing_price_usd"
    },
    {
      "codigo": "51449",
      "action": "skipped",
      "reason": "missing_price_usd"
    },
    {
      "codigo": "47767",
      "action": "skipped",
      "reason": "missing_price_usd"
    },
    {
      "codigo": "47766",
      "action": "skipped",
      "reason": "missing_price_usd"
    },
    {
      "codigo": "47759",
      "action": "skipped",
      "reason": "missing_price_usd"
    },
    {
      "codigo": "44626",
      "action": "skipped",
      "reason": "missing_price_usd"
    },
    {
      "codigo": "45628",
      "action": "skipped",
      "reason": "missing_price_usd"
    },
    {
      "codigo": "45221",
      "action": "skipped",
      "reason": "missing_price_usd"
    },
    {
      "codigo": "35164",
      "action": "skipped",
      "reason": "missing_price_usd"
    },
    {
      "codigo": "28622",
      "action": "skipped",
      "reason": "missing_price_usd"
    },
    {
      "codigo": "25927",
      "action": "skipped",
      "reason": "missing_price_usd"
    },
    {
      "codigo": "57395",
      "action": "skipped",
      "reason": "missing_price_usd"
    },
    {
      "codigo": "57394",
      "action": "skipped",
      "reason": "missing_price_usd"
    },
    {
      "codigo": "57393",
      "action": "skipped",
      "reason": "missing_price_usd"
    },
    {
      "codigo": "57366",
      "action": "skipped",
      "reason": "missing_price_usd"
    },
    {
      "codigo": "57075",
      "action": "skipped",
      "reason": "missing_price_usd"
    },
    {
      "codigo": "57074",
      "action": "skipped",
      "reason": "missing_price_usd"
    },
    {
      "codigo": "57011",
      "action": "skipped",
      "reason": "missing_price_usd"
    },
    {
      "codigo": "56523",
      "action": "skipped",
      "reason": "missing_price_usd"
    },
    {
      "codigo": "55501",
      "action": "skipped",
      "reason": "missing_price_usd"
    },
    {
      "codigo": "55500",
      "action": "skipped",
      "reason": "missing_price_usd"
    },
    {
      "codigo": "55499",
      "action": "skipped",
      "reason": "missing_price_usd"
    },
    {
      "codigo": "48898",
      "action": "skipped",
      "reason": "missing_price_usd"
    },
    {
      "codigo": "48893",
      "action": "skipped",
      "reason": "missing_price_usd"
    },
    {
      "codigo": "48885",
      "action": "skipped",
      "reason": "missing_price_usd"
    },
    {
      "codigo": "48847",
      "action": "skipped",
      "reason": "missing_price_usd"
    },
    {
      "codigo": "48846",
      "action": "skipped",
      "reason": "missing_price_usd"
    },
    {
      "codigo": "44536",
      "action": "skipped",
      "reason": "missing_price_usd"
    },
    {
      "codigo": "44083",
      "action": "skipped",
      "reason": "missing_price_usd"
    },
    {
      "codigo": "44079",
      "action": "skipped",
      "reason": "missing_price_usd"
    },
    {
      "codigo": "35333",
      "action": "skipped",
      "reason": "missing_price_usd"
    },
    {
      "codigo": "5216",
      "action": "skipped",
      "reason": "missing_price_usd"
    },
    {
      "codigo": "5215",
      "action": "skipped",
      "reason": "missing_price_usd"
    },
    {
      "codigo": "21519",
      "action": "skipped",
      "reason": "missing_price_usd"
    },
    {
      "codigo": "21149",
      "action": "skipped",
      "reason": "missing_price_usd"
    },
    {
      "codigo": "19640",
      "action": "skipped",
      "reason": "missing_price_usd"
    },
    {
      "codigo": "18846",
      "action": "skipped",
      "reason": "missing_price_usd"
    },
    {
      "codigo": "16866",
      "action": "skipped",
      "reason": "missing_price_usd"
    },
    {
      "codigo": "15684",
      "action": "skipped",
      "reason": "missing_price_usd"
    },
    {
      "codigo": "1401",
      "action": "skipped",
      "reason": "missing_price_usd"
    },
    {
      "codigo": "1364",
      "action": "skipped",
      "reason": "missing_price_usd"
    },
    {
      "codigo": "58156",
      "action": "skipped",
      "reason": "missing_price_usd"
    },
    {
      "codigo": "58155",
      "action": "skipped",
      "reason": "missing_price_usd"
    },
    {
      "codigo": "58147",
      "action": "skipped",
      "reason": "missing_price_usd"
    },
    {
      "codigo": "51400",
      "action": "skipped",
      "reason": "missing_price_usd"
    },
    {
      "codigo": "57629",
      "action": "skipped",
      "reason": "missing_price_usd"
    },
    {
      "codigo": "57628",
      "action": "skipped",
      "reason": "missing_price_usd"
    },
    {
      "codigo": "57627",
      "action": "skipped",
      "reason": "missing_price_usd"
    },
    {
      "codigo": "57626",
      "action": "skipped",
      "reason": "missing_price_usd"
    },
    {
      "codigo": "57625",
      "action": "skipped",
      "reason": "missing_price_usd"
    },
    {
      "codigo": "57624",
      "action": "skipped",
      "reason": "missing_price_usd"
    },
    {
      "codigo": "57623",
      "action": "skipped",
      "reason": "missing_price_usd"
    },
    {
      "codigo": "57622",
      "action": "skipped",
      "reason": "missing_price_usd"
    },
    {
      "codigo": "57621",
      "action": "skipped",
      "reason": "missing_price_usd"
    },
    {
      "codigo": "57620",
      "action": "skipped",
      "reason": "missing_price_usd"
    },
    {
      "codigo": "57619",
      "action": "skipped",
      "reason": "missing_price_usd"
    },
    {
      "codigo": "57618",
      "action": "skipped",
      "reason": "missing_price_usd"
    },
    {
      "codigo": "57617",
      "action": "skipped",
      "reason": "missing_price_usd"
    },
    {
      "codigo": "57551",
      "action": "skipped",
      "reason": "missing_price_usd"
    },
    {
      "codigo": "57078",
      "action": "skipped",
      "reason": "missing_price_usd"
    },
    {
      "codigo": "56861",
      "action": "skipped",
      "reason": "missing_price_usd"
    },
    {
      "codigo": "56856",
      "action": "skipped",
      "reason": "missing_price_usd"
    },
    {
      "codigo": "56842",
      "action": "skipped",
      "reason": "missing_price_usd"
    },
    {
      "codigo": "55063",
      "action": "skipped",
      "reason": "missing_price_usd"
    },
    {
      "codigo": "55062",
      "action": "skipped",
      "reason": "missing_price_usd"
    },
    {
      "codigo": "55061",
      "action": "skipped",
      "reason": "missing_price_usd"
    },
    {
      "codigo": "55011",
      "action": "skipped",
      "reason": "missing_price_usd"
    },
    {
      "codigo": "55010",
      "action": "skipped",
      "reason": "missing_price_usd"
    },
    {
      "codigo": "55007",
      "action": "skipped",
      "reason": "missing_price_usd"
    },
    {
      "codigo": "55006",
      "action": "skipped",
      "reason": "missing_price_usd"
    },
    {
      "codigo": "55005",
      "action": "skipped",
      "reason": "missing_price_usd"
    },
    {
      "codigo": "54290",
      "action": "skipped",
      "reason": "missing_price_usd"
    },
    {
      "codigo": "54289",
      "action": "skipped",
      "reason": "missing_price_usd"
    },
    {
      "codigo": "53786",
      "action": "skipped",
      "reason": "missing_price_usd"
    },
    {
      "codigo": "53772",
      "action": "skipped",
      "reason": "missing_price_usd"
    },
    {
      "codigo": "53469",
      "action": "skipped",
      "reason": "missing_price_usd"
    },
    {
      "codigo": "53467",
      "action": "skipped",
      "reason": "missing_price_usd"
    },
    {
      "codigo": "52875",
      "action": "skipped",
      "reason": "missing_price_usd"
    },
    {
      "codigo": "51403",
      "action": "skipped",
      "reason": "missing_price_usd"
    },
    {
      "codigo": "50571",
      "action": "skipped",
      "reason": "missing_price_usd"
    },
    {
      "codigo": "51405",
      "action": "skipped",
      "reason": "missing_price_usd"
    },
    {
      "codigo": "51397",
      "action": "skipped",
      "reason": "missing_price_usd"
    },
    {
      "codigo": "49834",
      "action": "skipped",
      "reason": "missing_price_usd"
    },
    {
      "codigo": "50929",
      "action": "skipped",
      "reason": "missing_price_usd"
    },
    {
      "codigo": "50924",
      "action": "skipped",
      "reason": "missing_price_usd"
    },
    {
      "codigo": "50923",
      "action": "skipped",
      "reason": "missing_price_usd"
    },
    {
      "codigo": "50922",
      "action": "skipped",
      "reason": "missing_price_usd"
    },
    {
      "codigo": "50310",
      "action": "skipped",
      "reason": "missing_price_usd"
    },
    {
      "codigo": "50565",
      "action": "skipped",
      "reason": "missing_price_usd"
    },
    {
      "codigo": "50564",
      "action": "skipped",
      "reason": "missing_price_usd"
    },
    {
      "codigo": "50557",
      "action": "skipped",
      "reason": "missing_price_usd"
    },
    {
      "codigo": "49011",
      "action": "skipped",
      "reason": "missing_price_usd"
    },
    {
      "codigo": "49836",
      "action": "skipped",
      "reason": "missing_price_usd"
    },
    {
      "codigo": "49835",
      "action": "skipped",
      "reason": "missing_price_usd"
    },
    {
      "codigo": "49477",
      "action": "skipped",
      "reason": "missing_price_usd"
    },
    {
      "codigo": "49022",
      "action": "skipped",
      "reason": "missing_price_usd"
    },
    {
      "codigo": "49021",
      "action": "skipped",
      "reason": "missing_price_usd"
    },
    {
      "codigo": "49019",
      "action": "skipped",
      "reason": "missing_price_usd"
    },
    {
      "codigo": "49014",
      "action": "skipped",
      "reason": "missing_price_usd"
    },
    {
      "codigo": "49013",
      "action": "skipped",
      "reason": "missing_price_usd"
    },
    {
      "codigo": "49010",
      "action": "skipped",
      "reason": "missing_price_usd"
    },
    {
      "codigo": "14421",
      "action": "skipped",
      "reason": "missing_price_usd"
    },
    {
      "codigo": "47994",
      "action": "skipped",
      "reason": "missing_price_usd"
    },
    {
      "codigo": "47787",
      "action": "skipped",
      "reason": "missing_price_usd"
    },
    {
      "codigo": "47438",
      "action": "skipped",
      "reason": "missing_price_usd"
    },
    {
      "codigo": "47374",
      "action": "skipped",
      "reason": "missing_price_usd"
    },
    {
      "codigo": "47372",
      "action": "skipped",
      "reason": "missing_price_usd"
    },
    {
      "codigo": "47359",
      "action": "skipped",
      "reason": "missing_price_usd"
    },
    {
      "codigo": "44165",
      "action": "skipped",
      "reason": "missing_price_usd"
    },
    {
      "codigo": "42251",
      "action": "skipped",
      "reason": "missing_price_usd"
    },
    {
      "codigo": "42240",
      "action": "skipped",
      "reason": "missing_price_usd"
    },
    {
      "codigo": "42248",
      "action": "skipped",
      "reason": "missing_price_usd"
    },
    {
      "codigo": "42246",
      "action": "skipped",
      "reason": "missing_price_usd"
    },
    {
      "codigo": "42244",
      "action": "skipped",
      "reason": "missing_price_usd"
    },
    {
      "codigo": "41927",
      "action": "skipped",
      "reason": "missing_price_usd"
    },
    {
      "codigo": "40499",
      "action": "skipped",
      "reason": "missing_price_usd"
    },
    {
      "codigo": "40556",
      "action": "skipped",
      "reason": "missing_price_usd"
    },
    {
      "codigo": "40554",
      "action": "skipped",
      "reason": "missing_price_usd"
    },
    {
      "codigo": "40224",
      "action": "skipped",
      "reason": "missing_price_usd"
    },
    {
      "codigo": "39273",
      "action": "skipped",
      "reason": "missing_price_usd"
    },
    {
      "codigo": "38978",
      "action": "skipped",
      "reason": "missing_price_usd"
    },
    {
      "codigo": "38977",
      "action": "skipped",
      "reason": "missing_price_usd"
    },
    {
      "codigo": "38178",
      "action": "skipped",
      "reason": "missing_price_usd"
    },
    {
      "codigo": "37804",
      "action": "skipped",
      "reason": "missing_price_usd"
    },
    {
      "codigo": "33782",
      "action": "skipped",
      "reason": "missing_price_usd"
    },
    {
      "codigo": "35458",
      "action": "skipped",
      "reason": "missing_price_usd"
    },
    {
      "codigo": "35455",
      "action": "skipped",
      "reason": "missing_price_usd"
    },
    {
      "codigo": "35328",
      "action": "skipped",
      "reason": "missing_price_usd"
    },
    {
      "codigo": "35188",
      "action": "skipped",
      "reason": "missing_price_usd"
    },
    {
      "codigo": "8635",
      "action": "skipped",
      "reason": "missing_price_usd"
    },
    {
      "codigo": "7392",
      "action": "skipped",
      "reason": "missing_price_usd"
    },
    {
      "codigo": "4169",
      "action": "skipped",
      "reason": "missing_price_usd"
    },
    {
      "codigo": "31953",
      "action": "skipped",
      "reason": "missing_price_usd"
    },
    {
      "codigo": "29688",
      "action": "skipped",
      "reason": "missing_price_usd"
    },
    {
      "codigo": "29687",
      "action": "skipped",
      "reason": "missing_price_usd"
    },
    {
      "codigo": "29329",
      "action": "skipped",
      "reason": "missing_price_usd"
    },
    {
      "codigo": "27517",
      "action": "skipped",
      "reason": "missing_price_usd"
    },
    {
      "codigo": "26690",
      "action": "skipped",
      "reason": "missing_price_usd"
    },
    {
      "codigo": "26689",
      "action": "skipped",
      "reason": "missing_price_usd"
    },
    {
      "codigo": "26646",
      "action": "skipped",
      "reason": "missing_price_usd"
    },
    {
      "codigo": "26182",
      "action": "skipped",
      "reason": "missing_price_usd"
    },
    {
      "codigo": "25929",
      "action": "skipped",
      "reason": "missing_price_usd"
    },
    {
      "codigo": "24819",
      "action": "skipped",
      "reason": "missing_price_usd"
    },
    {
      "codigo": "24813",
      "action": "skipped",
      "reason": "missing_price_usd"
    },
    {
      "codigo": "24298",
      "action": "skipped",
      "reason": "missing_price_usd"
    },
    {
      "codigo": "23821",
      "action": "skipped",
      "reason": "missing_price_usd"
    },
    {
      "codigo": "21654",
      "action": "skipped",
      "reason": "missing_price_usd"
    },
    {
      "codigo": "20956",
      "action": "skipped",
      "reason": "missing_price_usd"
    },
    {
      "codigo": "20233",
      "action": "skipped",
      "reason": "missing_price_usd"
    },
    {
      "codigo": "19781",
      "action": "skipped",
      "reason": "missing_price_usd"
    },
    {
      "codigo": "18415",
      "action": "skipped",
      "reason": "missing_price_usd"
    },
    {
      "codigo": "17189",
      "action": "skipped",
      "reason": "missing_price_usd"
    },
    {
      "codigo": "15420",
      "action": "skipped",
      "reason": "missing_price_usd"
    },
    {
      "codigo": "1460",
      "action": "skipped",
      "reason": "missing_price_usd"
    },
    {
      "codigo": "1445",
      "action": "skipped",
      "reason": "missing_price_usd"
    },
    {
      "codigo": "13503",
      "action": "skipped",
      "reason": "missing_price_usd"
    },
    {
      "codigo": "11102",
      "action": "skipped",
      "reason": "missing_price_usd"
    },
    {
      "codigo": "56090",
      "action": "skipped",
      "reason": "missing_price_usd"
    },
    {
      "codigo": "56100",
      "action": "skipped",
      "reason": "missing_price_usd"
    },
    {
      "codigo": "56103",
      "action": "skipped",
      "reason": "missing_price_usd"
    },
    {
      "codigo": "56102",
      "action": "skipped",
      "reason": "missing_price_usd"
    },
    {
      "codigo": "56101",
      "action": "skipped",
      "reason": "missing_price_usd"
    },
    {
      "codigo": "56099",
      "action": "skipped",
      "reason": "missing_price_usd"
    },
    {
      "codigo": "56098",
      "action": "skipped",
      "reason": "missing_price_usd"
    },
    {
      "codigo": "54823",
      "action": "skipped",
      "reason": "missing_price_usd"
    },
    {
      "codigo": "19758",
      "action": "skipped",
      "reason": "missing_price_usd"
    },
    {
      "codigo": "27913",
      "action": "skipped",
      "reason": "missing_price_usd"
    },
    {
      "codigo": "27561",
      "action": "skipped",
      "reason": "missing_price_usd"
    },
    {
      "codigo": "47990",
      "action": "skipped",
      "reason": "missing_price_usd"
    },
    {
      "codigo": "612",
      "action": "skipped",
      "reason": "missing_price_usd"
    },
    {
      "codigo": "21981",
      "action": "skipped",
      "reason": "missing_price_usd"
    },
    {
      "codigo": "20913",
      "action": "skipped",
      "reason": "missing_price_usd"
    },
    {
      "codigo": "19898",
      "action": "skipped",
      "reason": "missing_price_usd"
    },
    {
      "codigo": "19754",
      "action": "skipped",
      "reason": "missing_price_usd"
    },
    {
      "codigo": "19648",
      "action": "skipped",
      "reason": "missing_price_usd"
    },
    {
      "codigo": "14927",
      "action": "skipped",
      "reason": "missing_price_usd"
    },
    {
      "codigo": "13359",
      "action": "skipped",
      "reason": "missing_price_usd"
    },
    {
      "codigo": "13358",
      "action": "skipped",
      "reason": "missing_price_usd"
    },
    {
      "codigo": "13354",
      "action": "skipped",
      "reason": "missing_price_usd"
    },
    {
      "codigo": "13353",
      "action": "skipped",
      "reason": "missing_price_usd"
    },
    {
      "codigo": "13352",
      "action": "skipped",
      "reason": "missing_price_usd"
    },
    {
      "codigo": "13351",
      "action": "skipped",
      "reason": "missing_price_usd"
    },
    {
      "codigo": "57834",
      "action": "skipped",
      "reason": "missing_price_usd"
    },
    {
      "codigo": "57833",
      "action": "skipped",
      "reason": "missing_price_usd"
    },
    {
      "codigo": "57832",
      "action": "skipped",
      "reason": "missing_price_usd"
    },
    {
      "codigo": "57831",
      "action": "skipped",
      "reason": "missing_price_usd"
    },
    {
      "codigo": "57830",
      "action": "skipped",
      "reason": "missing_price_usd"
    },
    {
      "codigo": "57829",
      "action": "skipped",
      "reason": "missing_price_usd"
    },
    {
      "codigo": "57449",
      "action": "skipped",
      "reason": "missing_price_usd"
    },
    {
      "codigo": "57448",
      "action": "skipped",
      "reason": "missing_price_usd"
    },
    {
      "codigo": "57447",
      "action": "skipped",
      "reason": "missing_price_usd"
    },
    {
      "codigo": "57344",
      "action": "skipped",
      "reason": "missing_price_usd"
    },
    {
      "codigo": "57343",
      "action": "skipped",
      "reason": "missing_price_usd"
    },
    {
      "codigo": "57342",
      "action": "skipped",
      "reason": "missing_price_usd"
    },
    {
      "codigo": "57341",
      "action": "skipped",
      "reason": "missing_price_usd"
    },
    {
      "codigo": "57027",
      "action": "skipped",
      "reason": "missing_price_usd"
    },
    {
      "codigo": "57026",
      "action": "skipped",
      "reason": "missing_price_usd"
    },
    {
      "codigo": "57024",
      "action": "skipped",
      "reason": "missing_price_usd"
    },
    {
      "codigo": "57023",
      "action": "skipped",
      "reason": "missing_price_usd"
    },
    {
      "codigo": "55030",
      "action": "skipped",
      "reason": "missing_price_usd"
    },
    {
      "codigo": "55029",
      "action": "skipped",
      "reason": "missing_price_usd"
    },
    {
      "codigo": "55028",
      "action": "skipped",
      "reason": "missing_price_usd"
    },
    {
      "codigo": "55027",
      "action": "skipped",
      "reason": "missing_price_usd"
    },
    {
      "codigo": "55026",
      "action": "skipped",
      "reason": "missing_price_usd"
    },
    {
      "codigo": "55025",
      "action": "skipped",
      "reason": "missing_price_usd"
    },
    {
      "codigo": "49971",
      "action": "skipped",
      "reason": "missing_price_usd"
    },
    {
      "codigo": "49970",
      "action": "skipped",
      "reason": "missing_price_usd"
    },
    {
      "codigo": "49968",
      "action": "skipped",
      "reason": "missing_price_usd"
    },
    {
      "codigo": "49967",
      "action": "skipped",
      "reason": "missing_price_usd"
    },
    {
      "codigo": "49966",
      "action": "skipped",
      "reason": "missing_price_usd"
    },
    {
      "codigo": "49965",
      "action": "skipped",
      "reason": "missing_price_usd"
    },
    {
      "codigo": "48582",
      "action": "skipped",
      "reason": "missing_price_usd"
    },
    {
      "codigo": "48301",
      "action": "skipped",
      "reason": "missing_price_usd"
    },
    {
      "codigo": "47955",
      "action": "skipped",
      "reason": "missing_price_usd"
    },
    {
      "codigo": "46428",
      "action": "skipped",
      "reason": "missing_price_usd"
    },
    {
      "codigo": "46013",
      "action": "skipped",
      "reason": "missing_price_usd"
    },
    {
      "codigo": "42280",
      "action": "skipped",
      "reason": "missing_price_usd"
    },
    {
      "codigo": "5544",
      "action": "skipped",
      "reason": "missing_price_usd"
    },
    {
      "codigo": "3008",
      "action": "skipped",
      "reason": "missing_price_usd"
    },
    {
      "codigo": "28750",
      "action": "skipped",
      "reason": "missing_price_usd"
    },
    {
      "codigo": "2717",
      "action": "skipped",
      "reason": "missing_price_usd"
    },
    {
      "codigo": "24717",
      "action": "skipped",
      "reason": "missing_price_usd"
    },
    {
      "codigo": "24716",
      "action": "skipped",
      "reason": "missing_price_usd"
    },
    {
      "codigo": "13026",
      "action": "skipped",
      "reason": "missing_price_usd"
    },
    {
      "codigo": "13025",
      "action": "skipped",
      "reason": "missing_price_usd"
    },
    {
      "codigo": "12402",
      "action": "skipped",
      "reason": "missing_price_usd"
    },
    {
      "codigo": "12382",
      "action": "skipped",
      "reason": "missing_price_usd"
    },
    {
      "codigo": "11005",
      "action": "skipped",
      "reason": "missing_price_usd"
    },
    {
      "codigo": "10798",
      "action": "skipped",
      "reason": "missing_price_usd"
    },
    {
      "codigo": "57979",
      "action": "skipped",
      "reason": "missing_price_usd"
    },
    {
      "codigo": "49788",
      "action": "skipped",
      "reason": "missing_price_usd"
    },
    {
      "codigo": "48227",
      "action": "skipped",
      "reason": "missing_price_usd"
    },
    {
      "codigo": "22826",
      "action": "skipped",
      "reason": "missing_price_usd"
    },
    {
      "codigo": "21917",
      "action": "skipped",
      "reason": "missing_price_usd"
    },
    {
      "codigo": "50243",
      "action": "skipped",
      "reason": "missing_price_usd"
    },
    {
      "codigo": "53892",
      "action": "skipped",
      "reason": "missing_price_usd"
    },
    {
      "codigo": "5184",
      "action": "skipped",
      "reason": "missing_price_usd"
    },
    {
      "codigo": "3731",
      "action": "skipped",
      "reason": "missing_price_usd"
    },
    {
      "codigo": "32232",
      "action": "skipped",
      "reason": "missing_price_usd"
    },
    {
      "codigo": "30327",
      "action": "skipped",
      "reason": "missing_price_usd"
    },
    {
      "codigo": "28347",
      "action": "skipped",
      "reason": "missing_price_usd"
    },
    {
      "codigo": "1879",
      "action": "skipped",
      "reason": "missing_price_usd"
    },
    {
      "codigo": "15153",
      "action": "skipped",
      "reason": "missing_price_usd"
    },
    {
      "codigo": "55141",
      "action": "skipped",
      "reason": "missing_price_usd"
    },
    {
      "codigo": "46629",
      "action": "skipped",
      "reason": "missing_price_usd"
    },
    {
      "codigo": "54791",
      "action": "skipped",
      "reason": "missing_price_usd"
    },
    {
      "codigo": "57056",
      "action": "skipped",
      "reason": "missing_price_usd"
    },
    {
      "codigo": "56765",
      "action": "skipped",
      "reason": "missing_price_usd"
    },
    {
      "codigo": "56709",
      "action": "skipped",
      "reason": "missing_price_usd"
    },
    {
      "codigo": "56429",
      "action": "skipped",
      "reason": "missing_price_usd"
    },
    {
      "codigo": "56185",
      "action": "skipped",
      "reason": "missing_price_usd"
    },
    {
      "codigo": "54133",
      "action": "skipped",
      "reason": "missing_price_usd"
    },
    {
      "codigo": "53898",
      "action": "skipped",
      "reason": "missing_price_usd"
    },
    {
      "codigo": "52034",
      "action": "skipped",
      "reason": "missing_price_usd"
    },
    {
      "codigo": "50490",
      "action": "skipped",
      "reason": "missing_price_usd"
    },
    {
      "codigo": "49083",
      "action": "skipped",
      "reason": "missing_price_usd"
    },
    {
      "codigo": "48916",
      "action": "skipped",
      "reason": "missing_price_usd"
    },
    {
      "codigo": "44705",
      "action": "skipped",
      "reason": "missing_price_usd"
    },
    {
      "codigo": "35880",
      "action": "skipped",
      "reason": "missing_price_usd"
    },
    {
      "codigo": "42107",
      "action": "skipped",
      "reason": "missing_price_usd"
    },
    {
      "codigo": "38622",
      "action": "skipped",
      "reason": "missing_price_usd"
    },
    {
      "codigo": "36611",
      "action": "skipped",
      "reason": "missing_price_usd"
    },
    {
      "codigo": "35879",
      "action": "skipped",
      "reason": "missing_price_usd"
    },
    {
      "codigo": "35783",
      "action": "skipped",
      "reason": "missing_price_usd"
    },
    {
      "codigo": "32582",
      "action": "skipped",
      "reason": "missing_price_usd"
    },
    {
      "codigo": "30312",
      "action": "skipped",
      "reason": "missing_price_usd"
    },
    {
      "codigo": "26",
      "action": "skipped",
      "reason": "missing_price_usd"
    },
    {
      "codigo": "53000",
      "action": "skipped",
      "reason": "missing_price_usd"
    },
    {
      "codigo": "45719",
      "action": "skipped",
      "reason": "missing_price_usd"
    },
    {
      "codigo": "58103",
      "action": "skipped",
      "reason": "missing_price_usd"
    },
    {
      "codigo": "56704",
      "action": "skipped",
      "reason": "missing_price_usd"
    },
    {
      "codigo": "56507",
      "action": "skipped",
      "reason": "missing_price_usd"
    },
    {
      "codigo": "56506",
      "action": "skipped",
      "reason": "missing_price_usd"
    },
    {
      "codigo": "54885",
      "action": "skipped",
      "reason": "missing_price_usd"
    },
    {
      "codigo": "54749",
      "action": "skipped",
      "reason": "missing_price_usd"
    },
    {
      "codigo": "52904",
      "action": "skipped",
      "reason": "missing_price_usd"
    },
    {
      "codigo": "51660",
      "action": "skipped",
      "reason": "missing_price_usd"
    },
    {
      "codigo": "51659",
      "action": "skipped",
      "reason": "missing_price_usd"
    },
    {
      "codigo": "46959",
      "action": "skipped",
      "reason": "missing_price_usd"
    },
    {
      "codigo": "46290",
      "action": "skipped",
      "reason": "missing_price_usd"
    },
    {
      "codigo": "43555",
      "action": "skipped",
      "reason": "missing_price_usd"
    },
    {
      "codigo": "41613",
      "action": "skipped",
      "reason": "missing_price_usd"
    },
    {
      "codigo": "41492",
      "action": "skipped",
      "reason": "missing_price_usd"
    },
    {
      "codigo": "33487",
      "action": "skipped",
      "reason": "missing_price_usd"
    },
    {
      "codigo": "57065",
      "action": "skipped",
      "reason": "missing_price_usd"
    },
    {
      "codigo": "57064",
      "action": "skipped",
      "reason": "missing_price_usd"
    },
    {
      "codigo": "56906",
      "action": "skipped",
      "reason": "missing_price_usd"
    },
    {
      "codigo": "56689",
      "action": "skipped",
      "reason": "missing_price_usd"
    },
    {
      "codigo": "56688",
      "action": "skipped",
      "reason": "missing_price_usd"
    },
    {
      "codigo": "55752",
      "action": "skipped",
      "reason": "missing_price_usd"
    },
    {
      "codigo": "54389",
      "action": "skipped",
      "reason": "missing_price_usd"
    },
    {
      "codigo": "52562",
      "action": "skipped",
      "reason": "missing_price_usd"
    },
    {
      "codigo": "51205",
      "action": "skipped",
      "reason": "missing_price_usd"
    },
    {
      "codigo": "52035",
      "action": "skipped",
      "reason": "missing_price_usd"
    },
    {
      "codigo": "51200",
      "action": "skipped",
      "reason": "missing_price_usd"
    },
    {
      "codigo": "51199",
      "action": "skipped",
      "reason": "missing_price_usd"
    },
    {
      "codigo": "51198",
      "action": "skipped",
      "reason": "missing_price_usd"
    },
    {
      "codigo": "51197",
      "action": "skipped",
      "reason": "missing_price_usd"
    },
    {
      "codigo": "51195",
      "action": "skipped",
      "reason": "missing_price_usd"
    },
    {
      "codigo": "48562",
      "action": "skipped",
      "reason": "missing_price_usd"
    },
    {
      "codigo": "48561",
      "action": "skipped",
      "reason": "missing_price_usd"
    },
    {
      "codigo": "43112",
      "action": "skipped",
      "reason": "missing_price_usd"
    },
    {
      "codigo": "37583",
      "action": "skipped",
      "reason": "missing_price_usd"
    },
    {
      "codigo": "32561",
      "action": "skipped",
      "reason": "missing_price_usd"
    },
    {
      "codigo": "54884",
      "action": "skipped",
      "reason": "missing_price_usd"
    },
    {
      "codigo": "57763",
      "action": "skipped",
      "reason": "missing_price_usd"
    },
    {
      "codigo": "50801",
      "action": "skipped",
      "reason": "missing_price_usd"
    },
    {
      "codigo": "49038",
      "action": "skipped",
      "reason": "missing_price_usd"
    },
    {
      "codigo": "58128",
      "action": "skipped",
      "reason": "missing_price_usd"
    },
    {
      "codigo": "58123",
      "action": "skipped",
      "reason": "missing_price_usd"
    },
    {
      "codigo": "57770",
      "action": "skipped",
      "reason": "missing_price_usd"
    },
    {
      "codigo": "54874",
      "action": "skipped",
      "reason": "missing_price_usd"
    },
    {
      "codigo": "42167",
      "action": "skipped",
      "reason": "missing_price_usd"
    },
    {
      "codigo": "57919",
      "action": "skipped",
      "reason": "missing_price_usd"
    },
    {
      "codigo": "57850",
      "action": "skipped",
      "reason": "missing_price_usd"
    },
    {
      "codigo": "57773",
      "action": "skipped",
      "reason": "missing_price_usd"
    },
    {
      "codigo": "57772",
      "action": "skipped",
      "reason": "missing_price_usd"
    },
    {
      "codigo": "57769",
      "action": "skipped",
      "reason": "missing_price_usd"
    },
    {
      "codigo": "57768",
      "action": "skipped",
      "reason": "missing_price_usd"
    },
    {
      "codigo": "57767",
      "action": "skipped",
      "reason": "missing_price_usd"
    },
    {
      "codigo": "57765",
      "action": "skipped",
      "reason": "missing_price_usd"
    },
    {
      "codigo": "57604",
      "action": "skipped",
      "reason": "missing_price_usd"
    },
    {
      "codigo": "57590",
      "action": "skipped",
      "reason": "missing_price_usd"
    },
    {
      "codigo": "57589",
      "action": "skipped",
      "reason": "missing_price_usd"
    },
    {
      "codigo": "57588",
      "action": "skipped",
      "reason": "missing_price_usd"
    },
    {
      "codigo": "57587",
      "action": "skipped",
      "reason": "missing_price_usd"
    },
    {
      "codigo": "57586",
      "action": "skipped",
      "reason": "missing_price_usd"
    },
    {
      "codigo": "57585",
      "action": "skipped",
      "reason": "missing_price_usd"
    },
    {
      "codigo": "57584",
      "action": "skipped",
      "reason": "missing_price_usd"
    },
    {
      "codigo": "57583",
      "action": "skipped",
      "reason": "missing_price_usd"
    },
    {
      "codigo": "57581",
      "action": "skipped",
      "reason": "missing_price_usd"
    },
    {
      "codigo": "57579",
      "action": "skipped",
      "reason": "missing_price_usd"
    },
    {
      "codigo": "57578",
      "action": "skipped",
      "reason": "missing_price_usd"
    },
    {
      "codigo": "57516",
      "action": "skipped",
      "reason": "missing_price_usd"
    },
    {
      "codigo": "57467",
      "action": "skipped",
      "reason": "missing_price_usd"
    },
    {
      "codigo": "57463",
      "action": "skipped",
      "reason": "missing_price_usd"
    },
    {
      "codigo": "57126",
      "action": "skipped",
      "reason": "missing_price_usd"
    },
    {
      "codigo": "56919",
      "action": "skipped",
      "reason": "missing_price_usd"
    },
    {
      "codigo": "56686",
      "action": "skipped",
      "reason": "missing_price_usd"
    },
    {
      "codigo": "56251",
      "action": "skipped",
      "reason": "missing_price_usd"
    },
    {
      "codigo": "55990",
      "action": "skipped",
      "reason": "missing_price_usd"
    },
    {
      "codigo": "55249",
      "action": "skipped",
      "reason": "missing_price_usd"
    },
    {
      "codigo": "55181",
      "action": "skipped",
      "reason": "missing_price_usd"
    },
    {
      "codigo": "54842",
      "action": "skipped",
      "reason": "missing_price_usd"
    },
    {
      "codigo": "52352",
      "action": "skipped",
      "reason": "missing_price_usd"
    },
    {
      "codigo": "54483",
      "action": "skipped",
      "reason": "missing_price_usd"
    },
    {
      "codigo": "53642",
      "action": "skipped",
      "reason": "missing_price_usd"
    },
    {
      "codigo": "38190",
      "action": "skipped",
      "reason": "missing_price_usd"
    },
    {
      "codigo": "52715",
      "action": "skipped",
      "reason": "missing_price_usd"
    },
    {
      "codigo": "51568",
      "action": "skipped",
      "reason": "missing_price_usd"
    },
    {
      "codigo": "49217",
      "action": "skipped",
      "reason": "missing_price_usd"
    },
    {
      "codigo": "49041",
      "action": "skipped",
      "reason": "missing_price_usd"
    },
    {
      "codigo": "48784",
      "action": "skipped",
      "reason": "missing_price_usd"
    },
    {
      "codigo": "48603",
      "action": "skipped",
      "reason": "missing_price_usd"
    },
    {
      "codigo": "14491",
      "action": "skipped",
      "reason": "missing_price_usd"
    },
    {
      "codigo": "47733",
      "action": "skipped",
      "reason": "missing_price_usd"
    },
    {
      "codigo": "47621",
      "action": "skipped",
      "reason": "missing_price_usd"
    },
    {
      "codigo": "47540",
      "action": "skipped",
      "reason": "missing_price_usd"
    },
    {
      "codigo": "47436",
      "action": "skipped",
      "reason": "missing_price_usd"
    },
    {
      "codigo": "47336",
      "action": "skipped",
      "reason": "missing_price_usd"
    },
    {
      "codigo": "47219",
      "action": "skipped",
      "reason": "missing_price_usd"
    },
    {
      "codigo": "47086",
      "action": "skipped",
      "reason": "missing_price_usd"
    },
    {
      "codigo": "45915",
      "action": "skipped",
      "reason": "missing_price_usd"
    },
    {
      "codigo": "45425",
      "action": "skipped",
      "reason": "missing_price_usd"
    },
    {
      "codigo": "45460",
      "action": "skipped",
      "reason": "missing_price_usd"
    },
    {
      "codigo": "45416",
      "action": "skipped",
      "reason": "missing_price_usd"
    },
    {
      "codigo": "45415",
      "action": "skipped",
      "reason": "missing_price_usd"
    },
    {
      "codigo": "44912",
      "action": "skipped",
      "reason": "missing_price_usd"
    },
    {
      "codigo": "44787",
      "action": "skipped",
      "reason": "missing_price_usd"
    },
    {
      "codigo": "44737",
      "action": "skipped",
      "reason": "missing_price_usd"
    },
    {
      "codigo": "44351",
      "action": "skipped",
      "reason": "missing_price_usd"
    },
    {
      "codigo": "40678",
      "action": "skipped",
      "reason": "missing_price_usd"
    },
    {
      "codigo": "43006",
      "action": "skipped",
      "reason": "missing_price_usd"
    },
    {
      "codigo": "42631",
      "action": "skipped",
      "reason": "missing_price_usd"
    },
    {
      "codigo": "41347",
      "action": "skipped",
      "reason": "missing_price_usd"
    },
    {
      "codigo": "42197",
      "action": "skipped",
      "reason": "missing_price_usd"
    },
    {
      "codigo": "41890",
      "action": "skipped",
      "reason": "missing_price_usd"
    },
    {
      "codigo": "40244",
      "action": "skipped",
      "reason": "missing_price_usd"
    },
    {
      "codigo": "40243",
      "action": "skipped",
      "reason": "missing_price_usd"
    },
    {
      "codigo": "40242",
      "action": "skipped",
      "reason": "missing_price_usd"
    },
    {
      "codigo": "39668",
      "action": "skipped",
      "reason": "missing_price_usd"
    },
    {
      "codigo": "39666",
      "action": "skipped",
      "reason": "missing_price_usd"
    },
    {
      "codigo": "39609",
      "action": "skipped",
      "reason": "missing_price_usd"
    },
    {
      "codigo": "24389",
      "action": "skipped",
      "reason": "missing_price_usd"
    },
    {
      "codigo": "38322",
      "action": "skipped",
      "reason": "missing_price_usd"
    },
    {
      "codigo": "17000",
      "action": "skipped",
      "reason": "missing_price_usd"
    },
    {
      "codigo": "32001",
      "action": "skipped",
      "reason": "missing_price_usd"
    },
    {
      "codigo": "36078",
      "action": "skipped",
      "reason": "missing_price_usd"
    },
    {
      "codigo": "36036",
      "action": "skipped",
      "reason": "missing_price_usd"
    },
    {
      "codigo": "9936",
      "action": "skipped",
      "reason": "missing_price_usd"
    },
    {
      "codigo": "21717",
      "action": "skipped",
      "reason": "missing_price_usd"
    },
    {
      "codigo": "33691",
      "action": "skipped",
      "reason": "missing_price_usd"
    },
    {
      "codigo": "33027",
      "action": "skipped",
      "reason": "missing_price_usd"
    },
    {
      "codigo": "32085",
      "action": "skipped",
      "reason": "missing_price_usd"
    },
    {
      "codigo": "28368",
      "action": "skipped",
      "reason": "missing_price_usd"
    },
    {
      "codigo": "28055",
      "action": "skipped",
      "reason": "missing_price_usd"
    },
    {
      "codigo": "28053",
      "action": "skipped",
      "reason": "missing_price_usd"
    },
    {
      "codigo": "26199",
      "action": "skipped",
      "reason": "missing_price_usd"
    },
    {
      "codigo": "21713",
      "action": "skipped",
      "reason": "missing_price_usd"
    },
    {
      "codigo": "21072",
      "action": "skipped",
      "reason": "missing_price_usd"
    },
    {
      "codigo": "18233",
      "action": "skipped",
      "reason": "missing_price_usd"
    },
    {
      "codigo": "17091",
      "action": "skipped",
      "reason": "missing_price_usd"
    },
    {
      "codigo": "15159",
      "action": "skipped",
      "reason": "missing_price_usd"
    },
    {
      "codigo": "10109",
      "action": "skipped",
      "reason": "missing_price_usd"
    },
    {
      "codigo": "49787",
      "action": "skipped",
      "reason": "missing_price_usd"
    },
    {
      "codigo": "42342",
      "action": "skipped",
      "reason": "missing_price_usd"
    },
    {
      "codigo": "12263",
      "action": "skipped",
      "reason": "missing_price_usd"
    },
    {
      "codigo": "55961",
      "action": "skipped",
      "reason": "missing_price_usd"
    },
    {
      "codigo": "55636",
      "action": "skipped",
      "reason": "missing_price_usd"
    },
    {
      "codigo": "55811",
      "action": "skipped",
      "reason": "missing_price_usd"
    },
    {
      "codigo": "55639",
      "action": "skipped",
      "reason": "missing_price_usd"
    },
    {
      "codigo": "56943",
      "action": "skipped",
      "reason": "missing_price_usd"
    },
    {
      "codigo": "57784",
      "action": "skipped",
      "reason": "missing_price_usd"
    },
    {
      "codigo": "56782",
      "action": "skipped",
      "reason": "missing_price_usd"
    },
    {
      "codigo": "57776",
      "action": "skipped",
      "reason": "missing_price_usd"
    },
    {
      "codigo": "57702",
      "action": "skipped",
      "reason": "missing_price_usd"
    },
    {
      "codigo": "57701",
      "action": "skipped",
      "reason": "missing_price_usd"
    },
    {
      "codigo": "57700",
      "action": "skipped",
      "reason": "missing_price_usd"
    },
    {
      "codigo": "57699",
      "action": "skipped",
      "reason": "missing_price_usd"
    },
    {
      "codigo": "57697",
      "action": "skipped",
      "reason": "missing_price_usd"
    },
    {
      "codigo": "57591",
      "action": "skipped",
      "reason": "missing_price_usd"
    },
    {
      "codigo": "57569",
      "action": "skipped",
      "reason": "missing_price_usd"
    },
    {
      "codigo": "57291",
      "action": "skipped",
      "reason": "missing_price_usd"
    },
    {
      "codigo": "57097",
      "action": "skipped",
      "reason": "missing_price_usd"
    },
    {
      "codigo": "56945",
      "action": "skipped",
      "reason": "missing_price_usd"
    },
    {
      "codigo": "56944",
      "action": "skipped",
      "reason": "missing_price_usd"
    },
    {
      "codigo": "56940",
      "action": "skipped",
      "reason": "missing_price_usd"
    },
    {
      "codigo": "56939",
      "action": "skipped",
      "reason": "missing_price_usd"
    },
    {
      "codigo": "56785",
      "action": "skipped",
      "reason": "missing_price_usd"
    },
    {
      "codigo": "56784",
      "action": "skipped",
      "reason": "missing_price_usd"
    },
    {
      "codigo": "56783",
      "action": "skipped",
      "reason": "missing_price_usd"
    },
    {
      "codigo": "56322",
      "action": "skipped",
      "reason": "missing_price_usd"
    },
    {
      "codigo": "56321",
      "action": "skipped",
      "reason": "missing_price_usd"
    },
    {
      "codigo": "56199",
      "action": "skipped",
      "reason": "missing_price_usd"
    },
    {
      "codigo": "55962",
      "action": "skipped",
      "reason": "missing_price_usd"
    },
    {
      "codigo": "55827",
      "action": "skipped",
      "reason": "missing_price_usd"
    },
    {
      "codigo": "55826",
      "action": "skipped",
      "reason": "missing_price_usd"
    },
    {
      "codigo": "55822",
      "action": "skipped",
      "reason": "missing_price_usd"
    },
    {
      "codigo": "55821",
      "action": "skipped",
      "reason": "missing_price_usd"
    },
    {
      "codigo": "55696",
      "action": "skipped",
      "reason": "missing_price_usd"
    },
    {
      "codigo": "55663",
      "action": "skipped",
      "reason": "missing_price_usd"
    },
    {
      "codigo": "55643",
      "action": "skipped",
      "reason": "missing_price_usd"
    },
    {
      "codigo": "55641",
      "action": "skipped",
      "reason": "missing_price_usd"
    },
    {
      "codigo": "55637",
      "action": "skipped",
      "reason": "missing_price_usd"
    },
    {
      "codigo": "55262",
      "action": "skipped",
      "reason": "missing_price_usd"
    },
    {
      "codigo": "55117",
      "action": "skipped",
      "reason": "missing_price_usd"
    },
    {
      "codigo": "55023",
      "action": "skipped",
      "reason": "missing_price_usd"
    },
    {
      "codigo": "54699",
      "action": "skipped",
      "reason": "missing_price_usd"
    },
    {
      "codigo": "54586",
      "action": "skipped",
      "reason": "missing_price_usd"
    },
    {
      "codigo": "54576",
      "action": "skipped",
      "reason": "missing_price_usd"
    },
    {
      "codigo": "54575",
      "action": "skipped",
      "reason": "missing_price_usd"
    },
    {
      "codigo": "54574",
      "action": "skipped",
      "reason": "missing_price_usd"
    },
    {
      "codigo": "54572",
      "action": "skipped",
      "reason": "missing_price_usd"
    },
    {
      "codigo": "54084",
      "action": "skipped",
      "reason": "missing_price_usd"
    },
    {
      "codigo": "54075",
      "action": "skipped",
      "reason": "missing_price_usd"
    },
    {
      "codigo": "54073",
      "action": "skipped",
      "reason": "missing_price_usd"
    },
    {
      "codigo": "54068",
      "action": "skipped",
      "reason": "missing_price_usd"
    },
    {
      "codigo": "54066",
      "action": "skipped",
      "reason": "missing_price_usd"
    },
    {
      "codigo": "54065",
      "action": "skipped",
      "reason": "missing_price_usd"
    },
    {
      "codigo": "54061",
      "action": "skipped",
      "reason": "missing_price_usd"
    },
    {
      "codigo": "53930",
      "action": "skipped",
      "reason": "missing_price_usd"
    },
    {
      "codigo": "51799",
      "action": "skipped",
      "reason": "missing_price_usd"
    },
    {
      "codigo": "53691",
      "action": "skipped",
      "reason": "missing_price_usd"
    },
    {
      "codigo": "53693",
      "action": "skipped",
      "reason": "missing_price_usd"
    },
    {
      "codigo": "54097",
      "action": "skipped",
      "reason": "missing_price_usd"
    },
    {
      "codigo": "54076",
      "action": "skipped",
      "reason": "missing_price_usd"
    },
    {
      "codigo": "54074",
      "action": "skipped",
      "reason": "missing_price_usd"
    },
    {
      "codigo": "54064",
      "action": "skipped",
      "reason": "missing_price_usd"
    },
    {
      "codigo": "54060",
      "action": "skipped",
      "reason": "missing_price_usd"
    },
    {
      "codigo": "54057",
      "action": "skipped",
      "reason": "missing_price_usd"
    },
    {
      "codigo": "53945",
      "action": "skipped",
      "reason": "missing_price_usd"
    },
    {
      "codigo": "53389",
      "action": "skipped",
      "reason": "missing_price_usd"
    },
    {
      "codigo": "53695",
      "action": "skipped",
      "reason": "missing_price_usd"
    },
    {
      "codigo": "53646",
      "action": "skipped",
      "reason": "missing_price_usd"
    },
    {
      "codigo": "53031",
      "action": "skipped",
      "reason": "missing_price_usd"
    },
    {
      "codigo": "53319",
      "action": "skipped",
      "reason": "missing_price_usd"
    },
    {
      "codigo": "53032",
      "action": "skipped",
      "reason": "missing_price_usd"
    },
    {
      "codigo": "53030",
      "action": "skipped",
      "reason": "missing_price_usd"
    },
    {
      "codigo": "52580",
      "action": "skipped",
      "reason": "missing_price_usd"
    },
    {
      "codigo": "50302",
      "action": "skipped",
      "reason": "missing_price_usd"
    },
    {
      "codigo": "50303",
      "action": "skipped",
      "reason": "missing_price_usd"
    },
    {
      "codigo": "52591",
      "action": "skipped",
      "reason": "missing_price_usd"
    },
    {
      "codigo": "52488",
      "action": "skipped",
      "reason": "missing_price_usd"
    },
    {
      "codigo": "52486",
      "action": "skipped",
      "reason": "missing_price_usd"
    },
    {
      "codigo": "50026",
      "action": "skipped",
      "reason": "missing_price_usd"
    },
    {
      "codigo": "52213",
      "action": "skipped",
      "reason": "missing_price_usd"
    },
    {
      "codigo": "52147",
      "action": "skipped",
      "reason": "missing_price_usd"
    },
    {
      "codigo": "51795",
      "action": "skipped",
      "reason": "missing_price_usd"
    },
    {
      "codigo": "51770",
      "action": "skipped",
      "reason": "missing_price_usd"
    },
    {
      "codigo": "51739",
      "action": "skipped",
      "reason": "missing_price_usd"
    },
    {
      "codigo": "51630",
      "action": "skipped",
      "reason": "missing_price_usd"
    },
    {
      "codigo": "51142",
      "action": "skipped",
      "reason": "missing_price_usd"
    },
    {
      "codigo": "51547",
      "action": "skipped",
      "reason": "missing_price_usd"
    },
    {
      "codigo": "51546",
      "action": "skipped",
      "reason": "missing_price_usd"
    },
    {
      "codigo": "49109",
      "action": "skipped",
      "reason": "missing_price_usd"
    },
    {
      "codigo": "49110",
      "action": "skipped",
      "reason": "missing_price_usd"
    },
    {
      "codigo": "50721",
      "action": "skipped",
      "reason": "missing_price_usd"
    },
    {
      "codigo": "51100",
      "action": "skipped",
      "reason": "missing_price_usd"
    },
    {
      "codigo": "48672",
      "action": "skipped",
      "reason": "missing_price_usd"
    },
    {
      "codigo": "50872",
      "action": "skipped",
      "reason": "missing_price_usd"
    },
    {
      "codigo": "50770",
      "action": "skipped",
      "reason": "missing_price_usd"
    },
    {
      "codigo": "50297",
      "action": "skipped",
      "reason": "missing_price_usd"
    },
    {
      "codigo": "50296",
      "action": "skipped",
      "reason": "missing_price_usd"
    },
    {
      "codigo": "48190",
      "action": "skipped",
      "reason": "missing_price_usd"
    },
    {
      "codigo": "48189",
      "action": "skipped",
      "reason": "missing_price_usd"
    },
    {
      "codigo": "49985",
      "action": "skipped",
      "reason": "missing_price_usd"
    },
    {
      "codigo": "50408",
      "action": "skipped",
      "reason": "missing_price_usd"
    },
    {
      "codigo": "47973",
      "action": "skipped",
      "reason": "missing_price_usd"
    },
    {
      "codigo": "50301",
      "action": "skipped",
      "reason": "missing_price_usd"
    },
    {
      "codigo": "50300",
      "action": "skipped",
      "reason": "missing_price_usd"
    },
    {
      "codigo": "50189",
      "action": "skipped",
      "reason": "missing_price_usd"
    },
    {
      "codigo": "50188",
      "action": "skipped",
      "reason": "missing_price_usd"
    },
    {
      "codigo": "50187",
      "action": "skipped",
      "reason": "missing_price_usd"
    },
    {
      "codigo": "50027",
      "action": "skipped",
      "reason": "missing_price_usd"
    },
    {
      "codigo": "49817",
      "action": "skipped",
      "reason": "missing_price_usd"
    },
    {
      "codigo": "49140",
      "action": "skipped",
      "reason": "missing_price_usd"
    },
    {
      "codigo": "49431",
      "action": "skipped",
      "reason": "missing_price_usd"
    },
    {
      "codigo": "49334",
      "action": "skipped",
      "reason": "missing_price_usd"
    },
    {
      "codigo": "49215",
      "action": "skipped",
      "reason": "missing_price_usd"
    },
    {
      "codigo": "49107",
      "action": "skipped",
      "reason": "missing_price_usd"
    },
    {
      "codigo": "48914",
      "action": "skipped",
      "reason": "missing_price_usd"
    },
    {
      "codigo": "48342",
      "action": "skipped",
      "reason": "missing_price_usd"
    },
    {
      "codigo": "48340",
      "action": "skipped",
      "reason": "missing_price_usd"
    },
    {
      "codigo": "48698",
      "action": "skipped",
      "reason": "missing_price_usd"
    },
    {
      "codigo": "48235",
      "action": "skipped",
      "reason": "missing_price_usd"
    },
    {
      "codigo": "48188",
      "action": "skipped",
      "reason": "missing_price_usd"
    },
    {
      "codigo": "48099",
      "action": "skipped",
      "reason": "missing_price_usd"
    },
    {
      "codigo": "48443",
      "action": "skipped",
      "reason": "missing_price_usd"
    },
    {
      "codigo": "48343",
      "action": "skipped",
      "reason": "missing_price_usd"
    },
    {
      "codigo": "48244",
      "action": "skipped",
      "reason": "missing_price_usd"
    },
    {
      "codigo": "48238",
      "action": "skipped",
      "reason": "missing_price_usd"
    },
    {
      "codigo": "48237",
      "action": "skipped",
      "reason": "missing_price_usd"
    },
    {
      "codigo": "48236",
      "action": "skipped",
      "reason": "missing_price_usd"
    },
    {
      "codigo": "48098",
      "action": "skipped",
      "reason": "missing_price_usd"
    },
    {
      "codigo": "47931",
      "action": "skipped",
      "reason": "missing_price_usd"
    },
    {
      "codigo": "47890",
      "action": "skipped",
      "reason": "missing_price_usd"
    },
    {
      "codigo": "46670",
      "action": "skipped",
      "reason": "missing_price_usd"
    },
    {
      "codigo": "45542",
      "action": "skipped",
      "reason": "missing_price_usd"
    },
    {
      "codigo": "44229",
      "action": "skipped",
      "reason": "missing_price_usd"
    },
    {
      "codigo": "41535",
      "action": "skipped",
      "reason": "missing_price_usd"
    },
    {
      "codigo": "42612",
      "action": "skipped",
      "reason": "missing_price_usd"
    },
    {
      "codigo": "42611",
      "action": "skipped",
      "reason": "missing_price_usd"
    },
    {
      "codigo": "42206",
      "action": "skipped",
      "reason": "missing_price_usd"
    },
    {
      "codigo": "41772",
      "action": "skipped",
      "reason": "missing_price_usd"
    },
    {
      "codigo": "41749",
      "action": "skipped",
      "reason": "missing_price_usd"
    },
    {
      "codigo": "40578",
      "action": "skipped",
      "reason": "missing_price_usd"
    },
    {
      "codigo": "40253",
      "action": "skipped",
      "reason": "missing_price_usd"
    },
    {
      "codigo": "40081",
      "action": "skipped",
      "reason": "missing_price_usd"
    },
    {
      "codigo": "39931",
      "action": "skipped",
      "reason": "missing_price_usd"
    },
    {
      "codigo": "39050",
      "action": "skipped",
      "reason": "missing_price_usd"
    },
    {
      "codigo": "39051",
      "action": "skipped",
      "reason": "missing_price_usd"
    },
    {
      "codigo": "38573",
      "action": "skipped",
      "reason": "missing_price_usd"
    },
    {
      "codigo": "38326",
      "action": "skipped",
      "reason": "missing_price_usd"
    },
    {
      "codigo": "37274",
      "action": "skipped",
      "reason": "missing_price_usd"
    },
    {
      "codigo": "37271",
      "action": "skipped",
      "reason": "missing_price_usd"
    },
    {
      "codigo": "36269",
      "action": "skipped",
      "reason": "missing_price_usd"
    },
    {
      "codigo": "35792",
      "action": "skipped",
      "reason": "missing_price_usd"
    },
    {
      "codigo": "36214",
      "action": "skipped",
      "reason": "missing_price_usd"
    },
    {
      "codigo": "36053",
      "action": "skipped",
      "reason": "missing_price_usd"
    },
    {
      "codigo": "35771",
      "action": "skipped",
      "reason": "missing_price_usd"
    },
    {
      "codigo": "35287",
      "action": "skipped",
      "reason": "missing_price_usd"
    },
    {
      "codigo": "30780",
      "action": "skipped",
      "reason": "missing_price_usd"
    },
    {
      "codigo": "18827",
      "action": "skipped",
      "reason": "missing_price_usd"
    },
    {
      "codigo": "30781",
      "action": "skipped",
      "reason": "missing_price_usd"
    },
    {
      "codigo": "15698",
      "action": "skipped",
      "reason": "missing_price_usd"
    },
    {
      "codigo": "19713",
      "action": "skipped",
      "reason": "missing_price_usd"
    },
    {
      "codigo": "33744",
      "action": "skipped",
      "reason": "missing_price_usd"
    },
    {
      "codigo": "26802",
      "action": "skipped",
      "reason": "missing_price_usd"
    },
    {
      "codigo": "25407",
      "action": "skipped",
      "reason": "missing_price_usd"
    },
    {
      "codigo": "34873",
      "action": "skipped",
      "reason": "missing_price_usd"
    },
    {
      "codigo": "30855",
      "action": "skipped",
      "reason": "missing_price_usd"
    },
    {
      "codigo": "29532",
      "action": "skipped",
      "reason": "missing_price_usd"
    },
    {
      "codigo": "27433",
      "action": "skipped",
      "reason": "missing_price_usd"
    },
    {
      "codigo": "24904",
      "action": "skipped",
      "reason": "missing_price_usd"
    },
    {
      "codigo": "24865",
      "action": "skipped",
      "reason": "missing_price_usd"
    },
    {
      "codigo": "49922",
      "action": "skipped",
      "reason": "missing_price_usd"
    },
    {
      "codigo": "57798",
      "action": "skipped",
      "reason": "missing_price_usd"
    },
    {
      "codigo": "57696",
      "action": "skipped",
      "reason": "missing_price_usd"
    },
    {
      "codigo": "57695",
      "action": "skipped",
      "reason": "missing_price_usd"
    },
    {
      "codigo": "57694",
      "action": "skipped",
      "reason": "missing_price_usd"
    },
    {
      "codigo": "57693",
      "action": "skipped",
      "reason": "missing_price_usd"
    },
    {
      "codigo": "57692",
      "action": "skipped",
      "reason": "missing_price_usd"
    },
    {
      "codigo": "57691",
      "action": "skipped",
      "reason": "missing_price_usd"
    },
    {
      "codigo": "57690",
      "action": "skipped",
      "reason": "missing_price_usd"
    },
    {
      "codigo": "57689",
      "action": "skipped",
      "reason": "missing_price_usd"
    },
    {
      "codigo": "57155",
      "action": "skipped",
      "reason": "missing_price_usd"
    },
    {
      "codigo": "57154",
      "action": "skipped",
      "reason": "missing_price_usd"
    },
    {
      "codigo": "57096",
      "action": "skipped",
      "reason": "missing_price_usd"
    },
    {
      "codigo": "56642",
      "action": "skipped",
      "reason": "missing_price_usd"
    },
    {
      "codigo": "56309",
      "action": "skipped",
      "reason": "missing_price_usd"
    },
    {
      "codigo": "55777",
      "action": "skipped",
      "reason": "missing_price_usd"
    },
    {
      "codigo": "55776",
      "action": "skipped",
      "reason": "missing_price_usd"
    },
    {
      "codigo": "55707",
      "action": "skipped",
      "reason": "missing_price_usd"
    },
    {
      "codigo": "55632",
      "action": "skipped",
      "reason": "missing_price_usd"
    },
    {
      "codigo": "55464",
      "action": "skipped",
      "reason": "missing_price_usd"
    },
    {
      "codigo": "55462",
      "action": "skipped",
      "reason": "missing_price_usd"
    },
    {
      "codigo": "55310",
      "action": "skipped",
      "reason": "missing_price_usd"
    },
    {
      "codigo": "55136",
      "action": "skipped",
      "reason": "missing_price_usd"
    },
    {
      "codigo": "55129",
      "action": "skipped",
      "reason": "missing_price_usd"
    },
    {
      "codigo": "54937",
      "action": "skipped",
      "reason": "missing_price_usd"
    },
    {
      "codigo": "54887",
      "action": "skipped",
      "reason": "missing_price_usd"
    },
    {
      "codigo": "54772",
      "action": "skipped",
      "reason": "missing_price_usd"
    },
    {
      "codigo": "54573",
      "action": "skipped",
      "reason": "missing_price_usd"
    },
    {
      "codigo": "54438",
      "action": "skipped",
      "reason": "missing_price_usd"
    },
    {
      "codigo": "51849",
      "action": "skipped",
      "reason": "missing_price_usd"
    },
    {
      "codigo": "54070",
      "action": "skipped",
      "reason": "missing_price_usd"
    },
    {
      "codigo": "54069",
      "action": "skipped",
      "reason": "missing_price_usd"
    },
    {
      "codigo": "54056",
      "action": "skipped",
      "reason": "missing_price_usd"
    },
    {
      "codigo": "50874",
      "action": "skipped",
      "reason": "missing_price_usd"
    },
    {
      "codigo": "53549",
      "action": "skipped",
      "reason": "missing_price_usd"
    },
    {
      "codigo": "53548",
      "action": "skipped",
      "reason": "missing_price_usd"
    },
    {
      "codigo": "52993",
      "action": "skipped",
      "reason": "missing_price_usd"
    },
    {
      "codigo": "52918",
      "action": "skipped",
      "reason": "missing_price_usd"
    },
    {
      "codigo": "50411",
      "action": "skipped",
      "reason": "missing_price_usd"
    },
    {
      "codigo": "50409",
      "action": "skipped",
      "reason": "missing_price_usd"
    },
    {
      "codigo": "52636",
      "action": "skipped",
      "reason": "missing_price_usd"
    },
    {
      "codigo": "51789",
      "action": "skipped",
      "reason": "missing_price_usd"
    },
    {
      "codigo": "51787",
      "action": "skipped",
      "reason": "missing_price_usd"
    },
    {
      "codigo": "52216",
      "action": "skipped",
      "reason": "missing_price_usd"
    },
    {
      "codigo": "52214",
      "action": "skipped",
      "reason": "missing_price_usd"
    },
    {
      "codigo": "45462",
      "action": "skipped",
      "reason": "missing_price_usd"
    },
    {
      "codigo": "51737",
      "action": "skipped",
      "reason": "missing_price_usd"
    },
    {
      "codigo": "51736",
      "action": "skipped",
      "reason": "missing_price_usd"
    },
    {
      "codigo": "51734",
      "action": "skipped",
      "reason": "missing_price_usd"
    },
    {
      "codigo": "51158",
      "action": "skipped",
      "reason": "missing_price_usd"
    },
    {
      "codigo": "50877",
      "action": "skipped",
      "reason": "missing_price_usd"
    },
    {
      "codigo": "49383",
      "action": "skipped",
      "reason": "missing_price_usd"
    },
    {
      "codigo": "50404",
      "action": "skipped",
      "reason": "missing_price_usd"
    },
    {
      "codigo": "50312",
      "action": "skipped",
      "reason": "missing_price_usd"
    },
    {
      "codigo": "50306",
      "action": "skipped",
      "reason": "missing_price_usd"
    },
    {
      "codigo": "47788",
      "action": "skipped",
      "reason": "missing_price_usd"
    },
    {
      "codigo": "50025",
      "action": "skipped",
      "reason": "missing_price_usd"
    },
    {
      "codigo": "49382",
      "action": "skipped",
      "reason": "missing_price_usd"
    },
    {
      "codigo": "49331",
      "action": "skipped",
      "reason": "missing_price_usd"
    },
    {
      "codigo": "49330",
      "action": "skipped",
      "reason": "missing_price_usd"
    },
    {
      "codigo": "49293",
      "action": "skipped",
      "reason": "missing_price_usd"
    },
    {
      "codigo": "48736",
      "action": "skipped",
      "reason": "missing_price_usd"
    },
    {
      "codigo": "47026",
      "action": "skipped",
      "reason": "missing_price_usd"
    },
    {
      "codigo": "46743",
      "action": "skipped",
      "reason": "missing_price_usd"
    },
    {
      "codigo": "46662",
      "action": "skipped",
      "reason": "missing_price_usd"
    },
    {
      "codigo": "46652",
      "action": "skipped",
      "reason": "missing_price_usd"
    },
    {
      "codigo": "46630",
      "action": "skipped",
      "reason": "missing_price_usd"
    },
    {
      "codigo": "45770",
      "action": "skipped",
      "reason": "missing_price_usd"
    },
    {
      "codigo": "46054",
      "action": "skipped",
      "reason": "missing_price_usd"
    },
    {
      "codigo": "45807",
      "action": "skipped",
      "reason": "missing_price_usd"
    },
    {
      "codigo": "45535",
      "action": "skipped",
      "reason": "missing_price_usd"
    },
    {
      "codigo": "44698",
      "action": "skipped",
      "reason": "missing_price_usd"
    },
    {
      "codigo": "44234",
      "action": "skipped",
      "reason": "missing_price_usd"
    },
    {
      "codigo": "43885",
      "action": "skipped",
      "reason": "missing_price_usd"
    },
    {
      "codigo": "43382",
      "action": "skipped",
      "reason": "missing_price_usd"
    },
    {
      "codigo": "43467",
      "action": "skipped",
      "reason": "missing_price_usd"
    },
    {
      "codigo": "43293",
      "action": "skipped",
      "reason": "missing_price_usd"
    },
    {
      "codigo": "43222",
      "action": "skipped",
      "reason": "missing_price_usd"
    },
    {
      "codigo": "42290",
      "action": "skipped",
      "reason": "missing_price_usd"
    },
    {
      "codigo": "42602",
      "action": "skipped",
      "reason": "missing_price_usd"
    },
    {
      "codigo": "42601",
      "action": "skipped",
      "reason": "missing_price_usd"
    },
    {
      "codigo": "41590",
      "action": "skipped",
      "reason": "missing_price_usd"
    },
    {
      "codigo": "41688",
      "action": "skipped",
      "reason": "missing_price_usd"
    },
    {
      "codigo": "41394",
      "action": "skipped",
      "reason": "missing_price_usd"
    },
    {
      "codigo": "41393",
      "action": "skipped",
      "reason": "missing_price_usd"
    },
    {
      "codigo": "41136",
      "action": "skipped",
      "reason": "missing_price_usd"
    },
    {
      "codigo": "40587",
      "action": "skipped",
      "reason": "missing_price_usd"
    },
    {
      "codigo": "40549",
      "action": "skipped",
      "reason": "missing_price_usd"
    },
    {
      "codigo": "40278",
      "action": "skipped",
      "reason": "missing_price_usd"
    },
    {
      "codigo": "38258",
      "action": "skipped",
      "reason": "missing_price_usd"
    },
    {
      "codigo": "38585",
      "action": "skipped",
      "reason": "missing_price_usd"
    },
    {
      "codigo": "37100",
      "action": "skipped",
      "reason": "missing_price_usd"
    },
    {
      "codigo": "36978",
      "action": "skipped",
      "reason": "missing_price_usd"
    },
    {
      "codigo": "36012",
      "action": "skipped",
      "reason": "missing_price_usd"
    },
    {
      "codigo": "35403",
      "action": "skipped",
      "reason": "missing_price_usd"
    },
    {
      "codigo": "35162",
      "action": "skipped",
      "reason": "missing_price_usd"
    },
    {
      "codigo": "35161",
      "action": "skipped",
      "reason": "missing_price_usd"
    },
    {
      "codigo": "35160",
      "action": "skipped",
      "reason": "missing_price_usd"
    },
    {
      "codigo": "32095",
      "action": "skipped",
      "reason": "missing_price_usd"
    },
    {
      "codigo": "34886",
      "action": "skipped",
      "reason": "missing_price_usd"
    },
    {
      "codigo": "32621",
      "action": "skipped",
      "reason": "missing_price_usd"
    },
    {
      "codigo": "33743",
      "action": "skipped",
      "reason": "missing_price_usd"
    },
    {
      "codigo": "34390",
      "action": "skipped",
      "reason": "missing_price_usd"
    },
    {
      "codigo": "34325",
      "action": "skipped",
      "reason": "missing_price_usd"
    },
    {
      "codigo": "33616",
      "action": "skipped",
      "reason": "missing_price_usd"
    },
    {
      "codigo": "32489",
      "action": "skipped",
      "reason": "missing_price_usd"
    },
    {
      "codigo": "28111",
      "action": "skipped",
      "reason": "missing_price_usd"
    },
    {
      "codigo": "57180",
      "action": "skipped",
      "reason": "missing_price_usd"
    },
    {
      "codigo": "55248",
      "action": "skipped",
      "reason": "missing_price_usd"
    },
    {
      "codigo": "57515",
      "action": "skipped",
      "reason": "missing_price_usd"
    },
    {
      "codigo": "57253",
      "action": "skipped",
      "reason": "missing_price_usd"
    },
    {
      "codigo": "54267",
      "action": "skipped",
      "reason": "missing_price_usd"
    },
    {
      "codigo": "50861",
      "action": "skipped",
      "reason": "missing_price_usd"
    },
    {
      "codigo": "52916",
      "action": "skipped",
      "reason": "missing_price_usd"
    },
    {
      "codigo": "52229",
      "action": "skipped",
      "reason": "missing_price_usd"
    },
    {
      "codigo": "50860",
      "action": "skipped",
      "reason": "missing_price_usd"
    },
    {
      "codigo": "47720",
      "action": "skipped",
      "reason": "missing_price_usd"
    },
    {
      "codigo": "48934",
      "action": "skipped",
      "reason": "missing_price_usd"
    },
    {
      "codigo": "48575",
      "action": "skipped",
      "reason": "missing_price_usd"
    },
    {
      "codigo": "47893",
      "action": "skipped",
      "reason": "missing_price_usd"
    },
    {
      "codigo": "47982",
      "action": "skipped",
      "reason": "missing_price_usd"
    },
    {
      "codigo": "47550",
      "action": "skipped",
      "reason": "missing_price_usd"
    },
    {
      "codigo": "47432",
      "action": "skipped",
      "reason": "missing_price_usd"
    },
    {
      "codigo": "47431",
      "action": "skipped",
      "reason": "missing_price_usd"
    },
    {
      "codigo": "45853",
      "action": "skipped",
      "reason": "missing_price_usd"
    },
    {
      "codigo": "45819",
      "action": "skipped",
      "reason": "missing_price_usd"
    },
    {
      "codigo": "43715",
      "action": "skipped",
      "reason": "missing_price_usd"
    },
    {
      "codigo": "43714",
      "action": "skipped",
      "reason": "missing_price_usd"
    },
    {
      "codigo": "43712",
      "action": "skipped",
      "reason": "missing_price_usd"
    },
    {
      "codigo": "43710",
      "action": "skipped",
      "reason": "missing_price_usd"
    },
    {
      "codigo": "43709",
      "action": "skipped",
      "reason": "missing_price_usd"
    },
    {
      "codigo": "38537",
      "action": "skipped",
      "reason": "missing_price_usd"
    },
    {
      "codigo": "20143",
      "action": "skipped",
      "reason": "missing_price_usd"
    },
    {
      "codigo": "20144",
      "action": "skipped",
      "reason": "missing_price_usd"
    },
    {
      "codigo": "36670",
      "action": "skipped",
      "reason": "missing_price_usd"
    },
    {
      "codigo": "35390",
      "action": "skipped",
      "reason": "missing_price_usd"
    },
    {
      "codigo": "35392",
      "action": "skipped",
      "reason": "missing_price_usd"
    },
    {
      "codigo": "35391",
      "action": "skipped",
      "reason": "missing_price_usd"
    },
    {
      "codigo": "33685",
      "action": "skipped",
      "reason": "missing_price_usd"
    },
    {
      "codigo": "33517",
      "action": "skipped",
      "reason": "missing_price_usd"
    },
    {
      "codigo": "33064",
      "action": "skipped",
      "reason": "missing_price_usd"
    },
    {
      "codigo": "33056",
      "action": "skipped",
      "reason": "missing_price_usd"
    },
    {
      "codigo": "29472",
      "action": "skipped",
      "reason": "missing_price_usd"
    },
    {
      "codigo": "29471",
      "action": "skipped",
      "reason": "missing_price_usd"
    },
    {
      "codigo": "21792",
      "action": "skipped",
      "reason": "missing_price_usd"
    },
    {
      "codigo": "41980",
      "action": "skipped",
      "reason": "missing_price_usd"
    },
    {
      "codigo": "58028",
      "action": "skipped",
      "reason": "missing_price_usd"
    },
    {
      "codigo": "57713",
      "action": "skipped",
      "reason": "missing_price_usd"
    },
    {
      "codigo": "57712",
      "action": "skipped",
      "reason": "missing_price_usd"
    },
    {
      "codigo": "56400",
      "action": "skipped",
      "reason": "missing_price_usd"
    },
    {
      "codigo": "50994",
      "action": "skipped",
      "reason": "missing_price_usd"
    },
    {
      "codigo": "50992",
      "action": "skipped",
      "reason": "missing_price_usd"
    },
    {
      "codigo": "49807",
      "action": "skipped",
      "reason": "missing_price_usd"
    },
    {
      "codigo": "43281",
      "action": "skipped",
      "reason": "missing_price_usd"
    },
    {
      "codigo": "48787",
      "action": "skipped",
      "reason": "missing_price_usd"
    },
    {
      "codigo": "48786",
      "action": "skipped",
      "reason": "missing_price_usd"
    },
    {
      "codigo": "48620",
      "action": "skipped",
      "reason": "missing_price_usd"
    },
    {
      "codigo": "31047",
      "action": "skipped",
      "reason": "missing_price_usd"
    },
    {
      "codigo": "32327",
      "action": "skipped",
      "reason": "missing_price_usd"
    },
    {
      "codigo": "31682",
      "action": "skipped",
      "reason": "missing_price_usd"
    },
    {
      "codigo": "43628",
      "action": "skipped",
      "reason": "missing_price_usd"
    },
    {
      "codigo": "43532",
      "action": "skipped",
      "reason": "missing_price_usd"
    },
    {
      "codigo": "43477",
      "action": "skipped",
      "reason": "missing_price_usd"
    },
    {
      "codigo": "43377",
      "action": "skipped",
      "reason": "missing_price_usd"
    },
    {
      "codigo": "43375",
      "action": "skipped",
      "reason": "missing_price_usd"
    },
    {
      "codigo": "43283",
      "action": "skipped",
      "reason": "missing_price_usd"
    },
    {
      "codigo": "43282",
      "action": "skipped",
      "reason": "missing_price_usd"
    },
    {
      "codigo": "42013",
      "action": "skipped",
      "reason": "missing_price_usd"
    },
    {
      "codigo": "41981",
      "action": "skipped",
      "reason": "missing_price_usd"
    },
    {
      "codigo": "41979",
      "action": "skipped",
      "reason": "missing_price_usd"
    },
    {
      "codigo": "36666",
      "action": "skipped",
      "reason": "missing_price_usd"
    },
    {
      "codigo": "36602",
      "action": "skipped",
      "reason": "missing_price_usd"
    },
    {
      "codigo": "36591",
      "action": "skipped",
      "reason": "missing_price_usd"
    },
    {
      "codigo": "36484",
      "action": "skipped",
      "reason": "missing_price_usd"
    },
    {
      "codigo": "33442",
      "action": "skipped",
      "reason": "missing_price_usd"
    },
    {
      "codigo": "32843",
      "action": "skipped",
      "reason": "missing_price_usd"
    },
    {
      "codigo": "32272",
      "action": "skipped",
      "reason": "missing_price_usd"
    },
    {
      "codigo": "32200",
      "action": "skipped",
      "reason": "missing_price_usd"
    },
    {
      "codigo": "31869",
      "action": "skipped",
      "reason": "missing_price_usd"
    },
    {
      "codigo": "31683",
      "action": "skipped",
      "reason": "missing_price_usd"
    },
    {
      "codigo": "31050",
      "action": "skipped",
      "reason": "missing_price_usd"
    },
    {
      "codigo": "31029",
      "action": "skipped",
      "reason": "missing_price_usd"
    },
    {
      "codigo": "31028",
      "action": "skipped",
      "reason": "missing_price_usd"
    },
    {
      "codigo": "31027",
      "action": "skipped",
      "reason": "missing_price_usd"
    },
    {
      "codigo": "29176",
      "action": "skipped",
      "reason": "missing_price_usd"
    },
    {
      "codigo": "27727",
      "action": "skipped",
      "reason": "missing_price_usd"
    },
    {
      "codigo": "27461",
      "action": "skipped",
      "reason": "missing_price_usd"
    },
    {
      "codigo": "25210",
      "action": "skipped",
      "reason": "missing_price_usd"
    },
    {
      "codigo": "23349",
      "action": "skipped",
      "reason": "missing_price_usd"
    },
    {
      "codigo": "17950",
      "action": "skipped",
      "reason": "missing_price_usd"
    },
    {
      "codigo": "55145",
      "action": "skipped",
      "reason": "missing_price_usd"
    },
    {
      "codigo": "52024",
      "action": "skipped",
      "reason": "missing_price_usd"
    },
    {
      "codigo": "58109",
      "action": "skipped",
      "reason": "missing_price_usd"
    },
    {
      "codigo": "58108",
      "action": "skipped",
      "reason": "missing_price_usd"
    },
    {
      "codigo": "57897",
      "action": "skipped",
      "reason": "missing_price_usd"
    },
    {
      "codigo": "52788",
      "action": "skipped",
      "reason": "missing_price_usd"
    },
    {
      "codigo": "44005",
      "action": "skipped",
      "reason": "missing_price_usd"
    },
    {
      "codigo": "50104",
      "action": "skipped",
      "reason": "missing_price_usd"
    },
    {
      "codigo": "36045",
      "action": "skipped",
      "reason": "missing_price_usd"
    },
    {
      "codigo": "22216",
      "action": "skipped",
      "reason": "missing_price_usd"
    },
    {
      "codigo": "46644",
      "action": "skipped",
      "reason": "missing_price_usd"
    },
    {
      "codigo": "44840",
      "action": "skipped",
      "reason": "missing_price_usd"
    },
    {
      "codigo": "42053",
      "action": "skipped",
      "reason": "missing_price_usd"
    },
    {
      "codigo": "42051",
      "action": "skipped",
      "reason": "missing_price_usd"
    },
    {
      "codigo": "41344",
      "action": "skipped",
      "reason": "missing_price_usd"
    },
    {
      "codigo": "26135",
      "action": "skipped",
      "reason": "missing_price_usd"
    },
    {
      "codigo": "40217",
      "action": "skipped",
      "reason": "missing_price_usd"
    },
    {
      "codigo": "39680",
      "action": "skipped",
      "reason": "missing_price_usd"
    },
    {
      "codigo": "39646",
      "action": "skipped",
      "reason": "missing_price_usd"
    },
    {
      "codigo": "39215",
      "action": "skipped",
      "reason": "missing_price_usd"
    },
    {
      "codigo": "38744",
      "action": "skipped",
      "reason": "missing_price_usd"
    },
    {
      "codigo": "26126",
      "action": "skipped",
      "reason": "missing_price_usd"
    },
    {
      "codigo": "22215",
      "action": "skipped",
      "reason": "missing_price_usd"
    },
    {
      "codigo": "35944",
      "action": "skipped",
      "reason": "missing_price_usd"
    },
    {
      "codigo": "35889",
      "action": "skipped",
      "reason": "missing_price_usd"
    },
    {
      "codigo": "35727",
      "action": "skipped",
      "reason": "missing_price_usd"
    },
    {
      "codigo": "35700",
      "action": "skipped",
      "reason": "missing_price_usd"
    },
    {
      "codigo": "35541",
      "action": "skipped",
      "reason": "missing_price_usd"
    },
    {
      "codigo": "35540",
      "action": "skipped",
      "reason": "missing_price_usd"
    },
    {
      "codigo": "35539",
      "action": "skipped",
      "reason": "missing_price_usd"
    },
    {
      "codigo": "33959",
      "action": "skipped",
      "reason": "missing_price_usd"
    },
    {
      "codigo": "33895",
      "action": "skipped",
      "reason": "missing_price_usd"
    },
    {
      "codigo": "33424",
      "action": "skipped",
      "reason": "missing_price_usd"
    },
    {
      "codigo": "33176",
      "action": "skipped",
      "reason": "missing_price_usd"
    },
    {
      "codigo": "32425",
      "action": "skipped",
      "reason": "missing_price_usd"
    },
    {
      "codigo": "31716",
      "action": "skipped",
      "reason": "missing_price_usd"
    },
    {
      "codigo": "31706",
      "action": "skipped",
      "reason": "missing_price_usd"
    },
    {
      "codigo": "28319",
      "action": "skipped",
      "reason": "missing_price_usd"
    },
    {
      "codigo": "27920",
      "action": "skipped",
      "reason": "missing_price_usd"
    },
    {
      "codigo": "27919",
      "action": "skipped",
      "reason": "missing_price_usd"
    },
    {
      "codigo": "27865",
      "action": "skipped",
      "reason": "missing_price_usd"
    },
    {
      "codigo": "26945",
      "action": "skipped",
      "reason": "missing_price_usd"
    },
    {
      "codigo": "26944",
      "action": "skipped",
      "reason": "missing_price_usd"
    },
    {
      "codigo": "26934",
      "action": "skipped",
      "reason": "missing_price_usd"
    },
    {
      "codigo": "26136",
      "action": "skipped",
      "reason": "missing_price_usd"
    },
    {
      "codigo": "26134",
      "action": "skipped",
      "reason": "missing_price_usd"
    },
    {
      "codigo": "26128",
      "action": "skipped",
      "reason": "missing_price_usd"
    },
    {
      "codigo": "26127",
      "action": "skipped",
      "reason": "missing_price_usd"
    },
    {
      "codigo": "26125",
      "action": "skipped",
      "reason": "missing_price_usd"
    },
    {
      "codigo": "26124",
      "action": "skipped",
      "reason": "missing_price_usd"
    },
    {
      "codigo": "25337",
      "action": "skipped",
      "reason": "missing_price_usd"
    },
    {
      "codigo": "24391",
      "action": "skipped",
      "reason": "missing_price_usd"
    },
    {
      "codigo": "24390",
      "action": "skipped",
      "reason": "missing_price_usd"
    },
    {
      "codigo": "22953",
      "action": "skipped",
      "reason": "missing_price_usd"
    },
    {
      "codigo": "22952",
      "action": "skipped",
      "reason": "missing_price_usd"
    },
    {
      "codigo": "22214",
      "action": "skipped",
      "reason": "missing_price_usd"
    },
    {
      "codigo": "22212",
      "action": "skipped",
      "reason": "missing_price_usd"
    },
    {
      "codigo": "22211",
      "action": "skipped",
      "reason": "missing_price_usd"
    },
    {
      "codigo": "22209",
      "action": "skipped",
      "reason": "missing_price_usd"
    },
    {
      "codigo": "54462",
      "action": "skipped",
      "reason": "missing_price_usd"
    },
    {
      "codigo": "50522",
      "action": "skipped",
      "reason": "missing_price_usd"
    },
    {
      "codigo": "47136",
      "action": "skipped",
      "reason": "missing_price_usd"
    },
    {
      "codigo": "47132",
      "action": "skipped",
      "reason": "missing_price_usd"
    },
    {
      "codigo": "43733",
      "action": "skipped",
      "reason": "missing_price_usd"
    },
    {
      "codigo": "43731",
      "action": "skipped",
      "reason": "missing_price_usd"
    },
    {
      "codigo": "43729",
      "action": "skipped",
      "reason": "missing_price_usd"
    },
    {
      "codigo": "42261",
      "action": "skipped",
      "reason": "missing_price_usd"
    },
    {
      "codigo": "41098",
      "action": "skipped",
      "reason": "missing_price_usd"
    },
    {
      "codigo": "40127",
      "action": "skipped",
      "reason": "missing_price_usd"
    },
    {
      "codigo": "39755",
      "action": "skipped",
      "reason": "missing_price_usd"
    },
    {
      "codigo": "38709",
      "action": "skipped",
      "reason": "missing_price_usd"
    },
    {
      "codigo": "812",
      "action": "skipped",
      "reason": "missing_price_usd"
    },
    {
      "codigo": "5187",
      "action": "skipped",
      "reason": "missing_price_usd"
    },
    {
      "codigo": "3861",
      "action": "skipped",
      "reason": "missing_price_usd"
    },
    {
      "codigo": "3676",
      "action": "skipped",
      "reason": "missing_price_usd"
    },
    {
      "codigo": "28500",
      "action": "skipped",
      "reason": "missing_price_usd"
    },
    {
      "codigo": "26754",
      "action": "skipped",
      "reason": "missing_price_usd"
    },
    {
      "codigo": "2134",
      "action": "skipped",
      "reason": "missing_price_usd"
    },
    {
      "codigo": "20834",
      "action": "skipped",
      "reason": "missing_price_usd"
    },
    {
      "codigo": "19694",
      "action": "skipped",
      "reason": "missing_price_usd"
    },
    {
      "codigo": "19089",
      "action": "skipped",
      "reason": "missing_price_usd"
    },
    {
      "codigo": "19088",
      "action": "skipped",
      "reason": "missing_price_usd"
    },
    {
      "codigo": "19087",
      "action": "skipped",
      "reason": "missing_price_usd"
    },
    {
      "codigo": "1731",
      "action": "skipped",
      "reason": "missing_price_usd"
    },
    {
      "codigo": "1660",
      "action": "skipped",
      "reason": "missing_price_usd"
    },
    {
      "codigo": "13235",
      "action": "skipped",
      "reason": "missing_price_usd"
    },
    {
      "codigo": "10829",
      "action": "skipped",
      "reason": "missing_price_usd"
    },
    {
      "codigo": "57485",
      "action": "skipped",
      "reason": "missing_price_usd"
    },
    {
      "codigo": "57489",
      "action": "skipped",
      "reason": "missing_price_usd"
    },
    {
      "codigo": "57487",
      "action": "skipped",
      "reason": "missing_price_usd"
    },
    {
      "codigo": "57460",
      "action": "skipped",
      "reason": "missing_price_usd"
    },
    {
      "codigo": "57459",
      "action": "skipped",
      "reason": "missing_price_usd"
    },
    {
      "codigo": "57458",
      "action": "skipped",
      "reason": "missing_price_usd"
    },
    {
      "codigo": "57457",
      "action": "skipped",
      "reason": "missing_price_usd"
    },
    {
      "codigo": "56669",
      "action": "skipped",
      "reason": "missing_price_usd"
    },
    {
      "codigo": "53464",
      "action": "skipped",
      "reason": "missing_price_usd"
    },
    {
      "codigo": "52527",
      "action": "skipped",
      "reason": "missing_price_usd"
    },
    {
      "codigo": "52469",
      "action": "skipped",
      "reason": "missing_price_usd"
    },
    {
      "codigo": "52063",
      "action": "skipped",
      "reason": "missing_price_usd"
    },
    {
      "codigo": "47959",
      "action": "skipped",
      "reason": "missing_price_usd"
    },
    {
      "codigo": "44802",
      "action": "skipped",
      "reason": "missing_price_usd"
    },
    {
      "codigo": "35436",
      "action": "skipped",
      "reason": "missing_price_usd"
    },
    {
      "codigo": "8851",
      "action": "skipped",
      "reason": "missing_price_usd"
    },
    {
      "codigo": "11580",
      "action": "skipped",
      "reason": "missing_price_usd"
    },
    {
      "codigo": "10320",
      "action": "skipped",
      "reason": "missing_price_usd"
    },
    {
      "codigo": "57286",
      "action": "skipped",
      "reason": "missing_price_usd"
    },
    {
      "codigo": "55526",
      "action": "skipped",
      "reason": "missing_price_usd"
    },
    {
      "codigo": "55419",
      "action": "skipped",
      "reason": "missing_price_usd"
    },
    {
      "codigo": "55417",
      "action": "skipped",
      "reason": "missing_price_usd"
    },
    {
      "codigo": "54747",
      "action": "skipped",
      "reason": "missing_price_usd"
    },
    {
      "codigo": "52539",
      "action": "skipped",
      "reason": "missing_price_usd"
    },
    {
      "codigo": "53479",
      "action": "skipped",
      "reason": "missing_price_usd"
    },
    {
      "codigo": "53478",
      "action": "skipped",
      "reason": "missing_price_usd"
    },
    {
      "codigo": "53477",
      "action": "skipped",
      "reason": "missing_price_usd"
    },
    {
      "codigo": "53472",
      "action": "skipped",
      "reason": "missing_price_usd"
    },
    {
      "codigo": "53471",
      "action": "skipped",
      "reason": "missing_price_usd"
    },
    {
      "codigo": "52537",
      "action": "skipped",
      "reason": "missing_price_usd"
    },
    {
      "codigo": "52535",
      "action": "skipped",
      "reason": "missing_price_usd"
    },
    {
      "codigo": "52534",
      "action": "skipped",
      "reason": "missing_price_usd"
    },
    {
      "codigo": "52533",
      "action": "skipped",
      "reason": "missing_price_usd"
    },
    {
      "codigo": "52532",
      "action": "skipped",
      "reason": "missing_price_usd"
    },
    {
      "codigo": "52531",
      "action": "skipped",
      "reason": "missing_price_usd"
    },
    {
      "codigo": "51249",
      "action": "skipped",
      "reason": "missing_price_usd"
    },
    {
      "codigo": "49908",
      "action": "skipped",
      "reason": "missing_price_usd"
    },
    {
      "codigo": "49907",
      "action": "skipped",
      "reason": "missing_price_usd"
    },
    {
      "codigo": "43631",
      "action": "skipped",
      "reason": "missing_price_usd"
    },
    {
      "codigo": "42390",
      "action": "skipped",
      "reason": "missing_price_usd"
    },
    {
      "codigo": "42389",
      "action": "skipped",
      "reason": "missing_price_usd"
    },
    {
      "codigo": "42388",
      "action": "skipped",
      "reason": "missing_price_usd"
    },
    {
      "codigo": "42387",
      "action": "skipped",
      "reason": "missing_price_usd"
    },
    {
      "codigo": "42386",
      "action": "skipped",
      "reason": "missing_price_usd"
    },
    {
      "codigo": "41453",
      "action": "skipped",
      "reason": "missing_price_usd"
    },
    {
      "codigo": "40705",
      "action": "skipped",
      "reason": "missing_price_usd"
    },
    {
      "codigo": "40234",
      "action": "skipped",
      "reason": "missing_price_usd"
    },
    {
      "codigo": "40233",
      "action": "skipped",
      "reason": "missing_price_usd"
    },
    {
      "codigo": "40232",
      "action": "skipped",
      "reason": "missing_price_usd"
    },
    {
      "codigo": "40231",
      "action": "skipped",
      "reason": "missing_price_usd"
    },
    {
      "codigo": "39785",
      "action": "skipped",
      "reason": "missing_price_usd"
    },
    {
      "codigo": "39784",
      "action": "skipped",
      "reason": "missing_price_usd"
    },
    {
      "codigo": "37044",
      "action": "skipped",
      "reason": "missing_price_usd"
    },
    {
      "codigo": "36530",
      "action": "skipped",
      "reason": "missing_price_usd"
    },
    {
      "codigo": "36134",
      "action": "skipped",
      "reason": "missing_price_usd"
    },
    {
      "codigo": "36132",
      "action": "skipped",
      "reason": "missing_price_usd"
    },
    {
      "codigo": "35591",
      "action": "skipped",
      "reason": "missing_price_usd"
    },
    {
      "codigo": "35095",
      "action": "skipped",
      "reason": "missing_price_usd"
    },
    {
      "codigo": "9904",
      "action": "skipped",
      "reason": "missing_price_usd"
    },
    {
      "codigo": "9278",
      "action": "skipped",
      "reason": "missing_price_usd"
    },
    {
      "codigo": "8819",
      "action": "skipped",
      "reason": "missing_price_usd"
    },
    {
      "codigo": "8803",
      "action": "skipped",
      "reason": "missing_price_usd"
    },
    {
      "codigo": "8241",
      "action": "skipped",
      "reason": "missing_price_usd"
    },
    {
      "codigo": "7887",
      "action": "skipped",
      "reason": "missing_price_usd"
    },
    {
      "codigo": "6240",
      "action": "skipped",
      "reason": "missing_price_usd"
    },
    {
      "codigo": "4088",
      "action": "skipped",
      "reason": "missing_price_usd"
    },
    {
      "codigo": "3491",
      "action": "skipped",
      "reason": "missing_price_usd"
    },
    {
      "codigo": "34112",
      "action": "skipped",
      "reason": "missing_price_usd"
    },
    {
      "codigo": "34111",
      "action": "skipped",
      "reason": "missing_price_usd"
    },
    {
      "codigo": "34110",
      "action": "skipped",
      "reason": "missing_price_usd"
    },
    {
      "codigo": "31974",
      "action": "skipped",
      "reason": "missing_price_usd"
    },
    {
      "codigo": "29197",
      "action": "skipped",
      "reason": "missing_price_usd"
    },
    {
      "codigo": "29196",
      "action": "skipped",
      "reason": "missing_price_usd"
    },
    {
      "codigo": "29101",
      "action": "skipped",
      "reason": "missing_price_usd"
    },
    {
      "codigo": "28942",
      "action": "skipped",
      "reason": "missing_price_usd"
    },
    {
      "codigo": "28643",
      "action": "skipped",
      "reason": "missing_price_usd"
    },
    {
      "codigo": "27700",
      "action": "skipped",
      "reason": "missing_price_usd"
    },
    {
      "codigo": "27313",
      "action": "skipped",
      "reason": "missing_price_usd"
    },
    {
      "codigo": "26955",
      "action": "skipped",
      "reason": "missing_price_usd"
    },
    {
      "codigo": "26269",
      "action": "skipped",
      "reason": "missing_price_usd"
    },
    {
      "codigo": "26265",
      "action": "skipped",
      "reason": "missing_price_usd"
    },
    {
      "codigo": "26264",
      "action": "skipped",
      "reason": "missing_price_usd"
    },
    {
      "codigo": "2580",
      "action": "skipped",
      "reason": "missing_price_usd"
    },
    {
      "codigo": "25766",
      "action": "skipped",
      "reason": "missing_price_usd"
    },
    {
      "codigo": "25322",
      "action": "skipped",
      "reason": "missing_price_usd"
    },
    {
      "codigo": "25298",
      "action": "skipped",
      "reason": "missing_price_usd"
    },
    {
      "codigo": "24571",
      "action": "skipped",
      "reason": "missing_price_usd"
    },
    {
      "codigo": "24118",
      "action": "skipped",
      "reason": "missing_price_usd"
    },
    {
      "codigo": "23627",
      "action": "skipped",
      "reason": "missing_price_usd"
    },
    {
      "codigo": "23604",
      "action": "skipped",
      "reason": "missing_price_usd"
    },
    {
      "codigo": "23603",
      "action": "skipped",
      "reason": "missing_price_usd"
    },
    {
      "codigo": "23602",
      "action": "skipped",
      "reason": "missing_price_usd"
    },
    {
      "codigo": "23601",
      "action": "skipped",
      "reason": "missing_price_usd"
    },
    {
      "codigo": "23600",
      "action": "skipped",
      "reason": "missing_price_usd"
    },
    {
      "codigo": "23599",
      "action": "skipped",
      "reason": "missing_price_usd"
    },
    {
      "codigo": "23143",
      "action": "skipped",
      "reason": "missing_price_usd"
    },
    {
      "codigo": "22648",
      "action": "skipped",
      "reason": "missing_price_usd"
    },
    {
      "codigo": "22633",
      "action": "skipped",
      "reason": "missing_price_usd"
    },
    {
      "codigo": "22534",
      "action": "skipped",
      "reason": "missing_price_usd"
    },
    {
      "codigo": "21441",
      "action": "skipped",
      "reason": "missing_price_usd"
    },
    {
      "codigo": "20977",
      "action": "skipped",
      "reason": "missing_price_usd"
    },
    {
      "codigo": "20749",
      "action": "skipped",
      "reason": "missing_price_usd"
    },
    {
      "codigo": "20632",
      "action": "skipped",
      "reason": "missing_price_usd"
    },
    {
      "codigo": "2040",
      "action": "skipped",
      "reason": "missing_price_usd"
    },
    {
      "codigo": "2021",
      "action": "skipped",
      "reason": "missing_price_usd"
    },
    {
      "codigo": "1981",
      "action": "skipped",
      "reason": "missing_price_usd"
    },
    {
      "codigo": "19741",
      "action": "skipped",
      "reason": "missing_price_usd"
    },
    {
      "codigo": "19701",
      "action": "skipped",
      "reason": "missing_price_usd"
    },
    {
      "codigo": "19554",
      "action": "skipped",
      "reason": "missing_price_usd"
    },
    {
      "codigo": "19553",
      "action": "skipped",
      "reason": "missing_price_usd"
    },
    {
      "codigo": "1809",
      "action": "skipped",
      "reason": "missing_price_usd"
    },
    {
      "codigo": "17732",
      "action": "skipped",
      "reason": "missing_price_usd"
    },
    {
      "codigo": "17594",
      "action": "skipped",
      "reason": "missing_price_usd"
    },
    {
      "codigo": "1681",
      "action": "skipped",
      "reason": "missing_price_usd"
    },
    {
      "codigo": "15946",
      "action": "skipped",
      "reason": "missing_price_usd"
    },
    {
      "codigo": "1593",
      "action": "skipped",
      "reason": "missing_price_usd"
    },
    {
      "codigo": "15286",
      "action": "skipped",
      "reason": "missing_price_usd"
    },
    {
      "codigo": "57706",
      "action": "skipped",
      "reason": "missing_price_usd"
    },
    {
      "codigo": "56658",
      "action": "skipped",
      "reason": "missing_price_usd"
    },
    {
      "codigo": "56530",
      "action": "skipped",
      "reason": "missing_price_usd"
    },
    {
      "codigo": "56250",
      "action": "skipped",
      "reason": "missing_price_usd"
    },
    {
      "codigo": "56080",
      "action": "skipped",
      "reason": "missing_price_usd"
    },
    {
      "codigo": "56031",
      "action": "skipped",
      "reason": "missing_price_usd"
    },
    {
      "codigo": "56028",
      "action": "skipped",
      "reason": "missing_price_usd"
    },
    {
      "codigo": "55915",
      "action": "skipped",
      "reason": "missing_price_usd"
    },
    {
      "codigo": "55628",
      "action": "skipped",
      "reason": "missing_price_usd"
    },
    {
      "codigo": "54705",
      "action": "skipped",
      "reason": "missing_price_usd"
    },
    {
      "codigo": "54387",
      "action": "skipped",
      "reason": "missing_price_usd"
    },
    {
      "codigo": "54240",
      "action": "skipped",
      "reason": "missing_price_usd"
    },
    {
      "codigo": "54038",
      "action": "skipped",
      "reason": "missing_price_usd"
    },
    {
      "codigo": "54010",
      "action": "skipped",
      "reason": "missing_price_usd"
    },
    {
      "codigo": "54004",
      "action": "skipped",
      "reason": "missing_price_usd"
    },
    {
      "codigo": "53916",
      "action": "skipped",
      "reason": "missing_price_usd"
    },
    {
      "codigo": "53485",
      "action": "skipped",
      "reason": "missing_price_usd"
    },
    {
      "codigo": "53482",
      "action": "skipped",
      "reason": "missing_price_usd"
    },
    {
      "codigo": "53476",
      "action": "skipped",
      "reason": "missing_price_usd"
    },
    {
      "codigo": "53473",
      "action": "skipped",
      "reason": "missing_price_usd"
    },
    {
      "codigo": "53401",
      "action": "skipped",
      "reason": "missing_price_usd"
    },
    {
      "codigo": "53288",
      "action": "skipped",
      "reason": "missing_price_usd"
    },
    {
      "codigo": "53261",
      "action": "skipped",
      "reason": "missing_price_usd"
    },
    {
      "codigo": "53260",
      "action": "skipped",
      "reason": "missing_price_usd"
    },
    {
      "codigo": "53259",
      "action": "skipped",
      "reason": "missing_price_usd"
    },
    {
      "codigo": "53258",
      "action": "skipped",
      "reason": "missing_price_usd"
    },
    {
      "codigo": "53003",
      "action": "skipped",
      "reason": "missing_price_usd"
    },
    {
      "codigo": "52915",
      "action": "skipped",
      "reason": "missing_price_usd"
    },
    {
      "codigo": "52898",
      "action": "skipped",
      "reason": "missing_price_usd"
    },
    {
      "codigo": "52001",
      "action": "skipped",
      "reason": "missing_price_usd"
    },
    {
      "codigo": "49312",
      "action": "skipped",
      "reason": "missing_price_usd"
    },
    {
      "codigo": "51934",
      "action": "skipped",
      "reason": "missing_price_usd"
    },
    {
      "codigo": "51855",
      "action": "skipped",
      "reason": "missing_price_usd"
    },
    {
      "codigo": "51854",
      "action": "skipped",
      "reason": "missing_price_usd"
    },
    {
      "codigo": "51730",
      "action": "skipped",
      "reason": "missing_price_usd"
    },
    {
      "codigo": "51682",
      "action": "skipped",
      "reason": "missing_price_usd"
    },
    {
      "codigo": "51645",
      "action": "skipped",
      "reason": "missing_price_usd"
    },
    {
      "codigo": "50553",
      "action": "skipped",
      "reason": "missing_price_usd"
    },
    {
      "codigo": "50513",
      "action": "skipped",
      "reason": "missing_price_usd"
    },
    {
      "codigo": "50388",
      "action": "skipped",
      "reason": "missing_price_usd"
    },
    {
      "codigo": "49796",
      "action": "skipped",
      "reason": "missing_price_usd"
    },
    {
      "codigo": "49795",
      "action": "skipped",
      "reason": "missing_price_usd"
    },
    {
      "codigo": "48399",
      "action": "skipped",
      "reason": "missing_price_usd"
    },
    {
      "codigo": "22809",
      "action": "skipped",
      "reason": "missing_price_usd"
    },
    {
      "codigo": "49313",
      "action": "skipped",
      "reason": "missing_price_usd"
    },
    {
      "codigo": "48529",
      "action": "skipped",
      "reason": "missing_price_usd"
    },
    {
      "codigo": "47743",
      "action": "skipped",
      "reason": "missing_price_usd"
    },
    {
      "codigo": "47656",
      "action": "skipped",
      "reason": "missing_price_usd"
    },
    {
      "codigo": "47655",
      "action": "skipped",
      "reason": "missing_price_usd"
    },
    {
      "codigo": "47458",
      "action": "skipped",
      "reason": "missing_price_usd"
    },
    {
      "codigo": "47310",
      "action": "skipped",
      "reason": "missing_price_usd"
    },
    {
      "codigo": "47309",
      "action": "skipped",
      "reason": "missing_price_usd"
    },
    {
      "codigo": "45867",
      "action": "skipped",
      "reason": "missing_price_usd"
    },
    {
      "codigo": "45128",
      "action": "skipped",
      "reason": "missing_price_usd"
    },
    {
      "codigo": "44448",
      "action": "skipped",
      "reason": "missing_price_usd"
    },
    {
      "codigo": "44189",
      "action": "skipped",
      "reason": "missing_price_usd"
    },
    {
      "codigo": "43765",
      "action": "skipped",
      "reason": "missing_price_usd"
    },
    {
      "codigo": "43727",
      "action": "skipped",
      "reason": "missing_price_usd"
    },
    {
      "codigo": "43726",
      "action": "skipped",
      "reason": "missing_price_usd"
    },
    {
      "codigo": "43724",
      "action": "skipped",
      "reason": "missing_price_usd"
    },
    {
      "codigo": "43662",
      "action": "skipped",
      "reason": "missing_price_usd"
    },
    {
      "codigo": "43241",
      "action": "skipped",
      "reason": "missing_price_usd"
    },
    {
      "codigo": "42929",
      "action": "skipped",
      "reason": "missing_price_usd"
    },
    {
      "codigo": "42677",
      "action": "skipped",
      "reason": "missing_price_usd"
    },
    {
      "codigo": "42583",
      "action": "skipped",
      "reason": "missing_price_usd"
    },
    {
      "codigo": "41975",
      "action": "skipped",
      "reason": "missing_price_usd"
    },
    {
      "codigo": "41184",
      "action": "skipped",
      "reason": "missing_price_usd"
    },
    {
      "codigo": "40954",
      "action": "skipped",
      "reason": "missing_price_usd"
    },
    {
      "codigo": "40657",
      "action": "skipped",
      "reason": "missing_price_usd"
    },
    {
      "codigo": "40515",
      "action": "skipped",
      "reason": "missing_price_usd"
    },
    {
      "codigo": "40322",
      "action": "skipped",
      "reason": "missing_price_usd"
    },
    {
      "codigo": "40130",
      "action": "skipped",
      "reason": "missing_price_usd"
    },
    {
      "codigo": "40055",
      "action": "skipped",
      "reason": "missing_price_usd"
    },
    {
      "codigo": "39776",
      "action": "skipped",
      "reason": "missing_price_usd"
    },
    {
      "codigo": "39503",
      "action": "skipped",
      "reason": "missing_price_usd"
    },
    {
      "codigo": "39318",
      "action": "skipped",
      "reason": "missing_price_usd"
    },
    {
      "codigo": "39262",
      "action": "skipped",
      "reason": "missing_price_usd"
    },
    {
      "codigo": "39117",
      "action": "skipped",
      "reason": "missing_price_usd"
    },
    {
      "codigo": "38949",
      "action": "skipped",
      "reason": "missing_price_usd"
    },
    {
      "codigo": "38330",
      "action": "skipped",
      "reason": "missing_price_usd"
    },
    {
      "codigo": "37215",
      "action": "skipped",
      "reason": "missing_price_usd"
    },
    {
      "codigo": "36359",
      "action": "skipped",
      "reason": "missing_price_usd"
    },
    {
      "codigo": "36268",
      "action": "skipped",
      "reason": "missing_price_usd"
    },
    {
      "codigo": "36098",
      "action": "skipped",
      "reason": "missing_price_usd"
    },
    {
      "codigo": "35511",
      "action": "skipped",
      "reason": "missing_price_usd"
    },
    {
      "codigo": "35216",
      "action": "skipped",
      "reason": "missing_price_usd"
    },
    {
      "codigo": "13487",
      "action": "skipped",
      "reason": "missing_price_usd"
    },
    {
      "codigo": "35145",
      "action": "skipped",
      "reason": "missing_price_usd"
    },
    {
      "codigo": "35069",
      "action": "skipped",
      "reason": "missing_price_usd"
    },
    {
      "codigo": "8434",
      "action": "skipped",
      "reason": "missing_price_usd"
    },
    {
      "codigo": "8221",
      "action": "skipped",
      "reason": "missing_price_usd"
    },
    {
      "codigo": "7088",
      "action": "skipped",
      "reason": "missing_price_usd"
    },
    {
      "codigo": "4510",
      "action": "skipped",
      "reason": "missing_price_usd"
    },
    {
      "codigo": "34834",
      "action": "skipped",
      "reason": "missing_price_usd"
    },
    {
      "codigo": "33763",
      "action": "skipped",
      "reason": "missing_price_usd"
    },
    {
      "codigo": "33357",
      "action": "skipped",
      "reason": "missing_price_usd"
    },
    {
      "codigo": "32932",
      "action": "skipped",
      "reason": "missing_price_usd"
    },
    {
      "codigo": "32299",
      "action": "skipped",
      "reason": "missing_price_usd"
    },
    {
      "codigo": "32275",
      "action": "skipped",
      "reason": "missing_price_usd"
    },
    {
      "codigo": "3168",
      "action": "skipped",
      "reason": "missing_price_usd"
    },
    {
      "codigo": "30590",
      "action": "skipped",
      "reason": "missing_price_usd"
    },
    {
      "codigo": "30428",
      "action": "skipped",
      "reason": "missing_price_usd"
    },
    {
      "codigo": "29984",
      "action": "skipped",
      "reason": "missing_price_usd"
    },
    {
      "codigo": "29385",
      "action": "skipped",
      "reason": "missing_price_usd"
    },
    {
      "codigo": "27892",
      "action": "skipped",
      "reason": "missing_price_usd"
    },
    {
      "codigo": "27779",
      "action": "skipped",
      "reason": "missing_price_usd"
    },
    {
      "codigo": "27580",
      "action": "skipped",
      "reason": "missing_price_usd"
    },
    {
      "codigo": "27346",
      "action": "skipped",
      "reason": "missing_price_usd"
    },
    {
      "codigo": "27194",
      "action": "skipped",
      "reason": "missing_price_usd"
    },
    {
      "codigo": "27189",
      "action": "skipped",
      "reason": "missing_price_usd"
    },
    {
      "codigo": "25829",
      "action": "skipped",
      "reason": "missing_price_usd"
    },
    {
      "codigo": "25767",
      "action": "skipped",
      "reason": "missing_price_usd"
    },
    {
      "codigo": "25273",
      "action": "skipped",
      "reason": "missing_price_usd"
    },
    {
      "codigo": "25190",
      "action": "skipped",
      "reason": "missing_price_usd"
    },
    {
      "codigo": "25075",
      "action": "skipped",
      "reason": "missing_price_usd"
    },
    {
      "codigo": "25074",
      "action": "skipped",
      "reason": "missing_price_usd"
    },
    {
      "codigo": "24833",
      "action": "skipped",
      "reason": "missing_price_usd"
    },
    {
      "codigo": "24701",
      "action": "skipped",
      "reason": "missing_price_usd"
    },
    {
      "codigo": "24470",
      "action": "skipped",
      "reason": "missing_price_usd"
    },
    {
      "codigo": "23667",
      "action": "skipped",
      "reason": "missing_price_usd"
    },
    {
      "codigo": "23508",
      "action": "skipped",
      "reason": "missing_price_usd"
    },
    {
      "codigo": "23295",
      "action": "skipped",
      "reason": "missing_price_usd"
    },
    {
      "codigo": "23274",
      "action": "skipped",
      "reason": "missing_price_usd"
    },
    {
      "codigo": "23233",
      "action": "skipped",
      "reason": "missing_price_usd"
    },
    {
      "codigo": "23100",
      "action": "skipped",
      "reason": "missing_price_usd"
    },
    {
      "codigo": "22651",
      "action": "skipped",
      "reason": "missing_price_usd"
    },
    {
      "codigo": "21060",
      "action": "skipped",
      "reason": "missing_price_usd"
    },
    {
      "codigo": "20832",
      "action": "skipped",
      "reason": "missing_price_usd"
    },
    {
      "codigo": "20271",
      "action": "skipped",
      "reason": "missing_price_usd"
    },
    {
      "codigo": "19743",
      "action": "skipped",
      "reason": "missing_price_usd"
    },
    {
      "codigo": "19556",
      "action": "skipped",
      "reason": "missing_price_usd"
    },
    {
      "codigo": "19555",
      "action": "skipped",
      "reason": "missing_price_usd"
    },
    {
      "codigo": "19552",
      "action": "skipped",
      "reason": "missing_price_usd"
    },
    {
      "codigo": "18814",
      "action": "skipped",
      "reason": "missing_price_usd"
    },
    {
      "codigo": "18168",
      "action": "skipped",
      "reason": "missing_price_usd"
    },
    {
      "codigo": "18119",
      "action": "skipped",
      "reason": "missing_price_usd"
    },
    {
      "codigo": "16225",
      "action": "skipped",
      "reason": "missing_price_usd"
    },
    {
      "codigo": "15358",
      "action": "skipped",
      "reason": "missing_price_usd"
    },
    {
      "codigo": "14829",
      "action": "skipped",
      "reason": "missing_price_usd"
    },
    {
      "codigo": "13416",
      "action": "skipped",
      "reason": "missing_price_usd"
    },
    {
      "codigo": "11426",
      "action": "skipped",
      "reason": "missing_price_usd"
    },
    {
      "codigo": "11394",
      "action": "skipped",
      "reason": "missing_price_usd"
    },
    {
      "codigo": "55780",
      "action": "skipped",
      "reason": "missing_price_usd"
    },
    {
      "codigo": "55350",
      "action": "skipped",
      "reason": "missing_price_usd"
    },
    {
      "codigo": "53402",
      "action": "skipped",
      "reason": "missing_price_usd"
    },
    {
      "codigo": "55665",
      "action": "skipped",
      "reason": "missing_price_usd"
    },
    {
      "codigo": "57793",
      "action": "skipped",
      "reason": "missing_price_usd"
    },
    {
      "codigo": "58002",
      "action": "skipped",
      "reason": "missing_price_usd"
    },
    {
      "codigo": "57792",
      "action": "skipped",
      "reason": "missing_price_usd"
    },
    {
      "codigo": "57783",
      "action": "skipped",
      "reason": "missing_price_usd"
    },
    {
      "codigo": "57782",
      "action": "skipped",
      "reason": "missing_price_usd"
    },
    {
      "codigo": "57775",
      "action": "skipped",
      "reason": "missing_price_usd"
    },
    {
      "codigo": "57724",
      "action": "skipped",
      "reason": "missing_price_usd"
    },
    {
      "codigo": "57519",
      "action": "skipped",
      "reason": "missing_price_usd"
    },
    {
      "codigo": "57518",
      "action": "skipped",
      "reason": "missing_price_usd"
    },
    {
      "codigo": "57166",
      "action": "skipped",
      "reason": "missing_price_usd"
    },
    {
      "codigo": "57151",
      "action": "skipped",
      "reason": "missing_price_usd"
    },
    {
      "codigo": "57150",
      "action": "skipped",
      "reason": "missing_price_usd"
    },
    {
      "codigo": "57049",
      "action": "skipped",
      "reason": "missing_price_usd"
    },
    {
      "codigo": "57048",
      "action": "skipped",
      "reason": "missing_price_usd"
    },
    {
      "codigo": "57047",
      "action": "skipped",
      "reason": "missing_price_usd"
    },
    {
      "codigo": "57046",
      "action": "skipped",
      "reason": "missing_price_usd"
    },
    {
      "codigo": "57045",
      "action": "skipped",
      "reason": "missing_price_usd"
    },
    {
      "codigo": "57044",
      "action": "skipped",
      "reason": "missing_price_usd"
    },
    {
      "codigo": "56715",
      "action": "skipped",
      "reason": "missing_price_usd"
    },
    {
      "codigo": "56597",
      "action": "skipped",
      "reason": "missing_price_usd"
    },
    {
      "codigo": "56581",
      "action": "skipped",
      "reason": "missing_price_usd"
    },
    {
      "codigo": "56542",
      "action": "skipped",
      "reason": "missing_price_usd"
    },
    {
      "codigo": "56540",
      "action": "skipped",
      "reason": "missing_price_usd"
    },
    {
      "codigo": "56421",
      "action": "skipped",
      "reason": "missing_price_usd"
    },
    {
      "codigo": "56420",
      "action": "skipped",
      "reason": "missing_price_usd"
    },
    {
      "codigo": "56419",
      "action": "skipped",
      "reason": "missing_price_usd"
    },
    {
      "codigo": "56417",
      "action": "skipped",
      "reason": "missing_price_usd"
    },
    {
      "codigo": "56415",
      "action": "skipped",
      "reason": "missing_price_usd"
    },
    {
      "codigo": "56414",
      "action": "skipped",
      "reason": "missing_price_usd"
    },
    {
      "codigo": "56413",
      "action": "skipped",
      "reason": "missing_price_usd"
    },
    {
      "codigo": "56411",
      "action": "skipped",
      "reason": "missing_price_usd"
    },
    {
      "codigo": "56410",
      "action": "skipped",
      "reason": "missing_price_usd"
    },
    {
      "codigo": "56407",
      "action": "skipped",
      "reason": "missing_price_usd"
    },
    {
      "codigo": "55963",
      "action": "skipped",
      "reason": "missing_price_usd"
    },
    {
      "codigo": "55850",
      "action": "skipped",
      "reason": "missing_price_usd"
    },
    {
      "codigo": "55825",
      "action": "skipped",
      "reason": "missing_price_usd"
    },
    {
      "codigo": "55686",
      "action": "skipped",
      "reason": "missing_price_usd"
    },
    {
      "codigo": "55588",
      "action": "skipped",
      "reason": "missing_price_usd"
    },
    {
      "codigo": "55476",
      "action": "skipped",
      "reason": "missing_price_usd"
    },
    {
      "codigo": "55467",
      "action": "skipped",
      "reason": "missing_price_usd"
    },
    {
      "codigo": "55359",
      "action": "skipped",
      "reason": "missing_price_usd"
    },
    {
      "codigo": "54777",
      "action": "skipped",
      "reason": "missing_price_usd"
    },
    {
      "codigo": "53811",
      "action": "skipped",
      "reason": "missing_price_usd"
    },
    {
      "codigo": "40352",
      "action": "skipped",
      "reason": "missing_price_usd"
    },
    {
      "codigo": "40351",
      "action": "skipped",
      "reason": "missing_price_usd"
    },
    {
      "codigo": "53701",
      "action": "skipped",
      "reason": "missing_price_usd"
    },
    {
      "codigo": "53682",
      "action": "skipped",
      "reason": "missing_price_usd"
    },
    {
      "codigo": "53672",
      "action": "skipped",
      "reason": "missing_price_usd"
    },
    {
      "codigo": "53599",
      "action": "skipped",
      "reason": "missing_price_usd"
    },
    {
      "codigo": "53550",
      "action": "skipped",
      "reason": "missing_price_usd"
    },
    {
      "codigo": "53383",
      "action": "skipped",
      "reason": "missing_price_usd"
    },
    {
      "codigo": "53382",
      "action": "skipped",
      "reason": "missing_price_usd"
    },
    {
      "codigo": "53112",
      "action": "skipped",
      "reason": "missing_price_usd"
    },
    {
      "codigo": "53111",
      "action": "skipped",
      "reason": "missing_price_usd"
    },
    {
      "codigo": "52049",
      "action": "skipped",
      "reason": "missing_price_usd"
    },
    {
      "codigo": "52050",
      "action": "skipped",
      "reason": "missing_price_usd"
    },
    {
      "codigo": "52942",
      "action": "skipped",
      "reason": "missing_price_usd"
    },
    {
      "codigo": "51696",
      "action": "skipped",
      "reason": "missing_price_usd"
    },
    {
      "codigo": "52662",
      "action": "skipped",
      "reason": "missing_price_usd"
    },
    {
      "codigo": "52642",
      "action": "skipped",
      "reason": "missing_price_usd"
    },
    {
      "codigo": "51540",
      "action": "skipped",
      "reason": "missing_price_usd"
    },
    {
      "codigo": "51539",
      "action": "skipped",
      "reason": "missing_price_usd"
    },
    {
      "codigo": "52379",
      "action": "skipped",
      "reason": "missing_price_usd"
    },
    {
      "codigo": "52376",
      "action": "skipped",
      "reason": "missing_price_usd"
    },
    {
      "codigo": "52375",
      "action": "skipped",
      "reason": "missing_price_usd"
    },
    {
      "codigo": "52267",
      "action": "skipped",
      "reason": "missing_price_usd"
    },
    {
      "codigo": "52230",
      "action": "skipped",
      "reason": "missing_price_usd"
    },
    {
      "codigo": "52055",
      "action": "skipped",
      "reason": "missing_price_usd"
    },
    {
      "codigo": "52045",
      "action": "skipped",
      "reason": "missing_price_usd"
    },
    {
      "codigo": "50999",
      "action": "skipped",
      "reason": "missing_price_usd"
    },
    {
      "codigo": "51358",
      "action": "skipped",
      "reason": "missing_price_usd"
    },
    {
      "codigo": "51779",
      "action": "skipped",
      "reason": "missing_price_usd"
    },
    {
      "codigo": "51778",
      "action": "skipped",
      "reason": "missing_price_usd"
    },
    {
      "codigo": "51631",
      "action": "skipped",
      "reason": "missing_price_usd"
    },
    {
      "codigo": "50321",
      "action": "skipped",
      "reason": "missing_price_usd"
    },
    {
      "codigo": "51357",
      "action": "skipped",
      "reason": "missing_price_usd"
    },
    {
      "codigo": "51144",
      "action": "skipped",
      "reason": "missing_price_usd"
    },
    {
      "codigo": "50083",
      "action": "skipped",
      "reason": "missing_price_usd"
    },
    {
      "codigo": "50738",
      "action": "skipped",
      "reason": "missing_price_usd"
    },
    {
      "codigo": "50528",
      "action": "skipped",
      "reason": "missing_price_usd"
    },
    {
      "codigo": "50527",
      "action": "skipped",
      "reason": "missing_price_usd"
    },
    {
      "codigo": "50324",
      "action": "skipped",
      "reason": "missing_price_usd"
    },
    {
      "codigo": "32072",
      "action": "skipped",
      "reason": "missing_price_usd"
    },
    {
      "codigo": "21591",
      "action": "skipped",
      "reason": "missing_price_usd"
    },
    {
      "codigo": "20602",
      "action": "skipped",
      "reason": "missing_price_usd"
    },
    {
      "codigo": "34252",
      "action": "skipped",
      "reason": "missing_price_usd"
    },
    {
      "codigo": "20597",
      "action": "skipped",
      "reason": "missing_price_usd"
    },
    {
      "codigo": "47921",
      "action": "skipped",
      "reason": "missing_price_usd"
    },
    {
      "codigo": "47228",
      "action": "skipped",
      "reason": "missing_price_usd"
    },
    {
      "codigo": "45205",
      "action": "skipped",
      "reason": "missing_price_usd"
    },
    {
      "codigo": "44836",
      "action": "skipped",
      "reason": "missing_price_usd"
    },
    {
      "codigo": "41889",
      "action": "skipped",
      "reason": "missing_price_usd"
    },
    {
      "codigo": "41153",
      "action": "skipped",
      "reason": "missing_price_usd"
    },
    {
      "codigo": "41152",
      "action": "skipped",
      "reason": "missing_price_usd"
    },
    {
      "codigo": "41151",
      "action": "skipped",
      "reason": "missing_price_usd"
    },
    {
      "codigo": "41150",
      "action": "skipped",
      "reason": "missing_price_usd"
    },
    {
      "codigo": "41149",
      "action": "skipped",
      "reason": "missing_price_usd"
    },
    {
      "codigo": "41148",
      "action": "skipped",
      "reason": "missing_price_usd"
    },
    {
      "codigo": "41147",
      "action": "skipped",
      "reason": "missing_price_usd"
    },
    {
      "codigo": "41146",
      "action": "skipped",
      "reason": "missing_price_usd"
    },
    {
      "codigo": "41110",
      "action": "skipped",
      "reason": "missing_price_usd"
    },
    {
      "codigo": "37377",
      "action": "skipped",
      "reason": "missing_price_usd"
    },
    {
      "codigo": "35780",
      "action": "skipped",
      "reason": "missing_price_usd"
    },
    {
      "codigo": "17875",
      "action": "skipped",
      "reason": "missing_price_usd"
    },
    {
      "codigo": "57761",
      "action": "skipped",
      "reason": "missing_price_usd"
    },
    {
      "codigo": "57517",
      "action": "skipped",
      "reason": "missing_price_usd"
    },
    {
      "codigo": "56416",
      "action": "skipped",
      "reason": "missing_price_usd"
    },
    {
      "codigo": "55263",
      "action": "skipped",
      "reason": "missing_price_usd"
    },
    {
      "codigo": "54773",
      "action": "skipped",
      "reason": "missing_price_usd"
    },
    {
      "codigo": "53355",
      "action": "skipped",
      "reason": "missing_price_usd"
    },
    {
      "codigo": "53208",
      "action": "skipped",
      "reason": "missing_price_usd"
    },
    {
      "codigo": "52648",
      "action": "skipped",
      "reason": "missing_price_usd"
    },
    {
      "codigo": "52645",
      "action": "skipped",
      "reason": "missing_price_usd"
    },
    {
      "codigo": "52494",
      "action": "skipped",
      "reason": "missing_price_usd"
    },
    {
      "codigo": "45909",
      "action": "skipped",
      "reason": "missing_price_usd"
    },
    {
      "codigo": "45908",
      "action": "skipped",
      "reason": "missing_price_usd"
    },
    {
      "codigo": "52266",
      "action": "skipped",
      "reason": "missing_price_usd"
    },
    {
      "codigo": "51782",
      "action": "skipped",
      "reason": "missing_price_usd"
    },
    {
      "codigo": "50746",
      "action": "skipped",
      "reason": "missing_price_usd"
    },
    {
      "codigo": "51689",
      "action": "skipped",
      "reason": "missing_price_usd"
    },
    {
      "codigo": "51653",
      "action": "skipped",
      "reason": "missing_price_usd"
    },
    {
      "codigo": "50415",
      "action": "skipped",
      "reason": "missing_price_usd"
    },
    {
      "codigo": "51165",
      "action": "skipped",
      "reason": "missing_price_usd"
    },
    {
      "codigo": "51111",
      "action": "skipped",
      "reason": "missing_price_usd"
    },
    {
      "codigo": "51105",
      "action": "skipped",
      "reason": "missing_price_usd"
    },
    {
      "codigo": "50885",
      "action": "skipped",
      "reason": "missing_price_usd"
    },
    {
      "codigo": "50750",
      "action": "skipped",
      "reason": "missing_price_usd"
    },
    {
      "codigo": "50504",
      "action": "skipped",
      "reason": "missing_price_usd"
    },
    {
      "codigo": "50503",
      "action": "skipped",
      "reason": "missing_price_usd"
    },
    {
      "codigo": "32931",
      "action": "skipped",
      "reason": "missing_price_usd"
    },
    {
      "codigo": "31565",
      "action": "skipped",
      "reason": "missing_price_usd"
    },
    {
      "codigo": "47029",
      "action": "skipped",
      "reason": "missing_price_usd"
    },
    {
      "codigo": "45251",
      "action": "skipped",
      "reason": "missing_price_usd"
    },
    {
      "codigo": "42781",
      "action": "skipped",
      "reason": "missing_price_usd"
    },
    {
      "codigo": "41392",
      "action": "skipped",
      "reason": "missing_price_usd"
    },
    {
      "codigo": "41256",
      "action": "skipped",
      "reason": "missing_price_usd"
    },
    {
      "codigo": "40354",
      "action": "skipped",
      "reason": "missing_price_usd"
    },
    {
      "codigo": "40092",
      "action": "skipped",
      "reason": "missing_price_usd"
    },
    {
      "codigo": "30207",
      "action": "skipped",
      "reason": "missing_price_usd"
    },
    {
      "codigo": "56197",
      "action": "skipped",
      "reason": "missing_price_usd"
    },
    {
      "codigo": "58158",
      "action": "skipped",
      "reason": "missing_price_usd"
    },
    {
      "codigo": "58157",
      "action": "skipped",
      "reason": "missing_price_usd"
    },
    {
      "codigo": "58150",
      "action": "skipped",
      "reason": "missing_price_usd"
    },
    {
      "codigo": "54998",
      "action": "skipped",
      "reason": "missing_price_usd"
    },
    {
      "codigo": "52951",
      "action": "skipped",
      "reason": "missing_price_usd"
    },
    {
      "codigo": "45591",
      "action": "skipped",
      "reason": "missing_price_usd"
    },
    {
      "codigo": "57986",
      "action": "skipped",
      "reason": "missing_price_usd"
    },
    {
      "codigo": "57985",
      "action": "skipped",
      "reason": "missing_price_usd"
    },
    {
      "codigo": "57615",
      "action": "skipped",
      "reason": "missing_price_usd"
    },
    {
      "codigo": "57614",
      "action": "skipped",
      "reason": "missing_price_usd"
    },
    {
      "codigo": "57613",
      "action": "skipped",
      "reason": "missing_price_usd"
    },
    {
      "codigo": "57612",
      "action": "skipped",
      "reason": "missing_price_usd"
    },
    {
      "codigo": "57611",
      "action": "skipped",
      "reason": "missing_price_usd"
    },
    {
      "codigo": "57610",
      "action": "skipped",
      "reason": "missing_price_usd"
    },
    {
      "codigo": "57434",
      "action": "skipped",
      "reason": "missing_price_usd"
    },
    {
      "codigo": "57412",
      "action": "skipped",
      "reason": "missing_price_usd"
    },
    {
      "codigo": "57411",
      "action": "skipped",
      "reason": "missing_price_usd"
    },
    {
      "codigo": "57312",
      "action": "skipped",
      "reason": "missing_price_usd"
    },
    {
      "codigo": "57311",
      "action": "skipped",
      "reason": "missing_price_usd"
    },
    {
      "codigo": "56843",
      "action": "skipped",
      "reason": "missing_price_usd"
    },
    {
      "codigo": "56836",
      "action": "skipped",
      "reason": "missing_price_usd"
    },
    {
      "codigo": "56282",
      "action": "skipped",
      "reason": "missing_price_usd"
    },
    {
      "codigo": "56196",
      "action": "skipped",
      "reason": "missing_price_usd"
    },
    {
      "codigo": "56195",
      "action": "skipped",
      "reason": "missing_price_usd"
    },
    {
      "codigo": "56194",
      "action": "skipped",
      "reason": "missing_price_usd"
    },
    {
      "codigo": "56193",
      "action": "skipped",
      "reason": "missing_price_usd"
    },
    {
      "codigo": "55634",
      "action": "skipped",
      "reason": "missing_price_usd"
    },
    {
      "codigo": "55633",
      "action": "skipped",
      "reason": "missing_price_usd"
    },
    {
      "codigo": "55536",
      "action": "skipped",
      "reason": "missing_price_usd"
    },
    {
      "codigo": "55534",
      "action": "skipped",
      "reason": "missing_price_usd"
    },
    {
      "codigo": "55533",
      "action": "skipped",
      "reason": "missing_price_usd"
    },
    {
      "codigo": "55532",
      "action": "skipped",
      "reason": "missing_price_usd"
    },
    {
      "codigo": "55531",
      "action": "skipped",
      "reason": "missing_price_usd"
    },
    {
      "codigo": "55529",
      "action": "skipped",
      "reason": "missing_price_usd"
    },
    {
      "codigo": "55528",
      "action": "skipped",
      "reason": "missing_price_usd"
    },
    {
      "codigo": "55076",
      "action": "skipped",
      "reason": "missing_price_usd"
    },
    {
      "codigo": "55074",
      "action": "skipped",
      "reason": "missing_price_usd"
    },
    {
      "codigo": "55073",
      "action": "skipped",
      "reason": "missing_price_usd"
    },
    {
      "codigo": "55072",
      "action": "skipped",
      "reason": "missing_price_usd"
    },
    {
      "codigo": "55071",
      "action": "skipped",
      "reason": "missing_price_usd"
    },
    {
      "codigo": "55070",
      "action": "skipped",
      "reason": "missing_price_usd"
    },
    {
      "codigo": "55069",
      "action": "skipped",
      "reason": "missing_price_usd"
    },
    {
      "codigo": "55068",
      "action": "skipped",
      "reason": "missing_price_usd"
    },
    {
      "codigo": "55067",
      "action": "skipped",
      "reason": "missing_price_usd"
    },
    {
      "codigo": "55066",
      "action": "skipped",
      "reason": "missing_price_usd"
    },
    {
      "codigo": "55065",
      "action": "skipped",
      "reason": "missing_price_usd"
    },
    {
      "codigo": "55064",
      "action": "skipped",
      "reason": "missing_price_usd"
    },
    {
      "codigo": "55000",
      "action": "skipped",
      "reason": "missing_price_usd"
    },
    {
      "codigo": "54999",
      "action": "skipped",
      "reason": "missing_price_usd"
    },
    {
      "codigo": "54944",
      "action": "skipped",
      "reason": "missing_price_usd"
    },
    {
      "codigo": "54596",
      "action": "skipped",
      "reason": "missing_price_usd"
    },
    {
      "codigo": "52983",
      "action": "skipped",
      "reason": "missing_price_usd"
    },
    {
      "codigo": "52975",
      "action": "skipped",
      "reason": "missing_price_usd"
    },
    {
      "codigo": "52964",
      "action": "skipped",
      "reason": "missing_price_usd"
    },
    {
      "codigo": "53771",
      "action": "skipped",
      "reason": "missing_price_usd"
    },
    {
      "codigo": "53770",
      "action": "skipped",
      "reason": "missing_price_usd"
    },
    {
      "codigo": "53106",
      "action": "skipped",
      "reason": "missing_price_usd"
    },
    {
      "codigo": "53103",
      "action": "skipped",
      "reason": "missing_price_usd"
    },
    {
      "codigo": "52988",
      "action": "skipped",
      "reason": "missing_price_usd"
    },
    {
      "codigo": "52985",
      "action": "skipped",
      "reason": "missing_price_usd"
    },
    {
      "codigo": "52982",
      "action": "skipped",
      "reason": "missing_price_usd"
    },
    {
      "codigo": "52977",
      "action": "skipped",
      "reason": "missing_price_usd"
    },
    {
      "codigo": "52972",
      "action": "skipped",
      "reason": "missing_price_usd"
    },
    {
      "codigo": "52970",
      "action": "skipped",
      "reason": "missing_price_usd"
    },
    {
      "codigo": "52969",
      "action": "skipped",
      "reason": "missing_price_usd"
    },
    {
      "codigo": "52967",
      "action": "skipped",
      "reason": "missing_price_usd"
    },
    {
      "codigo": "52966",
      "action": "skipped",
      "reason": "missing_price_usd"
    },
    {
      "codigo": "52952",
      "action": "skipped",
      "reason": "missing_price_usd"
    },
    {
      "codigo": "52949",
      "action": "skipped",
      "reason": "missing_price_usd"
    },
    {
      "codigo": "52690",
      "action": "skipped",
      "reason": "missing_price_usd"
    },
    {
      "codigo": "51425",
      "action": "skipped",
      "reason": "missing_price_usd"
    },
    {
      "codigo": "51423",
      "action": "skipped",
      "reason": "missing_price_usd"
    },
    {
      "codigo": "50431",
      "action": "skipped",
      "reason": "missing_price_usd"
    },
    {
      "codigo": "50152",
      "action": "skipped",
      "reason": "missing_price_usd"
    },
    {
      "codigo": "50964",
      "action": "skipped",
      "reason": "missing_price_usd"
    },
    {
      "codigo": "49422",
      "action": "skipped",
      "reason": "missing_price_usd"
    },
    {
      "codigo": "50436",
      "action": "skipped",
      "reason": "missing_price_usd"
    },
    {
      "codigo": "50435",
      "action": "skipped",
      "reason": "missing_price_usd"
    },
    {
      "codigo": "50156",
      "action": "skipped",
      "reason": "missing_price_usd"
    },
    {
      "codigo": "50145",
      "action": "skipped",
      "reason": "missing_price_usd"
    },
    {
      "codigo": "50136",
      "action": "skipped",
      "reason": "missing_price_usd"
    },
    {
      "codigo": "50048",
      "action": "skipped",
      "reason": "missing_price_usd"
    },
    {
      "codigo": "49802",
      "action": "skipped",
      "reason": "missing_price_usd"
    },
    {
      "codigo": "49004",
      "action": "skipped",
      "reason": "missing_price_usd"
    },
    {
      "codigo": "24930",
      "action": "skipped",
      "reason": "missing_price_usd"
    },
    {
      "codigo": "49017",
      "action": "skipped",
      "reason": "missing_price_usd"
    },
    {
      "codigo": "49001",
      "action": "skipped",
      "reason": "missing_price_usd"
    },
    {
      "codigo": "48996",
      "action": "skipped",
      "reason": "missing_price_usd"
    },
    {
      "codigo": "48901",
      "action": "skipped",
      "reason": "missing_price_usd"
    },
    {
      "codigo": "48763",
      "action": "skipped",
      "reason": "missing_price_usd"
    },
    {
      "codigo": "47492",
      "action": "skipped",
      "reason": "missing_price_usd"
    },
    {
      "codigo": "47490",
      "action": "skipped",
      "reason": "missing_price_usd"
    },
    {
      "codigo": "47489",
      "action": "skipped",
      "reason": "missing_price_usd"
    },
    {
      "codigo": "47487",
      "action": "skipped",
      "reason": "missing_price_usd"
    },
    {
      "codigo": "47450",
      "action": "skipped",
      "reason": "missing_price_usd"
    },
    {
      "codigo": "47383",
      "action": "skipped",
      "reason": "missing_price_usd"
    },
    {
      "codigo": "47371",
      "action": "skipped",
      "reason": "missing_price_usd"
    },
    {
      "codigo": "47370",
      "action": "skipped",
      "reason": "missing_price_usd"
    },
    {
      "codigo": "47365",
      "action": "skipped",
      "reason": "missing_price_usd"
    },
    {
      "codigo": "46081",
      "action": "skipped",
      "reason": "missing_price_usd"
    },
    {
      "codigo": "47295",
      "action": "skipped",
      "reason": "missing_price_usd"
    },
    {
      "codigo": "47293",
      "action": "skipped",
      "reason": "missing_price_usd"
    },
    {
      "codigo": "46542",
      "action": "skipped",
      "reason": "missing_price_usd"
    },
    {
      "codigo": "45218",
      "action": "skipped",
      "reason": "missing_price_usd"
    },
    {
      "codigo": "45217",
      "action": "skipped",
      "reason": "missing_price_usd"
    },
    {
      "codigo": "44312",
      "action": "skipped",
      "reason": "missing_price_usd"
    },
    {
      "codigo": "44758",
      "action": "skipped",
      "reason": "missing_price_usd"
    },
    {
      "codigo": "44757",
      "action": "skipped",
      "reason": "missing_price_usd"
    },
    {
      "codigo": "44746",
      "action": "skipped",
      "reason": "missing_price_usd"
    },
    {
      "codigo": "44408",
      "action": "skipped",
      "reason": "missing_price_usd"
    },
    {
      "codigo": "44333",
      "action": "skipped",
      "reason": "missing_price_usd"
    },
    {
      "codigo": "44332",
      "action": "skipped",
      "reason": "missing_price_usd"
    },
    {
      "codigo": "44331",
      "action": "skipped",
      "reason": "missing_price_usd"
    },
    {
      "codigo": "44324",
      "action": "skipped",
      "reason": "missing_price_usd"
    },
    {
      "codigo": "44311",
      "action": "skipped",
      "reason": "missing_price_usd"
    },
    {
      "codigo": "44307",
      "action": "skipped",
      "reason": "missing_price_usd"
    },
    {
      "codigo": "42245",
      "action": "skipped",
      "reason": "missing_price_usd"
    },
    {
      "codigo": "42243",
      "action": "skipped",
      "reason": "missing_price_usd"
    },
    {
      "codigo": "41921",
      "action": "skipped",
      "reason": "missing_price_usd"
    },
    {
      "codigo": "41901",
      "action": "skipped",
      "reason": "missing_price_usd"
    },
    {
      "codigo": "41197",
      "action": "skipped",
      "reason": "missing_price_usd"
    },
    {
      "codigo": "38032",
      "action": "skipped",
      "reason": "missing_price_usd"
    },
    {
      "codigo": "36930",
      "action": "skipped",
      "reason": "missing_price_usd"
    },
    {
      "codigo": "36162",
      "action": "skipped",
      "reason": "missing_price_usd"
    },
    {
      "codigo": "36153",
      "action": "skipped",
      "reason": "missing_price_usd"
    },
    {
      "codigo": "36151",
      "action": "skipped",
      "reason": "missing_price_usd"
    },
    {
      "codigo": "31125",
      "action": "skipped",
      "reason": "missing_price_usd"
    },
    {
      "codigo": "35387",
      "action": "skipped",
      "reason": "missing_price_usd"
    },
    {
      "codigo": "35201",
      "action": "skipped",
      "reason": "missing_price_usd"
    },
    {
      "codigo": "35199",
      "action": "skipped",
      "reason": "missing_price_usd"
    },
    {
      "codigo": "35194",
      "action": "skipped",
      "reason": "missing_price_usd"
    },
    {
      "codigo": "35193",
      "action": "skipped",
      "reason": "missing_price_usd"
    },
    {
      "codigo": "35191",
      "action": "skipped",
      "reason": "missing_price_usd"
    },
    {
      "codigo": "35190",
      "action": "skipped",
      "reason": "missing_price_usd"
    },
    {
      "codigo": "7963",
      "action": "skipped",
      "reason": "missing_price_usd"
    },
    {
      "codigo": "33913",
      "action": "skipped",
      "reason": "missing_price_usd"
    },
    {
      "codigo": "33878",
      "action": "skipped",
      "reason": "missing_price_usd"
    },
    {
      "codigo": "33877",
      "action": "skipped",
      "reason": "missing_price_usd"
    },
    {
      "codigo": "33867",
      "action": "skipped",
      "reason": "missing_price_usd"
    },
    {
      "codigo": "33861",
      "action": "skipped",
      "reason": "missing_price_usd"
    },
    {
      "codigo": "33860",
      "action": "skipped",
      "reason": "missing_price_usd"
    },
    {
      "codigo": "33571",
      "action": "skipped",
      "reason": "missing_price_usd"
    },
    {
      "codigo": "3072",
      "action": "skipped",
      "reason": "missing_price_usd"
    },
    {
      "codigo": "30145",
      "action": "skipped",
      "reason": "missing_price_usd"
    },
    {
      "codigo": "28455",
      "action": "skipped",
      "reason": "missing_price_usd"
    },
    {
      "codigo": "28357",
      "action": "skipped",
      "reason": "missing_price_usd"
    },
    {
      "codigo": "26189",
      "action": "skipped",
      "reason": "missing_price_usd"
    },
    {
      "codigo": "25621",
      "action": "skipped",
      "reason": "missing_price_usd"
    },
    {
      "codigo": "23018",
      "action": "skipped",
      "reason": "missing_price_usd"
    },
    {
      "codigo": "22149",
      "action": "skipped",
      "reason": "missing_price_usd"
    },
    {
      "codigo": "22073",
      "action": "skipped",
      "reason": "missing_price_usd"
    },
    {
      "codigo": "21174",
      "action": "skipped",
      "reason": "missing_price_usd"
    },
    {
      "codigo": "21173",
      "action": "skipped",
      "reason": "missing_price_usd"
    },
    {
      "codigo": "21051",
      "action": "skipped",
      "reason": "missing_price_usd"
    },
    {
      "codigo": "20303",
      "action": "skipped",
      "reason": "missing_price_usd"
    },
    {
      "codigo": "17955",
      "action": "skipped",
      "reason": "missing_price_usd"
    },
    {
      "codigo": "11615",
      "action": "skipped",
      "reason": "missing_price_usd"
    },
    {
      "codigo": "11614",
      "action": "skipped",
      "reason": "missing_price_usd"
    },
    {
      "codigo": "11215",
      "action": "skipped",
      "reason": "missing_price_usd"
    },
    {
      "codigo": "11214",
      "action": "skipped",
      "reason": "missing_price_usd"
    },
    {
      "codigo": "10742",
      "action": "skipped",
      "reason": "missing_price_usd"
    },
    {
      "codigo": "10290",
      "action": "skipped",
      "reason": "missing_price_usd"
    },
    {
      "codigo": "42826",
      "action": "updated",
      "productId": "69f2ed7a6860740b8bee576f"
    },
    {
      "codigo": "43049",
      "action": "updated",
      "productId": "69f2ed776860740b8bee56d7"
    },
    {
      "codigo": "43890",
      "action": "updated",
      "productId": "69f2ed6e6860740b8bee533f"
    },
    {
      "codigo": "42824",
      "action": "updated",
      "productId": "69f2ed3d6860740b8bee4364"
    },
    {
      "codigo": "43046",
      "action": "updated",
      "productId": "69f2ed796860740b8bee570a"
    },
    {
      "codigo": "41765",
      "action": "created",
      "productId": "69f93600d218db73c240fb1b"
    },
    {
      "codigo": "42500",
      "action": "updated",
      "productId": "69f2ed746860740b8bee561f"
    },
    {
      "codigo": "41606",
      "action": "updated",
      "productId": "69f2ed896860740b8bee5d7d"
    },
    {
      "codigo": "41102",
      "action": "updated",
      "productId": "69f2ed826860740b8bee5a17"
    }
  ],
  "mirrorSummary": {
    "durationMs": 2079233,
    "productsCreated": 5,
    "productsUpdated": 483,
    "productsSkipped": 3734,
    "productsErrors": 0,
    "imageImportFailures": 0,
    "skippedByReason": {
      "missing_price_usd": 3734
    },
    "pruneReport": {
      "deactivatedCategories": 0,
      "deactivatedSubcategories": 0,
      "trimmedSpecDefinitions": 0,
      "skipped": false
    },
    "exportFrontendReport": {
      "ok": true,
      "path": "/Users/josiasnicolas02gmail.com/Documents/Zennelectronica/frontend/src/helpers/productCategory.js",
      "count": 12
    }
  }
}
[run-sync] Fin 2026-05-05T00:12:52.317Z
