[run-sync] Inicio 2026-04-30T15:26:51.470Z
[Visão mirror] Iniciando scrape espejo (puede tardar mucho)...
[Visão mirror] Filas de menú / listados: 15
[Visão mirror][LISTING] https://www.visaovip.com/es/busca/categoria/apple/19/ -> 87 URLs
[Visão mirror][LISTING] https://www.visaovip.com/es/busca/categoria/notebook-y-computadoras/20/ -> 227 URLs
[Visão mirror][LISTING] https://www.visaovip.com/es/busca/categoria/almacenamiento/21/ -> 689 URLs
[Visão mirror][LISTING] https://www.visaovip.com/es/busca/categoria/placas-madres/22/ -> 283 URLs
[Visão mirror][LISTING] https://www.visaovip.com/es/busca/categoria/tarjetas-graficas/23/ -> 141 URLs
[Visão mirror][LISTING] https://www.visaovip.com/es/busca/categoria/procesadores/24/ -> 136 URLs
[Visão mirror][LISTING] https://www.visaovip.com/es/busca/categoria/cooler/25/ -> 92 URLs
[Visão mirror][LISTING] https://www.visaovip.com/es/busca/categoria/fuente-de-alimentacion/26/ -> 73 URLs
[Visão mirror][LISTING] https://www.visaovip.com/es/busca/categoria/monitores/27/ -> 90 URLs
[Visão mirror][LISTING] https://www.visaovip.com/es/busca/categoria/gabinetes/28/ -> 98 URLs
[Visão mirror][LISTING] https://www.visaovip.com/es/busca/categoria/impresoras-y-suministros/29/ -> 161 URLs
[Visão mirror][LISTING] https://www.visaovip.com/es/busca/categoria/perifericos/30/ -> 902 URLs
[Visão mirror][LISTING] https://www.visaovip.com/es/busca/categoria/red-y-internet/31/ -> 289 URLs
[Visão mirror][LISTING] https://www.visaovip.com/es/busca/categoria/celulares-y-tablets/32/ -> 243 URLs
[Visão mirror][LISTING] https://www.visaovip.com/es/busca/categoria/electronicos/33/ -> 1014 URLs
[Visão mirror] URLs únicas de producto (PDP): 4525
[INICIO] Categorías únicas en menú: 15. Filas menú (sub-rutas listado): 15. Productos PDP a procesar: 4525.
[Visão mirror] Scrape terminó: 4525 PDP, 15 filas menú.
[Visão mirror] Prep árbol categorías: { categoriesTouched: 0, uniqueCategories: 15 }
[ESTRUCTURA] Añadida nueva especificación: 06 → subcategoría Apple
[ESTRUCTURA] Añadida nueva especificación: MARCA → subcategoría Apple
[ESTRUCTURA] Añadida nueva especificación: MODELO → subcategoría Apple
[ESTRUCTURA] Añadida nueva especificación: REFERENCIA → subcategoría Apple
[ESTRUCTURA] Añadida nueva especificación: COLOR → subcategoría Apple
[ESTRUCTURA] Añadida nueva especificación: PANTALLA → subcategoría Apple
[ESTRUCTURA] Añadida nueva especificación: PROCESADOR → subcategoría Apple
[ESTRUCTURA] Añadida nueva especificación: GPU → subcategoría Apple
[ESTRUCTURA] Añadida nueva especificación: ALMACENAMIENTO → subcategoría Apple
[ESTRUCTURA] Añadida nueva especificación: CÁMARA PRINCIPAL → subcategoría Apple
[ESTRUCTURA] Añadida nueva especificación: CÁMARA FRONTAL → subcategoría Apple
[ESTRUCTURA] Añadida nueva especificación: RESISTENCIA → subcategoría Apple
[ESTRUCTURA] Añadida nueva especificación: BATERÍA → subcategoría Apple
[ESTRUCTURA] Añadida nueva especificación: SENSOR → subcategoría Apple
[ESTRUCTURA] Añadida nueva especificación: NFC → subcategoría Apple
[ESTRUCTURA] Añadida nueva especificación: TARJETA SIM → subcategoría Apple
[ESTRUCTURA] Añadida nueva especificación: FRECUENCIA → subcategoría Apple
[ESTRUCTURA] Añadida nueva especificación: SISTEMA OPERATIVO → subcategoría Apple
[ESTRUCTURA] Añadida nueva especificación: CONECTIVIDAD WIRELESS → subcategoría Apple
[ESTRUCTURA] Añadida nueva especificación: ENTRADAS / SALIDAS → subcategoría Apple
[ESTRUCTURA] Añadida nueva especificación: INCLUI → subcategoría Apple
[ESTRUCTURA] Añadida nueva especificación: DIMENSIONES DE EMBALAJE → subcategoría Apple
[ESTRUCTURA] Añadida nueva especificación: PESO BRUTO → subcategoría Apple
[PROGRESO] Procesado producto 1 de 4525...
[ESTRUCTURA] Añadida nueva especificación: CHIP → subcategoría Apple
[ESTRUCTURA] Añadida nueva especificación: CÁMERA PRINCIPAL → subcategoría Apple
[ESTRUCTURA] Añadida nueva especificación: GRABACIÓN DE VÍDEO → subcategoría Apple
[ESTRUCTURA] Añadida nueva especificación: SENSORES → subcategoría Apple
[ESTRUCTURA] Añadida nueva especificación: UBICACIÓN → subcategoría Apple
[ESTRUCTURA] Añadida nueva especificación: REPRODUCCIÓN DE AUDIO → subcategoría Apple
[ESTRUCTURA] Añadida nueva especificación: REPRODUCCIÓN DE VÍDEO → subcategoría Apple
[ESTRUCTURA] Añadida nueva especificación: SISTEMA OPERACIONAL → subcategoría Apple
[ESTRUCTURA] Añadida nueva especificación: CONEXIONES INALÁMBRICAS → subcategoría Apple
[ESTRUCTURA] Añadida nueva especificación: RECARGA Y CONEXIONES → subcategoría Apple
[ESTRUCTURA] Añadida nueva especificación: REQUISITOS AMBIENTALES → subcategoría Apple
[ESTRUCTURA] Añadida nueva especificación: CARACTERÍSTICAS → subcategoría Apple
[ESTRUCTURA] Añadida nueva especificación: CONTENIDO DE LA CAJA → subcategoría Apple
[ESTRUCTURA] Añadida nueva especificación: DIMENSIONES DEL EMBALAJE → subcategoría Apple
[ESTRUCTURA] Añadida nueva especificación: TAMAÑO DE LA PANTALLA → subcategoría Apple
[ESTRUCTURA] Añadida nueva especificación: MEMORIA RAM → subcategoría Apple
[ESTRUCTURA] Añadida nueva especificación: TIPO DE ALMACENAMIENTO → subcategoría Apple
[ESTRUCTURA] Añadida nueva especificación: TECLADO Y TRACKPAD → subcategoría Apple
[ESTRUCTURA] Añadida nueva especificación: CÁMARA → subcategoría Apple
[ESTRUCTURA] Añadida nueva especificación: AUDIO → subcategoría Apple
[ESTRUCTURA] Añadida nueva especificación: TECNOLOGÍA → subcategoría Apple
[ESTRUCTURA] Añadida nueva especificación: TIPO → subcategoría Apple
[ESTRUCTURA] Añadida nueva especificación: MICRÓFONO → subcategoría Apple
[ESTRUCTURA] Añadida nueva especificación: COMPATIBILIDAD → subcategoría Apple
[ESTRUCTURA] Añadida nueva especificación: CONEXIÓN → subcategoría Apple
[ESTRUCTURA] Añadida nueva especificación: CONTROL → subcategoría Apple
[ESTRUCTURA] Añadida nueva especificación: INTERFAZ → subcategoría Apple
[ESTRUCTURA] Añadida nueva especificación: INCLUYE → subcategoría Apple
[ESTRUCTURA] Añadida nueva especificación: PESO → subcategoría Apple
[ESTRUCTURA] Añadida nueva especificación: CAPACIDAD → subcategoría Apple
[ESTRUCTURA] Añadida nueva especificación: RECURSO DE SEGURIDAD → subcategoría Apple
[ESTRUCTURA] Añadida nueva especificación: RED CELULAR → subcategoría Apple
[ESTRUCTURA] Añadida nueva especificación: CONEXIONES → subcategoría Apple
[ESTRUCTURA] Añadida nueva especificación: SIM CARD → subcategoría Apple
[ESTRUCTURA] Añadida nueva especificación: ACESSIBILIDAD → subcategoría Apple
[ESTRUCTURA] Añadida nueva especificación: SIRI → subcategoría Apple
[ESTRUCTURA] Añadida nueva especificación: FACE ID → subcategoría Apple
[ESTRUCTURA] Añadida nueva especificación: LOCALIZACIÓN → subcategoría Apple
[ESTRUCTURA] Añadida nueva especificación: LLAMADA DE AUDIO → subcategoría Apple
[ESTRUCTURA] Añadida nueva especificación: CONDICIÓN DE LA BATERÍA → subcategoría Apple
[ESTRUCTURA] Añadida nueva especificación: SALUD Y BIENESTAR → subcategoría Apple
[ESTRUCTURA] Añadida nueva especificación: FUNCIÓN DEPORTIVA → subcategoría Apple
[ESTRUCTURA] Añadida nueva especificación: SEGURIDAD → subcategoría Apple
[ESTRUCTURA] Añadida nueva especificación: CASE SIZE → subcategoría Apple
[ESTRUCTURA] Añadida nueva especificación: PULSERA → subcategoría Apple
[ESTRUCTURA] Añadida nueva especificación: VIGILANCIA DE LA SALUD → subcategoría Apple
[ESTRUCTURA] Añadida nueva especificación: MEMORIA ROM → subcategoría Apple
[ESTRUCTURA] Añadida nueva especificación: TAMAÑO DE PANTALLA → subcategoría Apple
[ESTRUCTURA] Añadida nueva especificación: WEBCAM → subcategoría Apple
[ESTRUCTURA] Añadida nueva especificación: TECLADO → subcategoría Apple
[PROGRESO] Procesado producto 50 de 4525...
[ESTRUCTURA] Añadida nueva especificación: LONGITUD → subcategoría Apple
[ESTRUCTURA] Añadida nueva especificación: POTENCIA → subcategoría Apple
[ESTRUCTURA] Añadida nueva especificación: IDIOMA DEL TECLADO → subcategoría Apple
[ESTRUCTURA] Añadida nueva especificación: POSEE → subcategoría Apple
[ESTRUCTURA] Añadida nueva especificación: TECLAS DE MULTIMEDIA → subcategoría Apple
[ESTRUCTURA] Añadida nueva especificación: PROCESADOR DE MINI PC → subcategoría Apple
[ESTRUCTURA] Añadida nueva especificación: GRÁFICOS → subcategoría Apple
[ESTRUCTURA] Añadida nueva especificación: MEMORIA → subcategoría Apple
[ESTRUCTURA] Añadida nueva especificación: MARCA → subcategoría Notebook y Computadoras
[ESTRUCTURA] Añadida nueva especificación: MODELO → subcategoría Notebook y Computadoras
[ESTRUCTURA] Añadida nueva especificación: COLOR → subcategoría Notebook y Computadoras
[ESTRUCTURA] Añadida nueva especificación: PROCESADOR DE MINI PC → subcategoría Notebook y Computadoras
[ESTRUCTURA] Añadida nueva especificación: GRÁFICOS → subcategoría Notebook y Computadoras
[ESTRUCTURA] Añadida nueva especificación: MEMORIA → subcategoría Notebook y Computadoras
[ESTRUCTURA] Añadida nueva especificación: ALMACENAMIENTO → subcategoría Notebook y Computadoras
[ESTRUCTURA] Añadida nueva especificación: SISTEMA OPERATIVO → subcategoría Notebook y Computadoras
[ESTRUCTURA] Añadida nueva especificación: LAN → subcategoría Notebook y Computadoras
[ESTRUCTURA] Añadida nueva especificación: SLOTS DE EXPANSION → subcategoría Notebook y Computadoras
[ESTRUCTURA] Añadida nueva especificación: CONEXIÓN A INTERNET → subcategoría Notebook y Computadoras
[ESTRUCTURA] Añadida nueva especificación: CONECTIVIDAD WIRELESS → subcategoría Notebook y Computadoras
[ESTRUCTURA] Añadida nueva especificación: INTERFAZ → subcategoría Notebook y Computadoras
[ESTRUCTURA] Añadida nueva especificación: INCLUI → subcategoría Notebook y Computadoras
[ESTRUCTURA] Añadida nueva especificación: DIMENSIONES DEL EMBALAJE → subcategoría Notebook y Computadoras
[ESTRUCTURA] Añadida nueva especificación: PESO BRUTO → subcategoría Notebook y Computadoras
[ESTRUCTURA] Añadida nueva especificación: AUDIO → subcategoría Notebook y Computadoras
[ESTRUCTURA] Añadida nueva especificación: 06 → subcategoría Notebook y Computadoras
[ESTRUCTURA] Añadida nueva especificación: PROCESADOR → subcategoría Notebook y Computadoras
[ESTRUCTURA] Añadida nueva especificación: TIPO DE PROCESADOR → subcategoría Notebook y Computadoras
[ESTRUCTURA] Añadida nueva especificación: ALMACENAMIENTO NB → subcategoría Notebook y Computadoras
[ESTRUCTURA] Añadida nueva especificación: TIPO DE ALMACENAMIENTO → subcategoría Notebook y Computadoras
[ESTRUCTURA] Añadida nueva especificación: MEMORIA RAM → subcategoría Notebook y Computadoras
[ESTRUCTURA] Añadida nueva especificación: TIPO DE MEMORIA NB → subcategoría Notebook y Computadoras
[ESTRUCTURA] Añadida nueva especificación: PANTALLA → subcategoría Notebook y Computadoras
[ESTRUCTURA] Añadida nueva especificación: TAMAÑO DE PANTALLA → subcategoría Notebook y Computadoras
[ESTRUCTURA] Añadida nueva especificación: WEBCAM → subcategoría Notebook y Computadoras
[ESTRUCTURA] Añadida nueva especificación: TECLADO → subcategoría Notebook y Computadoras
[ESTRUCTURA] Añadida nueva especificación: MICRÓFONO → subcategoría Notebook y Computadoras
[ESTRUCTURA] Añadida nueva especificación: BATERÍA → subcategoría Notebook y Computadoras
[ESTRUCTURA] Añadida nueva especificación: ENTRADAS / SALIDAS → subcategoría Notebook y Computadoras
[ESTRUCTURA] Añadida nueva especificación: FUENTE DE ALIMENTACIÓN → subcategoría Notebook y Computadoras
[ESTRUCTURA] Añadida nueva especificación: CARACTERISTICAS → subcategoría Notebook y Computadoras
[ESTRUCTURA] Añadida nueva especificación: PESO → subcategoría Notebook y Computadoras
[ESTRUCTURA] Añadida nueva especificación: DIMENSIONES DE EMBALAJE → subcategoría Notebook y Computadoras
[ESTRUCTURA] Añadida nueva especificación: REFERENCIA → subcategoría Notebook y Computadoras
[ESTRUCTURA] Añadida nueva especificación: RANURA DE EXPANSIÓN → subcategoría Notebook y Computadoras
[ESTRUCTURA] Añadida nueva especificación: GPU → subcategoría Notebook y Computadoras
[PROGRESO] Procesado producto 100 de 4525...
[ESTRUCTURA] Añadida nueva especificación: NPU → subcategoría Notebook y Computadoras
[ESTRUCTURA] Añadida nueva especificación: MEMORIA DE PC → subcategoría Notebook y Computadoras
[ESTRUCTURA] Añadida nueva especificación: GRÁFICOS DEL PROCESADOR → subcategoría Notebook y Computadoras
[ESTRUCTURA] Añadida nueva especificación: SOCKET → subcategoría Notebook y Computadoras
[ESTRUCTURA] Añadida nueva especificación: CARACTERÍSTICAS DEL MONITOR → subcategoría Notebook y Computadoras
[ESTRUCTURA] Añadida nueva especificación: MEMORIA INTERNA → subcategoría Notebook y Computadoras
[ESTRUCTURA] Añadida nueva especificación: CHIPSET → subcategoría Notebook y Computadoras
[ESTRUCTURA] Añadida nueva especificación: CONECTORES DEL PANEL TRASERO → subcategoría Notebook y Computadoras
[ESTRUCTURA] Añadida nueva especificación: PUERTOS DE E/S → subcategoría Notebook y Computadoras
[PROGRESO] Procesado producto 150 de 4525...
[ESTRUCTURA] Añadida nueva especificación: COMPATIBILIDAD → subcategoría Notebook y Computadoras
[PRUNA] Alineando taxonomía y filtros locales con el último scrape Visão…
[PRUNA] Resultado: {
  deactivatedCategories: 0,
  deactivatedSubcategories: 0,
  trimmedSpecDefinitions: 0,
  skipped: false
}
[HEADER] Regenerando frontend/src/helpers/productCategory.js desde Mongo…
[HEADER] OK (15 categorías activas → /Users/josiasnicolas02gmail.com/Documents/Zennelectronica/frontend/src/helpers/productCategory.js)
[RESUMEN] creados=163 actualizados=5 omitidos=4357 errores=0 imágenes_fallidas=0 tiempo_ms=1336921
[run-sync] Reporte mirror: {
  "mirror": true,
  "resetCatalog": false,
  "mirrorPrune": true,
  "exportFrontendProductCategoryJs": true,
  "exchangeRate": 7300,
  "menuRowCount": 15,
  "uniqueMenuCategories": 15,
  "productUrlsCount": 4525,
  "productsAttempted": 4525,
  "categoryBootstrap": {
    "categoriesTouched": 0,
    "uniqueCategories": 15
  },
  "scrapedCodigosPersistidos": [
    "54337",
    "54262",
    "54894",
    "54329",
    "54465",
    "54274",
    "57284",
    "54251",
    "57351",
    "57454",
    "57285",
    "57406",
    "57408",
    "58083",
    "54338",
    "50322",
    "57336",
    "57256",
    "54335",
    "57407",
    "57409",
    "54344",
    "54546",
    "54260",
    "48396",
    "57995",
    "57987",
    "51282",
    "57989",
    "57988",
    "58000",
    "57994",
    "54336",
    "57997",
    "57998",
    "57990",
    "57991",
    "57992",
    "57996",
    "57999",
    "54284",
    "54682",
    "54429",
    "54687",
    "57323",
    "55312",
    "46972",
    "57324",
    "51281",
    "51278",
    "43093",
    "50472",
    "51280",
    "51988",
    "51040",
    "48186",
    "55106",
    "57564",
    "48659",
    "57556",
    "57469",
    "57203",
    "57818",
    "57703",
    "57209",
    "57208",
    "55719",
    "57206",
    "49071",
    "55768",
    "55440",
    "47782",
    "54680",
    "52319",
    "52740",
    "38034",
    "46749",
    "46656",
    "32654",
    "32109",
    "39848",
    "38108",
    "58124",
    "58090",
    "58102",
    "58105",
    "58110",
    "58107",
    "37396",
    "34010",
    "58106",
    "33892",
    "58069",
    "55668",
    "34213",
    "57715",
    "54786",
    "57553",
    "58065",
    "58066",
    "55862",
    "57894",
    "55872",
    "55114",
    "52478",
    "53734",
    "52087",
    "52368",
    "57969",
    "58022",
    "57812",
    "58024",
    "56997",
    "55976",
    "54288",
    "55426",
    "55778",
    "55134",
    "54549",
    "57455",
    "55291",
    "53833",
    "49372",
    "52366",
    "55287",
    "49060",
    "52805",
    "54861",
    "56264",
    "58026",
    "58029",
    "55135",
    "58025",
    "55391",
    "57786",
    "57949",
    "58033",
    "55855",
    "51965",
    "55874",
    "46801",
    "55260",
    "54051",
    "55436",
    "53704",
    "52635",
    "55782",
    "53152",
    "55353",
    "57555",
    "55548",
    "57429",
    "56259",
    "55873",
    "56672",
    "54147",
    "57810",
    "47949",
    "56741",
    "55295",
    "57896",
    "54922",
    "55423",
    "57893",
    "57892",
    "57874",
    "57876",
    "57875"
  ],
  "cleanupMissingStock": false,
  "stockCleanupCount": 0,
  "persistResults": [
    {
      "codigo": "54337",
      "action": "created",
      "productId": "69f379467cdf7fb086a3f209"
    },
    {
      "codigo": "54262",
      "action": "created",
      "productId": "69f379467cdf7fb086a3f20d"
    },
    {
      "codigo": "54894",
      "action": "updated",
      "productId": "69f327726078808f7c01a64e"
    },
    {
      "codigo": "54329",
      "action": "created",
      "productId": "69f379477cdf7fb086a3f254"
    },
    {
      "codigo": "54465",
      "action": "created",
      "productId": "69f379477cdf7fb086a3f2b6"
    },
    {
      "codigo": "54274",
      "action": "created",
      "productId": "69f379487cdf7fb086a3f2e9"
    },
    {
      "codigo": "57284",
      "action": "created",
      "productId": "69f3794d7cdf7fb086a3f31d"
    },
    {
      "codigo": "54251",
      "action": "created",
      "productId": "69f3794d7cdf7fb086a3f322"
    },
    {
      "codigo": "57351",
      "action": "updated",
      "productId": "69f327706078808f7c01a642"
    },
    {
      "codigo": "57454",
      "action": "updated",
      "productId": "69f327716078808f7c01a648"
    },
    {
      "codigo": "57285",
      "action": "created",
      "productId": "69f3794d7cdf7fb086a3f3fc"
    },
    {
      "codigo": "57406",
      "action": "created",
      "productId": "69f3794d7cdf7fb086a3f440"
    },
    {
      "codigo": "57408",
      "action": "created",
      "productId": "69f379527cdf7fb086a3f484"
    },
    {
      "codigo": "58083",
      "action": "created",
      "productId": "69f379537cdf7fb086a3f4c8"
    },
    {
      "codigo": "54338",
      "action": "created",
      "productId": "69f379537cdf7fb086a3f50e"
    },
    {
      "codigo": "50322",
      "action": "created",
      "productId": "69f379537cdf7fb086a3f511"
    },
    {
      "codigo": "57336",
      "action": "created",
      "productId": "69f379537cdf7fb086a3f554"
    },
    {
      "codigo": "57256",
      "action": "created",
      "productId": "69f379537cdf7fb086a3f5d9"
    },
    {
      "codigo": "54335",
      "action": "created",
      "productId": "69f379597cdf7fb086a3f61f"
    },
    {
      "codigo": "57407",
      "action": "created",
      "productId": "69f379597cdf7fb086a3f623"
    },
    {
      "codigo": "57409",
      "action": "created",
      "productId": "69f379597cdf7fb086a3f669"
    },
    {
      "codigo": "54344",
      "action": "created",
      "productId": "69f3795a7cdf7fb086a3f6ad"
    },
    {
      "codigo": "54546",
      "action": "created",
      "productId": "69f3795b7cdf7fb086a3f6b3"
    },
    {
      "codigo": "54260",
      "action": "created",
      "productId": "69f3795b7cdf7fb086a3f6b5"
    },
    {
      "codigo": "48396",
      "action": "created",
      "productId": "69f379607cdf7fb086a3f7bf"
    },
    {
      "codigo": "57995",
      "action": "created",
      "productId": "69f379617cdf7fb086a3f805"
    },
    {
      "codigo": "57987",
      "action": "created",
      "productId": "69f379637cdf7fb086a3f84b"
    },
    {
      "codigo": "51282",
      "action": "created",
      "productId": "69f379657cdf7fb086a3f891"
    },
    {
      "codigo": "57989",
      "action": "created",
      "productId": "69f379657cdf7fb086a3f8d7"
    },
    {
      "codigo": "57988",
      "action": "created",
      "productId": "69f379667cdf7fb086a3f91d"
    },
    {
      "codigo": "58000",
      "action": "created",
      "productId": "69f379667cdf7fb086a3f963"
    },
    {
      "codigo": "57994",
      "action": "created",
      "productId": "69f379677cdf7fb086a3f9a9"
    },
    {
      "codigo": "54336",
      "action": "created",
      "productId": "69f3796a7cdf7fb086a3f9ef"
    },
    {
      "codigo": "57997",
      "action": "created",
      "productId": "69f3796a7cdf7fb086a3fa35"
    },
    {
      "codigo": "57998",
      "action": "created",
      "productId": "69f3796b7cdf7fb086a3fa7b"
    },
    {
      "codigo": "57990",
      "action": "created",
      "productId": "69f3796b7cdf7fb086a3fac1"
    },
    {
      "codigo": "57991",
      "action": "created",
      "productId": "69f3796c7cdf7fb086a3fb0c"
    },
    {
      "codigo": "57992",
      "action": "created",
      "productId": "69f3796c7cdf7fb086a3fb58"
    },
    {
      "codigo": "57996",
      "action": "created",
      "productId": "69f3796d7cdf7fb086a3fba4"
    },
    {
      "codigo": "57999",
      "action": "created",
      "productId": "69f3796f7cdf7fb086a3fbf0"
    },
    {
      "codigo": "54284",
      "action": "created",
      "productId": "69f379717cdf7fb086a3fc3c"
    },
    {
      "codigo": "54682",
      "action": "created",
      "productId": "69f379727cdf7fb086a3fc8a"
    },
    {
      "codigo": "54429",
      "action": "created",
      "productId": "69f379727cdf7fb086a3fc8c"
    },
    {
      "codigo": "54687",
      "action": "created",
      "productId": "69f379737cdf7fb086a3fd20"
    },
    {
      "codigo": "57323",
      "action": "created",
      "productId": "69f379737cdf7fb086a3fd6c"
    },
    {
      "codigo": "55312",
      "action": "created",
      "productId": "69f379747cdf7fb086a3fdb9"
    },
    {
      "codigo": "46972",
      "action": "created",
      "productId": "69f379787cdf7fb086a3fe09"
    },
    {
      "codigo": "57324",
      "action": "created",
      "productId": "69f379797cdf7fb086a3fe59"
    },
    {
      "codigo": "51281",
      "action": "created",
      "productId": "69f379797cdf7fb086a3fea9"
    },
    {
      "codigo": "51278",
      "action": "created",
      "productId": "69f3797a7cdf7fb086a3fefa"
    },
    {
      "codigo": "43093",
      "action": "created",
      "productId": "69f3797b7cdf7fb086a3ff4b"
    },
    {
      "codigo": "50472",
      "action": "created",
      "productId": "69f3797b7cdf7fb086a3ff9c"
    },
    {
      "codigo": "51280",
      "action": "created",
      "productId": "69f3797d7cdf7fb086a3ffed"
    },
    {
      "codigo": "51988",
      "action": "created",
      "productId": "69f3797d7cdf7fb086a4003e"
    },
    {
      "codigo": "51040",
      "action": "created",
      "productId": "69f3797f7cdf7fb086a4008f"
    },
    {
      "codigo": "48186",
      "action": "created",
      "productId": "69f379807cdf7fb086a400e0"
    },
    {
      "codigo": "55106",
      "action": "created",
      "productId": "69f379807cdf7fb086a40131"
    },
    {
      "codigo": "57564",
      "action": "created",
      "productId": "69f379807cdf7fb086a40182"
    },
    {
      "codigo": "48659",
      "action": "created",
      "productId": "69f379817cdf7fb086a401d3"
    },
    {
      "codigo": "57471",
      "action": "skipped",
      "reason": "missing_price_usd"
    },
    {
      "codigo": "57556",
      "action": "created",
      "productId": "69f379817cdf7fb086a40224"
    },
    {
      "codigo": "57469",
      "action": "created",
      "productId": "69f379847cdf7fb086a40275"
    },
    {
      "codigo": "57203",
      "action": "created",
      "productId": "69f379857cdf7fb086a402c6"
    },
    {
      "codigo": "57818",
      "action": "created",
      "productId": "69f379867cdf7fb086a40317"
    },
    {
      "codigo": "57703",
      "action": "created",
      "productId": "69f379867cdf7fb086a40368"
    },
    {
      "codigo": "57209",
      "action": "created",
      "productId": "69f379877cdf7fb086a403b9"
    },
    {
      "codigo": "57208",
      "action": "created",
      "productId": "69f379877cdf7fb086a4040a"
    },
    {
      "codigo": "55719",
      "action": "created",
      "productId": "69f3798a7cdf7fb086a4045b"
    },
    {
      "codigo": "57206",
      "action": "created",
      "productId": "69f3798a7cdf7fb086a404ac"
    },
    {
      "codigo": "49071",
      "action": "created",
      "productId": "69f3798a7cdf7fb086a404fe"
    },
    {
      "codigo": "55768",
      "action": "created",
      "productId": "69f3798b7cdf7fb086a40550"
    },
    {
      "codigo": "55440",
      "action": "created",
      "productId": "69f3798d7cdf7fb086a405a2"
    },
    {
      "codigo": "47782",
      "action": "created",
      "productId": "69f3798d7cdf7fb086a405f4"
    },
    {
      "codigo": "54680",
      "action": "created",
      "productId": "69f3798e7cdf7fb086a40649"
    },
    {
      "codigo": "52319",
      "action": "created",
      "productId": "69f3798f7cdf7fb086a4069e"
    },
    {
      "codigo": "52740",
      "action": "created",
      "productId": "69f379907cdf7fb086a406f3"
    },
    {
      "codigo": "38034",
      "action": "created",
      "productId": "69f379907cdf7fb086a40748"
    },
    {
      "codigo": "46749",
      "action": "created",
      "productId": "69f379917cdf7fb086a4079d"
    },
    {
      "codigo": "46656",
      "action": "created",
      "productId": "69f379917cdf7fb086a407f2"
    },
    {
      "codigo": "32654",
      "action": "created",
      "productId": "69f379927cdf7fb086a40847"
    },
    {
      "codigo": "32109",
      "action": "created",
      "productId": "69f379927cdf7fb086a408a1"
    },
    {
      "codigo": "39848",
      "action": "created",
      "productId": "69f379927cdf7fb086a408a3"
    },
    {
      "codigo": "38108",
      "action": "created",
      "productId": "69f379947cdf7fb086a4090f"
    },
    {
      "codigo": "58124",
      "action": "created",
      "productId": "69f379947cdf7fb086a40928"
    },
    {
      "codigo": "58090",
      "action": "created",
      "productId": "69f379947cdf7fb086a40941"
    },
    {
      "codigo": "58102",
      "action": "created",
      "productId": "69f379957cdf7fb086a4095a"
    },
    {
      "codigo": "58105",
      "action": "created",
      "productId": "69f379957cdf7fb086a40973"
    },
    {
      "codigo": "58110",
      "action": "created",
      "productId": "69f379957cdf7fb086a4098c"
    },
    {
      "codigo": "58107",
      "action": "updated",
      "productId": "69f3276a6078808f7c01a615"
    },
    {
      "codigo": "37396",
      "action": "created",
      "productId": "69f379957cdf7fb086a409a9"
    },
    {
      "codigo": "34010",
      "action": "created",
      "productId": "69f379957cdf7fb086a409ab"
    },
    {
      "codigo": "58106",
      "action": "updated",
      "productId": "69f3276a6078808f7c01a5e7"
    },
    {
      "codigo": "33892",
      "action": "created",
      "productId": "69f379977cdf7fb086a40a3a"
    },
    {
      "codigo": "58069",
      "action": "created",
      "productId": "69f379977cdf7fb086a40a65"
    },
    {
      "codigo": "55668",
      "action": "created",
      "productId": "69f379987cdf7fb086a40a90"
    },
    {
      "codigo": "34213",
      "action": "created",
      "productId": "69f379987cdf7fb086a40abb"
    },
    {
      "codigo": "57715",
      "action": "created",
      "productId": "69f3799b7cdf7fb086a40ae6"
    },
    {
      "codigo": "54786",
      "action": "created",
      "productId": "69f3799c7cdf7fb086a40b13"
    },
    {
      "codigo": "57553",
      "action": "created",
      "productId": "69f3799c7cdf7fb086a40b15"
    },
    {
      "codigo": "58065",
      "action": "created",
      "productId": "69f3799d7cdf7fb086a40b69"
    },
    {
      "codigo": "58066",
      "action": "created",
      "productId": "69f3799e7cdf7fb086a40b97"
    },
    {
      "codigo": "55862",
      "action": "created",
      "productId": "69f3799f7cdf7fb086a40bc5"
    },
    {
      "codigo": "57894",
      "action": "created",
      "productId": "69f379a07cdf7fb086a40bf3"
    },
    {
      "codigo": "55872",
      "action": "created",
      "productId": "69f379a37cdf7fb086a40c21"
    },
    {
      "codigo": "55114",
      "action": "created",
      "productId": "69f379a47cdf7fb086a40c4f"
    },
    {
      "codigo": "52478",
      "action": "created",
      "productId": "69f379a47cdf7fb086a40c7d"
    },
    {
      "codigo": "53734",
      "action": "created",
      "productId": "69f379a57cdf7fb086a40cab"
    },
    {
      "codigo": "52087",
      "action": "created",
      "productId": "69f379a67cdf7fb086a40cd9"
    },
    {
      "codigo": "52368",
      "action": "created",
      "productId": "69f379a97cdf7fb086a40d07"
    },
    {
      "codigo": "57969",
      "action": "created",
      "productId": "69f379a97cdf7fb086a40d35"
    },
    {
      "codigo": "58022",
      "action": "created",
      "productId": "69f379aa7cdf7fb086a40d63"
    },
    {
      "codigo": "57812",
      "action": "created",
      "productId": "69f379ab7cdf7fb086a40d91"
    },
    {
      "codigo": "58024",
      "action": "created",
      "productId": "69f379ad7cdf7fb086a40dbf"
    },
    {
      "codigo": "56997",
      "action": "created",
      "productId": "69f379ad7cdf7fb086a40ded"
    },
    {
      "codigo": "55976",
      "action": "created",
      "productId": "69f379ae7cdf7fb086a40e1b"
    },
    {
      "codigo": "54288",
      "action": "created",
      "productId": "69f379af7cdf7fb086a40e49"
    },
    {
      "codigo": "55426",
      "action": "created",
      "productId": "69f379b17cdf7fb086a40e77"
    },
    {
      "codigo": "55778",
      "action": "created",
      "productId": "69f379b27cdf7fb086a40ea7"
    },
    {
      "codigo": "55134",
      "action": "created",
      "productId": "69f379b27cdf7fb086a40ea9"
    },
    {
      "codigo": "54549",
      "action": "created",
      "productId": "69f379b47cdf7fb086a40f01"
    },
    {
      "codigo": "57455",
      "action": "created",
      "productId": "69f379b57cdf7fb086a40f2f"
    },
    {
      "codigo": "55291",
      "action": "created",
      "productId": "69f379b77cdf7fb086a40f5d"
    },
    {
      "codigo": "53833",
      "action": "created",
      "productId": "69f379b77cdf7fb086a40f8b"
    },
    {
      "codigo": "49372",
      "action": "created",
      "productId": "69f379b77cdf7fb086a40fbd"
    },
    {
      "codigo": "52366",
      "action": "created",
      "productId": "69f379b87cdf7fb086a40fef"
    },
    {
      "codigo": "55287",
      "action": "created",
      "productId": "69f379ba7cdf7fb086a41021"
    },
    {
      "codigo": "49060",
      "action": "created",
      "productId": "69f379be7cdf7fb086a41053"
    },
    {
      "codigo": "52805",
      "action": "created",
      "productId": "69f379be7cdf7fb086a41085"
    },
    {
      "codigo": "54861",
      "action": "created",
      "productId": "69f379bf7cdf7fb086a410b7"
    },
    {
      "codigo": "56264",
      "action": "created",
      "productId": "69f379bf7cdf7fb086a410e9"
    },
    {
      "codigo": "58026",
      "action": "created",
      "productId": "69f379c07cdf7fb086a4111c"
    },
    {
      "codigo": "58029",
      "action": "created",
      "productId": "69f379c07cdf7fb086a41120"
    },
    {
      "codigo": "55135",
      "action": "created",
      "productId": "69f379c27cdf7fb086a41183"
    },
    {
      "codigo": "58025",
      "action": "created",
      "productId": "69f379c57cdf7fb086a411b9"
    },
    {
      "codigo": "55391",
      "action": "created",
      "productId": "69f379c67cdf7fb086a411ef"
    },
    {
      "codigo": "57786",
      "action": "created",
      "productId": "69f379c77cdf7fb086a41225"
    },
    {
      "codigo": "57949",
      "action": "created",
      "productId": "69f379c87cdf7fb086a4125c"
    },
    {
      "codigo": "58033",
      "action": "created",
      "productId": "69f379c87cdf7fb086a41260"
    },
    {
      "codigo": "55855",
      "action": "created",
      "productId": "69f379cb7cdf7fb086a412c7"
    },
    {
      "codigo": "51965",
      "action": "created",
      "productId": "69f379ce7cdf7fb086a412fd"
    },
    {
      "codigo": "55874",
      "action": "created",
      "productId": "69f379cf7cdf7fb086a41333"
    },
    {
      "codigo": "46801",
      "action": "created",
      "productId": "69f379d17cdf7fb086a41369"
    },
    {
      "codigo": "55260",
      "action": "created",
      "productId": "69f379d27cdf7fb086a4139f"
    },
    {
      "codigo": "54051",
      "action": "created",
      "productId": "69f379d27cdf7fb086a413d5"
    },
    {
      "codigo": "55436",
      "action": "created",
      "productId": "69f379d37cdf7fb086a4140b"
    },
    {
      "codigo": "53704",
      "action": "created",
      "productId": "69f379d57cdf7fb086a41441"
    },
    {
      "codigo": "52635",
      "action": "created",
      "productId": "69f379d87cdf7fb086a41477"
    },
    {
      "codigo": "55782",
      "action": "created",
      "productId": "69f379d97cdf7fb086a414ad"
    },
    {
      "codigo": "53152",
      "action": "created",
      "productId": "69f379d97cdf7fb086a414e3"
    },
    {
      "codigo": "55353",
      "action": "created",
      "productId": "69f379da7cdf7fb086a41519"
    },
    {
      "codigo": "57555",
      "action": "created",
      "productId": "69f379db7cdf7fb086a4154f"
    },
    {
      "codigo": "55548",
      "action": "created",
      "productId": "69f379dc7cdf7fb086a41585"
    },
    {
      "codigo": "57429",
      "action": "created",
      "productId": "69f379df7cdf7fb086a415bb"
    },
    {
      "codigo": "56259",
      "action": "created",
      "productId": "69f379e17cdf7fb086a415f1"
    },
    {
      "codigo": "55873",
      "action": "created",
      "productId": "69f379e27cdf7fb086a41627"
    },
    {
      "codigo": "56672",
      "action": "created",
      "productId": "69f379e37cdf7fb086a4165d"
    },
    {
      "codigo": "54147",
      "action": "created",
      "productId": "69f379e57cdf7fb086a41693"
    },
    {
      "codigo": "57810",
      "action": "created",
      "productId": "69f379e77cdf7fb086a416c9"
    },
    {
      "codigo": "47949",
      "action": "created",
      "productId": "69f379e87cdf7fb086a416ff"
    },
    {
      "codigo": "56741",
      "action": "created",
      "productId": "69f379e97cdf7fb086a41735"
    },
    {
      "codigo": "55295",
      "action": "created",
      "productId": "69f379eb7cdf7fb086a4176c"
    },
    {
      "codigo": "57896",
      "action": "created",
      "productId": "69f379ed7cdf7fb086a417a5"
    },
    {
      "codigo": "54922",
      "action": "created",
      "productId": "69f379ed7cdf7fb086a417a7"
    },
    {
      "codigo": "55423",
      "action": "created",
      "productId": "69f379ee7cdf7fb086a41812"
    },
    {
      "codigo": "57873",
      "action": "skipped",
      "reason": "missing_price_usd"
    },
    {
      "codigo": "57869",
      "action": "skipped",
      "reason": "missing_price_usd"
    },
    {
      "codigo": "57837",
      "action": "skipped",
      "reason": "missing_price_usd"
    },
    {
      "codigo": "57789",
      "action": "skipped",
      "reason": "missing_price_usd"
    },
    {
      "codigo": "57760",
      "action": "skipped",
      "reason": "missing_price_usd"
    },
    {
      "codigo": "57732",
      "action": "skipped",
      "reason": "missing_price_usd"
    },
    {
      "codigo": "57731",
      "action": "skipped",
      "reason": "missing_price_usd"
    },
    {
      "codigo": "57730",
      "action": "skipped",
      "reason": "missing_price_usd"
    },
    {
      "codigo": "57729",
      "action": "skipped",
      "reason": "missing_price_usd"
    },
    {
      "codigo": "57718",
      "action": "skipped",
      "reason": "missing_price_usd"
    },
    {
      "codigo": "57717",
      "action": "skipped",
      "reason": "missing_price_usd"
    },
    {
      "codigo": "57714",
      "action": "skipped",
      "reason": "missing_price_usd"
    },
    {
      "codigo": "57676",
      "action": "skipped",
      "reason": "missing_price_usd"
    },
    {
      "codigo": "57631",
      "action": "skipped",
      "reason": "missing_price_usd"
    },
    {
      "codigo": "57601",
      "action": "skipped",
      "reason": "missing_price_usd"
    },
    {
      "codigo": "57529",
      "action": "skipped",
      "reason": "missing_price_usd"
    },
    {
      "codigo": "57438",
      "action": "skipped",
      "reason": "missing_price_usd"
    },
    {
      "codigo": "57431",
      "action": "skipped",
      "reason": "missing_price_usd"
    },
    {
      "codigo": "57430",
      "action": "skipped",
      "reason": "missing_price_usd"
    },
    {
      "codigo": "57427",
      "action": "skipped",
      "reason": "missing_price_usd"
    },
    {
      "codigo": "57426",
      "action": "skipped",
      "reason": "missing_price_usd"
    },
    {
      "codigo": "57313",
      "action": "skipped",
      "reason": "missing_price_usd"
    },
    {
      "codigo": "57309",
      "action": "skipped",
      "reason": "missing_price_usd"
    },
    {
      "codigo": "57303",
      "action": "skipped",
      "reason": "missing_price_usd"
    },
    {
      "codigo": "57302",
      "action": "skipped",
      "reason": "missing_price_usd"
    },
    {
      "codigo": "57297",
      "action": "skipped",
      "reason": "missing_price_usd"
    },
    {
      "codigo": "57135",
      "action": "skipped",
      "reason": "missing_price_usd"
    },
    {
      "codigo": "57134",
      "action": "skipped",
      "reason": "missing_price_usd"
    },
    {
      "codigo": "57130",
      "action": "skipped",
      "reason": "missing_price_usd"
    },
    {
      "codigo": "57129",
      "action": "skipped",
      "reason": "missing_price_usd"
    },
    {
      "codigo": "57034",
      "action": "skipped",
      "reason": "missing_price_usd"
    },
    {
      "codigo": "57033",
      "action": "skipped",
      "reason": "missing_price_usd"
    },
    {
      "codigo": "56970",
      "action": "skipped",
      "reason": "missing_price_usd"
    },
    {
      "codigo": "56914",
      "action": "skipped",
      "reason": "missing_price_usd"
    },
    {
      "codigo": "56664",
      "action": "skipped",
      "reason": "missing_price_usd"
    },
    {
      "codigo": "56649",
      "action": "skipped",
      "reason": "missing_price_usd"
    },
    {
      "codigo": "56554",
      "action": "skipped",
      "reason": "missing_price_usd"
    },
    {
      "codigo": "56444",
      "action": "skipped",
      "reason": "missing_price_usd"
    },
    {
      "codigo": "56432",
      "action": "skipped",
      "reason": "missing_price_usd"
    },
    {
      "codigo": "56265",
      "action": "skipped",
      "reason": "missing_price_usd"
    },
    {
      "codigo": "56261",
      "action": "skipped",
      "reason": "missing_price_usd"
    },
    {
      "codigo": "56256",
      "action": "skipped",
      "reason": "missing_price_usd"
    },
    {
      "codigo": "56248",
      "action": "skipped",
      "reason": "missing_price_usd"
    },
    {
      "codigo": "56064",
      "action": "skipped",
      "reason": "missing_price_usd"
    },
    {
      "codigo": "55959",
      "action": "skipped",
      "reason": "missing_price_usd"
    },
    {
      "codigo": "55957",
      "action": "skipped",
      "reason": "missing_price_usd"
    },
    {
      "codigo": "55946",
      "action": "skipped",
      "reason": "missing_price_usd"
    },
    {
      "codigo": "55683",
      "action": "skipped",
      "reason": "missing_price_usd"
    },
    {
      "codigo": "55621",
      "action": "skipped",
      "reason": "missing_price_usd"
    },
    {
      "codigo": "55549",
      "action": "skipped",
      "reason": "missing_price_usd"
    },
    {
      "codigo": "55481",
      "action": "skipped",
      "reason": "missing_price_usd"
    },
    {
      "codigo": "55480",
      "action": "skipped",
      "reason": "missing_price_usd"
    },
    {
      "codigo": "55448",
      "action": "skipped",
      "reason": "missing_price_usd"
    },
    {
      "codigo": "55446",
      "action": "skipped",
      "reason": "missing_price_usd"
    },
    {
      "codigo": "55434",
      "action": "skipped",
      "reason": "missing_price_usd"
    },
    {
      "codigo": "55390",
      "action": "skipped",
      "reason": "missing_price_usd"
    },
    {
      "codigo": "55379",
      "action": "skipped",
      "reason": "missing_price_usd"
    },
    {
      "codigo": "55378",
      "action": "skipped",
      "reason": "missing_price_usd"
    },
    {
      "codigo": "55352",
      "action": "skipped",
      "reason": "missing_price_usd"
    },
    {
      "codigo": "55307",
      "action": "skipped",
      "reason": "missing_price_usd"
    },
    {
      "codigo": "55296",
      "action": "skipped",
      "reason": "missing_price_usd"
    },
    {
      "codigo": "55286",
      "action": "skipped",
      "reason": "missing_price_usd"
    },
    {
      "codigo": "55241",
      "action": "skipped",
      "reason": "missing_price_usd"
    },
    {
      "codigo": "55143",
      "action": "skipped",
      "reason": "missing_price_usd"
    },
    {
      "codigo": "54912",
      "action": "skipped",
      "reason": "missing_price_usd"
    },
    {
      "codigo": "54911",
      "action": "skipped",
      "reason": "missing_price_usd"
    },
    {
      "codigo": "54810",
      "action": "skipped",
      "reason": "missing_price_usd"
    },
    {
      "codigo": "54807",
      "action": "skipped",
      "reason": "missing_price_usd"
    },
    {
      "codigo": "54761",
      "action": "skipped",
      "reason": "missing_price_usd"
    },
    {
      "codigo": "54736",
      "action": "skipped",
      "reason": "missing_price_usd"
    },
    {
      "codigo": "54726",
      "action": "skipped",
      "reason": "missing_price_usd"
    },
    {
      "codigo": "54723",
      "action": "skipped",
      "reason": "missing_price_usd"
    },
    {
      "codigo": "54697",
      "action": "skipped",
      "reason": "missing_price_usd"
    },
    {
      "codigo": "54695",
      "action": "skipped",
      "reason": "missing_price_usd"
    },
    {
      "codigo": "54529",
      "action": "skipped",
      "reason": "missing_price_usd"
    },
    {
      "codigo": "46890",
      "action": "skipped",
      "reason": "missing_price_usd"
    },
    {
      "codigo": "54457",
      "action": "skipped",
      "reason": "missing_price_usd"
    },
    {
      "codigo": "54415",
      "action": "skipped",
      "reason": "missing_price_usd"
    },
    {
      "codigo": "52657",
      "action": "skipped",
      "reason": "missing_price_usd"
    },
    {
      "codigo": "54326",
      "action": "skipped",
      "reason": "missing_price_usd"
    },
    {
      "codigo": "54266",
      "action": "skipped",
      "reason": "missing_price_usd"
    },
    {
      "codigo": "52663",
      "action": "skipped",
      "reason": "missing_price_usd"
    },
    {
      "codigo": "54148",
      "action": "skipped",
      "reason": "missing_price_usd"
    },
    {
      "codigo": "54135",
      "action": "skipped",
      "reason": "missing_price_usd"
    },
    {
      "codigo": "54134",
      "action": "skipped",
      "reason": "missing_price_usd"
    },
    {
      "codigo": "53826",
      "action": "skipped",
      "reason": "missing_price_usd"
    },
    {
      "codigo": "53818",
      "action": "skipped",
      "reason": "missing_price_usd"
    },
    {
      "codigo": "53590",
      "action": "skipped",
      "reason": "missing_price_usd"
    },
    {
      "codigo": "51936",
      "action": "skipped",
      "reason": "missing_price_usd"
    },
    {
      "codigo": "53561",
      "action": "skipped",
      "reason": "missing_price_usd"
    },
    {
      "codigo": "53560",
      "action": "skipped",
      "reason": "missing_price_usd"
    },
    {
      "codigo": "53544",
      "action": "skipped",
      "reason": "missing_price_usd"
    },
    {
      "codigo": "45855",
      "action": "skipped",
      "reason": "missing_price_usd"
    },
    {
      "codigo": "53249",
      "action": "skipped",
      "reason": "missing_price_usd"
    },
    {
      "codigo": "52995",
      "action": "skipped",
      "reason": "missing_price_usd"
    },
    {
      "codigo": "52937",
      "action": "skipped",
      "reason": "missing_price_usd"
    },
    {
      "codigo": "52931",
      "action": "skipped",
      "reason": "missing_price_usd"
    },
    {
      "codigo": "52256",
      "action": "skipped",
      "reason": "missing_price_usd"
    },
    {
      "codigo": "52840",
      "action": "skipped",
      "reason": "missing_price_usd"
    },
    {
      "codigo": "52779",
      "action": "skipped",
      "reason": "missing_price_usd"
    },
    {
      "codigo": "47308",
      "action": "skipped",
      "reason": "missing_price_usd"
    },
    {
      "codigo": "52476",
      "action": "skipped",
      "reason": "missing_price_usd"
    },
    {
      "codigo": "52406",
      "action": "skipped",
      "reason": "missing_price_usd"
    },
    {
      "codigo": "52404",
      "action": "skipped",
      "reason": "missing_price_usd"
    },
    {
      "codigo": "52383",
      "action": "skipped",
      "reason": "missing_price_usd"
    },
    {
      "codigo": "52284",
      "action": "skipped",
      "reason": "missing_price_usd"
    },
    {
      "codigo": "52255",
      "action": "skipped",
      "reason": "missing_price_usd"
    },
    {
      "codigo": "52248",
      "action": "skipped",
      "reason": "missing_price_usd"
    },
    {
      "codigo": "52247",
      "action": "skipped",
      "reason": "missing_price_usd"
    },
    {
      "codigo": "52226",
      "action": "skipped",
      "reason": "missing_price_usd"
    },
    {
      "codigo": "52144",
      "action": "skipped",
      "reason": "missing_price_usd"
    },
    {
      "codigo": "52078",
      "action": "skipped",
      "reason": "missing_price_usd"
    },
    {
      "codigo": "44081",
      "action": "skipped",
      "reason": "missing_price_usd"
    },
    {
      "codigo": "50252",
      "action": "skipped",
      "reason": "missing_price_usd"
    },
    {
      "codigo": "51618",
      "action": "skipped",
      "reason": "missing_price_usd"
    },
    {
      "codigo": "51617",
      "action": "skipped",
      "reason": "missing_price_usd"
    },
    {
      "codigo": "51596",
      "action": "skipped",
      "reason": "missing_price_usd"
    },
    {
      "codigo": "51093",
      "action": "skipped",
      "reason": "missing_price_usd"
    },
    {
      "codigo": "51016",
      "action": "skipped",
      "reason": "missing_price_usd"
    },
    {
      "codigo": "50254",
      "action": "skipped",
      "reason": "missing_price_usd"
    },
    {
      "codigo": "50251",
      "action": "skipped",
      "reason": "missing_price_usd"
    },
    {
      "codigo": "49883",
      "action": "skipped",
      "reason": "missing_price_usd"
    },
    {
      "codigo": "49417",
      "action": "skipped",
      "reason": "missing_price_usd"
    },
    {
      "codigo": "49416",
      "action": "skipped",
      "reason": "missing_price_usd"
    },
    {
      "codigo": "49067",
      "action": "skipped",
      "reason": "missing_price_usd"
    },
    {
      "codigo": "49018",
      "action": "skipped",
      "reason": "missing_price_usd"
    },
    {
      "codigo": "48993",
      "action": "skipped",
      "reason": "missing_price_usd"
    },
    {
      "codigo": "48900",
      "action": "skipped",
      "reason": "missing_price_usd"
    },
    {
      "codigo": "48897",
      "action": "skipped",
      "reason": "missing_price_usd"
    },
    {
      "codigo": "48611",
      "action": "skipped",
      "reason": "missing_price_usd"
    },
    {
      "codigo": "47979",
      "action": "skipped",
      "reason": "missing_price_usd"
    },
    {
      "codigo": "38379",
      "action": "skipped",
      "reason": "missing_price_usd"
    },
    {
      "codigo": "46552",
      "action": "skipped",
      "reason": "missing_price_usd"
    },
    {
      "codigo": "46551",
      "action": "skipped",
      "reason": "missing_price_usd"
    },
    {
      "codigo": "46513",
      "action": "skipped",
      "reason": "missing_price_usd"
    },
    {
      "codigo": "46512",
      "action": "skipped",
      "reason": "missing_price_usd"
    },
    {
      "codigo": "43886",
      "action": "skipped",
      "reason": "missing_price_usd"
    },
    {
      "codigo": "44414",
      "action": "skipped",
      "reason": "missing_price_usd"
    },
    {
      "codigo": "42151",
      "action": "skipped",
      "reason": "missing_price_usd"
    },
    {
      "codigo": "38696",
      "action": "skipped",
      "reason": "missing_price_usd"
    },
    {
      "codigo": "38695",
      "action": "skipped",
      "reason": "missing_price_usd"
    },
    {
      "codigo": "37905",
      "action": "skipped",
      "reason": "missing_price_usd"
    },
    {
      "codigo": "30785",
      "action": "skipped",
      "reason": "missing_price_usd"
    },
    {
      "codigo": "23185",
      "action": "skipped",
      "reason": "missing_price_usd"
    },
    {
      "codigo": "21381",
      "action": "skipped",
      "reason": "missing_price_usd"
    },
    {
      "codigo": "58123",
      "action": "skipped",
      "reason": "missing_price_usd"
    },
    {
      "codigo": "58128",
      "action": "skipped",
      "reason": "missing_price_usd"
    },
    {
      "codigo": "54874",
      "action": "skipped",
      "reason": "missing_price_usd"
    },
    {
      "codigo": "52769",
      "action": "skipped",
      "reason": "missing_price_usd"
    },
    {
      "codigo": "52352",
      "action": "skipped",
      "reason": "missing_price_usd"
    },
    {
      "codigo": "54489",
      "action": "skipped",
      "reason": "missing_price_usd"
    },
    {
      "codigo": "58016",
      "action": "skipped",
      "reason": "missing_price_usd"
    },
    {
      "codigo": "54884",
      "action": "skipped",
      "reason": "missing_price_usd"
    },
    {
      "codigo": "50285",
      "action": "skipped",
      "reason": "missing_price_usd"
    },
    {
      "codigo": "55485",
      "action": "skipped",
      "reason": "missing_price_usd"
    },
    {
      "codigo": "55486",
      "action": "skipped",
      "reason": "missing_price_usd"
    },
    {
      "codigo": "55487",
      "action": "skipped",
      "reason": "missing_price_usd"
    },
    {
      "codigo": "55488",
      "action": "skipped",
      "reason": "missing_price_usd"
    },
    {
      "codigo": "55489",
      "action": "skipped",
      "reason": "missing_price_usd"
    },
    {
      "codigo": "55490",
      "action": "skipped",
      "reason": "missing_price_usd"
    },
    {
      "codigo": "55491",
      "action": "skipped",
      "reason": "missing_price_usd"
    },
    {
      "codigo": "55492",
      "action": "skipped",
      "reason": "missing_price_usd"
    },
    {
      "codigo": "55493",
      "action": "skipped",
      "reason": "missing_price_usd"
    },
    {
      "codigo": "55494",
      "action": "skipped",
      "reason": "missing_price_usd"
    },
    {
      "codigo": "57606",
      "action": "skipped",
      "reason": "missing_price_usd"
    },
    {
      "codigo": "51638",
      "action": "skipped",
      "reason": "missing_price_usd"
    },
    {
      "codigo": "54132",
      "action": "skipped",
      "reason": "missing_price_usd"
    },
    {
      "codigo": "53722",
      "action": "skipped",
      "reason": "missing_price_usd"
    },
    {
      "codigo": "51084",
      "action": "skipped",
      "reason": "missing_price_usd"
    },
    {
      "codigo": "46325",
      "action": "skipped",
      "reason": "missing_price_usd"
    },
    {
      "codigo": "49038",
      "action": "skipped",
      "reason": "missing_price_usd"
    },
    {
      "codigo": "53385",
      "action": "skipped",
      "reason": "missing_price_usd"
    },
    {
      "codigo": "53070",
      "action": "skipped",
      "reason": "missing_price_usd"
    },
    {
      "codigo": "48987",
      "action": "skipped",
      "reason": "missing_price_usd"
    },
    {
      "codigo": "52181",
      "action": "skipped",
      "reason": "missing_price_usd"
    },
    {
      "codigo": "51138",
      "action": "skipped",
      "reason": "missing_price_usd"
    },
    {
      "codigo": "51135",
      "action": "skipped",
      "reason": "missing_price_usd"
    },
    {
      "codigo": "51133",
      "action": "skipped",
      "reason": "missing_price_usd"
    },
    {
      "codigo": "51102",
      "action": "skipped",
      "reason": "missing_price_usd"
    },
    {
      "codigo": "45417",
      "action": "skipped",
      "reason": "missing_price_usd"
    },
    {
      "codigo": "51564",
      "action": "skipped",
      "reason": "missing_price_usd"
    },
    {
      "codigo": "57586",
      "action": "skipped",
      "reason": "missing_price_usd"
    },
    {
      "codigo": "40678",
      "action": "skipped",
      "reason": "missing_price_usd"
    },
    {
      "codigo": "50213",
      "action": "skipped",
      "reason": "missing_price_usd"
    },
    {
      "codigo": "50212",
      "action": "skipped",
      "reason": "missing_price_usd"
    },
    {
      "codigo": "50211",
      "action": "skipped",
      "reason": "missing_price_usd"
    },
    {
      "codigo": "50850",
      "action": "skipped",
      "reason": "missing_price_usd"
    },
    {
      "codigo": "48318",
      "action": "skipped",
      "reason": "missing_price_usd"
    },
    {
      "codigo": "57815",
      "action": "skipped",
      "reason": "missing_price_usd"
    },
    {
      "codigo": "57817",
      "action": "skipped",
      "reason": "missing_price_usd"
    },
    {
      "codigo": "57816",
      "action": "skipped",
      "reason": "missing_price_usd"
    },
    {
      "codigo": "57814",
      "action": "skipped",
      "reason": "missing_price_usd"
    },
    {
      "codigo": "49859",
      "action": "skipped",
      "reason": "missing_price_usd"
    },
    {
      "codigo": "49857",
      "action": "skipped",
      "reason": "missing_price_usd"
    },
    {
      "codigo": "49858",
      "action": "skipped",
      "reason": "missing_price_usd"
    },
    {
      "codigo": "54686",
      "action": "skipped",
      "reason": "missing_price_usd"
    },
    {
      "codigo": "53559",
      "action": "skipped",
      "reason": "missing_price_usd"
    },
    {
      "codigo": "57926",
      "action": "skipped",
      "reason": "missing_price_usd"
    },
    {
      "codigo": "57919",
      "action": "skipped",
      "reason": "missing_price_usd"
    },
    {
      "codigo": "57850",
      "action": "skipped",
      "reason": "missing_price_usd"
    },
    {
      "codigo": "57773",
      "action": "skipped",
      "reason": "missing_price_usd"
    },
    {
      "codigo": "57772",
      "action": "skipped",
      "reason": "missing_price_usd"
    },
    {
      "codigo": "57769",
      "action": "skipped",
      "reason": "missing_price_usd"
    },
    {
      "codigo": "57768",
      "action": "skipped",
      "reason": "missing_price_usd"
    },
    {
      "codigo": "57767",
      "action": "skipped",
      "reason": "missing_price_usd"
    },
    {
      "codigo": "57765",
      "action": "skipped",
      "reason": "missing_price_usd"
    },
    {
      "codigo": "57763",
      "action": "skipped",
      "reason": "missing_price_usd"
    },
    {
      "codigo": "57757",
      "action": "skipped",
      "reason": "missing_price_usd"
    },
    {
      "codigo": "57751",
      "action": "skipped",
      "reason": "missing_price_usd"
    },
    {
      "codigo": "57750",
      "action": "skipped",
      "reason": "missing_price_usd"
    },
    {
      "codigo": "57749",
      "action": "skipped",
      "reason": "missing_price_usd"
    },
    {
      "codigo": "57748",
      "action": "skipped",
      "reason": "missing_price_usd"
    },
    {
      "codigo": "57605",
      "action": "skipped",
      "reason": "missing_price_usd"
    },
    {
      "codigo": "57604",
      "action": "skipped",
      "reason": "missing_price_usd"
    },
    {
      "codigo": "57589",
      "action": "skipped",
      "reason": "missing_price_usd"
    },
    {
      "codigo": "57588",
      "action": "skipped",
      "reason": "missing_price_usd"
    },
    {
      "codigo": "57587",
      "action": "skipped",
      "reason": "missing_price_usd"
    },
    {
      "codigo": "57585",
      "action": "skipped",
      "reason": "missing_price_usd"
    },
    {
      "codigo": "57583",
      "action": "skipped",
      "reason": "missing_price_usd"
    },
    {
      "codigo": "57581",
      "action": "skipped",
      "reason": "missing_price_usd"
    },
    {
      "codigo": "57579",
      "action": "skipped",
      "reason": "missing_price_usd"
    },
    {
      "codigo": "57578",
      "action": "skipped",
      "reason": "missing_price_usd"
    },
    {
      "codigo": "57550",
      "action": "skipped",
      "reason": "missing_price_usd"
    },
    {
      "codigo": "57527",
      "action": "skipped",
      "reason": "missing_price_usd"
    },
    {
      "codigo": "57526",
      "action": "skipped",
      "reason": "missing_price_usd"
    },
    {
      "codigo": "57516",
      "action": "skipped",
      "reason": "missing_price_usd"
    },
    {
      "codigo": "57467",
      "action": "skipped",
      "reason": "missing_price_usd"
    },
    {
      "codigo": "57463",
      "action": "skipped",
      "reason": "missing_price_usd"
    },
    {
      "codigo": "57425",
      "action": "skipped",
      "reason": "missing_price_usd"
    },
    {
      "codigo": "57199",
      "action": "skipped",
      "reason": "missing_price_usd"
    },
    {
      "codigo": "57145",
      "action": "skipped",
      "reason": "missing_price_usd"
    },
    {
      "codigo": "57126",
      "action": "skipped",
      "reason": "missing_price_usd"
    },
    {
      "codigo": "57015",
      "action": "skipped",
      "reason": "missing_price_usd"
    },
    {
      "codigo": "56910",
      "action": "skipped",
      "reason": "missing_price_usd"
    },
    {
      "codigo": "56908",
      "action": "skipped",
      "reason": "missing_price_usd"
    },
    {
      "codigo": "56895",
      "action": "skipped",
      "reason": "missing_price_usd"
    },
    {
      "codigo": "56869",
      "action": "skipped",
      "reason": "missing_price_usd"
    },
    {
      "codigo": "56860",
      "action": "skipped",
      "reason": "missing_price_usd"
    },
    {
      "codigo": "56711",
      "action": "skipped",
      "reason": "missing_price_usd"
    },
    {
      "codigo": "56710",
      "action": "skipped",
      "reason": "missing_price_usd"
    },
    {
      "codigo": "56686",
      "action": "skipped",
      "reason": "missing_price_usd"
    },
    {
      "codigo": "56667",
      "action": "skipped",
      "reason": "missing_price_usd"
    },
    {
      "codigo": "56539",
      "action": "skipped",
      "reason": "missing_price_usd"
    },
    {
      "codigo": "56538",
      "action": "skipped",
      "reason": "missing_price_usd"
    },
    {
      "codigo": "56536",
      "action": "skipped",
      "reason": "missing_price_usd"
    },
    {
      "codigo": "56535",
      "action": "skipped",
      "reason": "missing_price_usd"
    },
    {
      "codigo": "56534",
      "action": "skipped",
      "reason": "missing_price_usd"
    },
    {
      "codigo": "56533",
      "action": "skipped",
      "reason": "missing_price_usd"
    },
    {
      "codigo": "56532",
      "action": "skipped",
      "reason": "missing_price_usd"
    },
    {
      "codigo": "56434",
      "action": "skipped",
      "reason": "missing_price_usd"
    },
    {
      "codigo": "56398",
      "action": "skipped",
      "reason": "missing_price_usd"
    },
    {
      "codigo": "56292",
      "action": "skipped",
      "reason": "missing_price_usd"
    },
    {
      "codigo": "56280",
      "action": "skipped",
      "reason": "missing_price_usd"
    },
    {
      "codigo": "56251",
      "action": "skipped",
      "reason": "missing_price_usd"
    },
    {
      "codigo": "56210",
      "action": "skipped",
      "reason": "missing_price_usd"
    },
    {
      "codigo": "56186",
      "action": "skipped",
      "reason": "missing_price_usd"
    },
    {
      "codigo": "56174",
      "action": "skipped",
      "reason": "missing_price_usd"
    },
    {
      "codigo": "56106",
      "action": "skipped",
      "reason": "missing_price_usd"
    },
    {
      "codigo": "56105",
      "action": "skipped",
      "reason": "missing_price_usd"
    },
    {
      "codigo": "55990",
      "action": "skipped",
      "reason": "missing_price_usd"
    },
    {
      "codigo": "55569",
      "action": "skipped",
      "reason": "missing_price_usd"
    },
    {
      "codigo": "55535",
      "action": "skipped",
      "reason": "missing_price_usd"
    },
    {
      "codigo": "55530",
      "action": "skipped",
      "reason": "missing_price_usd"
    },
    {
      "codigo": "55527",
      "action": "skipped",
      "reason": "missing_price_usd"
    },
    {
      "codigo": "55522",
      "action": "skipped",
      "reason": "missing_price_usd"
    },
    {
      "codigo": "55473",
      "action": "skipped",
      "reason": "missing_price_usd"
    },
    {
      "codigo": "55339",
      "action": "skipped",
      "reason": "missing_price_usd"
    },
    {
      "codigo": "55292",
      "action": "skipped",
      "reason": "missing_price_usd"
    },
    {
      "codigo": "55282",
      "action": "skipped",
      "reason": "missing_price_usd"
    },
    {
      "codigo": "55280",
      "action": "skipped",
      "reason": "missing_price_usd"
    },
    {
      "codigo": "55279",
      "action": "skipped",
      "reason": "missing_price_usd"
    },
    {
      "codigo": "55278",
      "action": "skipped",
      "reason": "missing_price_usd"
    },
    {
      "codigo": "55274",
      "action": "skipped",
      "reason": "missing_price_usd"
    },
    {
      "codigo": "55247",
      "action": "skipped",
      "reason": "missing_price_usd"
    },
    {
      "codigo": "55246",
      "action": "skipped",
      "reason": "missing_price_usd"
    },
    {
      "codigo": "55245",
      "action": "skipped",
      "reason": "missing_price_usd"
    },
    {
      "codigo": "55230",
      "action": "skipped",
      "reason": "missing_price_usd"
    },
    {
      "codigo": "55224",
      "action": "skipped",
      "reason": "missing_price_usd"
    },
    {
      "codigo": "55223",
      "action": "skipped",
      "reason": "missing_price_usd"
    },
    {
      "codigo": "55215",
      "action": "skipped",
      "reason": "missing_price_usd"
    },
    {
      "codigo": "55214",
      "action": "skipped",
      "reason": "missing_price_usd"
    },
    {
      "codigo": "55213",
      "action": "skipped",
      "reason": "missing_price_usd"
    },
    {
      "codigo": "55204",
      "action": "skipped",
      "reason": "missing_price_usd"
    },
    {
      "codigo": "55202",
      "action": "skipped",
      "reason": "missing_price_usd"
    },
    {
      "codigo": "55197",
      "action": "skipped",
      "reason": "missing_price_usd"
    },
    {
      "codigo": "55184",
      "action": "skipped",
      "reason": "missing_price_usd"
    },
    {
      "codigo": "55181",
      "action": "skipped",
      "reason": "missing_price_usd"
    },
    {
      "codigo": "55118",
      "action": "skipped",
      "reason": "missing_price_usd"
    },
    {
      "codigo": "55113",
      "action": "skipped",
      "reason": "missing_price_usd"
    },
    {
      "codigo": "55111",
      "action": "skipped",
      "reason": "missing_price_usd"
    },
    {
      "codigo": "55110",
      "action": "skipped",
      "reason": "missing_price_usd"
    },
    {
      "codigo": "55087",
      "action": "skipped",
      "reason": "missing_price_usd"
    },
    {
      "codigo": "55022",
      "action": "skipped",
      "reason": "missing_price_usd"
    },
    {
      "codigo": "55013",
      "action": "skipped",
      "reason": "missing_price_usd"
    },
    {
      "codigo": "54249",
      "action": "skipped",
      "reason": "missing_price_usd"
    },
    {
      "codigo": "54899",
      "action": "skipped",
      "reason": "missing_price_usd"
    },
    {
      "codigo": "54869",
      "action": "skipped",
      "reason": "missing_price_usd"
    },
    {
      "codigo": "54842",
      "action": "skipped",
      "reason": "missing_price_usd"
    },
    {
      "codigo": "54824",
      "action": "skipped",
      "reason": "missing_price_usd"
    },
    {
      "codigo": "54483",
      "action": "skipped",
      "reason": "missing_price_usd"
    },
    {
      "codigo": "54476",
      "action": "skipped",
      "reason": "missing_price_usd"
    },
    {
      "codigo": "54427",
      "action": "skipped",
      "reason": "missing_price_usd"
    },
    {
      "codigo": "54008",
      "action": "skipped",
      "reason": "missing_price_usd"
    },
    {
      "codigo": "53989",
      "action": "skipped",
      "reason": "missing_price_usd"
    },
    {
      "codigo": "53970",
      "action": "skipped",
      "reason": "missing_price_usd"
    },
    {
      "codigo": "53754",
      "action": "skipped",
      "reason": "missing_price_usd"
    },
    {
      "codigo": "53740",
      "action": "skipped",
      "reason": "missing_price_usd"
    },
    {
      "codigo": "53738",
      "action": "skipped",
      "reason": "missing_price_usd"
    },
    {
      "codigo": "53642",
      "action": "skipped",
      "reason": "missing_price_usd"
    },
    {
      "codigo": "53541",
      "action": "skipped",
      "reason": "missing_price_usd"
    },
    {
      "codigo": "53386",
      "action": "skipped",
      "reason": "missing_price_usd"
    },
    {
      "codigo": "53367",
      "action": "skipped",
      "reason": "missing_price_usd"
    },
    {
      "codigo": "53364",
      "action": "skipped",
      "reason": "missing_price_usd"
    },
    {
      "codigo": "53363",
      "action": "skipped",
      "reason": "missing_price_usd"
    },
    {
      "codigo": "53344",
      "action": "skipped",
      "reason": "missing_price_usd"
    },
    {
      "codigo": "48319",
      "action": "skipped",
      "reason": "missing_price_usd"
    },
    {
      "codigo": "53291",
      "action": "skipped",
      "reason": "missing_price_usd"
    },
    {
      "codigo": "53225",
      "action": "skipped",
      "reason": "missing_price_usd"
    },
    {
      "codigo": "42167",
      "action": "skipped",
      "reason": "missing_price_usd"
    },
    {
      "codigo": "45425",
      "action": "skipped",
      "reason": "missing_price_usd"
    },
    {
      "codigo": "51563",
      "action": "skipped",
      "reason": "missing_price_usd"
    },
    {
      "codigo": "53069",
      "action": "skipped",
      "reason": "missing_price_usd"
    },
    {
      "codigo": "53068",
      "action": "skipped",
      "reason": "missing_price_usd"
    },
    {
      "codigo": "53066",
      "action": "skipped",
      "reason": "missing_price_usd"
    },
    {
      "codigo": "53065",
      "action": "skipped",
      "reason": "missing_price_usd"
    },
    {
      "codigo": "53064",
      "action": "skipped",
      "reason": "missing_price_usd"
    },
    {
      "codigo": "53062",
      "action": "skipped",
      "reason": "missing_price_usd"
    },
    {
      "codigo": "53044",
      "action": "skipped",
      "reason": "missing_price_usd"
    },
    {
      "codigo": "53043",
      "action": "skipped",
      "reason": "missing_price_usd"
    },
    {
      "codigo": "53042",
      "action": "skipped",
      "reason": "missing_price_usd"
    },
    {
      "codigo": "53040",
      "action": "skipped",
      "reason": "missing_price_usd"
    },
    {
      "codigo": "52897",
      "action": "skipped",
      "reason": "missing_price_usd"
    },
    {
      "codigo": "52896",
      "action": "skipped",
      "reason": "missing_price_usd"
    },
    {
      "codigo": "44912",
      "action": "skipped",
      "reason": "missing_price_usd"
    },
    {
      "codigo": "52768",
      "action": "skipped",
      "reason": "missing_price_usd"
    },
    {
      "codigo": "52764",
      "action": "skipped",
      "reason": "missing_price_usd"
    },
    {
      "codigo": "52762",
      "action": "skipped",
      "reason": "missing_price_usd"
    },
    {
      "codigo": "52756",
      "action": "skipped",
      "reason": "missing_price_usd"
    },
    {
      "codigo": "52753",
      "action": "skipped",
      "reason": "missing_price_usd"
    },
    {
      "codigo": "52745",
      "action": "skipped",
      "reason": "missing_price_usd"
    },
    {
      "codigo": "52715",
      "action": "skipped",
      "reason": "missing_price_usd"
    },
    {
      "codigo": "52187",
      "action": "skipped",
      "reason": "missing_price_usd"
    },
    {
      "codigo": "41347",
      "action": "skipped",
      "reason": "missing_price_usd"
    },
    {
      "codigo": "52185",
      "action": "skipped",
      "reason": "missing_price_usd"
    },
    {
      "codigo": "52182",
      "action": "skipped",
      "reason": "missing_price_usd"
    },
    {
      "codigo": "52180",
      "action": "skipped",
      "reason": "missing_price_usd"
    },
    {
      "codigo": "52137",
      "action": "skipped",
      "reason": "missing_price_usd"
    },
    {
      "codigo": "52115",
      "action": "skipped",
      "reason": "missing_price_usd"
    },
    {
      "codigo": "52046",
      "action": "skipped",
      "reason": "missing_price_usd"
    },
    {
      "codigo": "52044",
      "action": "skipped",
      "reason": "missing_price_usd"
    },
    {
      "codigo": "52043",
      "action": "skipped",
      "reason": "missing_price_usd"
    },
    {
      "codigo": "51768",
      "action": "skipped",
      "reason": "missing_price_usd"
    },
    {
      "codigo": "51666",
      "action": "skipped",
      "reason": "missing_price_usd"
    },
    {
      "codigo": "51637",
      "action": "skipped",
      "reason": "missing_price_usd"
    },
    {
      "codigo": "51611",
      "action": "skipped",
      "reason": "missing_price_usd"
    },
    {
      "codigo": "45881",
      "action": "skipped",
      "reason": "missing_price_usd"
    },
    {
      "codigo": "45883",
      "action": "skipped",
      "reason": "missing_price_usd"
    },
    {
      "codigo": "45882",
      "action": "skipped",
      "reason": "missing_price_usd"
    },
    {
      "codigo": "45880",
      "action": "skipped",
      "reason": "missing_price_usd"
    },
    {
      "codigo": "45879",
      "action": "skipped",
      "reason": "missing_price_usd"
    },
    {
      "codigo": "45878",
      "action": "skipped",
      "reason": "missing_price_usd"
    },
    {
      "codigo": "51568",
      "action": "skipped",
      "reason": "missing_price_usd"
    },
    {
      "codigo": "51475",
      "action": "skipped",
      "reason": "missing_price_usd"
    },
    {
      "codigo": "51263",
      "action": "skipped",
      "reason": "missing_price_usd"
    },
    {
      "codigo": "51248",
      "action": "skipped",
      "reason": "missing_price_usd"
    },
    {
      "codigo": "51231",
      "action": "skipped",
      "reason": "missing_price_usd"
    },
    {
      "codigo": "51230",
      "action": "skipped",
      "reason": "missing_price_usd"
    },
    {
      "codigo": "51229",
      "action": "skipped",
      "reason": "missing_price_usd"
    },
    {
      "codigo": "51219",
      "action": "skipped",
      "reason": "missing_price_usd"
    },
    {
      "codigo": "51218",
      "action": "skipped",
      "reason": "missing_price_usd"
    },
    {
      "codigo": "51217",
      "action": "skipped",
      "reason": "missing_price_usd"
    },
    {
      "codigo": "51121",
      "action": "skipped",
      "reason": "missing_price_usd"
    },
    {
      "codigo": "40243",
      "action": "skipped",
      "reason": "missing_price_usd"
    },
    {
      "codigo": "40244",
      "action": "skipped",
      "reason": "missing_price_usd"
    },
    {
      "codigo": "50801",
      "action": "skipped",
      "reason": "missing_price_usd"
    },
    {
      "codigo": "50703",
      "action": "skipped",
      "reason": "missing_price_usd"
    },
    {
      "codigo": "50525",
      "action": "skipped",
      "reason": "missing_price_usd"
    },
    {
      "codigo": "50510",
      "action": "skipped",
      "reason": "missing_price_usd"
    },
    {
      "codigo": "50495",
      "action": "skipped",
      "reason": "missing_price_usd"
    },
    {
      "codigo": "50486",
      "action": "skipped",
      "reason": "missing_price_usd"
    },
    {
      "codigo": "39136",
      "action": "skipped",
      "reason": "missing_price_usd"
    },
    {
      "codigo": "50474",
      "action": "skipped",
      "reason": "missing_price_usd"
    },
    {
      "codigo": "50380",
      "action": "skipped",
      "reason": "missing_price_usd"
    },
    {
      "codigo": "50379",
      "action": "skipped",
      "reason": "missing_price_usd"
    },
    {
      "codigo": "50263",
      "action": "skipped",
      "reason": "missing_price_usd"
    },
    {
      "codigo": "17000",
      "action": "skipped",
      "reason": "missing_price_usd"
    },
    {
      "codigo": "50186",
      "action": "skipped",
      "reason": "missing_price_usd"
    },
    {
      "codigo": "50166",
      "action": "skipped",
      "reason": "missing_price_usd"
    },
    {
      "codigo": "50006",
      "action": "skipped",
      "reason": "missing_price_usd"
    },
    {
      "codigo": "28447",
      "action": "skipped",
      "reason": "missing_price_usd"
    },
    {
      "codigo": "30819",
      "action": "skipped",
      "reason": "missing_price_usd"
    },
    {
      "codigo": "32001",
      "action": "skipped",
      "reason": "missing_price_usd"
    },
    {
      "codigo": "49820",
      "action": "skipped",
      "reason": "missing_price_usd"
    },
    {
      "codigo": "49785",
      "action": "skipped",
      "reason": "missing_price_usd"
    },
    {
      "codigo": "49702",
      "action": "skipped",
      "reason": "missing_price_usd"
    },
    {
      "codigo": "49525",
      "action": "skipped",
      "reason": "missing_price_usd"
    },
    {
      "codigo": "49521",
      "action": "skipped",
      "reason": "missing_price_usd"
    },
    {
      "codigo": "27357",
      "action": "skipped",
      "reason": "missing_price_usd"
    },
    {
      "codigo": "49467",
      "action": "skipped",
      "reason": "missing_price_usd"
    },
    {
      "codigo": "49335",
      "action": "skipped",
      "reason": "missing_price_usd"
    },
    {
      "codigo": "49294",
      "action": "skipped",
      "reason": "missing_price_usd"
    },
    {
      "codigo": "44351",
      "action": "skipped",
      "reason": "missing_price_usd"
    },
    {
      "codigo": "49229",
      "action": "skipped",
      "reason": "missing_price_usd"
    },
    {
      "codigo": "49228",
      "action": "skipped",
      "reason": "missing_price_usd"
    },
    {
      "codigo": "49217",
      "action": "skipped",
      "reason": "missing_price_usd"
    },
    {
      "codigo": "49130",
      "action": "skipped",
      "reason": "missing_price_usd"
    },
    {
      "codigo": "49117",
      "action": "skipped",
      "reason": "missing_price_usd"
    },
    {
      "codigo": "49114",
      "action": "skipped",
      "reason": "missing_price_usd"
    },
    {
      "codigo": "48982",
      "action": "skipped",
      "reason": "missing_price_usd"
    },
    {
      "codigo": "48981",
      "action": "skipped",
      "reason": "missing_price_usd"
    },
    {
      "codigo": "48906",
      "action": "skipped",
      "reason": "missing_price_usd"
    },
    {
      "codigo": "48784",
      "action": "skipped",
      "reason": "missing_price_usd"
    },
    {
      "codigo": "48754",
      "action": "skipped",
      "reason": "missing_price_usd"
    },
    {
      "codigo": "48753",
      "action": "skipped",
      "reason": "missing_price_usd"
    },
    {
      "codigo": "48752",
      "action": "skipped",
      "reason": "missing_price_usd"
    },
    {
      "codigo": "48692",
      "action": "skipped",
      "reason": "missing_price_usd"
    },
    {
      "codigo": "48603",
      "action": "skipped",
      "reason": "missing_price_usd"
    },
    {
      "codigo": "48471",
      "action": "skipped",
      "reason": "missing_price_usd"
    },
    {
      "codigo": "48470",
      "action": "skipped",
      "reason": "missing_price_usd"
    },
    {
      "codigo": "48469",
      "action": "skipped",
      "reason": "missing_price_usd"
    },
    {
      "codigo": "48452",
      "action": "skipped",
      "reason": "missing_price_usd"
    },
    {
      "codigo": "48451",
      "action": "skipped",
      "reason": "missing_price_usd"
    },
    {
      "codigo": "47677",
      "action": "skipped",
      "reason": "missing_price_usd"
    },
    {
      "codigo": "48320",
      "action": "skipped",
      "reason": "missing_price_usd"
    },
    {
      "codigo": "48216",
      "action": "skipped",
      "reason": "missing_price_usd"
    },
    {
      "codigo": "48182",
      "action": "skipped",
      "reason": "missing_price_usd"
    },
    {
      "codigo": "48168",
      "action": "skipped",
      "reason": "missing_price_usd"
    },
    {
      "codigo": "48108",
      "action": "skipped",
      "reason": "missing_price_usd"
    },
    {
      "codigo": "42824",
      "action": "skipped",
      "reason": "missing_price_usd"
    },
    {
      "codigo": "48054",
      "action": "skipped",
      "reason": "missing_price_usd"
    },
    {
      "codigo": "40242",
      "action": "skipped",
      "reason": "missing_price_usd"
    },
    {
      "codigo": "47944",
      "action": "skipped",
      "reason": "missing_price_usd"
    },
    {
      "codigo": "47937",
      "action": "skipped",
      "reason": "missing_price_usd"
    },
    {
      "codigo": "47733",
      "action": "skipped",
      "reason": "missing_price_usd"
    },
    {
      "codigo": "47689",
      "action": "skipped",
      "reason": "missing_price_usd"
    },
    {
      "codigo": "47680",
      "action": "skipped",
      "reason": "missing_price_usd"
    },
    {
      "codigo": "47678",
      "action": "skipped",
      "reason": "missing_price_usd"
    },
    {
      "codigo": "47621",
      "action": "skipped",
      "reason": "missing_price_usd"
    },
    {
      "codigo": "47540",
      "action": "skipped",
      "reason": "missing_price_usd"
    },
    {
      "codigo": "36529",
      "action": "skipped",
      "reason": "missing_price_usd"
    },
    {
      "codigo": "36528",
      "action": "skipped",
      "reason": "missing_price_usd"
    },
    {
      "codigo": "47436",
      "action": "skipped",
      "reason": "missing_price_usd"
    },
    {
      "codigo": "47345",
      "action": "skipped",
      "reason": "missing_price_usd"
    },
    {
      "codigo": "47336",
      "action": "skipped",
      "reason": "missing_price_usd"
    },
    {
      "codigo": "47219",
      "action": "skipped",
      "reason": "missing_price_usd"
    },
    {
      "codigo": "47200",
      "action": "skipped",
      "reason": "missing_price_usd"
    },
    {
      "codigo": "47086",
      "action": "skipped",
      "reason": "missing_price_usd"
    },
    {
      "codigo": "41117",
      "action": "skipped",
      "reason": "missing_price_usd"
    },
    {
      "codigo": "28832",
      "action": "skipped",
      "reason": "missing_price_usd"
    },
    {
      "codigo": "46500",
      "action": "skipped",
      "reason": "missing_price_usd"
    },
    {
      "codigo": "44962",
      "action": "skipped",
      "reason": "missing_price_usd"
    },
    {
      "codigo": "46293",
      "action": "skipped",
      "reason": "missing_price_usd"
    },
    {
      "codigo": "46292",
      "action": "skipped",
      "reason": "missing_price_usd"
    },
    {
      "codigo": "45915",
      "action": "skipped",
      "reason": "missing_price_usd"
    },
    {
      "codigo": "45789",
      "action": "skipped",
      "reason": "missing_price_usd"
    },
    {
      "codigo": "23740",
      "action": "skipped",
      "reason": "missing_price_usd"
    },
    {
      "codigo": "25330",
      "action": "skipped",
      "reason": "missing_price_usd"
    },
    {
      "codigo": "45758",
      "action": "skipped",
      "reason": "missing_price_usd"
    },
    {
      "codigo": "34431",
      "action": "skipped",
      "reason": "missing_price_usd"
    },
    {
      "codigo": "29636",
      "action": "skipped",
      "reason": "missing_price_usd"
    },
    {
      "codigo": "14190",
      "action": "skipped",
      "reason": "missing_price_usd"
    },
    {
      "codigo": "24378",
      "action": "skipped",
      "reason": "missing_price_usd"
    },
    {
      "codigo": "28867",
      "action": "skipped",
      "reason": "missing_price_usd"
    },
    {
      "codigo": "45594",
      "action": "skipped",
      "reason": "missing_price_usd"
    },
    {
      "codigo": "14597",
      "action": "skipped",
      "reason": "missing_price_usd"
    },
    {
      "codigo": "31217",
      "action": "skipped",
      "reason": "missing_price_usd"
    },
    {
      "codigo": "24427",
      "action": "skipped",
      "reason": "missing_price_usd"
    },
    {
      "codigo": "21778",
      "action": "skipped",
      "reason": "missing_price_usd"
    },
    {
      "codigo": "23486",
      "action": "skipped",
      "reason": "missing_price_usd"
    },
    {
      "codigo": "45460",
      "action": "skipped",
      "reason": "missing_price_usd"
    },
    {
      "codigo": "45416",
      "action": "skipped",
      "reason": "missing_price_usd"
    },
    {
      "codigo": "45415",
      "action": "skipped",
      "reason": "missing_price_usd"
    },
    {
      "codigo": "45372",
      "action": "skipped",
      "reason": "missing_price_usd"
    },
    {
      "codigo": "25195",
      "action": "skipped",
      "reason": "missing_price_usd"
    },
    {
      "codigo": "45204",
      "action": "skipped",
      "reason": "missing_price_usd"
    },
    {
      "codigo": "45197",
      "action": "skipped",
      "reason": "missing_price_usd"
    },
    {
      "codigo": "45105",
      "action": "skipped",
      "reason": "missing_price_usd"
    },
    {
      "codigo": "45104",
      "action": "skipped",
      "reason": "missing_price_usd"
    },
    {
      "codigo": "40255",
      "action": "skipped",
      "reason": "missing_price_usd"
    },
    {
      "codigo": "44947",
      "action": "skipped",
      "reason": "missing_price_usd"
    },
    {
      "codigo": "44808",
      "action": "skipped",
      "reason": "missing_price_usd"
    },
    {
      "codigo": "44804",
      "action": "skipped",
      "reason": "missing_price_usd"
    },
    {
      "codigo": "44795",
      "action": "skipped",
      "reason": "missing_price_usd"
    },
    {
      "codigo": "44787",
      "action": "skipped",
      "reason": "missing_price_usd"
    },
    {
      "codigo": "44737",
      "action": "skipped",
      "reason": "missing_price_usd"
    },
    {
      "codigo": "44497",
      "action": "skipped",
      "reason": "missing_price_usd"
    },
    {
      "codigo": "44264",
      "action": "skipped",
      "reason": "missing_price_usd"
    },
    {
      "codigo": "44243",
      "action": "skipped",
      "reason": "missing_price_usd"
    },
    {
      "codigo": "39125",
      "action": "skipped",
      "reason": "missing_price_usd"
    },
    {
      "codigo": "44236",
      "action": "skipped",
      "reason": "missing_price_usd"
    },
    {
      "codigo": "43890",
      "action": "skipped",
      "reason": "missing_price_usd"
    },
    {
      "codigo": "38098",
      "action": "skipped",
      "reason": "missing_price_usd"
    },
    {
      "codigo": "38097",
      "action": "skipped",
      "reason": "missing_price_usd"
    },
    {
      "codigo": "38096",
      "action": "skipped",
      "reason": "missing_price_usd"
    },
    {
      "codigo": "43764",
      "action": "skipped",
      "reason": "missing_price_usd"
    },
    {
      "codigo": "43763",
      "action": "skipped",
      "reason": "missing_price_usd"
    },
    {
      "codigo": "43734",
      "action": "skipped",
      "reason": "missing_price_usd"
    },
    {
      "codigo": "43053",
      "action": "skipped",
      "reason": "missing_price_usd"
    },
    {
      "codigo": "43275",
      "action": "skipped",
      "reason": "missing_price_usd"
    },
    {
      "codigo": "43274",
      "action": "skipped",
      "reason": "missing_price_usd"
    },
    {
      "codigo": "43239",
      "action": "skipped",
      "reason": "missing_price_usd"
    },
    {
      "codigo": "43238",
      "action": "skipped",
      "reason": "missing_price_usd"
    },
    {
      "codigo": "43235",
      "action": "skipped",
      "reason": "missing_price_usd"
    },
    {
      "codigo": "32359",
      "action": "skipped",
      "reason": "missing_price_usd"
    },
    {
      "codigo": "43052",
      "action": "skipped",
      "reason": "missing_price_usd"
    },
    {
      "codigo": "42500",
      "action": "skipped",
      "reason": "missing_price_usd"
    },
    {
      "codigo": "43049",
      "action": "skipped",
      "reason": "missing_price_usd"
    },
    {
      "codigo": "43046",
      "action": "skipped",
      "reason": "missing_price_usd"
    },
    {
      "codigo": "43006",
      "action": "skipped",
      "reason": "missing_price_usd"
    },
    {
      "codigo": "42993",
      "action": "skipped",
      "reason": "missing_price_usd"
    },
    {
      "codigo": "42990",
      "action": "skipped",
      "reason": "missing_price_usd"
    },
    {
      "codigo": "42980",
      "action": "skipped",
      "reason": "missing_price_usd"
    },
    {
      "codigo": "42867",
      "action": "skipped",
      "reason": "missing_price_usd"
    },
    {
      "codigo": "42826",
      "action": "skipped",
      "reason": "missing_price_usd"
    },
    {
      "codigo": "42712",
      "action": "skipped",
      "reason": "missing_price_usd"
    },
    {
      "codigo": "42631",
      "action": "skipped",
      "reason": "missing_price_usd"
    },
    {
      "codigo": "42630",
      "action": "skipped",
      "reason": "missing_price_usd"
    },
    {
      "codigo": "36698",
      "action": "skipped",
      "reason": "missing_price_usd"
    },
    {
      "codigo": "24389",
      "action": "skipped",
      "reason": "missing_price_usd"
    },
    {
      "codigo": "17456",
      "action": "skipped",
      "reason": "missing_price_usd"
    },
    {
      "codigo": "9936",
      "action": "skipped",
      "reason": "missing_price_usd"
    },
    {
      "codigo": "21717",
      "action": "skipped",
      "reason": "missing_price_usd"
    },
    {
      "codigo": "42197",
      "action": "skipped",
      "reason": "missing_price_usd"
    },
    {
      "codigo": "42179",
      "action": "skipped",
      "reason": "missing_price_usd"
    },
    {
      "codigo": "42161",
      "action": "skipped",
      "reason": "missing_price_usd"
    },
    {
      "codigo": "36587",
      "action": "skipped",
      "reason": "missing_price_usd"
    },
    {
      "codigo": "33799",
      "action": "skipped",
      "reason": "missing_price_usd"
    },
    {
      "codigo": "42030",
      "action": "skipped",
      "reason": "missing_price_usd"
    },
    {
      "codigo": "30211",
      "action": "skipped",
      "reason": "missing_price_usd"
    },
    {
      "codigo": "28830",
      "action": "skipped",
      "reason": "missing_price_usd"
    },
    {
      "codigo": "41890",
      "action": "skipped",
      "reason": "missing_price_usd"
    },
    {
      "codigo": "41771",
      "action": "skipped",
      "reason": "missing_price_usd"
    },
    {
      "codigo": "41769",
      "action": "skipped",
      "reason": "missing_price_usd"
    },
    {
      "codigo": "41687",
      "action": "skipped",
      "reason": "missing_price_usd"
    },
    {
      "codigo": "41102",
      "action": "skipped",
      "reason": "missing_price_usd"
    },
    {
      "codigo": "41612",
      "action": "skipped",
      "reason": "missing_price_usd"
    },
    {
      "codigo": "41610",
      "action": "skipped",
      "reason": "missing_price_usd"
    },
    {
      "codigo": "41606",
      "action": "skipped",
      "reason": "missing_price_usd"
    },
    {
      "codigo": "41525",
      "action": "skipped",
      "reason": "missing_price_usd"
    },
    {
      "codigo": "35430",
      "action": "skipped",
      "reason": "missing_price_usd"
    },
    {
      "codigo": "35429",
      "action": "skipped",
      "reason": "missing_price_usd"
    },
    {
      "codigo": "41106",
      "action": "skipped",
      "reason": "missing_price_usd"
    },
    {
      "codigo": "35336",
      "action": "skipped",
      "reason": "missing_price_usd"
    },
    {
      "codigo": "40887",
      "action": "skipped",
      "reason": "missing_price_usd"
    },
    {
      "codigo": "36085",
      "action": "skipped",
      "reason": "missing_price_usd"
    },
    {
      "codigo": "40788",
      "action": "skipped",
      "reason": "missing_price_usd"
    },
    {
      "codigo": "40664",
      "action": "skipped",
      "reason": "missing_price_usd"
    },
    {
      "codigo": "40663",
      "action": "skipped",
      "reason": "missing_price_usd"
    },
    {
      "codigo": "40639",
      "action": "skipped",
      "reason": "missing_price_usd"
    },
    {
      "codigo": "40358",
      "action": "skipped",
      "reason": "missing_price_usd"
    },
    {
      "codigo": "27912",
      "action": "skipped",
      "reason": "missing_price_usd"
    },
    {
      "codigo": "27973",
      "action": "skipped",
      "reason": "missing_price_usd"
    },
    {
      "codigo": "31202",
      "action": "skipped",
      "reason": "missing_price_usd"
    },
    {
      "codigo": "31862",
      "action": "skipped",
      "reason": "missing_price_usd"
    },
    {
      "codigo": "31863",
      "action": "skipped",
      "reason": "missing_price_usd"
    },
    {
      "codigo": "31864",
      "action": "skipped",
      "reason": "missing_price_usd"
    },
    {
      "codigo": "34432",
      "action": "skipped",
      "reason": "missing_price_usd"
    },
    {
      "codigo": "31258",
      "action": "skipped",
      "reason": "missing_price_usd"
    },
    {
      "codigo": "31686",
      "action": "skipped",
      "reason": "missing_price_usd"
    },
    {
      "codigo": "31257",
      "action": "skipped",
      "reason": "missing_price_usd"
    },
    {
      "codigo": "34481",
      "action": "skipped",
      "reason": "missing_price_usd"
    },
    {
      "codigo": "23814",
      "action": "skipped",
      "reason": "missing_price_usd"
    },
    {
      "codigo": "34429",
      "action": "skipped",
      "reason": "missing_price_usd"
    },
    {
      "codigo": "28835",
      "action": "skipped",
      "reason": "missing_price_usd"
    },
    {
      "codigo": "6653",
      "action": "skipped",
      "reason": "missing_price_usd"
    },
    {
      "codigo": "40294",
      "action": "skipped",
      "reason": "missing_price_usd"
    },
    {
      "codigo": "24376",
      "action": "skipped",
      "reason": "missing_price_usd"
    },
    {
      "codigo": "28833",
      "action": "skipped",
      "reason": "missing_price_usd"
    },
    {
      "codigo": "24375",
      "action": "skipped",
      "reason": "missing_price_usd"
    },
    {
      "codigo": "24374",
      "action": "skipped",
      "reason": "missing_price_usd"
    },
    {
      "codigo": "34363",
      "action": "skipped",
      "reason": "missing_price_usd"
    },
    {
      "codigo": "24373",
      "action": "skipped",
      "reason": "missing_price_usd"
    },
    {
      "codigo": "21159",
      "action": "skipped",
      "reason": "missing_price_usd"
    },
    {
      "codigo": "24124",
      "action": "skipped",
      "reason": "missing_price_usd"
    },
    {
      "codigo": "23813",
      "action": "skipped",
      "reason": "missing_price_usd"
    },
    {
      "codigo": "24371",
      "action": "skipped",
      "reason": "missing_price_usd"
    },
    {
      "codigo": "24422",
      "action": "skipped",
      "reason": "missing_price_usd"
    },
    {
      "codigo": "40259",
      "action": "skipped",
      "reason": "missing_price_usd"
    },
    {
      "codigo": "31157",
      "action": "skipped",
      "reason": "missing_price_usd"
    },
    {
      "codigo": "35416",
      "action": "skipped",
      "reason": "missing_price_usd"
    },
    {
      "codigo": "40105",
      "action": "skipped",
      "reason": "missing_price_usd"
    },
    {
      "codigo": "30215",
      "action": "skipped",
      "reason": "missing_price_usd"
    },
    {
      "codigo": "40022",
      "action": "skipped",
      "reason": "missing_price_usd"
    },
    {
      "codigo": "40020",
      "action": "skipped",
      "reason": "missing_price_usd"
    },
    {
      "codigo": "39977",
      "action": "skipped",
      "reason": "missing_price_usd"
    },
    {
      "codigo": "39969",
      "action": "skipped",
      "reason": "missing_price_usd"
    },
    {
      "codigo": "39966",
      "action": "skipped",
      "reason": "missing_price_usd"
    },
    {
      "codigo": "39956",
      "action": "skipped",
      "reason": "missing_price_usd"
    },
    {
      "codigo": "39944",
      "action": "skipped",
      "reason": "missing_price_usd"
    },
    {
      "codigo": "39747",
      "action": "skipped",
      "reason": "missing_price_usd"
    },
    {
      "codigo": "23434",
      "action": "skipped",
      "reason": "missing_price_usd"
    },
    {
      "codigo": "39127",
      "action": "skipped",
      "reason": "missing_price_usd"
    },
    {
      "codigo": "39126",
      "action": "skipped",
      "reason": "missing_price_usd"
    },
    {
      "codigo": "39124",
      "action": "skipped",
      "reason": "missing_price_usd"
    },
    {
      "codigo": "39666",
      "action": "skipped",
      "reason": "missing_price_usd"
    },
    {
      "codigo": "39609",
      "action": "skipped",
      "reason": "missing_price_usd"
    },
    {
      "codigo": "32355",
      "action": "skipped",
      "reason": "missing_price_usd"
    },
    {
      "codigo": "32354",
      "action": "skipped",
      "reason": "missing_price_usd"
    },
    {
      "codigo": "27355",
      "action": "skipped",
      "reason": "missing_price_usd"
    },
    {
      "codigo": "18267",
      "action": "skipped",
      "reason": "missing_price_usd"
    },
    {
      "codigo": "24035",
      "action": "skipped",
      "reason": "missing_price_usd"
    },
    {
      "codigo": "39406",
      "action": "skipped",
      "reason": "missing_price_usd"
    },
    {
      "codigo": "33635",
      "action": "skipped",
      "reason": "missing_price_usd"
    },
    {
      "codigo": "30823",
      "action": "skipped",
      "reason": "missing_price_usd"
    },
    {
      "codigo": "34092",
      "action": "skipped",
      "reason": "missing_price_usd"
    },
    {
      "codigo": "39362",
      "action": "skipped",
      "reason": "missing_price_usd"
    },
    {
      "codigo": "16394",
      "action": "skipped",
      "reason": "missing_price_usd"
    },
    {
      "codigo": "39343",
      "action": "skipped",
      "reason": "missing_price_usd"
    },
    {
      "codigo": "39342",
      "action": "skipped",
      "reason": "missing_price_usd"
    },
    {
      "codigo": "39299",
      "action": "skipped",
      "reason": "missing_price_usd"
    },
    {
      "codigo": "38562",
      "action": "skipped",
      "reason": "missing_price_usd"
    },
    {
      "codigo": "38761",
      "action": "skipped",
      "reason": "missing_price_usd"
    },
    {
      "codigo": "38689",
      "action": "skipped",
      "reason": "missing_price_usd"
    },
    {
      "codigo": "38671",
      "action": "skipped",
      "reason": "missing_price_usd"
    },
    {
      "codigo": "38616",
      "action": "skipped",
      "reason": "missing_price_usd"
    },
    {
      "codigo": "38453",
      "action": "skipped",
      "reason": "missing_price_usd"
    },
    {
      "codigo": "38322",
      "action": "skipped",
      "reason": "missing_price_usd"
    },
    {
      "codigo": "38313",
      "action": "skipped",
      "reason": "missing_price_usd"
    },
    {
      "codigo": "38274",
      "action": "skipped",
      "reason": "missing_price_usd"
    },
    {
      "codigo": "38196",
      "action": "skipped",
      "reason": "missing_price_usd"
    },
    {
      "codigo": "38190",
      "action": "skipped",
      "reason": "missing_price_usd"
    },
    {
      "codigo": "38121",
      "action": "skipped",
      "reason": "missing_price_usd"
    },
    {
      "codigo": "38082",
      "action": "skipped",
      "reason": "missing_price_usd"
    },
    {
      "codigo": "37934",
      "action": "skipped",
      "reason": "missing_price_usd"
    },
    {
      "codigo": "37915",
      "action": "skipped",
      "reason": "missing_price_usd"
    },
    {
      "codigo": "37896",
      "action": "skipped",
      "reason": "missing_price_usd"
    },
    {
      "codigo": "37882",
      "action": "skipped",
      "reason": "missing_price_usd"
    },
    {
      "codigo": "37704",
      "action": "skipped",
      "reason": "missing_price_usd"
    },
    {
      "codigo": "37702",
      "action": "skipped",
      "reason": "missing_price_usd"
    },
    {
      "codigo": "37536",
      "action": "skipped",
      "reason": "missing_price_usd"
    },
    {
      "codigo": "37510",
      "action": "skipped",
      "reason": "missing_price_usd"
    },
    {
      "codigo": "37508",
      "action": "skipped",
      "reason": "missing_price_usd"
    },
    {
      "codigo": "37507",
      "action": "skipped",
      "reason": "missing_price_usd"
    },
    {
      "codigo": "37224",
      "action": "skipped",
      "reason": "missing_price_usd"
    },
    {
      "codigo": "37217",
      "action": "skipped",
      "reason": "missing_price_usd"
    },
    {
      "codigo": "36972",
      "action": "skipped",
      "reason": "missing_price_usd"
    },
    {
      "codigo": "36857",
      "action": "skipped",
      "reason": "missing_price_usd"
    },
    {
      "codigo": "36821",
      "action": "skipped",
      "reason": "missing_price_usd"
    },
    {
      "codigo": "36800",
      "action": "skipped",
      "reason": "missing_price_usd"
    },
    {
      "codigo": "36798",
      "action": "skipped",
      "reason": "missing_price_usd"
    },
    {
      "codigo": "36702",
      "action": "skipped",
      "reason": "missing_price_usd"
    },
    {
      "codigo": "29172",
      "action": "skipped",
      "reason": "missing_price_usd"
    },
    {
      "codigo": "29610",
      "action": "skipped",
      "reason": "missing_price_usd"
    },
    {
      "codigo": "31161",
      "action": "skipped",
      "reason": "missing_price_usd"
    },
    {
      "codigo": "36234",
      "action": "skipped",
      "reason": "missing_price_usd"
    },
    {
      "codigo": "36136",
      "action": "skipped",
      "reason": "missing_price_usd"
    },
    {
      "codigo": "36133",
      "action": "skipped",
      "reason": "missing_price_usd"
    },
    {
      "codigo": "28842",
      "action": "skipped",
      "reason": "missing_price_usd"
    },
    {
      "codigo": "32361",
      "action": "skipped",
      "reason": "missing_price_usd"
    },
    {
      "codigo": "28856",
      "action": "skipped",
      "reason": "missing_price_usd"
    },
    {
      "codigo": "32360",
      "action": "skipped",
      "reason": "missing_price_usd"
    },
    {
      "codigo": "28106",
      "action": "skipped",
      "reason": "missing_price_usd"
    },
    {
      "codigo": "34906",
      "action": "skipped",
      "reason": "missing_price_usd"
    },
    {
      "codigo": "36078",
      "action": "skipped",
      "reason": "missing_price_usd"
    },
    {
      "codigo": "22622",
      "action": "skipped",
      "reason": "missing_price_usd"
    },
    {
      "codigo": "36036",
      "action": "skipped",
      "reason": "missing_price_usd"
    },
    {
      "codigo": "16723",
      "action": "skipped",
      "reason": "missing_price_usd"
    },
    {
      "codigo": "35873",
      "action": "skipped",
      "reason": "missing_price_usd"
    },
    {
      "codigo": "35853",
      "action": "skipped",
      "reason": "missing_price_usd"
    },
    {
      "codigo": "35784",
      "action": "skipped",
      "reason": "missing_price_usd"
    },
    {
      "codigo": "35232",
      "action": "skipped",
      "reason": "missing_price_usd"
    },
    {
      "codigo": "35664",
      "action": "skipped",
      "reason": "missing_price_usd"
    },
    {
      "codigo": "35550",
      "action": "skipped",
      "reason": "missing_price_usd"
    },
    {
      "codigo": "35414",
      "action": "skipped",
      "reason": "missing_price_usd"
    },
    {
      "codigo": "35396",
      "action": "skipped",
      "reason": "missing_price_usd"
    },
    {
      "codigo": "27000",
      "action": "skipped",
      "reason": "missing_price_usd"
    },
    {
      "codigo": "32085",
      "action": "skipped",
      "reason": "missing_price_usd"
    },
    {
      "codigo": "35153",
      "action": "skipped",
      "reason": "missing_price_usd"
    },
    {
      "codigo": "35150",
      "action": "skipped",
      "reason": "missing_price_usd"
    },
    {
      "codigo": "34774",
      "action": "skipped",
      "reason": "missing_price_usd"
    },
    {
      "codigo": "34776",
      "action": "skipped",
      "reason": "missing_price_usd"
    },
    {
      "codigo": "31075",
      "action": "skipped",
      "reason": "missing_price_usd"
    },
    {
      "codigo": "35062",
      "action": "skipped",
      "reason": "missing_price_usd"
    },
    {
      "codigo": "35053",
      "action": "skipped",
      "reason": "missing_price_usd"
    },
    {
      "codigo": "35020",
      "action": "skipped",
      "reason": "missing_price_usd"
    },
    {
      "codigo": "9598",
      "action": "skipped",
      "reason": "missing_price_usd"
    },
    {
      "codigo": "9513",
      "action": "skipped",
      "reason": "missing_price_usd"
    },
    {
      "codigo": "34978",
      "action": "skipped",
      "reason": "missing_price_usd"
    },
    {
      "codigo": "34972",
      "action": "skipped",
      "reason": "missing_price_usd"
    },
    {
      "codigo": "34904",
      "action": "skipped",
      "reason": "missing_price_usd"
    },
    {
      "codigo": "34903",
      "action": "skipped",
      "reason": "missing_price_usd"
    },
    {
      "codigo": "34902",
      "action": "skipped",
      "reason": "missing_price_usd"
    },
    {
      "codigo": "34864",
      "action": "skipped",
      "reason": "missing_price_usd"
    },
    {
      "codigo": "34862",
      "action": "skipped",
      "reason": "missing_price_usd"
    },
    {
      "codigo": "34859",
      "action": "skipped",
      "reason": "missing_price_usd"
    },
    {
      "codigo": "34806",
      "action": "skipped",
      "reason": "missing_price_usd"
    },
    {
      "codigo": "34787",
      "action": "skipped",
      "reason": "missing_price_usd"
    },
    {
      "codigo": "34780",
      "action": "skipped",
      "reason": "missing_price_usd"
    },
    {
      "codigo": "34532",
      "action": "skipped",
      "reason": "missing_price_usd"
    },
    {
      "codigo": "34498",
      "action": "skipped",
      "reason": "missing_price_usd"
    },
    {
      "codigo": "34493",
      "action": "skipped",
      "reason": "missing_price_usd"
    },
    {
      "codigo": "34437",
      "action": "skipped",
      "reason": "missing_price_usd"
    },
    {
      "codigo": "34387",
      "action": "skipped",
      "reason": "missing_price_usd"
    },
    {
      "codigo": "34386",
      "action": "skipped",
      "reason": "missing_price_usd"
    },
    {
      "codigo": "34385",
      "action": "skipped",
      "reason": "missing_price_usd"
    },
    {
      "codigo": "34382",
      "action": "skipped",
      "reason": "missing_price_usd"
    },
    {
      "codigo": "34264",
      "action": "skipped",
      "reason": "missing_price_usd"
    },
    {
      "codigo": "34248",
      "action": "skipped",
      "reason": "missing_price_usd"
    },
    {
      "codigo": "34245",
      "action": "skipped",
      "reason": "missing_price_usd"
    },
    {
      "codigo": "34188",
      "action": "skipped",
      "reason": "missing_price_usd"
    },
    {
      "codigo": "34115",
      "action": "skipped",
      "reason": "missing_price_usd"
    },
    {
      "codigo": "34114",
      "action": "skipped",
      "reason": "missing_price_usd"
    },
    {
      "codigo": "34093",
      "action": "skipped",
      "reason": "missing_price_usd"
    },
    {
      "codigo": "34091",
      "action": "skipped",
      "reason": "missing_price_usd"
    },
    {
      "codigo": "34086",
      "action": "skipped",
      "reason": "missing_price_usd"
    },
    {
      "codigo": "33980",
      "action": "skipped",
      "reason": "missing_price_usd"
    },
    {
      "codigo": "33975",
      "action": "skipped",
      "reason": "missing_price_usd"
    },
    {
      "codigo": "33835",
      "action": "skipped",
      "reason": "missing_price_usd"
    },
    {
      "codigo": "33815",
      "action": "skipped",
      "reason": "missing_price_usd"
    },
    {
      "codigo": "33707",
      "action": "skipped",
      "reason": "missing_price_usd"
    },
    {
      "codigo": "33706",
      "action": "skipped",
      "reason": "missing_price_usd"
    },
    {
      "codigo": "33691",
      "action": "skipped",
      "reason": "missing_price_usd"
    },
    {
      "codigo": "33530",
      "action": "skipped",
      "reason": "missing_price_usd"
    },
    {
      "codigo": "33027",
      "action": "skipped",
      "reason": "missing_price_usd"
    },
    {
      "codigo": "32948",
      "action": "skipped",
      "reason": "missing_price_usd"
    },
    {
      "codigo": "32945",
      "action": "skipped",
      "reason": "missing_price_usd"
    },
    {
      "codigo": "32941",
      "action": "skipped",
      "reason": "missing_price_usd"
    },
    {
      "codigo": "32766",
      "action": "skipped",
      "reason": "missing_price_usd"
    },
    {
      "codigo": "32765",
      "action": "skipped",
      "reason": "missing_price_usd"
    },
    {
      "codigo": "32450",
      "action": "skipped",
      "reason": "missing_price_usd"
    },
    {
      "codigo": "32382",
      "action": "skipped",
      "reason": "missing_price_usd"
    },
    {
      "codigo": "32366",
      "action": "skipped",
      "reason": "missing_price_usd"
    },
    {
      "codigo": "32357",
      "action": "skipped",
      "reason": "missing_price_usd"
    },
    {
      "codigo": "32137",
      "action": "skipped",
      "reason": "missing_price_usd"
    },
    {
      "codigo": "31803",
      "action": "skipped",
      "reason": "missing_price_usd"
    },
    {
      "codigo": "31714",
      "action": "skipped",
      "reason": "missing_price_usd"
    },
    {
      "codigo": "31684",
      "action": "skipped",
      "reason": "missing_price_usd"
    },
    {
      "codigo": "31491",
      "action": "skipped",
      "reason": "missing_price_usd"
    },
    {
      "codigo": "31401",
      "action": "skipped",
      "reason": "missing_price_usd"
    },
    {
      "codigo": "31382",
      "action": "skipped",
      "reason": "missing_price_usd"
    },
    {
      "codigo": "31338",
      "action": "skipped",
      "reason": "missing_price_usd"
    },
    {
      "codigo": "31335",
      "action": "skipped",
      "reason": "missing_price_usd"
    },
    {
      "codigo": "31334",
      "action": "skipped",
      "reason": "missing_price_usd"
    },
    {
      "codigo": "31061",
      "action": "skipped",
      "reason": "missing_price_usd"
    },
    {
      "codigo": "31056",
      "action": "skipped",
      "reason": "missing_price_usd"
    },
    {
      "codigo": "30977",
      "action": "skipped",
      "reason": "missing_price_usd"
    },
    {
      "codigo": "30969",
      "action": "skipped",
      "reason": "missing_price_usd"
    },
    {
      "codigo": "30912",
      "action": "skipped",
      "reason": "missing_price_usd"
    },
    {
      "codigo": "30617",
      "action": "skipped",
      "reason": "missing_price_usd"
    },
    {
      "codigo": "30616",
      "action": "skipped",
      "reason": "missing_price_usd"
    },
    {
      "codigo": "30611",
      "action": "skipped",
      "reason": "missing_price_usd"
    },
    {
      "codigo": "30580",
      "action": "skipped",
      "reason": "missing_price_usd"
    },
    {
      "codigo": "30369",
      "action": "skipped",
      "reason": "missing_price_usd"
    },
    {
      "codigo": "30254",
      "action": "skipped",
      "reason": "missing_price_usd"
    },
    {
      "codigo": "30209",
      "action": "skipped",
      "reason": "missing_price_usd"
    },
    {
      "codigo": "30202",
      "action": "skipped",
      "reason": "missing_price_usd"
    },
    {
      "codigo": "30201",
      "action": "skipped",
      "reason": "missing_price_usd"
    },
    {
      "codigo": "29755",
      "action": "skipped",
      "reason": "missing_price_usd"
    },
    {
      "codigo": "29721",
      "action": "skipped",
      "reason": "missing_price_usd"
    },
    {
      "codigo": "29338",
      "action": "skipped",
      "reason": "missing_price_usd"
    },
    {
      "codigo": "28837",
      "action": "skipped",
      "reason": "missing_price_usd"
    },
    {
      "codigo": "28745",
      "action": "skipped",
      "reason": "missing_price_usd"
    },
    {
      "codigo": "28685",
      "action": "skipped",
      "reason": "missing_price_usd"
    },
    {
      "codigo": "28614",
      "action": "skipped",
      "reason": "missing_price_usd"
    },
    {
      "codigo": "28460",
      "action": "skipped",
      "reason": "missing_price_usd"
    },
    {
      "codigo": "28437",
      "action": "skipped",
      "reason": "missing_price_usd"
    },
    {
      "codigo": "28368",
      "action": "skipped",
      "reason": "missing_price_usd"
    },
    {
      "codigo": "28104",
      "action": "skipped",
      "reason": "missing_price_usd"
    },
    {
      "codigo": "28098",
      "action": "skipped",
      "reason": "missing_price_usd"
    },
    {
      "codigo": "28055",
      "action": "skipped",
      "reason": "missing_price_usd"
    },
    {
      "codigo": "28053",
      "action": "skipped",
      "reason": "missing_price_usd"
    },
    {
      "codigo": "27851",
      "action": "skipped",
      "reason": "missing_price_usd"
    },
    {
      "codigo": "27470",
      "action": "skipped",
      "reason": "missing_price_usd"
    },
    {
      "codigo": "27351",
      "action": "skipped",
      "reason": "missing_price_usd"
    },
    {
      "codigo": "27349",
      "action": "skipped",
      "reason": "missing_price_usd"
    },
    {
      "codigo": "27029",
      "action": "skipped",
      "reason": "missing_price_usd"
    },
    {
      "codigo": "26750",
      "action": "skipped",
      "reason": "missing_price_usd"
    },
    {
      "codigo": "26739",
      "action": "skipped",
      "reason": "missing_price_usd"
    },
    {
      "codigo": "26678",
      "action": "skipped",
      "reason": "missing_price_usd"
    },
    {
      "codigo": "26621",
      "action": "skipped",
      "reason": "missing_price_usd"
    },
    {
      "codigo": "26428",
      "action": "skipped",
      "reason": "missing_price_usd"
    },
    {
      "codigo": "26326",
      "action": "skipped",
      "reason": "missing_price_usd"
    },
    {
      "codigo": "26199",
      "action": "skipped",
      "reason": "missing_price_usd"
    },
    {
      "codigo": "26027",
      "action": "skipped",
      "reason": "missing_price_usd"
    },
    {
      "codigo": "26026",
      "action": "skipped",
      "reason": "missing_price_usd"
    },
    {
      "codigo": "26018",
      "action": "skipped",
      "reason": "missing_price_usd"
    },
    {
      "codigo": "26015",
      "action": "skipped",
      "reason": "missing_price_usd"
    },
    {
      "codigo": "25864",
      "action": "skipped",
      "reason": "missing_price_usd"
    },
    {
      "codigo": "25863",
      "action": "skipped",
      "reason": "missing_price_usd"
    },
    {
      "codigo": "25862",
      "action": "skipped",
      "reason": "missing_price_usd"
    },
    {
      "codigo": "25861",
      "action": "skipped",
      "reason": "missing_price_usd"
    },
    {
      "codigo": "25680",
      "action": "skipped",
      "reason": "missing_price_usd"
    },
    {
      "codigo": "25410",
      "action": "skipped",
      "reason": "missing_price_usd"
    },
    {
      "codigo": "25370",
      "action": "skipped",
      "reason": "missing_price_usd"
    },
    {
      "codigo": "25217",
      "action": "skipped",
      "reason": "missing_price_usd"
    },
    {
      "codigo": "24957",
      "action": "skipped",
      "reason": "missing_price_usd"
    },
    {
      "codigo": "24385",
      "action": "skipped",
      "reason": "missing_price_usd"
    },
    {
      "codigo": "24377",
      "action": "skipped",
      "reason": "missing_price_usd"
    },
    {
      "codigo": "24103",
      "action": "skipped",
      "reason": "missing_price_usd"
    },
    {
      "codigo": "24092",
      "action": "skipped",
      "reason": "missing_price_usd"
    },
    {
      "codigo": "24091",
      "action": "skipped",
      "reason": "missing_price_usd"
    },
    {
      "codigo": "23410",
      "action": "skipped",
      "reason": "missing_price_usd"
    },
    {
      "codigo": "22840",
      "action": "skipped",
      "reason": "missing_price_usd"
    },
    {
      "codigo": "22714",
      "action": "skipped",
      "reason": "missing_price_usd"
    },
    {
      "codigo": "22623",
      "action": "skipped",
      "reason": "missing_price_usd"
    },
    {
      "codigo": "22563",
      "action": "skipped",
      "reason": "missing_price_usd"
    },
    {
      "codigo": "22362",
      "action": "skipped",
      "reason": "missing_price_usd"
    },
    {
      "codigo": "22087",
      "action": "skipped",
      "reason": "missing_price_usd"
    },
    {
      "codigo": "22084",
      "action": "skipped",
      "reason": "missing_price_usd"
    },
    {
      "codigo": "21914",
      "action": "skipped",
      "reason": "missing_price_usd"
    },
    {
      "codigo": "21761",
      "action": "skipped",
      "reason": "missing_price_usd"
    },
    {
      "codigo": "21713",
      "action": "skipped",
      "reason": "missing_price_usd"
    },
    {
      "codigo": "21072",
      "action": "skipped",
      "reason": "missing_price_usd"
    },
    {
      "codigo": "21062",
      "action": "skipped",
      "reason": "missing_price_usd"
    },
    {
      "codigo": "21061",
      "action": "skipped",
      "reason": "missing_price_usd"
    },
    {
      "codigo": "20842",
      "action": "skipped",
      "reason": "missing_price_usd"
    },
    {
      "codigo": "20372",
      "action": "skipped",
      "reason": "missing_price_usd"
    },
    {
      "codigo": "19715",
      "action": "skipped",
      "reason": "missing_price_usd"
    },
    {
      "codigo": "19706",
      "action": "skipped",
      "reason": "missing_price_usd"
    },
    {
      "codigo": "19197",
      "action": "skipped",
      "reason": "missing_price_usd"
    },
    {
      "codigo": "18952",
      "action": "skipped",
      "reason": "missing_price_usd"
    },
    {
      "codigo": "18694",
      "action": "skipped",
      "reason": "missing_price_usd"
    },
    {
      "codigo": "18338",
      "action": "skipped",
      "reason": "missing_price_usd"
    },
    {
      "codigo": "18337",
      "action": "skipped",
      "reason": "missing_price_usd"
    },
    {
      "codigo": "18233",
      "action": "skipped",
      "reason": "missing_price_usd"
    },
    {
      "codigo": "17895",
      "action": "skipped",
      "reason": "missing_price_usd"
    },
    {
      "codigo": "17813",
      "action": "skipped",
      "reason": "missing_price_usd"
    },
    {
      "codigo": "17660",
      "action": "skipped",
      "reason": "missing_price_usd"
    },
    {
      "codigo": "17539",
      "action": "skipped",
      "reason": "missing_price_usd"
    },
    {
      "codigo": "17476",
      "action": "skipped",
      "reason": "missing_price_usd"
    },
    {
      "codigo": "17166",
      "action": "skipped",
      "reason": "missing_price_usd"
    },
    {
      "codigo": "17091",
      "action": "skipped",
      "reason": "missing_price_usd"
    },
    {
      "codigo": "16595",
      "action": "skipped",
      "reason": "missing_price_usd"
    },
    {
      "codigo": "16541",
      "action": "skipped",
      "reason": "missing_price_usd"
    },
    {
      "codigo": "15367",
      "action": "skipped",
      "reason": "missing_price_usd"
    },
    {
      "codigo": "15159",
      "action": "skipped",
      "reason": "missing_price_usd"
    },
    {
      "codigo": "15105",
      "action": "skipped",
      "reason": "missing_price_usd"
    },
    {
      "codigo": "14905",
      "action": "skipped",
      "reason": "missing_price_usd"
    },
    {
      "codigo": "14491",
      "action": "skipped",
      "reason": "missing_price_usd"
    },
    {
      "codigo": "14128",
      "action": "skipped",
      "reason": "missing_price_usd"
    },
    {
      "codigo": "12935",
      "action": "skipped",
      "reason": "missing_price_usd"
    },
    {
      "codigo": "11982",
      "action": "skipped",
      "reason": "missing_price_usd"
    },
    {
      "codigo": "11842",
      "action": "skipped",
      "reason": "missing_price_usd"
    },
    {
      "codigo": "10109",
      "action": "skipped",
      "reason": "missing_price_usd"
    },
    {
      "codigo": "58132",
      "action": "skipped",
      "reason": "missing_price_usd"
    },
    {
      "codigo": "55961",
      "action": "skipped",
      "reason": "missing_price_usd"
    },
    {
      "codigo": "51849",
      "action": "skipped",
      "reason": "missing_price_usd"
    },
    {
      "codigo": "51799",
      "action": "skipped",
      "reason": "missing_price_usd"
    },
    {
      "codigo": "50411",
      "action": "skipped",
      "reason": "missing_price_usd"
    },
    {
      "codigo": "50409",
      "action": "skipped",
      "reason": "missing_price_usd"
    },
    {
      "codigo": "50302",
      "action": "skipped",
      "reason": "missing_price_usd"
    },
    {
      "codigo": "50303",
      "action": "skipped",
      "reason": "missing_price_usd"
    },
    {
      "codigo": "50026",
      "action": "skipped",
      "reason": "missing_price_usd"
    },
    {
      "codigo": "49922",
      "action": "skipped",
      "reason": "missing_price_usd"
    },
    {
      "codigo": "49109",
      "action": "skipped",
      "reason": "missing_price_usd"
    },
    {
      "codigo": "49110",
      "action": "skipped",
      "reason": "missing_price_usd"
    },
    {
      "codigo": "48672",
      "action": "skipped",
      "reason": "missing_price_usd"
    },
    {
      "codigo": "48190",
      "action": "skipped",
      "reason": "missing_price_usd"
    },
    {
      "codigo": "48189",
      "action": "skipped",
      "reason": "missing_price_usd"
    },
    {
      "codigo": "47973",
      "action": "skipped",
      "reason": "missing_price_usd"
    },
    {
      "codigo": "47788",
      "action": "skipped",
      "reason": "missing_price_usd"
    },
    {
      "codigo": "55636",
      "action": "skipped",
      "reason": "missing_price_usd"
    },
    {
      "codigo": "55811",
      "action": "skipped",
      "reason": "missing_price_usd"
    },
    {
      "codigo": "55639",
      "action": "skipped",
      "reason": "missing_price_usd"
    },
    {
      "codigo": "56943",
      "action": "skipped",
      "reason": "missing_price_usd"
    },
    {
      "codigo": "57784",
      "action": "skipped",
      "reason": "missing_price_usd"
    },
    {
      "codigo": "56782",
      "action": "skipped",
      "reason": "missing_price_usd"
    },
    {
      "codigo": "54084",
      "action": "skipped",
      "reason": "missing_price_usd"
    },
    {
      "codigo": "54066",
      "action": "skipped",
      "reason": "missing_price_usd"
    },
    {
      "codigo": "54075",
      "action": "skipped",
      "reason": "missing_price_usd"
    },
    {
      "codigo": "54068",
      "action": "skipped",
      "reason": "missing_price_usd"
    },
    {
      "codigo": "54061",
      "action": "skipped",
      "reason": "missing_price_usd"
    },
    {
      "codigo": "54073",
      "action": "skipped",
      "reason": "missing_price_usd"
    },
    {
      "codigo": "54065",
      "action": "skipped",
      "reason": "missing_price_usd"
    },
    {
      "codigo": "53930",
      "action": "skipped",
      "reason": "missing_price_usd"
    },
    {
      "codigo": "53691",
      "action": "skipped",
      "reason": "missing_price_usd"
    },
    {
      "codigo": "53693",
      "action": "skipped",
      "reason": "missing_price_usd"
    },
    {
      "codigo": "53389",
      "action": "skipped",
      "reason": "missing_price_usd"
    },
    {
      "codigo": "56321",
      "action": "skipped",
      "reason": "missing_price_usd"
    },
    {
      "codigo": "56322",
      "action": "skipped",
      "reason": "missing_price_usd"
    },
    {
      "codigo": "55663",
      "action": "skipped",
      "reason": "missing_price_usd"
    },
    {
      "codigo": "49383",
      "action": "skipped",
      "reason": "missing_price_usd"
    },
    {
      "codigo": "57785",
      "action": "skipped",
      "reason": "missing_price_usd"
    },
    {
      "codigo": "57696",
      "action": "skipped",
      "reason": "missing_price_usd"
    },
    {
      "codigo": "53031",
      "action": "skipped",
      "reason": "missing_price_usd"
    },
    {
      "codigo": "52993",
      "action": "skipped",
      "reason": "missing_price_usd"
    },
    {
      "codigo": "55822",
      "action": "skipped",
      "reason": "missing_price_usd"
    },
    {
      "codigo": "52580",
      "action": "skipped",
      "reason": "missing_price_usd"
    },
    {
      "codigo": "57693",
      "action": "skipped",
      "reason": "missing_price_usd"
    },
    {
      "codigo": "57692",
      "action": "skipped",
      "reason": "missing_price_usd"
    },
    {
      "codigo": "57695",
      "action": "skipped",
      "reason": "missing_price_usd"
    },
    {
      "codigo": "57701",
      "action": "skipped",
      "reason": "missing_price_usd"
    },
    {
      "codigo": "57699",
      "action": "skipped",
      "reason": "missing_price_usd"
    },
    {
      "codigo": "57697",
      "action": "skipped",
      "reason": "missing_price_usd"
    },
    {
      "codigo": "54097",
      "action": "skipped",
      "reason": "missing_price_usd"
    },
    {
      "codigo": "51787",
      "action": "skipped",
      "reason": "missing_price_usd"
    },
    {
      "codigo": "51789",
      "action": "skipped",
      "reason": "missing_price_usd"
    },
    {
      "codigo": "53032",
      "action": "skipped",
      "reason": "missing_price_usd"
    },
    {
      "codigo": "51142",
      "action": "skipped",
      "reason": "missing_price_usd"
    },
    {
      "codigo": "53030",
      "action": "skipped",
      "reason": "missing_price_usd"
    },
    {
      "codigo": "51158",
      "action": "skipped",
      "reason": "missing_price_usd"
    },
    {
      "codigo": "50939",
      "action": "skipped",
      "reason": "missing_price_usd"
    },
    {
      "codigo": "50721",
      "action": "skipped",
      "reason": "missing_price_usd"
    },
    {
      "codigo": "50295",
      "action": "skipped",
      "reason": "missing_price_usd"
    },
    {
      "codigo": "50297",
      "action": "skipped",
      "reason": "missing_price_usd"
    },
    {
      "codigo": "50296",
      "action": "skipped",
      "reason": "missing_price_usd"
    },
    {
      "codigo": "49985",
      "action": "skipped",
      "reason": "missing_price_usd"
    },
    {
      "codigo": "41535",
      "action": "skipped",
      "reason": "missing_price_usd"
    },
    {
      "codigo": "49140",
      "action": "skipped",
      "reason": "missing_price_usd"
    },
    {
      "codigo": "48342",
      "action": "skipped",
      "reason": "missing_price_usd"
    },
    {
      "codigo": "48340",
      "action": "skipped",
      "reason": "missing_price_usd"
    },
    {
      "codigo": "48235",
      "action": "skipped",
      "reason": "missing_price_usd"
    },
    {
      "codigo": "57690",
      "action": "skipped",
      "reason": "missing_price_usd"
    },
    {
      "codigo": "48188",
      "action": "skipped",
      "reason": "missing_price_usd"
    },
    {
      "codigo": "48099",
      "action": "skipped",
      "reason": "missing_price_usd"
    },
    {
      "codigo": "49817",
      "action": "skipped",
      "reason": "missing_price_usd"
    },
    {
      "codigo": "49431",
      "action": "skipped",
      "reason": "missing_price_usd"
    },
    {
      "codigo": "57798",
      "action": "skipped",
      "reason": "missing_price_usd"
    },
    {
      "codigo": "57702",
      "action": "skipped",
      "reason": "missing_price_usd"
    },
    {
      "codigo": "57700",
      "action": "skipped",
      "reason": "missing_price_usd"
    },
    {
      "codigo": "57694",
      "action": "skipped",
      "reason": "missing_price_usd"
    },
    {
      "codigo": "57691",
      "action": "skipped",
      "reason": "missing_price_usd"
    },
    {
      "codigo": "57689",
      "action": "skipped",
      "reason": "missing_price_usd"
    },
    {
      "codigo": "57591",
      "action": "skipped",
      "reason": "missing_price_usd"
    },
    {
      "codigo": "57569",
      "action": "skipped",
      "reason": "missing_price_usd"
    },
    {
      "codigo": "57291",
      "action": "skipped",
      "reason": "missing_price_usd"
    },
    {
      "codigo": "57155",
      "action": "skipped",
      "reason": "missing_price_usd"
    },
    {
      "codigo": "57154",
      "action": "skipped",
      "reason": "missing_price_usd"
    },
    {
      "codigo": "57097",
      "action": "skipped",
      "reason": "missing_price_usd"
    },
    {
      "codigo": "57096",
      "action": "skipped",
      "reason": "missing_price_usd"
    },
    {
      "codigo": "56945",
      "action": "skipped",
      "reason": "missing_price_usd"
    },
    {
      "codigo": "56944",
      "action": "skipped",
      "reason": "missing_price_usd"
    },
    {
      "codigo": "56941",
      "action": "skipped",
      "reason": "missing_price_usd"
    },
    {
      "codigo": "56940",
      "action": "skipped",
      "reason": "missing_price_usd"
    },
    {
      "codigo": "56939",
      "action": "skipped",
      "reason": "missing_price_usd"
    },
    {
      "codigo": "56785",
      "action": "skipped",
      "reason": "missing_price_usd"
    },
    {
      "codigo": "56784",
      "action": "skipped",
      "reason": "missing_price_usd"
    },
    {
      "codigo": "56783",
      "action": "skipped",
      "reason": "missing_price_usd"
    },
    {
      "codigo": "56642",
      "action": "skipped",
      "reason": "missing_price_usd"
    },
    {
      "codigo": "56309",
      "action": "skipped",
      "reason": "missing_price_usd"
    },
    {
      "codigo": "56199",
      "action": "skipped",
      "reason": "missing_price_usd"
    },
    {
      "codigo": "55962",
      "action": "skipped",
      "reason": "missing_price_usd"
    },
    {
      "codigo": "55827",
      "action": "skipped",
      "reason": "missing_price_usd"
    },
    {
      "codigo": "55826",
      "action": "skipped",
      "reason": "missing_price_usd"
    },
    {
      "codigo": "55821",
      "action": "skipped",
      "reason": "missing_price_usd"
    },
    {
      "codigo": "55777",
      "action": "skipped",
      "reason": "missing_price_usd"
    },
    {
      "codigo": "55776",
      "action": "skipped",
      "reason": "missing_price_usd"
    },
    {
      "codigo": "55707",
      "action": "skipped",
      "reason": "missing_price_usd"
    },
    {
      "codigo": "55696",
      "action": "skipped",
      "reason": "missing_price_usd"
    },
    {
      "codigo": "55643",
      "action": "skipped",
      "reason": "missing_price_usd"
    },
    {
      "codigo": "55641",
      "action": "skipped",
      "reason": "missing_price_usd"
    },
    {
      "codigo": "55637",
      "action": "skipped",
      "reason": "missing_price_usd"
    },
    {
      "codigo": "55632",
      "action": "skipped",
      "reason": "missing_price_usd"
    },
    {
      "codigo": "55464",
      "action": "skipped",
      "reason": "missing_price_usd"
    },
    {
      "codigo": "55462",
      "action": "skipped",
      "reason": "missing_price_usd"
    },
    {
      "codigo": "55310",
      "action": "skipped",
      "reason": "missing_price_usd"
    },
    {
      "codigo": "55262",
      "action": "skipped",
      "reason": "missing_price_usd"
    },
    {
      "codigo": "55136",
      "action": "skipped",
      "reason": "missing_price_usd"
    },
    {
      "codigo": "55129",
      "action": "skipped",
      "reason": "missing_price_usd"
    },
    {
      "codigo": "55117",
      "action": "skipped",
      "reason": "missing_price_usd"
    },
    {
      "codigo": "55023",
      "action": "skipped",
      "reason": "missing_price_usd"
    },
    {
      "codigo": "54937",
      "action": "skipped",
      "reason": "missing_price_usd"
    },
    {
      "codigo": "54887",
      "action": "skipped",
      "reason": "missing_price_usd"
    },
    {
      "codigo": "49107",
      "action": "skipped",
      "reason": "missing_price_usd"
    },
    {
      "codigo": "54772",
      "action": "skipped",
      "reason": "missing_price_usd"
    },
    {
      "codigo": "54699",
      "action": "skipped",
      "reason": "missing_price_usd"
    },
    {
      "codigo": "54586",
      "action": "skipped",
      "reason": "missing_price_usd"
    },
    {
      "codigo": "54576",
      "action": "skipped",
      "reason": "missing_price_usd"
    },
    {
      "codigo": "54575",
      "action": "skipped",
      "reason": "missing_price_usd"
    },
    {
      "codigo": "54574",
      "action": "skipped",
      "reason": "missing_price_usd"
    },
    {
      "codigo": "54573",
      "action": "skipped",
      "reason": "missing_price_usd"
    },
    {
      "codigo": "54572",
      "action": "skipped",
      "reason": "missing_price_usd"
    },
    {
      "codigo": "54438",
      "action": "skipped",
      "reason": "missing_price_usd"
    },
    {
      "codigo": "54086",
      "action": "skipped",
      "reason": "missing_price_usd"
    },
    {
      "codigo": "54076",
      "action": "skipped",
      "reason": "missing_price_usd"
    },
    {
      "codigo": "54074",
      "action": "skipped",
      "reason": "missing_price_usd"
    },
    {
      "codigo": "54070",
      "action": "skipped",
      "reason": "missing_price_usd"
    },
    {
      "codigo": "54069",
      "action": "skipped",
      "reason": "missing_price_usd"
    },
    {
      "codigo": "54064",
      "action": "skipped",
      "reason": "missing_price_usd"
    },
    {
      "codigo": "54060",
      "action": "skipped",
      "reason": "missing_price_usd"
    },
    {
      "codigo": "54057",
      "action": "skipped",
      "reason": "missing_price_usd"
    },
    {
      "codigo": "54056",
      "action": "skipped",
      "reason": "missing_price_usd"
    },
    {
      "codigo": "53945",
      "action": "skipped",
      "reason": "missing_price_usd"
    },
    {
      "codigo": "53695",
      "action": "skipped",
      "reason": "missing_price_usd"
    },
    {
      "codigo": "53646",
      "action": "skipped",
      "reason": "missing_price_usd"
    },
    {
      "codigo": "53549",
      "action": "skipped",
      "reason": "missing_price_usd"
    },
    {
      "codigo": "53548",
      "action": "skipped",
      "reason": "missing_price_usd"
    },
    {
      "codigo": "48343",
      "action": "skipped",
      "reason": "missing_price_usd"
    },
    {
      "codigo": "53319",
      "action": "skipped",
      "reason": "missing_price_usd"
    },
    {
      "codigo": "53275",
      "action": "skipped",
      "reason": "missing_price_usd"
    },
    {
      "codigo": "45770",
      "action": "skipped",
      "reason": "missing_price_usd"
    },
    {
      "codigo": "52918",
      "action": "skipped",
      "reason": "missing_price_usd"
    },
    {
      "codigo": "52917",
      "action": "skipped",
      "reason": "missing_price_usd"
    },
    {
      "codigo": "52636",
      "action": "skipped",
      "reason": "missing_price_usd"
    },
    {
      "codigo": "52591",
      "action": "skipped",
      "reason": "missing_price_usd"
    },
    {
      "codigo": "52488",
      "action": "skipped",
      "reason": "missing_price_usd"
    },
    {
      "codigo": "52486",
      "action": "skipped",
      "reason": "missing_price_usd"
    },
    {
      "codigo": "41590",
      "action": "skipped",
      "reason": "missing_price_usd"
    },
    {
      "codigo": "52216",
      "action": "skipped",
      "reason": "missing_price_usd"
    },
    {
      "codigo": "52214",
      "action": "skipped",
      "reason": "missing_price_usd"
    },
    {
      "codigo": "52213",
      "action": "skipped",
      "reason": "missing_price_usd"
    },
    {
      "codigo": "52147",
      "action": "skipped",
      "reason": "missing_price_usd"
    },
    {
      "codigo": "51795",
      "action": "skipped",
      "reason": "missing_price_usd"
    },
    {
      "codigo": "51770",
      "action": "skipped",
      "reason": "missing_price_usd"
    },
    {
      "codigo": "51739",
      "action": "skipped",
      "reason": "missing_price_usd"
    },
    {
      "codigo": "51737",
      "action": "skipped",
      "reason": "missing_price_usd"
    },
    {
      "codigo": "51736",
      "action": "skipped",
      "reason": "missing_price_usd"
    },
    {
      "codigo": "51734",
      "action": "skipped",
      "reason": "missing_price_usd"
    },
    {
      "codigo": "51630",
      "action": "skipped",
      "reason": "missing_price_usd"
    },
    {
      "codigo": "51547",
      "action": "skipped",
      "reason": "missing_price_usd"
    },
    {
      "codigo": "51546",
      "action": "skipped",
      "reason": "missing_price_usd"
    },
    {
      "codigo": "51100",
      "action": "skipped",
      "reason": "missing_price_usd"
    },
    {
      "codigo": "50404",
      "action": "skipped",
      "reason": "missing_price_usd"
    },
    {
      "codigo": "43382",
      "action": "skipped",
      "reason": "missing_price_usd"
    },
    {
      "codigo": "50877",
      "action": "skipped",
      "reason": "missing_price_usd"
    },
    {
      "codigo": "50874",
      "action": "skipped",
      "reason": "missing_price_usd"
    },
    {
      "codigo": "50872",
      "action": "skipped",
      "reason": "missing_price_usd"
    },
    {
      "codigo": "50770",
      "action": "skipped",
      "reason": "missing_price_usd"
    },
    {
      "codigo": "50552",
      "action": "skipped",
      "reason": "missing_price_usd"
    },
    {
      "codigo": "50408",
      "action": "skipped",
      "reason": "missing_price_usd"
    },
    {
      "codigo": "50312",
      "action": "skipped",
      "reason": "missing_price_usd"
    },
    {
      "codigo": "50306",
      "action": "skipped",
      "reason": "missing_price_usd"
    },
    {
      "codigo": "50301",
      "action": "skipped",
      "reason": "missing_price_usd"
    },
    {
      "codigo": "50300",
      "action": "skipped",
      "reason": "missing_price_usd"
    },
    {
      "codigo": "38258",
      "action": "skipped",
      "reason": "missing_price_usd"
    },
    {
      "codigo": "50189",
      "action": "skipped",
      "reason": "missing_price_usd"
    },
    {
      "codigo": "50188",
      "action": "skipped",
      "reason": "missing_price_usd"
    },
    {
      "codigo": "50187",
      "action": "skipped",
      "reason": "missing_price_usd"
    },
    {
      "codigo": "42612",
      "action": "skipped",
      "reason": "missing_price_usd"
    },
    {
      "codigo": "50027",
      "action": "skipped",
      "reason": "missing_price_usd"
    },
    {
      "codigo": "50025",
      "action": "skipped",
      "reason": "missing_price_usd"
    },
    {
      "codigo": "42611",
      "action": "skipped",
      "reason": "missing_price_usd"
    },
    {
      "codigo": "42290",
      "action": "skipped",
      "reason": "missing_price_usd"
    },
    {
      "codigo": "42206",
      "action": "skipped",
      "reason": "missing_price_usd"
    },
    {
      "codigo": "49382",
      "action": "skipped",
      "reason": "missing_price_usd"
    },
    {
      "codigo": "49334",
      "action": "skipped",
      "reason": "missing_price_usd"
    },
    {
      "codigo": "49330",
      "action": "skipped",
      "reason": "missing_price_usd"
    },
    {
      "codigo": "49293",
      "action": "skipped",
      "reason": "missing_price_usd"
    },
    {
      "codigo": "49215",
      "action": "skipped",
      "reason": "missing_price_usd"
    },
    {
      "codigo": "48914",
      "action": "skipped",
      "reason": "missing_price_usd"
    },
    {
      "codigo": "48736",
      "action": "skipped",
      "reason": "missing_price_usd"
    },
    {
      "codigo": "48698",
      "action": "skipped",
      "reason": "missing_price_usd"
    },
    {
      "codigo": "47026",
      "action": "skipped",
      "reason": "missing_price_usd"
    },
    {
      "codigo": "43467",
      "action": "skipped",
      "reason": "missing_price_usd"
    },
    {
      "codigo": "48443",
      "action": "skipped",
      "reason": "missing_price_usd"
    },
    {
      "codigo": "48244",
      "action": "skipped",
      "reason": "missing_price_usd"
    },
    {
      "codigo": "48238",
      "action": "skipped",
      "reason": "missing_price_usd"
    },
    {
      "codigo": "48237",
      "action": "skipped",
      "reason": "missing_price_usd"
    },
    {
      "codigo": "48236",
      "action": "skipped",
      "reason": "missing_price_usd"
    },
    {
      "codigo": "48098",
      "action": "skipped",
      "reason": "missing_price_usd"
    },
    {
      "codigo": "47931",
      "action": "skipped",
      "reason": "missing_price_usd"
    },
    {
      "codigo": "47890",
      "action": "skipped",
      "reason": "missing_price_usd"
    },
    {
      "codigo": "46743",
      "action": "skipped",
      "reason": "missing_price_usd"
    },
    {
      "codigo": "46670",
      "action": "skipped",
      "reason": "missing_price_usd"
    },
    {
      "codigo": "46662",
      "action": "skipped",
      "reason": "missing_price_usd"
    },
    {
      "codigo": "46652",
      "action": "skipped",
      "reason": "missing_price_usd"
    },
    {
      "codigo": "46630",
      "action": "skipped",
      "reason": "missing_price_usd"
    },
    {
      "codigo": "39050",
      "action": "skipped",
      "reason": "missing_price_usd"
    },
    {
      "codigo": "46054",
      "action": "skipped",
      "reason": "missing_price_usd"
    },
    {
      "codigo": "45807",
      "action": "skipped",
      "reason": "missing_price_usd"
    },
    {
      "codigo": "45542",
      "action": "skipped",
      "reason": "missing_price_usd"
    },
    {
      "codigo": "45535",
      "action": "skipped",
      "reason": "missing_price_usd"
    },
    {
      "codigo": "45462",
      "action": "skipped",
      "reason": "missing_price_usd"
    },
    {
      "codigo": "37274",
      "action": "skipped",
      "reason": "missing_price_usd"
    },
    {
      "codigo": "44698",
      "action": "skipped",
      "reason": "missing_price_usd"
    },
    {
      "codigo": "44234",
      "action": "skipped",
      "reason": "missing_price_usd"
    },
    {
      "codigo": "44229",
      "action": "skipped",
      "reason": "missing_price_usd"
    },
    {
      "codigo": "43885",
      "action": "skipped",
      "reason": "missing_price_usd"
    },
    {
      "codigo": "36269",
      "action": "skipped",
      "reason": "missing_price_usd"
    },
    {
      "codigo": "38573",
      "action": "skipped",
      "reason": "missing_price_usd"
    },
    {
      "codigo": "35792",
      "action": "skipped",
      "reason": "missing_price_usd"
    },
    {
      "codigo": "43293",
      "action": "skipped",
      "reason": "missing_price_usd"
    },
    {
      "codigo": "43222",
      "action": "skipped",
      "reason": "missing_price_usd"
    },
    {
      "codigo": "35287",
      "action": "skipped",
      "reason": "missing_price_usd"
    },
    {
      "codigo": "42602",
      "action": "skipped",
      "reason": "missing_price_usd"
    },
    {
      "codigo": "42601",
      "action": "skipped",
      "reason": "missing_price_usd"
    },
    {
      "codigo": "30780",
      "action": "skipped",
      "reason": "missing_price_usd"
    },
    {
      "codigo": "32095",
      "action": "skipped",
      "reason": "missing_price_usd"
    },
    {
      "codigo": "34886",
      "action": "skipped",
      "reason": "missing_price_usd"
    },
    {
      "codigo": "32621",
      "action": "skipped",
      "reason": "missing_price_usd"
    },
    {
      "codigo": "33743",
      "action": "skipped",
      "reason": "missing_price_usd"
    },
    {
      "codigo": "18827",
      "action": "skipped",
      "reason": "missing_price_usd"
    },
    {
      "codigo": "30781",
      "action": "skipped",
      "reason": "missing_price_usd"
    },
    {
      "codigo": "15698",
      "action": "skipped",
      "reason": "missing_price_usd"
    },
    {
      "codigo": "19713",
      "action": "skipped",
      "reason": "missing_price_usd"
    },
    {
      "codigo": "33744",
      "action": "skipped",
      "reason": "missing_price_usd"
    },
    {
      "codigo": "26802",
      "action": "skipped",
      "reason": "missing_price_usd"
    },
    {
      "codigo": "25407",
      "action": "skipped",
      "reason": "missing_price_usd"
    },
    {
      "codigo": "41772",
      "action": "skipped",
      "reason": "missing_price_usd"
    },
    {
      "codigo": "41749",
      "action": "skipped",
      "reason": "missing_price_usd"
    },
    {
      "codigo": "41688",
      "action": "skipped",
      "reason": "missing_price_usd"
    },
    {
      "codigo": "41394",
      "action": "skipped",
      "reason": "missing_price_usd"
    },
    {
      "codigo": "41393",
      "action": "skipped",
      "reason": "missing_price_usd"
    },
    {
      "codigo": "41136",
      "action": "skipped",
      "reason": "missing_price_usd"
    },
    {
      "codigo": "36053",
      "action": "skipped",
      "reason": "missing_price_usd"
    },
    {
      "codigo": "40587",
      "action": "skipped",
      "reason": "missing_price_usd"
    },
    {
      "codigo": "40578",
      "action": "skipped",
      "reason": "missing_price_usd"
    },
    {
      "codigo": "40549",
      "action": "skipped",
      "reason": "missing_price_usd"
    },
    {
      "codigo": "40278",
      "action": "skipped",
      "reason": "missing_price_usd"
    },
    {
      "codigo": "40253",
      "action": "skipped",
      "reason": "missing_price_usd"
    },
    {
      "codigo": "40081",
      "action": "skipped",
      "reason": "missing_price_usd"
    },
    {
      "codigo": "39931",
      "action": "skipped",
      "reason": "missing_price_usd"
    },
    {
      "codigo": "39051",
      "action": "skipped",
      "reason": "missing_price_usd"
    },
    {
      "codigo": "38662",
      "action": "skipped",
      "reason": "missing_price_usd"
    },
    {
      "codigo": "38585",
      "action": "skipped",
      "reason": "missing_price_usd"
    },
    {
      "codigo": "38326",
      "action": "skipped",
      "reason": "missing_price_usd"
    },
    {
      "codigo": "37271",
      "action": "skipped",
      "reason": "missing_price_usd"
    },
    {
      "codigo": "37100",
      "action": "skipped",
      "reason": "missing_price_usd"
    },
    {
      "codigo": "36978",
      "action": "skipped",
      "reason": "missing_price_usd"
    },
    {
      "codigo": "36214",
      "action": "skipped",
      "reason": "missing_price_usd"
    },
    {
      "codigo": "36012",
      "action": "skipped",
      "reason": "missing_price_usd"
    },
    {
      "codigo": "35771",
      "action": "skipped",
      "reason": "missing_price_usd"
    },
    {
      "codigo": "35403",
      "action": "skipped",
      "reason": "missing_price_usd"
    },
    {
      "codigo": "35162",
      "action": "skipped",
      "reason": "missing_price_usd"
    },
    {
      "codigo": "35161",
      "action": "skipped",
      "reason": "missing_price_usd"
    },
    {
      "codigo": "35160",
      "action": "skipped",
      "reason": "missing_price_usd"
    },
    {
      "codigo": "34873",
      "action": "skipped",
      "reason": "missing_price_usd"
    },
    {
      "codigo": "34390",
      "action": "skipped",
      "reason": "missing_price_usd"
    },
    {
      "codigo": "34325",
      "action": "skipped",
      "reason": "missing_price_usd"
    },
    {
      "codigo": "33616",
      "action": "skipped",
      "reason": "missing_price_usd"
    },
    {
      "codigo": "32489",
      "action": "skipped",
      "reason": "missing_price_usd"
    },
    {
      "codigo": "30855",
      "action": "skipped",
      "reason": "missing_price_usd"
    },
    {
      "codigo": "29532",
      "action": "skipped",
      "reason": "missing_price_usd"
    },
    {
      "codigo": "28111",
      "action": "skipped",
      "reason": "missing_price_usd"
    },
    {
      "codigo": "27433",
      "action": "skipped",
      "reason": "missing_price_usd"
    },
    {
      "codigo": "24904",
      "action": "skipped",
      "reason": "missing_price_usd"
    },
    {
      "codigo": "24865",
      "action": "skipped",
      "reason": "missing_price_usd"
    },
    {
      "codigo": "58081",
      "action": "skipped",
      "reason": "missing_price_usd"
    },
    {
      "codigo": "55665",
      "action": "skipped",
      "reason": "missing_price_usd"
    },
    {
      "codigo": "53676",
      "action": "skipped",
      "reason": "missing_price_usd"
    },
    {
      "codigo": "52049",
      "action": "skipped",
      "reason": "missing_price_usd"
    },
    {
      "codigo": "57793",
      "action": "skipped",
      "reason": "missing_price_usd"
    },
    {
      "codigo": "58002",
      "action": "skipped",
      "reason": "missing_price_usd"
    },
    {
      "codigo": "52050",
      "action": "skipped",
      "reason": "missing_price_usd"
    },
    {
      "codigo": "51696",
      "action": "skipped",
      "reason": "missing_price_usd"
    },
    {
      "codigo": "51540",
      "action": "skipped",
      "reason": "missing_price_usd"
    },
    {
      "codigo": "51539",
      "action": "skipped",
      "reason": "missing_price_usd"
    },
    {
      "codigo": "50321",
      "action": "skipped",
      "reason": "missing_price_usd"
    },
    {
      "codigo": "50999",
      "action": "skipped",
      "reason": "missing_price_usd"
    },
    {
      "codigo": "50415",
      "action": "skipped",
      "reason": "missing_price_usd"
    },
    {
      "codigo": "50746",
      "action": "skipped",
      "reason": "missing_price_usd"
    },
    {
      "codigo": "50083",
      "action": "skipped",
      "reason": "missing_price_usd"
    },
    {
      "codigo": "57166",
      "action": "skipped",
      "reason": "missing_price_usd"
    },
    {
      "codigo": "55963",
      "action": "skipped",
      "reason": "missing_price_usd"
    },
    {
      "codigo": "51358",
      "action": "skipped",
      "reason": "missing_price_usd"
    },
    {
      "codigo": "52662",
      "action": "skipped",
      "reason": "missing_price_usd"
    },
    {
      "codigo": "51779",
      "action": "skipped",
      "reason": "missing_price_usd"
    },
    {
      "codigo": "57775",
      "action": "skipped",
      "reason": "missing_price_usd"
    },
    {
      "codigo": "57724",
      "action": "skipped",
      "reason": "missing_price_usd"
    },
    {
      "codigo": "57761",
      "action": "skipped",
      "reason": "missing_price_usd"
    },
    {
      "codigo": "56417",
      "action": "skipped",
      "reason": "missing_price_usd"
    },
    {
      "codigo": "56407",
      "action": "skipped",
      "reason": "missing_price_usd"
    },
    {
      "codigo": "57049",
      "action": "skipped",
      "reason": "missing_price_usd"
    },
    {
      "codigo": "57047",
      "action": "skipped",
      "reason": "missing_price_usd"
    },
    {
      "codigo": "57046",
      "action": "skipped",
      "reason": "missing_price_usd"
    },
    {
      "codigo": "57045",
      "action": "skipped",
      "reason": "missing_price_usd"
    },
    {
      "codigo": "57044",
      "action": "skipped",
      "reason": "missing_price_usd"
    },
    {
      "codigo": "56421",
      "action": "skipped",
      "reason": "missing_price_usd"
    },
    {
      "codigo": "56420",
      "action": "skipped",
      "reason": "missing_price_usd"
    },
    {
      "codigo": "55250",
      "action": "skipped",
      "reason": "missing_price_usd"
    },
    {
      "codigo": "56581",
      "action": "skipped",
      "reason": "missing_price_usd"
    },
    {
      "codigo": "56715",
      "action": "skipped",
      "reason": "missing_price_usd"
    },
    {
      "codigo": "57151",
      "action": "skipped",
      "reason": "missing_price_usd"
    },
    {
      "codigo": "55467",
      "action": "skipped",
      "reason": "missing_price_usd"
    },
    {
      "codigo": "55825",
      "action": "skipped",
      "reason": "missing_price_usd"
    },
    {
      "codigo": "55780",
      "action": "skipped",
      "reason": "missing_price_usd"
    },
    {
      "codigo": "56410",
      "action": "skipped",
      "reason": "missing_price_usd"
    },
    {
      "codigo": "55686",
      "action": "skipped",
      "reason": "missing_price_usd"
    },
    {
      "codigo": "54777",
      "action": "skipped",
      "reason": "missing_price_usd"
    },
    {
      "codigo": "50324",
      "action": "skipped",
      "reason": "missing_price_usd"
    },
    {
      "codigo": "57792",
      "action": "skipped",
      "reason": "missing_price_usd"
    },
    {
      "codigo": "57783",
      "action": "skipped",
      "reason": "missing_price_usd"
    },
    {
      "codigo": "57782",
      "action": "skipped",
      "reason": "missing_price_usd"
    },
    {
      "codigo": "57519",
      "action": "skipped",
      "reason": "missing_price_usd"
    },
    {
      "codigo": "57518",
      "action": "skipped",
      "reason": "missing_price_usd"
    },
    {
      "codigo": "57517",
      "action": "skipped",
      "reason": "missing_price_usd"
    },
    {
      "codigo": "57150",
      "action": "skipped",
      "reason": "missing_price_usd"
    },
    {
      "codigo": "57048",
      "action": "skipped",
      "reason": "missing_price_usd"
    },
    {
      "codigo": "56809",
      "action": "skipped",
      "reason": "missing_price_usd"
    },
    {
      "codigo": "56718",
      "action": "skipped",
      "reason": "missing_price_usd"
    },
    {
      "codigo": "56597",
      "action": "skipped",
      "reason": "missing_price_usd"
    },
    {
      "codigo": "56542",
      "action": "skipped",
      "reason": "missing_price_usd"
    },
    {
      "codigo": "56540",
      "action": "skipped",
      "reason": "missing_price_usd"
    },
    {
      "codigo": "56419",
      "action": "skipped",
      "reason": "missing_price_usd"
    },
    {
      "codigo": "56416",
      "action": "skipped",
      "reason": "missing_price_usd"
    },
    {
      "codigo": "56415",
      "action": "skipped",
      "reason": "missing_price_usd"
    },
    {
      "codigo": "56414",
      "action": "skipped",
      "reason": "missing_price_usd"
    },
    {
      "codigo": "56413",
      "action": "skipped",
      "reason": "missing_price_usd"
    },
    {
      "codigo": "56411",
      "action": "skipped",
      "reason": "missing_price_usd"
    },
    {
      "codigo": "55850",
      "action": "skipped",
      "reason": "missing_price_usd"
    },
    {
      "codigo": "55588",
      "action": "skipped",
      "reason": "missing_price_usd"
    },
    {
      "codigo": "55476",
      "action": "skipped",
      "reason": "missing_price_usd"
    },
    {
      "codigo": "55359",
      "action": "skipped",
      "reason": "missing_price_usd"
    },
    {
      "codigo": "55263",
      "action": "skipped",
      "reason": "missing_price_usd"
    },
    {
      "codigo": "54773",
      "action": "skipped",
      "reason": "missing_price_usd"
    },
    {
      "codigo": "53682",
      "action": "skipped",
      "reason": "missing_price_usd"
    },
    {
      "codigo": "53672",
      "action": "skipped",
      "reason": "missing_price_usd"
    },
    {
      "codigo": "53701",
      "action": "skipped",
      "reason": "missing_price_usd"
    },
    {
      "codigo": "53599",
      "action": "skipped",
      "reason": "missing_price_usd"
    },
    {
      "codigo": "53402",
      "action": "skipped",
      "reason": "missing_price_usd"
    },
    {
      "codigo": "53383",
      "action": "skipped",
      "reason": "missing_price_usd"
    },
    {
      "codigo": "53382",
      "action": "skipped",
      "reason": "missing_price_usd"
    },
    {
      "codigo": "53811",
      "action": "skipped",
      "reason": "missing_price_usd"
    },
    {
      "codigo": "53111",
      "action": "skipped",
      "reason": "missing_price_usd"
    },
    {
      "codigo": "53550",
      "action": "skipped",
      "reason": "missing_price_usd"
    },
    {
      "codigo": "52942",
      "action": "skipped",
      "reason": "missing_price_usd"
    },
    {
      "codigo": "53355",
      "action": "skipped",
      "reason": "missing_price_usd"
    },
    {
      "codigo": "52648",
      "action": "skipped",
      "reason": "missing_price_usd"
    },
    {
      "codigo": "52643",
      "action": "skipped",
      "reason": "missing_price_usd"
    },
    {
      "codigo": "53208",
      "action": "skipped",
      "reason": "missing_price_usd"
    },
    {
      "codigo": "53112",
      "action": "skipped",
      "reason": "missing_price_usd"
    },
    {
      "codigo": "47921",
      "action": "skipped",
      "reason": "missing_price_usd"
    },
    {
      "codigo": "52375",
      "action": "skipped",
      "reason": "missing_price_usd"
    },
    {
      "codigo": "52230",
      "action": "skipped",
      "reason": "missing_price_usd"
    },
    {
      "codigo": "52645",
      "action": "skipped",
      "reason": "missing_price_usd"
    },
    {
      "codigo": "52644",
      "action": "skipped",
      "reason": "missing_price_usd"
    },
    {
      "codigo": "52642",
      "action": "skipped",
      "reason": "missing_price_usd"
    },
    {
      "codigo": "52055",
      "action": "skipped",
      "reason": "missing_price_usd"
    },
    {
      "codigo": "52494",
      "action": "skipped",
      "reason": "missing_price_usd"
    },
    {
      "codigo": "52379",
      "action": "skipped",
      "reason": "missing_price_usd"
    },
    {
      "codigo": "52376",
      "action": "skipped",
      "reason": "missing_price_usd"
    },
    {
      "codigo": "51782",
      "action": "skipped",
      "reason": "missing_price_usd"
    },
    {
      "codigo": "52267",
      "action": "skipped",
      "reason": "missing_price_usd"
    },
    {
      "codigo": "52266",
      "action": "skipped",
      "reason": "missing_price_usd"
    },
    {
      "codigo": "47228",
      "action": "skipped",
      "reason": "missing_price_usd"
    },
    {
      "codigo": "52045",
      "action": "skipped",
      "reason": "missing_price_usd"
    },
    {
      "codigo": "51778",
      "action": "skipped",
      "reason": "missing_price_usd"
    },
    {
      "codigo": "51165",
      "action": "skipped",
      "reason": "missing_price_usd"
    },
    {
      "codigo": "51697",
      "action": "skipped",
      "reason": "missing_price_usd"
    },
    {
      "codigo": "51689",
      "action": "skipped",
      "reason": "missing_price_usd"
    },
    {
      "codigo": "51653",
      "action": "skipped",
      "reason": "missing_price_usd"
    },
    {
      "codigo": "51631",
      "action": "skipped",
      "reason": "missing_price_usd"
    },
    {
      "codigo": "50998",
      "action": "skipped",
      "reason": "missing_price_usd"
    },
    {
      "codigo": "51357",
      "action": "skipped",
      "reason": "missing_price_usd"
    },
    {
      "codigo": "50750",
      "action": "skipped",
      "reason": "missing_price_usd"
    },
    {
      "codigo": "51144",
      "action": "skipped",
      "reason": "missing_price_usd"
    },
    {
      "codigo": "51112",
      "action": "skipped",
      "reason": "missing_price_usd"
    },
    {
      "codigo": "51111",
      "action": "skipped",
      "reason": "missing_price_usd"
    },
    {
      "codigo": "51105",
      "action": "skipped",
      "reason": "missing_price_usd"
    },
    {
      "codigo": "50885",
      "action": "skipped",
      "reason": "missing_price_usd"
    },
    {
      "codigo": "50738",
      "action": "skipped",
      "reason": "missing_price_usd"
    },
    {
      "codigo": "50528",
      "action": "skipped",
      "reason": "missing_price_usd"
    },
    {
      "codigo": "50527",
      "action": "skipped",
      "reason": "missing_price_usd"
    },
    {
      "codigo": "50504",
      "action": "skipped",
      "reason": "missing_price_usd"
    },
    {
      "codigo": "50503",
      "action": "skipped",
      "reason": "missing_price_usd"
    },
    {
      "codigo": "47029",
      "action": "skipped",
      "reason": "missing_price_usd"
    },
    {
      "codigo": "45251",
      "action": "skipped",
      "reason": "missing_price_usd"
    },
    {
      "codigo": "45205",
      "action": "skipped",
      "reason": "missing_price_usd"
    },
    {
      "codigo": "44836",
      "action": "skipped",
      "reason": "missing_price_usd"
    },
    {
      "codigo": "42781",
      "action": "skipped",
      "reason": "missing_price_usd"
    },
    {
      "codigo": "41889",
      "action": "skipped",
      "reason": "missing_price_usd"
    },
    {
      "codigo": "41392",
      "action": "skipped",
      "reason": "missing_price_usd"
    },
    {
      "codigo": "41256",
      "action": "skipped",
      "reason": "missing_price_usd"
    },
    {
      "codigo": "41153",
      "action": "skipped",
      "reason": "missing_price_usd"
    },
    {
      "codigo": "41152",
      "action": "skipped",
      "reason": "missing_price_usd"
    },
    {
      "codigo": "41151",
      "action": "skipped",
      "reason": "missing_price_usd"
    },
    {
      "codigo": "41150",
      "action": "skipped",
      "reason": "missing_price_usd"
    },
    {
      "codigo": "41149",
      "action": "skipped",
      "reason": "missing_price_usd"
    },
    {
      "codigo": "41148",
      "action": "skipped",
      "reason": "missing_price_usd"
    },
    {
      "codigo": "41147",
      "action": "skipped",
      "reason": "missing_price_usd"
    },
    {
      "codigo": "41146",
      "action": "skipped",
      "reason": "missing_price_usd"
    },
    {
      "codigo": "41110",
      "action": "skipped",
      "reason": "missing_price_usd"
    },
    {
      "codigo": "40354",
      "action": "skipped",
      "reason": "missing_price_usd"
    },
    {
      "codigo": "40092",
      "action": "skipped",
      "reason": "missing_price_usd"
    },
    {
      "codigo": "17875",
      "action": "skipped",
      "reason": "missing_price_usd"
    },
    {
      "codigo": "37377",
      "action": "skipped",
      "reason": "missing_price_usd"
    },
    {
      "codigo": "35780",
      "action": "skipped",
      "reason": "missing_price_usd"
    },
    {
      "codigo": "30207",
      "action": "skipped",
      "reason": "missing_price_usd"
    },
    {
      "codigo": "57180",
      "action": "skipped",
      "reason": "missing_price_usd"
    },
    {
      "codigo": "58109",
      "action": "skipped",
      "reason": "missing_price_usd"
    },
    {
      "codigo": "58108",
      "action": "skipped",
      "reason": "missing_price_usd"
    },
    {
      "codigo": "50861",
      "action": "skipped",
      "reason": "missing_price_usd"
    },
    {
      "codigo": "47720",
      "action": "skipped",
      "reason": "missing_price_usd"
    },
    {
      "codigo": "58028",
      "action": "skipped",
      "reason": "missing_price_usd"
    },
    {
      "codigo": "47893",
      "action": "skipped",
      "reason": "missing_price_usd"
    },
    {
      "codigo": "57713",
      "action": "skipped",
      "reason": "missing_price_usd"
    },
    {
      "codigo": "57712",
      "action": "skipped",
      "reason": "missing_price_usd"
    },
    {
      "codigo": "55248",
      "action": "skipped",
      "reason": "missing_price_usd"
    },
    {
      "codigo": "57897",
      "action": "skipped",
      "reason": "missing_price_usd"
    },
    {
      "codigo": "57515",
      "action": "skipped",
      "reason": "missing_price_usd"
    },
    {
      "codigo": "57253",
      "action": "skipped",
      "reason": "missing_price_usd"
    },
    {
      "codigo": "56400",
      "action": "skipped",
      "reason": "missing_price_usd"
    },
    {
      "codigo": "54267",
      "action": "skipped",
      "reason": "missing_price_usd"
    },
    {
      "codigo": "52916",
      "action": "skipped",
      "reason": "missing_price_usd"
    },
    {
      "codigo": "52788",
      "action": "skipped",
      "reason": "missing_price_usd"
    },
    {
      "codigo": "52229",
      "action": "skipped",
      "reason": "missing_price_usd"
    },
    {
      "codigo": "50994",
      "action": "skipped",
      "reason": "missing_price_usd"
    },
    {
      "codigo": "50992",
      "action": "skipped",
      "reason": "missing_price_usd"
    },
    {
      "codigo": "50860",
      "action": "skipped",
      "reason": "missing_price_usd"
    },
    {
      "codigo": "42013",
      "action": "skipped",
      "reason": "missing_price_usd"
    },
    {
      "codigo": "50234",
      "action": "skipped",
      "reason": "missing_price_usd"
    },
    {
      "codigo": "50104",
      "action": "skipped",
      "reason": "missing_price_usd"
    },
    {
      "codigo": "26126",
      "action": "skipped",
      "reason": "missing_price_usd"
    },
    {
      "codigo": "22215",
      "action": "skipped",
      "reason": "missing_price_usd"
    },
    {
      "codigo": "49807",
      "action": "skipped",
      "reason": "missing_price_usd"
    },
    {
      "codigo": "20144",
      "action": "skipped",
      "reason": "missing_price_usd"
    },
    {
      "codigo": "48934",
      "action": "skipped",
      "reason": "missing_price_usd"
    },
    {
      "codigo": "48787",
      "action": "skipped",
      "reason": "missing_price_usd"
    },
    {
      "codigo": "48786",
      "action": "skipped",
      "reason": "missing_price_usd"
    },
    {
      "codigo": "48620",
      "action": "skipped",
      "reason": "missing_price_usd"
    },
    {
      "codigo": "48575",
      "action": "skipped",
      "reason": "missing_price_usd"
    },
    {
      "codigo": "47982",
      "action": "skipped",
      "reason": "missing_price_usd"
    },
    {
      "codigo": "47721",
      "action": "skipped",
      "reason": "missing_price_usd"
    },
    {
      "codigo": "47550",
      "action": "skipped",
      "reason": "missing_price_usd"
    },
    {
      "codigo": "47432",
      "action": "skipped",
      "reason": "missing_price_usd"
    },
    {
      "codigo": "47431",
      "action": "skipped",
      "reason": "missing_price_usd"
    },
    {
      "codigo": "35390",
      "action": "skipped",
      "reason": "missing_price_usd"
    },
    {
      "codigo": "46644",
      "action": "skipped",
      "reason": "missing_price_usd"
    },
    {
      "codigo": "45853",
      "action": "skipped",
      "reason": "missing_price_usd"
    },
    {
      "codigo": "45819",
      "action": "skipped",
      "reason": "missing_price_usd"
    },
    {
      "codigo": "44840",
      "action": "skipped",
      "reason": "missing_price_usd"
    },
    {
      "codigo": "43715",
      "action": "skipped",
      "reason": "missing_price_usd"
    },
    {
      "codigo": "43709",
      "action": "skipped",
      "reason": "missing_price_usd"
    },
    {
      "codigo": "39215",
      "action": "skipped",
      "reason": "missing_price_usd"
    },
    {
      "codigo": "44005",
      "action": "skipped",
      "reason": "missing_price_usd"
    },
    {
      "codigo": "43714",
      "action": "skipped",
      "reason": "missing_price_usd"
    },
    {
      "codigo": "43712",
      "action": "skipped",
      "reason": "missing_price_usd"
    },
    {
      "codigo": "43710",
      "action": "skipped",
      "reason": "missing_price_usd"
    },
    {
      "codigo": "43628",
      "action": "skipped",
      "reason": "missing_price_usd"
    },
    {
      "codigo": "43532",
      "action": "skipped",
      "reason": "missing_price_usd"
    },
    {
      "codigo": "43477",
      "action": "skipped",
      "reason": "missing_price_usd"
    },
    {
      "codigo": "43377",
      "action": "skipped",
      "reason": "missing_price_usd"
    },
    {
      "codigo": "43375",
      "action": "skipped",
      "reason": "missing_price_usd"
    },
    {
      "codigo": "43283",
      "action": "skipped",
      "reason": "missing_price_usd"
    },
    {
      "codigo": "43282",
      "action": "skipped",
      "reason": "missing_price_usd"
    },
    {
      "codigo": "43281",
      "action": "skipped",
      "reason": "missing_price_usd"
    },
    {
      "codigo": "32327",
      "action": "skipped",
      "reason": "missing_price_usd"
    },
    {
      "codigo": "42053",
      "action": "skipped",
      "reason": "missing_price_usd"
    },
    {
      "codigo": "42051",
      "action": "skipped",
      "reason": "missing_price_usd"
    },
    {
      "codigo": "41981",
      "action": "skipped",
      "reason": "missing_price_usd"
    },
    {
      "codigo": "41980",
      "action": "skipped",
      "reason": "missing_price_usd"
    },
    {
      "codigo": "41979",
      "action": "skipped",
      "reason": "missing_price_usd"
    },
    {
      "codigo": "41344",
      "action": "skipped",
      "reason": "missing_price_usd"
    },
    {
      "codigo": "35889",
      "action": "skipped",
      "reason": "missing_price_usd"
    },
    {
      "codigo": "35700",
      "action": "skipped",
      "reason": "missing_price_usd"
    },
    {
      "codigo": "35540",
      "action": "skipped",
      "reason": "missing_price_usd"
    },
    {
      "codigo": "35539",
      "action": "skipped",
      "reason": "missing_price_usd"
    },
    {
      "codigo": "40217",
      "action": "skipped",
      "reason": "missing_price_usd"
    },
    {
      "codigo": "27920",
      "action": "skipped",
      "reason": "missing_price_usd"
    },
    {
      "codigo": "39680",
      "action": "skipped",
      "reason": "missing_price_usd"
    },
    {
      "codigo": "32425",
      "action": "skipped",
      "reason": "missing_price_usd"
    },
    {
      "codigo": "39646",
      "action": "skipped",
      "reason": "missing_price_usd"
    },
    {
      "codigo": "26136",
      "action": "skipped",
      "reason": "missing_price_usd"
    },
    {
      "codigo": "31050",
      "action": "skipped",
      "reason": "missing_price_usd"
    },
    {
      "codigo": "31028",
      "action": "skipped",
      "reason": "missing_price_usd"
    },
    {
      "codigo": "31047",
      "action": "skipped",
      "reason": "missing_price_usd"
    },
    {
      "codigo": "31683",
      "action": "skipped",
      "reason": "missing_price_usd"
    },
    {
      "codigo": "31716",
      "action": "skipped",
      "reason": "missing_price_usd"
    },
    {
      "codigo": "27919",
      "action": "skipped",
      "reason": "missing_price_usd"
    },
    {
      "codigo": "26127",
      "action": "skipped",
      "reason": "missing_price_usd"
    },
    {
      "codigo": "26128",
      "action": "skipped",
      "reason": "missing_price_usd"
    },
    {
      "codigo": "26944",
      "action": "skipped",
      "reason": "missing_price_usd"
    },
    {
      "codigo": "32200",
      "action": "skipped",
      "reason": "missing_price_usd"
    },
    {
      "codigo": "31029",
      "action": "skipped",
      "reason": "missing_price_usd"
    },
    {
      "codigo": "31682",
      "action": "skipped",
      "reason": "missing_price_usd"
    },
    {
      "codigo": "17950",
      "action": "skipped",
      "reason": "missing_price_usd"
    },
    {
      "codigo": "28319",
      "action": "skipped",
      "reason": "missing_price_usd"
    },
    {
      "codigo": "24390",
      "action": "skipped",
      "reason": "missing_price_usd"
    },
    {
      "codigo": "26134",
      "action": "skipped",
      "reason": "missing_price_usd"
    },
    {
      "codigo": "27865",
      "action": "skipped",
      "reason": "missing_price_usd"
    },
    {
      "codigo": "22953",
      "action": "skipped",
      "reason": "missing_price_usd"
    },
    {
      "codigo": "26135",
      "action": "skipped",
      "reason": "missing_price_usd"
    },
    {
      "codigo": "22212",
      "action": "skipped",
      "reason": "missing_price_usd"
    },
    {
      "codigo": "25337",
      "action": "skipped",
      "reason": "missing_price_usd"
    },
    {
      "codigo": "32272",
      "action": "skipped",
      "reason": "missing_price_usd"
    },
    {
      "codigo": "32843",
      "action": "skipped",
      "reason": "missing_price_usd"
    },
    {
      "codigo": "33064",
      "action": "skipped",
      "reason": "missing_price_usd"
    },
    {
      "codigo": "33056",
      "action": "skipped",
      "reason": "missing_price_usd"
    },
    {
      "codigo": "33517",
      "action": "skipped",
      "reason": "missing_price_usd"
    },
    {
      "codigo": "38744",
      "action": "skipped",
      "reason": "missing_price_usd"
    },
    {
      "codigo": "38537",
      "action": "skipped",
      "reason": "missing_price_usd"
    },
    {
      "codigo": "36672",
      "action": "skipped",
      "reason": "missing_price_usd"
    },
    {
      "codigo": "36670",
      "action": "skipped",
      "reason": "missing_price_usd"
    },
    {
      "codigo": "36666",
      "action": "skipped",
      "reason": "missing_price_usd"
    },
    {
      "codigo": "36602",
      "action": "skipped",
      "reason": "missing_price_usd"
    },
    {
      "codigo": "36591",
      "action": "skipped",
      "reason": "missing_price_usd"
    },
    {
      "codigo": "36484",
      "action": "skipped",
      "reason": "missing_price_usd"
    },
    {
      "codigo": "35944",
      "action": "skipped",
      "reason": "missing_price_usd"
    },
    {
      "codigo": "35727",
      "action": "skipped",
      "reason": "missing_price_usd"
    },
    {
      "codigo": "35541",
      "action": "skipped",
      "reason": "missing_price_usd"
    },
    {
      "codigo": "35392",
      "action": "skipped",
      "reason": "missing_price_usd"
    },
    {
      "codigo": "35391",
      "action": "skipped",
      "reason": "missing_price_usd"
    },
    {
      "codigo": "31869",
      "action": "skipped",
      "reason": "missing_price_usd"
    },
    {
      "codigo": "33959",
      "action": "skipped",
      "reason": "missing_price_usd"
    },
    {
      "codigo": "33895",
      "action": "skipped",
      "reason": "missing_price_usd"
    },
    {
      "codigo": "33685",
      "action": "skipped",
      "reason": "missing_price_usd"
    },
    {
      "codigo": "33442",
      "action": "skipped",
      "reason": "missing_price_usd"
    },
    {
      "codigo": "33424",
      "action": "skipped",
      "reason": "missing_price_usd"
    },
    {
      "codigo": "33176",
      "action": "skipped",
      "reason": "missing_price_usd"
    },
    {
      "codigo": "31706",
      "action": "skipped",
      "reason": "missing_price_usd"
    },
    {
      "codigo": "31027",
      "action": "skipped",
      "reason": "missing_price_usd"
    },
    {
      "codigo": "29472",
      "action": "skipped",
      "reason": "missing_price_usd"
    },
    {
      "codigo": "29471",
      "action": "skipped",
      "reason": "missing_price_usd"
    },
    {
      "codigo": "29176",
      "action": "skipped",
      "reason": "missing_price_usd"
    },
    {
      "codigo": "27461",
      "action": "skipped",
      "reason": "missing_price_usd"
    },
    {
      "codigo": "26945",
      "action": "skipped",
      "reason": "missing_price_usd"
    },
    {
      "codigo": "26934",
      "action": "skipped",
      "reason": "missing_price_usd"
    },
    {
      "codigo": "26125",
      "action": "skipped",
      "reason": "missing_price_usd"
    },
    {
      "codigo": "25210",
      "action": "skipped",
      "reason": "missing_price_usd"
    },
    {
      "codigo": "24391",
      "action": "skipped",
      "reason": "missing_price_usd"
    },
    {
      "codigo": "23349",
      "action": "skipped",
      "reason": "missing_price_usd"
    },
    {
      "codigo": "22952",
      "action": "skipped",
      "reason": "missing_price_usd"
    },
    {
      "codigo": "22209",
      "action": "skipped",
      "reason": "missing_price_usd"
    },
    {
      "codigo": "21792",
      "action": "skipped",
      "reason": "missing_price_usd"
    },
    {
      "codigo": "55575",
      "action": "skipped",
      "reason": "missing_price_usd"
    },
    {
      "codigo": "58067",
      "action": "skipped",
      "reason": "missing_price_usd"
    },
    {
      "codigo": "57993",
      "action": "skipped",
      "reason": "missing_price_usd"
    },
    {
      "codigo": "57967",
      "action": "skipped",
      "reason": "missing_price_usd"
    },
    {
      "codigo": "57758",
      "action": "skipped",
      "reason": "missing_price_usd"
    },
    {
      "codigo": "57759",
      "action": "skipped",
      "reason": "missing_price_usd"
    },
    {
      "codigo": "57574",
      "action": "skipped",
      "reason": "missing_price_usd"
    },
    {
      "codigo": "57573",
      "action": "skipped",
      "reason": "missing_price_usd"
    },
    {
      "codigo": "57061",
      "action": "skipped",
      "reason": "missing_price_usd"
    },
    {
      "codigo": "57060",
      "action": "skipped",
      "reason": "missing_price_usd"
    },
    {
      "codigo": "56954",
      "action": "skipped",
      "reason": "missing_price_usd"
    },
    {
      "codigo": "56938",
      "action": "skipped",
      "reason": "missing_price_usd"
    },
    {
      "codigo": "56937",
      "action": "skipped",
      "reason": "missing_price_usd"
    },
    {
      "codigo": "56833",
      "action": "skipped",
      "reason": "missing_price_usd"
    },
    {
      "codigo": "56430",
      "action": "skipped",
      "reason": "missing_price_usd"
    },
    {
      "codigo": "55893",
      "action": "skipped",
      "reason": "missing_price_usd"
    },
    {
      "codigo": "55695",
      "action": "skipped",
      "reason": "missing_price_usd"
    },
    {
      "codigo": "55694",
      "action": "skipped",
      "reason": "missing_price_usd"
    },
    {
      "codigo": "55661",
      "action": "skipped",
      "reason": "missing_price_usd"
    },
    {
      "codigo": "55647",
      "action": "skipped",
      "reason": "missing_price_usd"
    },
    {
      "codigo": "55517",
      "action": "skipped",
      "reason": "missing_price_usd"
    },
    {
      "codigo": "55497",
      "action": "skipped",
      "reason": "missing_price_usd"
    },
    {
      "codigo": "55242",
      "action": "skipped",
      "reason": "missing_price_usd"
    },
    {
      "codigo": "55128",
      "action": "skipped",
      "reason": "missing_price_usd"
    },
    {
      "codigo": "54950",
      "action": "skipped",
      "reason": "missing_price_usd"
    },
    {
      "codigo": "54946",
      "action": "skipped",
      "reason": "missing_price_usd"
    },
    {
      "codigo": "54339",
      "action": "skipped",
      "reason": "missing_price_usd"
    },
    {
      "codigo": "54204",
      "action": "skipped",
      "reason": "missing_price_usd"
    },
    {
      "codigo": "54103",
      "action": "skipped",
      "reason": "missing_price_usd"
    },
    {
      "codigo": "42213",
      "action": "skipped",
      "reason": "missing_price_usd"
    },
    {
      "codigo": "53932",
      "action": "skipped",
      "reason": "missing_price_usd"
    },
    {
      "codigo": "53373",
      "action": "skipped",
      "reason": "missing_price_usd"
    },
    {
      "codigo": "52996",
      "action": "skipped",
      "reason": "missing_price_usd"
    },
    {
      "codigo": "52718",
      "action": "skipped",
      "reason": "missing_price_usd"
    },
    {
      "codigo": "52619",
      "action": "skipped",
      "reason": "missing_price_usd"
    },
    {
      "codigo": "52618",
      "action": "skipped",
      "reason": "missing_price_usd"
    },
    {
      "codigo": "52498",
      "action": "skipped",
      "reason": "missing_price_usd"
    },
    {
      "codigo": "52497",
      "action": "skipped",
      "reason": "missing_price_usd"
    },
    {
      "codigo": "52495",
      "action": "skipped",
      "reason": "missing_price_usd"
    },
    {
      "codigo": "52058",
      "action": "skipped",
      "reason": "missing_price_usd"
    },
    {
      "codigo": "52057",
      "action": "skipped",
      "reason": "missing_price_usd"
    },
    {
      "codigo": "51947",
      "action": "skipped",
      "reason": "missing_price_usd"
    },
    {
      "codigo": "51946",
      "action": "skipped",
      "reason": "missing_price_usd"
    },
    {
      "codigo": "51039",
      "action": "skipped",
      "reason": "missing_price_usd"
    },
    {
      "codigo": "51015",
      "action": "skipped",
      "reason": "missing_price_usd"
    },
    {
      "codigo": "50974",
      "action": "skipped",
      "reason": "missing_price_usd"
    },
    {
      "codigo": "50757",
      "action": "skipped",
      "reason": "missing_price_usd"
    },
    {
      "codigo": "50756",
      "action": "skipped",
      "reason": "missing_price_usd"
    },
    {
      "codigo": "50753",
      "action": "skipped",
      "reason": "missing_price_usd"
    },
    {
      "codigo": "50752",
      "action": "skipped",
      "reason": "missing_price_usd"
    },
    {
      "codigo": "49579",
      "action": "skipped",
      "reason": "missing_price_usd"
    },
    {
      "codigo": "49576",
      "action": "skipped",
      "reason": "missing_price_usd"
    },
    {
      "codigo": "48629",
      "action": "skipped",
      "reason": "missing_price_usd"
    },
    {
      "codigo": "48628",
      "action": "skipped",
      "reason": "missing_price_usd"
    },
    {
      "codigo": "48627",
      "action": "skipped",
      "reason": "missing_price_usd"
    },
    {
      "codigo": "47594",
      "action": "skipped",
      "reason": "missing_price_usd"
    },
    {
      "codigo": "47071",
      "action": "skipped",
      "reason": "missing_price_usd"
    },
    {
      "codigo": "46041",
      "action": "skipped",
      "reason": "missing_price_usd"
    },
    {
      "codigo": "45599",
      "action": "skipped",
      "reason": "missing_price_usd"
    },
    {
      "codigo": "45387",
      "action": "skipped",
      "reason": "missing_price_usd"
    },
    {
      "codigo": "45385",
      "action": "skipped",
      "reason": "missing_price_usd"
    },
    {
      "codigo": "45384",
      "action": "skipped",
      "reason": "missing_price_usd"
    },
    {
      "codigo": "44465",
      "action": "skipped",
      "reason": "missing_price_usd"
    },
    {
      "codigo": "44198",
      "action": "skipped",
      "reason": "missing_price_usd"
    },
    {
      "codigo": "43135",
      "action": "skipped",
      "reason": "missing_price_usd"
    },
    {
      "codigo": "43134",
      "action": "skipped",
      "reason": "missing_price_usd"
    },
    {
      "codigo": "43111",
      "action": "skipped",
      "reason": "missing_price_usd"
    },
    {
      "codigo": "43110",
      "action": "skipped",
      "reason": "missing_price_usd"
    },
    {
      "codigo": "37581",
      "action": "skipped",
      "reason": "missing_price_usd"
    },
    {
      "codigo": "42399",
      "action": "skipped",
      "reason": "missing_price_usd"
    },
    {
      "codigo": "41376",
      "action": "skipped",
      "reason": "missing_price_usd"
    },
    {
      "codigo": "41375",
      "action": "skipped",
      "reason": "missing_price_usd"
    },
    {
      "codigo": "40709",
      "action": "skipped",
      "reason": "missing_price_usd"
    },
    {
      "codigo": "40080",
      "action": "skipped",
      "reason": "missing_price_usd"
    },
    {
      "codigo": "38963",
      "action": "skipped",
      "reason": "missing_price_usd"
    },
    {
      "codigo": "36738",
      "action": "skipped",
      "reason": "missing_price_usd"
    },
    {
      "codigo": "26877",
      "action": "skipped",
      "reason": "missing_price_usd"
    },
    {
      "codigo": "26890",
      "action": "skipped",
      "reason": "missing_price_usd"
    },
    {
      "codigo": "31101",
      "action": "skipped",
      "reason": "missing_price_usd"
    },
    {
      "codigo": "30080",
      "action": "skipped",
      "reason": "missing_price_usd"
    },
    {
      "codigo": "26900",
      "action": "skipped",
      "reason": "missing_price_usd"
    },
    {
      "codigo": "26897",
      "action": "skipped",
      "reason": "missing_price_usd"
    },
    {
      "codigo": "26896",
      "action": "skipped",
      "reason": "missing_price_usd"
    },
    {
      "codigo": "24773",
      "action": "skipped",
      "reason": "missing_price_usd"
    },
    {
      "codigo": "23937",
      "action": "skipped",
      "reason": "missing_price_usd"
    },
    {
      "codigo": "22035",
      "action": "skipped",
      "reason": "missing_price_usd"
    },
    {
      "codigo": "22034",
      "action": "skipped",
      "reason": "missing_price_usd"
    },
    {
      "codigo": "22033",
      "action": "skipped",
      "reason": "missing_price_usd"
    },
    {
      "codigo": "1628",
      "action": "skipped",
      "reason": "missing_price_usd"
    },
    {
      "codigo": "16184",
      "action": "skipped",
      "reason": "missing_price_usd"
    },
    {
      "codigo": "16183",
      "action": "skipped",
      "reason": "missing_price_usd"
    },
    {
      "codigo": "10314",
      "action": "skipped",
      "reason": "missing_price_usd"
    },
    {
      "codigo": "56006",
      "action": "skipped",
      "reason": "missing_price_usd"
    },
    {
      "codigo": "56005",
      "action": "skipped",
      "reason": "missing_price_usd"
    },
    {
      "codigo": "56004",
      "action": "skipped",
      "reason": "missing_price_usd"
    },
    {
      "codigo": "50115",
      "action": "skipped",
      "reason": "missing_price_usd"
    },
    {
      "codigo": "49918",
      "action": "skipped",
      "reason": "missing_price_usd"
    },
    {
      "codigo": "57462",
      "action": "skipped",
      "reason": "missing_price_usd"
    },
    {
      "codigo": "57461",
      "action": "skipped",
      "reason": "missing_price_usd"
    },
    {
      "codigo": "57977",
      "action": "skipped",
      "reason": "missing_price_usd"
    },
    {
      "codigo": "57976",
      "action": "skipped",
      "reason": "missing_price_usd"
    },
    {
      "codigo": "54424",
      "action": "skipped",
      "reason": "missing_price_usd"
    },
    {
      "codigo": "57788",
      "action": "skipped",
      "reason": "missing_price_usd"
    },
    {
      "codigo": "57598",
      "action": "skipped",
      "reason": "missing_price_usd"
    },
    {
      "codigo": "57577",
      "action": "skipped",
      "reason": "missing_price_usd"
    },
    {
      "codigo": "57576",
      "action": "skipped",
      "reason": "missing_price_usd"
    },
    {
      "codigo": "57562",
      "action": "skipped",
      "reason": "missing_price_usd"
    },
    {
      "codigo": "56505",
      "action": "skipped",
      "reason": "missing_price_usd"
    },
    {
      "codigo": "55150",
      "action": "skipped",
      "reason": "missing_price_usd"
    },
    {
      "codigo": "54865",
      "action": "skipped",
      "reason": "missing_price_usd"
    },
    {
      "codigo": "54745",
      "action": "skipped",
      "reason": "missing_price_usd"
    },
    {
      "codigo": "54743",
      "action": "skipped",
      "reason": "missing_price_usd"
    },
    {
      "codigo": "54742",
      "action": "skipped",
      "reason": "missing_price_usd"
    },
    {
      "codigo": "54554",
      "action": "skipped",
      "reason": "missing_price_usd"
    },
    {
      "codigo": "53329",
      "action": "skipped",
      "reason": "missing_price_usd"
    },
    {
      "codigo": "52925",
      "action": "skipped",
      "reason": "missing_price_usd"
    },
    {
      "codigo": "52710",
      "action": "skipped",
      "reason": "missing_price_usd"
    },
    {
      "codigo": "52622",
      "action": "skipped",
      "reason": "missing_price_usd"
    },
    {
      "codigo": "52112",
      "action": "skipped",
      "reason": "missing_price_usd"
    },
    {
      "codigo": "51404",
      "action": "skipped",
      "reason": "missing_price_usd"
    },
    {
      "codigo": "50896",
      "action": "skipped",
      "reason": "missing_price_usd"
    },
    {
      "codigo": "49921",
      "action": "skipped",
      "reason": "missing_price_usd"
    },
    {
      "codigo": "49920",
      "action": "skipped",
      "reason": "missing_price_usd"
    },
    {
      "codigo": "49919",
      "action": "skipped",
      "reason": "missing_price_usd"
    },
    {
      "codigo": "48525",
      "action": "skipped",
      "reason": "missing_price_usd"
    },
    {
      "codigo": "47166",
      "action": "skipped",
      "reason": "missing_price_usd"
    },
    {
      "codigo": "44687",
      "action": "skipped",
      "reason": "missing_price_usd"
    },
    {
      "codigo": "44655",
      "action": "skipped",
      "reason": "missing_price_usd"
    },
    {
      "codigo": "44654",
      "action": "skipped",
      "reason": "missing_price_usd"
    },
    {
      "codigo": "44653",
      "action": "skipped",
      "reason": "missing_price_usd"
    },
    {
      "codigo": "44372",
      "action": "skipped",
      "reason": "missing_price_usd"
    },
    {
      "codigo": "44253",
      "action": "skipped",
      "reason": "missing_price_usd"
    },
    {
      "codigo": "42299",
      "action": "skipped",
      "reason": "missing_price_usd"
    },
    {
      "codigo": "41818",
      "action": "skipped",
      "reason": "missing_price_usd"
    },
    {
      "codigo": "41776",
      "action": "skipped",
      "reason": "missing_price_usd"
    },
    {
      "codigo": "41774",
      "action": "skipped",
      "reason": "missing_price_usd"
    },
    {
      "codigo": "41183",
      "action": "skipped",
      "reason": "missing_price_usd"
    },
    {
      "codigo": "40672",
      "action": "skipped",
      "reason": "missing_price_usd"
    },
    {
      "codigo": "39430",
      "action": "skipped",
      "reason": "missing_price_usd"
    },
    {
      "codigo": "39429",
      "action": "skipped",
      "reason": "missing_price_usd"
    },
    {
      "codigo": "39232",
      "action": "skipped",
      "reason": "missing_price_usd"
    },
    {
      "codigo": "38678",
      "action": "skipped",
      "reason": "missing_price_usd"
    },
    {
      "codigo": "35348",
      "action": "skipped",
      "reason": "missing_price_usd"
    },
    {
      "codigo": "35347",
      "action": "skipped",
      "reason": "missing_price_usd"
    },
    {
      "codigo": "35217",
      "action": "skipped",
      "reason": "missing_price_usd"
    },
    {
      "codigo": "23317",
      "action": "skipped",
      "reason": "missing_price_usd"
    },
    {
      "codigo": "9435",
      "action": "skipped",
      "reason": "missing_price_usd"
    },
    {
      "codigo": "9300",
      "action": "skipped",
      "reason": "missing_price_usd"
    },
    {
      "codigo": "5282",
      "action": "skipped",
      "reason": "missing_price_usd"
    },
    {
      "codigo": "4709",
      "action": "skipped",
      "reason": "missing_price_usd"
    },
    {
      "codigo": "32238",
      "action": "skipped",
      "reason": "missing_price_usd"
    },
    {
      "codigo": "30832",
      "action": "skipped",
      "reason": "missing_price_usd"
    },
    {
      "codigo": "30206",
      "action": "skipped",
      "reason": "missing_price_usd"
    },
    {
      "codigo": "29949",
      "action": "skipped",
      "reason": "missing_price_usd"
    },
    {
      "codigo": "29699",
      "action": "skipped",
      "reason": "missing_price_usd"
    },
    {
      "codigo": "28352",
      "action": "skipped",
      "reason": "missing_price_usd"
    },
    {
      "codigo": "27493",
      "action": "skipped",
      "reason": "missing_price_usd"
    },
    {
      "codigo": "27263",
      "action": "skipped",
      "reason": "missing_price_usd"
    },
    {
      "codigo": "27261",
      "action": "skipped",
      "reason": "missing_price_usd"
    },
    {
      "codigo": "25060",
      "action": "skipped",
      "reason": "missing_price_usd"
    },
    {
      "codigo": "24178",
      "action": "skipped",
      "reason": "missing_price_usd"
    },
    {
      "codigo": "24177",
      "action": "skipped",
      "reason": "missing_price_usd"
    },
    {
      "codigo": "20688",
      "action": "skipped",
      "reason": "missing_price_usd"
    },
    {
      "codigo": "16706",
      "action": "skipped",
      "reason": "missing_price_usd"
    },
    {
      "codigo": "1331",
      "action": "skipped",
      "reason": "missing_price_usd"
    },
    {
      "codigo": "49782",
      "action": "skipped",
      "reason": "missing_price_usd"
    },
    {
      "codigo": "51338",
      "action": "skipped",
      "reason": "missing_price_usd"
    },
    {
      "codigo": "53863",
      "action": "skipped",
      "reason": "missing_price_usd"
    },
    {
      "codigo": "53197",
      "action": "skipped",
      "reason": "missing_price_usd"
    },
    {
      "codigo": "52627",
      "action": "skipped",
      "reason": "missing_price_usd"
    },
    {
      "codigo": "57955",
      "action": "skipped",
      "reason": "missing_price_usd"
    },
    {
      "codigo": "57956",
      "action": "skipped",
      "reason": "missing_price_usd"
    },
    {
      "codigo": "50483",
      "action": "skipped",
      "reason": "missing_price_usd"
    },
    {
      "codigo": "57889",
      "action": "skipped",
      "reason": "missing_price_usd"
    },
    {
      "codigo": "57888",
      "action": "skipped",
      "reason": "missing_price_usd"
    },
    {
      "codigo": "57887",
      "action": "skipped",
      "reason": "missing_price_usd"
    },
    {
      "codigo": "57886",
      "action": "skipped",
      "reason": "missing_price_usd"
    },
    {
      "codigo": "57885",
      "action": "skipped",
      "reason": "missing_price_usd"
    },
    {
      "codigo": "57884",
      "action": "skipped",
      "reason": "missing_price_usd"
    },
    {
      "codigo": "57883",
      "action": "skipped",
      "reason": "missing_price_usd"
    },
    {
      "codigo": "57882",
      "action": "skipped",
      "reason": "missing_price_usd"
    },
    {
      "codigo": "57881",
      "action": "skipped",
      "reason": "missing_price_usd"
    },
    {
      "codigo": "57880",
      "action": "skipped",
      "reason": "missing_price_usd"
    },
    {
      "codigo": "57879",
      "action": "skipped",
      "reason": "missing_price_usd"
    },
    {
      "codigo": "57780",
      "action": "skipped",
      "reason": "missing_price_usd"
    },
    {
      "codigo": "57778",
      "action": "skipped",
      "reason": "missing_price_usd"
    },
    {
      "codigo": "57483",
      "action": "skipped",
      "reason": "missing_price_usd"
    },
    {
      "codigo": "57481",
      "action": "skipped",
      "reason": "missing_price_usd"
    },
    {
      "codigo": "57380",
      "action": "skipped",
      "reason": "missing_price_usd"
    },
    {
      "codigo": "57193",
      "action": "skipped",
      "reason": "missing_price_usd"
    },
    {
      "codigo": "57182",
      "action": "skipped",
      "reason": "missing_price_usd"
    },
    {
      "codigo": "57125",
      "action": "skipped",
      "reason": "missing_price_usd"
    },
    {
      "codigo": "57124",
      "action": "skipped",
      "reason": "missing_price_usd"
    },
    {
      "codigo": "57123",
      "action": "skipped",
      "reason": "missing_price_usd"
    },
    {
      "codigo": "57122",
      "action": "skipped",
      "reason": "missing_price_usd"
    },
    {
      "codigo": "57068",
      "action": "skipped",
      "reason": "missing_price_usd"
    },
    {
      "codigo": "56694",
      "action": "skipped",
      "reason": "missing_price_usd"
    },
    {
      "codigo": "56528",
      "action": "skipped",
      "reason": "missing_price_usd"
    },
    {
      "codigo": "56243",
      "action": "skipped",
      "reason": "missing_price_usd"
    },
    {
      "codigo": "55832",
      "action": "skipped",
      "reason": "missing_price_usd"
    },
    {
      "codigo": "55831",
      "action": "skipped",
      "reason": "missing_price_usd"
    },
    {
      "codigo": "55830",
      "action": "skipped",
      "reason": "missing_price_usd"
    },
    {
      "codigo": "55702",
      "action": "skipped",
      "reason": "missing_price_usd"
    },
    {
      "codigo": "55699",
      "action": "skipped",
      "reason": "missing_price_usd"
    },
    {
      "codigo": "55651",
      "action": "skipped",
      "reason": "missing_price_usd"
    },
    {
      "codigo": "55649",
      "action": "skipped",
      "reason": "missing_price_usd"
    },
    {
      "codigo": "55183",
      "action": "skipped",
      "reason": "missing_price_usd"
    },
    {
      "codigo": "54521",
      "action": "skipped",
      "reason": "missing_price_usd"
    },
    {
      "codigo": "52940",
      "action": "skipped",
      "reason": "missing_price_usd"
    },
    {
      "codigo": "54211",
      "action": "skipped",
      "reason": "missing_price_usd"
    },
    {
      "codigo": "54185",
      "action": "skipped",
      "reason": "missing_price_usd"
    },
    {
      "codigo": "53933",
      "action": "skipped",
      "reason": "missing_price_usd"
    },
    {
      "codigo": "53198",
      "action": "skipped",
      "reason": "missing_price_usd"
    },
    {
      "codigo": "53605",
      "action": "skipped",
      "reason": "missing_price_usd"
    },
    {
      "codigo": "53602",
      "action": "skipped",
      "reason": "missing_price_usd"
    },
    {
      "codigo": "53601",
      "action": "skipped",
      "reason": "missing_price_usd"
    },
    {
      "codigo": "53600",
      "action": "skipped",
      "reason": "missing_price_usd"
    },
    {
      "codigo": "53395",
      "action": "skipped",
      "reason": "missing_price_usd"
    },
    {
      "codigo": "53033",
      "action": "skipped",
      "reason": "missing_price_usd"
    },
    {
      "codigo": "52712",
      "action": "skipped",
      "reason": "missing_price_usd"
    },
    {
      "codigo": "52629",
      "action": "skipped",
      "reason": "missing_price_usd"
    },
    {
      "codigo": "52286",
      "action": "skipped",
      "reason": "missing_price_usd"
    },
    {
      "codigo": "43661",
      "action": "skipped",
      "reason": "missing_price_usd"
    },
    {
      "codigo": "51749",
      "action": "skipped",
      "reason": "missing_price_usd"
    },
    {
      "codigo": "50839",
      "action": "skipped",
      "reason": "missing_price_usd"
    },
    {
      "codigo": "50838",
      "action": "skipped",
      "reason": "missing_price_usd"
    },
    {
      "codigo": "50227",
      "action": "skipped",
      "reason": "missing_price_usd"
    },
    {
      "codigo": "49280",
      "action": "skipped",
      "reason": "missing_price_usd"
    },
    {
      "codigo": "49095",
      "action": "skipped",
      "reason": "missing_price_usd"
    },
    {
      "codigo": "49094",
      "action": "skipped",
      "reason": "missing_price_usd"
    },
    {
      "codigo": "49093",
      "action": "skipped",
      "reason": "missing_price_usd"
    },
    {
      "codigo": "49092",
      "action": "skipped",
      "reason": "missing_price_usd"
    },
    {
      "codigo": "49090",
      "action": "skipped",
      "reason": "missing_price_usd"
    },
    {
      "codigo": "49089",
      "action": "skipped",
      "reason": "missing_price_usd"
    },
    {
      "codigo": "48416",
      "action": "skipped",
      "reason": "missing_price_usd"
    },
    {
      "codigo": "48641",
      "action": "skipped",
      "reason": "missing_price_usd"
    },
    {
      "codigo": "47584",
      "action": "skipped",
      "reason": "missing_price_usd"
    },
    {
      "codigo": "47514",
      "action": "skipped",
      "reason": "missing_price_usd"
    },
    {
      "codigo": "43608",
      "action": "skipped",
      "reason": "missing_price_usd"
    },
    {
      "codigo": "43606",
      "action": "skipped",
      "reason": "missing_price_usd"
    },
    {
      "codigo": "43605",
      "action": "skipped",
      "reason": "missing_price_usd"
    },
    {
      "codigo": "43284",
      "action": "skipped",
      "reason": "missing_price_usd"
    },
    {
      "codigo": "42945",
      "action": "skipped",
      "reason": "missing_price_usd"
    },
    {
      "codigo": "42746",
      "action": "skipped",
      "reason": "missing_price_usd"
    },
    {
      "codigo": "42745",
      "action": "skipped",
      "reason": "missing_price_usd"
    },
    {
      "codigo": "41843",
      "action": "skipped",
      "reason": "missing_price_usd"
    },
    {
      "codigo": "41200",
      "action": "skipped",
      "reason": "missing_price_usd"
    },
    {
      "codigo": "41198",
      "action": "skipped",
      "reason": "missing_price_usd"
    },
    {
      "codigo": "40878",
      "action": "skipped",
      "reason": "missing_price_usd"
    },
    {
      "codigo": "40877",
      "action": "skipped",
      "reason": "missing_price_usd"
    },
    {
      "codigo": "39921",
      "action": "skipped",
      "reason": "missing_price_usd"
    },
    {
      "codigo": "36965",
      "action": "skipped",
      "reason": "missing_price_usd"
    },
    {
      "codigo": "36549",
      "action": "skipped",
      "reason": "missing_price_usd"
    },
    {
      "codigo": "30759",
      "action": "skipped",
      "reason": "missing_price_usd"
    },
    {
      "codigo": "25587",
      "action": "skipped",
      "reason": "missing_price_usd"
    },
    {
      "codigo": "55091",
      "action": "skipped",
      "reason": "missing_price_usd"
    },
    {
      "codigo": "55096",
      "action": "skipped",
      "reason": "missing_price_usd"
    },
    {
      "codigo": "53162",
      "action": "skipped",
      "reason": "missing_price_usd"
    },
    {
      "codigo": "53161",
      "action": "skipped",
      "reason": "missing_price_usd"
    },
    {
      "codigo": "55685",
      "action": "skipped",
      "reason": "missing_price_usd"
    },
    {
      "codigo": "57502",
      "action": "skipped",
      "reason": "missing_price_usd"
    },
    {
      "codigo": "57501",
      "action": "skipped",
      "reason": "missing_price_usd"
    },
    {
      "codigo": "57339",
      "action": "skipped",
      "reason": "missing_price_usd"
    },
    {
      "codigo": "56891",
      "action": "skipped",
      "reason": "missing_price_usd"
    },
    {
      "codigo": "56885",
      "action": "skipped",
      "reason": "missing_price_usd"
    },
    {
      "codigo": "56884",
      "action": "skipped",
      "reason": "missing_price_usd"
    },
    {
      "codigo": "56881",
      "action": "skipped",
      "reason": "missing_price_usd"
    },
    {
      "codigo": "56880",
      "action": "skipped",
      "reason": "missing_price_usd"
    },
    {
      "codigo": "56281",
      "action": "skipped",
      "reason": "missing_price_usd"
    },
    {
      "codigo": "55885",
      "action": "skipped",
      "reason": "missing_price_usd"
    },
    {
      "codigo": "55877",
      "action": "skipped",
      "reason": "missing_price_usd"
    },
    {
      "codigo": "55809",
      "action": "skipped",
      "reason": "missing_price_usd"
    },
    {
      "codigo": "55808",
      "action": "skipped",
      "reason": "missing_price_usd"
    },
    {
      "codigo": "55692",
      "action": "skipped",
      "reason": "missing_price_usd"
    },
    {
      "codigo": "55691",
      "action": "skipped",
      "reason": "missing_price_usd"
    },
    {
      "codigo": "55410",
      "action": "skipped",
      "reason": "missing_price_usd"
    },
    {
      "codigo": "55259",
      "action": "skipped",
      "reason": "missing_price_usd"
    },
    {
      "codigo": "55177",
      "action": "skipped",
      "reason": "missing_price_usd"
    },
    {
      "codigo": "55100",
      "action": "skipped",
      "reason": "missing_price_usd"
    },
    {
      "codigo": "55098",
      "action": "skipped",
      "reason": "missing_price_usd"
    },
    {
      "codigo": "55097",
      "action": "skipped",
      "reason": "missing_price_usd"
    },
    {
      "codigo": "55093",
      "action": "skipped",
      "reason": "missing_price_usd"
    },
    {
      "codigo": "55092",
      "action": "skipped",
      "reason": "missing_price_usd"
    },
    {
      "codigo": "55090",
      "action": "skipped",
      "reason": "missing_price_usd"
    },
    {
      "codigo": "54311",
      "action": "skipped",
      "reason": "missing_price_usd"
    },
    {
      "codigo": "54310",
      "action": "skipped",
      "reason": "missing_price_usd"
    },
    {
      "codigo": "53946",
      "action": "skipped",
      "reason": "missing_price_usd"
    },
    {
      "codigo": "53614",
      "action": "skipped",
      "reason": "missing_price_usd"
    },
    {
      "codigo": "52620",
      "action": "skipped",
      "reason": "missing_price_usd"
    },
    {
      "codigo": "38502",
      "action": "skipped",
      "reason": "missing_price_usd"
    },
    {
      "codigo": "50060",
      "action": "skipped",
      "reason": "missing_price_usd"
    },
    {
      "codigo": "49636",
      "action": "skipped",
      "reason": "missing_price_usd"
    },
    {
      "codigo": "49629",
      "action": "skipped",
      "reason": "missing_price_usd"
    },
    {
      "codigo": "49624",
      "action": "skipped",
      "reason": "missing_price_usd"
    },
    {
      "codigo": "49499",
      "action": "skipped",
      "reason": "missing_price_usd"
    },
    {
      "codigo": "49496",
      "action": "skipped",
      "reason": "missing_price_usd"
    },
    {
      "codigo": "48005",
      "action": "skipped",
      "reason": "missing_price_usd"
    },
    {
      "codigo": "48004",
      "action": "skipped",
      "reason": "missing_price_usd"
    },
    {
      "codigo": "48000",
      "action": "skipped",
      "reason": "missing_price_usd"
    },
    {
      "codigo": "47854",
      "action": "skipped",
      "reason": "missing_price_usd"
    },
    {
      "codigo": "47633",
      "action": "skipped",
      "reason": "missing_price_usd"
    },
    {
      "codigo": "47625",
      "action": "skipped",
      "reason": "missing_price_usd"
    },
    {
      "codigo": "47624",
      "action": "skipped",
      "reason": "missing_price_usd"
    },
    {
      "codigo": "47623",
      "action": "skipped",
      "reason": "missing_price_usd"
    },
    {
      "codigo": "47327",
      "action": "skipped",
      "reason": "missing_price_usd"
    },
    {
      "codigo": "47325",
      "action": "skipped",
      "reason": "missing_price_usd"
    },
    {
      "codigo": "21168",
      "action": "skipped",
      "reason": "missing_price_usd"
    },
    {
      "codigo": "45031",
      "action": "skipped",
      "reason": "missing_price_usd"
    },
    {
      "codigo": "45029",
      "action": "skipped",
      "reason": "missing_price_usd"
    },
    {
      "codigo": "44680",
      "action": "skipped",
      "reason": "missing_price_usd"
    },
    {
      "codigo": "44676",
      "action": "skipped",
      "reason": "missing_price_usd"
    },
    {
      "codigo": "44573",
      "action": "skipped",
      "reason": "missing_price_usd"
    },
    {
      "codigo": "44191",
      "action": "skipped",
      "reason": "missing_price_usd"
    },
    {
      "codigo": "43793",
      "action": "skipped",
      "reason": "missing_price_usd"
    },
    {
      "codigo": "43792",
      "action": "skipped",
      "reason": "missing_price_usd"
    },
    {
      "codigo": "42198",
      "action": "skipped",
      "reason": "missing_price_usd"
    },
    {
      "codigo": "40992",
      "action": "skipped",
      "reason": "missing_price_usd"
    },
    {
      "codigo": "40990",
      "action": "skipped",
      "reason": "missing_price_usd"
    },
    {
      "codigo": "12154",
      "action": "skipped",
      "reason": "missing_price_usd"
    },
    {
      "codigo": "12155",
      "action": "skipped",
      "reason": "missing_price_usd"
    },
    {
      "codigo": "9321",
      "action": "skipped",
      "reason": "missing_price_usd"
    },
    {
      "codigo": "8246",
      "action": "skipped",
      "reason": "missing_price_usd"
    },
    {
      "codigo": "27663",
      "action": "skipped",
      "reason": "missing_price_usd"
    },
    {
      "codigo": "27662",
      "action": "skipped",
      "reason": "missing_price_usd"
    },
    {
      "codigo": "27248",
      "action": "skipped",
      "reason": "missing_price_usd"
    },
    {
      "codigo": "27247",
      "action": "skipped",
      "reason": "missing_price_usd"
    },
    {
      "codigo": "21927",
      "action": "skipped",
      "reason": "missing_price_usd"
    },
    {
      "codigo": "21928",
      "action": "skipped",
      "reason": "missing_price_usd"
    },
    {
      "codigo": "32447",
      "action": "skipped",
      "reason": "missing_price_usd"
    },
    {
      "codigo": "32448",
      "action": "skipped",
      "reason": "missing_price_usd"
    },
    {
      "codigo": "32446",
      "action": "skipped",
      "reason": "missing_price_usd"
    },
    {
      "codigo": "32445",
      "action": "skipped",
      "reason": "missing_price_usd"
    },
    {
      "codigo": "32443",
      "action": "skipped",
      "reason": "missing_price_usd"
    },
    {
      "codigo": "32444",
      "action": "skipped",
      "reason": "missing_price_usd"
    },
    {
      "codigo": "32442",
      "action": "skipped",
      "reason": "missing_price_usd"
    },
    {
      "codigo": "32441",
      "action": "skipped",
      "reason": "missing_price_usd"
    },
    {
      "codigo": "32439",
      "action": "skipped",
      "reason": "missing_price_usd"
    },
    {
      "codigo": "32440",
      "action": "skipped",
      "reason": "missing_price_usd"
    },
    {
      "codigo": "25494",
      "action": "skipped",
      "reason": "missing_price_usd"
    },
    {
      "codigo": "25391",
      "action": "skipped",
      "reason": "missing_price_usd"
    },
    {
      "codigo": "39242",
      "action": "skipped",
      "reason": "missing_price_usd"
    },
    {
      "codigo": "39240",
      "action": "skipped",
      "reason": "missing_price_usd"
    },
    {
      "codigo": "37939",
      "action": "skipped",
      "reason": "missing_price_usd"
    },
    {
      "codigo": "25496",
      "action": "skipped",
      "reason": "missing_price_usd"
    },
    {
      "codigo": "25495",
      "action": "skipped",
      "reason": "missing_price_usd"
    },
    {
      "codigo": "35624",
      "action": "skipped",
      "reason": "missing_price_usd"
    },
    {
      "codigo": "35623",
      "action": "skipped",
      "reason": "missing_price_usd"
    },
    {
      "codigo": "34598",
      "action": "skipped",
      "reason": "missing_price_usd"
    },
    {
      "codigo": "34597",
      "action": "skipped",
      "reason": "missing_price_usd"
    },
    {
      "codigo": "34596",
      "action": "skipped",
      "reason": "missing_price_usd"
    },
    {
      "codigo": "34595",
      "action": "skipped",
      "reason": "missing_price_usd"
    },
    {
      "codigo": "34594",
      "action": "skipped",
      "reason": "missing_price_usd"
    },
    {
      "codigo": "10734",
      "action": "skipped",
      "reason": "missing_price_usd"
    },
    {
      "codigo": "57841",
      "action": "skipped",
      "reason": "missing_price_usd"
    },
    {
      "codigo": "57762",
      "action": "skipped",
      "reason": "missing_price_usd"
    },
    {
      "codigo": "56318",
      "action": "skipped",
      "reason": "missing_price_usd"
    },
    {
      "codigo": "53195",
      "action": "skipped",
      "reason": "missing_price_usd"
    },
    {
      "codigo": "48960",
      "action": "skipped",
      "reason": "missing_price_usd"
    },
    {
      "codigo": "54725",
      "action": "skipped",
      "reason": "missing_price_usd"
    },
    {
      "codigo": "58018",
      "action": "skipped",
      "reason": "missing_price_usd"
    },
    {
      "codigo": "58045",
      "action": "skipped",
      "reason": "missing_price_usd"
    },
    {
      "codigo": "58044",
      "action": "skipped",
      "reason": "missing_price_usd"
    },
    {
      "codigo": "58050",
      "action": "skipped",
      "reason": "missing_price_usd"
    },
    {
      "codigo": "57916",
      "action": "skipped",
      "reason": "missing_price_usd"
    },
    {
      "codigo": "58032",
      "action": "skipped",
      "reason": "missing_price_usd"
    },
    {
      "codigo": "58031",
      "action": "skipped",
      "reason": "missing_price_usd"
    },
    {
      "codigo": "58030",
      "action": "skipped",
      "reason": "missing_price_usd"
    },
    {
      "codigo": "58040",
      "action": "skipped",
      "reason": "missing_price_usd"
    },
    {
      "codigo": "58021",
      "action": "skipped",
      "reason": "missing_price_usd"
    },
    {
      "codigo": "58019",
      "action": "skipped",
      "reason": "missing_price_usd"
    },
    {
      "codigo": "57909",
      "action": "skipped",
      "reason": "missing_price_usd"
    },
    {
      "codigo": "58020",
      "action": "skipped",
      "reason": "missing_price_usd"
    },
    {
      "codigo": "48642",
      "action": "skipped",
      "reason": "missing_price_usd"
    },
    {
      "codigo": "57912",
      "action": "skipped",
      "reason": "missing_price_usd"
    },
    {
      "codigo": "47498",
      "action": "skipped",
      "reason": "missing_price_usd"
    },
    {
      "codigo": "47497",
      "action": "skipped",
      "reason": "missing_price_usd"
    },
    {
      "codigo": "57861",
      "action": "skipped",
      "reason": "missing_price_usd"
    },
    {
      "codigo": "57863",
      "action": "skipped",
      "reason": "missing_price_usd"
    },
    {
      "codigo": "57862",
      "action": "skipped",
      "reason": "missing_price_usd"
    },
    {
      "codigo": "57864",
      "action": "skipped",
      "reason": "missing_price_usd"
    },
    {
      "codigo": "57859",
      "action": "skipped",
      "reason": "missing_price_usd"
    },
    {
      "codigo": "57858",
      "action": "skipped",
      "reason": "missing_price_usd"
    },
    {
      "codigo": "57857",
      "action": "skipped",
      "reason": "missing_price_usd"
    },
    {
      "codigo": "57865",
      "action": "skipped",
      "reason": "missing_price_usd"
    },
    {
      "codigo": "57907",
      "action": "skipped",
      "reason": "missing_price_usd"
    },
    {
      "codigo": "57906",
      "action": "skipped",
      "reason": "missing_price_usd"
    },
    {
      "codigo": "57905",
      "action": "skipped",
      "reason": "missing_price_usd"
    },
    {
      "codigo": "57904",
      "action": "skipped",
      "reason": "missing_price_usd"
    },
    {
      "codigo": "57903",
      "action": "skipped",
      "reason": "missing_price_usd"
    },
    {
      "codigo": "57856",
      "action": "skipped",
      "reason": "missing_price_usd"
    },
    {
      "codigo": "57902",
      "action": "skipped",
      "reason": "missing_price_usd"
    },
    {
      "codigo": "57901",
      "action": "skipped",
      "reason": "missing_price_usd"
    },
    {
      "codigo": "57915",
      "action": "skipped",
      "reason": "missing_price_usd"
    },
    {
      "codigo": "57913",
      "action": "skipped",
      "reason": "missing_price_usd"
    },
    {
      "codigo": "57952",
      "action": "skipped",
      "reason": "missing_price_usd"
    },
    {
      "codigo": "57855",
      "action": "skipped",
      "reason": "missing_price_usd"
    },
    {
      "codigo": "57908",
      "action": "skipped",
      "reason": "missing_price_usd"
    },
    {
      "codigo": "57424",
      "action": "skipped",
      "reason": "missing_price_usd"
    },
    {
      "codigo": "57853",
      "action": "skipped",
      "reason": "missing_price_usd"
    },
    {
      "codigo": "57851",
      "action": "skipped",
      "reason": "missing_price_usd"
    },
    {
      "codigo": "57849",
      "action": "skipped",
      "reason": "missing_price_usd"
    },
    {
      "codigo": "57848",
      "action": "skipped",
      "reason": "missing_price_usd"
    },
    {
      "codigo": "57846",
      "action": "skipped",
      "reason": "missing_price_usd"
    },
    {
      "codigo": "57843",
      "action": "skipped",
      "reason": "missing_price_usd"
    },
    {
      "codigo": "57840",
      "action": "skipped",
      "reason": "missing_price_usd"
    },
    {
      "codigo": "57839",
      "action": "skipped",
      "reason": "missing_price_usd"
    },
    {
      "codigo": "57222",
      "action": "skipped",
      "reason": "missing_price_usd"
    },
    {
      "codigo": "56950",
      "action": "skipped",
      "reason": "missing_price_usd"
    },
    {
      "codigo": "56876",
      "action": "skipped",
      "reason": "missing_price_usd"
    },
    {
      "codigo": "56780",
      "action": "skipped",
      "reason": "missing_price_usd"
    },
    {
      "codigo": "56754",
      "action": "skipped",
      "reason": "missing_price_usd"
    },
    {
      "codigo": "56753",
      "action": "skipped",
      "reason": "missing_price_usd"
    },
    {
      "codigo": "56639",
      "action": "skipped",
      "reason": "missing_price_usd"
    },
    {
      "codigo": "56637",
      "action": "skipped",
      "reason": "missing_price_usd"
    },
    {
      "codigo": "56636",
      "action": "skipped",
      "reason": "missing_price_usd"
    },
    {
      "codigo": "56634",
      "action": "skipped",
      "reason": "missing_price_usd"
    },
    {
      "codigo": "56633",
      "action": "skipped",
      "reason": "missing_price_usd"
    },
    {
      "codigo": "56628",
      "action": "skipped",
      "reason": "missing_price_usd"
    },
    {
      "codigo": "56617",
      "action": "skipped",
      "reason": "missing_price_usd"
    },
    {
      "codigo": "56599",
      "action": "skipped",
      "reason": "missing_price_usd"
    },
    {
      "codigo": "56593",
      "action": "skipped",
      "reason": "missing_price_usd"
    },
    {
      "codigo": "56277",
      "action": "skipped",
      "reason": "missing_price_usd"
    },
    {
      "codigo": "56075",
      "action": "skipped",
      "reason": "missing_price_usd"
    },
    {
      "codigo": "55775",
      "action": "skipped",
      "reason": "missing_price_usd"
    },
    {
      "codigo": "55774",
      "action": "skipped",
      "reason": "missing_price_usd"
    },
    {
      "codigo": "55773",
      "action": "skipped",
      "reason": "missing_price_usd"
    },
    {
      "codigo": "55772",
      "action": "skipped",
      "reason": "missing_price_usd"
    },
    {
      "codigo": "55710",
      "action": "skipped",
      "reason": "missing_price_usd"
    },
    {
      "codigo": "55514",
      "action": "skipped",
      "reason": "missing_price_usd"
    },
    {
      "codigo": "55513",
      "action": "skipped",
      "reason": "missing_price_usd"
    },
    {
      "codigo": "55512",
      "action": "skipped",
      "reason": "missing_price_usd"
    },
    {
      "codigo": "55510",
      "action": "skipped",
      "reason": "missing_price_usd"
    },
    {
      "codigo": "54331",
      "action": "skipped",
      "reason": "missing_price_usd"
    },
    {
      "codigo": "54122",
      "action": "skipped",
      "reason": "missing_price_usd"
    },
    {
      "codigo": "54121",
      "action": "skipped",
      "reason": "missing_price_usd"
    },
    {
      "codigo": "54120",
      "action": "skipped",
      "reason": "missing_price_usd"
    },
    {
      "codigo": "54119",
      "action": "skipped",
      "reason": "missing_price_usd"
    },
    {
      "codigo": "30309",
      "action": "skipped",
      "reason": "missing_price_usd"
    },
    {
      "codigo": "24726",
      "action": "skipped",
      "reason": "missing_price_usd"
    },
    {
      "codigo": "49627",
      "action": "skipped",
      "reason": "missing_price_usd"
    },
    {
      "codigo": "16682",
      "action": "skipped",
      "reason": "missing_price_usd"
    },
    {
      "codigo": "49441",
      "action": "skipped",
      "reason": "missing_price_usd"
    },
    {
      "codigo": "49440",
      "action": "skipped",
      "reason": "missing_price_usd"
    },
    {
      "codigo": "49439",
      "action": "skipped",
      "reason": "missing_price_usd"
    },
    {
      "codigo": "49351",
      "action": "skipped",
      "reason": "missing_price_usd"
    },
    {
      "codigo": "49350",
      "action": "skipped",
      "reason": "missing_price_usd"
    },
    {
      "codigo": "48204",
      "action": "skipped",
      "reason": "missing_price_usd"
    },
    {
      "codigo": "47718",
      "action": "skipped",
      "reason": "missing_price_usd"
    },
    {
      "codigo": "47813",
      "action": "skipped",
      "reason": "missing_price_usd"
    },
    {
      "codigo": "47812",
      "action": "skipped",
      "reason": "missing_price_usd"
    },
    {
      "codigo": "47811",
      "action": "skipped",
      "reason": "missing_price_usd"
    },
    {
      "codigo": "47709",
      "action": "skipped",
      "reason": "missing_price_usd"
    },
    {
      "codigo": "47671",
      "action": "skipped",
      "reason": "missing_price_usd"
    },
    {
      "codigo": "47387",
      "action": "skipped",
      "reason": "missing_price_usd"
    },
    {
      "codigo": "47314",
      "action": "skipped",
      "reason": "missing_price_usd"
    },
    {
      "codigo": "41623",
      "action": "skipped",
      "reason": "missing_price_usd"
    },
    {
      "codigo": "24725",
      "action": "skipped",
      "reason": "missing_price_usd"
    },
    {
      "codigo": "29872",
      "action": "skipped",
      "reason": "missing_price_usd"
    },
    {
      "codigo": "34993",
      "action": "skipped",
      "reason": "missing_price_usd"
    },
    {
      "codigo": "45559",
      "action": "skipped",
      "reason": "missing_price_usd"
    },
    {
      "codigo": "19599",
      "action": "skipped",
      "reason": "missing_price_usd"
    },
    {
      "codigo": "19598",
      "action": "skipped",
      "reason": "missing_price_usd"
    },
    {
      "codigo": "44965",
      "action": "skipped",
      "reason": "missing_price_usd"
    },
    {
      "codigo": "44347",
      "action": "skipped",
      "reason": "missing_price_usd"
    },
    {
      "codigo": "44346",
      "action": "skipped",
      "reason": "missing_price_usd"
    },
    {
      "codigo": "44341",
      "action": "skipped",
      "reason": "missing_price_usd"
    },
    {
      "codigo": "43373",
      "action": "skipped",
      "reason": "missing_price_usd"
    },
    {
      "codigo": "33909",
      "action": "skipped",
      "reason": "missing_price_usd"
    },
    {
      "codigo": "25271",
      "action": "skipped",
      "reason": "missing_price_usd"
    },
    {
      "codigo": "42385",
      "action": "skipped",
      "reason": "missing_price_usd"
    },
    {
      "codigo": "41158",
      "action": "skipped",
      "reason": "missing_price_usd"
    },
    {
      "codigo": "40498",
      "action": "skipped",
      "reason": "missing_price_usd"
    },
    {
      "codigo": "40339",
      "action": "skipped",
      "reason": "missing_price_usd"
    },
    {
      "codigo": "40334",
      "action": "skipped",
      "reason": "missing_price_usd"
    },
    {
      "codigo": "40333",
      "action": "skipped",
      "reason": "missing_price_usd"
    },
    {
      "codigo": "15632",
      "action": "skipped",
      "reason": "missing_price_usd"
    },
    {
      "codigo": "31595",
      "action": "skipped",
      "reason": "missing_price_usd"
    },
    {
      "codigo": "38025",
      "action": "skipped",
      "reason": "missing_price_usd"
    },
    {
      "codigo": "38024",
      "action": "skipped",
      "reason": "missing_price_usd"
    },
    {
      "codigo": "37635",
      "action": "skipped",
      "reason": "missing_price_usd"
    },
    {
      "codigo": "37634",
      "action": "skipped",
      "reason": "missing_price_usd"
    },
    {
      "codigo": "36526",
      "action": "skipped",
      "reason": "missing_price_usd"
    },
    {
      "codigo": "36479",
      "action": "skipped",
      "reason": "missing_price_usd"
    },
    {
      "codigo": "31769",
      "action": "skipped",
      "reason": "missing_price_usd"
    },
    {
      "codigo": "9829",
      "action": "skipped",
      "reason": "missing_price_usd"
    },
    {
      "codigo": "11418",
      "action": "skipped",
      "reason": "missing_price_usd"
    },
    {
      "codigo": "35877",
      "action": "skipped",
      "reason": "missing_price_usd"
    },
    {
      "codigo": "35649",
      "action": "skipped",
      "reason": "missing_price_usd"
    },
    {
      "codigo": "35310",
      "action": "skipped",
      "reason": "missing_price_usd"
    },
    {
      "codigo": "35167",
      "action": "skipped",
      "reason": "missing_price_usd"
    },
    {
      "codigo": "9439",
      "action": "skipped",
      "reason": "missing_price_usd"
    },
    {
      "codigo": "9438",
      "action": "skipped",
      "reason": "missing_price_usd"
    },
    {
      "codigo": "8525",
      "action": "skipped",
      "reason": "missing_price_usd"
    },
    {
      "codigo": "8521",
      "action": "skipped",
      "reason": "missing_price_usd"
    },
    {
      "codigo": "8520",
      "action": "skipped",
      "reason": "missing_price_usd"
    },
    {
      "codigo": "8519",
      "action": "skipped",
      "reason": "missing_price_usd"
    },
    {
      "codigo": "7760",
      "action": "skipped",
      "reason": "missing_price_usd"
    },
    {
      "codigo": "7757",
      "action": "skipped",
      "reason": "missing_price_usd"
    },
    {
      "codigo": "4624",
      "action": "skipped",
      "reason": "missing_price_usd"
    },
    {
      "codigo": "34342",
      "action": "skipped",
      "reason": "missing_price_usd"
    },
    {
      "codigo": "31596",
      "action": "skipped",
      "reason": "missing_price_usd"
    },
    {
      "codigo": "30311",
      "action": "skipped",
      "reason": "missing_price_usd"
    },
    {
      "codigo": "27291",
      "action": "skipped",
      "reason": "missing_price_usd"
    },
    {
      "codigo": "27289",
      "action": "skipped",
      "reason": "missing_price_usd"
    },
    {
      "codigo": "24186",
      "action": "skipped",
      "reason": "missing_price_usd"
    },
    {
      "codigo": "24185",
      "action": "skipped",
      "reason": "missing_price_usd"
    },
    {
      "codigo": "20223",
      "action": "skipped",
      "reason": "missing_price_usd"
    },
    {
      "codigo": "19597",
      "action": "skipped",
      "reason": "missing_price_usd"
    },
    {
      "codigo": "19596",
      "action": "skipped",
      "reason": "missing_price_usd"
    },
    {
      "codigo": "16686",
      "action": "skipped",
      "reason": "missing_price_usd"
    },
    {
      "codigo": "16684",
      "action": "skipped",
      "reason": "missing_price_usd"
    },
    {
      "codigo": "16487",
      "action": "skipped",
      "reason": "missing_price_usd"
    },
    {
      "codigo": "13046",
      "action": "skipped",
      "reason": "missing_price_usd"
    },
    {
      "codigo": "10528",
      "action": "skipped",
      "reason": "missing_price_usd"
    },
    {
      "codigo": "58060",
      "action": "skipped",
      "reason": "missing_price_usd"
    },
    {
      "codigo": "58103",
      "action": "skipped",
      "reason": "missing_price_usd"
    },
    {
      "codigo": "56124",
      "action": "skipped",
      "reason": "missing_price_usd"
    },
    {
      "codigo": "56122",
      "action": "skipped",
      "reason": "missing_price_usd"
    },
    {
      "codigo": "56135",
      "action": "skipped",
      "reason": "missing_price_usd"
    },
    {
      "codigo": "56126",
      "action": "skipped",
      "reason": "missing_price_usd"
    },
    {
      "codigo": "56128",
      "action": "skipped",
      "reason": "missing_price_usd"
    },
    {
      "codigo": "56090",
      "action": "skipped",
      "reason": "missing_price_usd"
    },
    {
      "codigo": "56100",
      "action": "skipped",
      "reason": "missing_price_usd"
    },
    {
      "codigo": "54792",
      "action": "skipped",
      "reason": "missing_price_usd"
    },
    {
      "codigo": "55141",
      "action": "skipped",
      "reason": "missing_price_usd"
    },
    {
      "codigo": "58072",
      "action": "skipped",
      "reason": "missing_price_usd"
    },
    {
      "codigo": "58070",
      "action": "skipped",
      "reason": "missing_price_usd"
    },
    {
      "codigo": "58073",
      "action": "skipped",
      "reason": "missing_price_usd"
    },
    {
      "codigo": "58074",
      "action": "skipped",
      "reason": "missing_price_usd"
    },
    {
      "codigo": "58071",
      "action": "skipped",
      "reason": "missing_price_usd"
    },
    {
      "codigo": "52964",
      "action": "skipped",
      "reason": "missing_price_usd"
    },
    {
      "codigo": "52975",
      "action": "skipped",
      "reason": "missing_price_usd"
    },
    {
      "codigo": "52983",
      "action": "skipped",
      "reason": "missing_price_usd"
    },
    {
      "codigo": "52547",
      "action": "skipped",
      "reason": "missing_price_usd"
    },
    {
      "codigo": "57552",
      "action": "skipped",
      "reason": "missing_price_usd"
    },
    {
      "codigo": "51205",
      "action": "skipped",
      "reason": "missing_price_usd"
    },
    {
      "codigo": "51425",
      "action": "skipped",
      "reason": "missing_price_usd"
    },
    {
      "codigo": "51423",
      "action": "skipped",
      "reason": "missing_price_usd"
    },
    {
      "codigo": "51660",
      "action": "skipped",
      "reason": "missing_price_usd"
    },
    {
      "codigo": "51659",
      "action": "skipped",
      "reason": "missing_price_usd"
    },
    {
      "codigo": "51403",
      "action": "skipped",
      "reason": "missing_price_usd"
    },
    {
      "codigo": "57959",
      "action": "skipped",
      "reason": "missing_price_usd"
    },
    {
      "codigo": "57958",
      "action": "skipped",
      "reason": "missing_price_usd"
    },
    {
      "codigo": "50571",
      "action": "skipped",
      "reason": "missing_price_usd"
    },
    {
      "codigo": "57355",
      "action": "skipped",
      "reason": "missing_price_usd"
    },
    {
      "codigo": "54791",
      "action": "skipped",
      "reason": "missing_price_usd"
    },
    {
      "codigo": "55966",
      "action": "skipped",
      "reason": "missing_price_usd"
    },
    {
      "codigo": "50431",
      "action": "skipped",
      "reason": "missing_price_usd"
    },
    {
      "codigo": "50433",
      "action": "skipped",
      "reason": "missing_price_usd"
    },
    {
      "codigo": "54533",
      "action": "skipped",
      "reason": "missing_price_usd"
    },
    {
      "codigo": "50152",
      "action": "skipped",
      "reason": "missing_price_usd"
    },
    {
      "codigo": "49834",
      "action": "skipped",
      "reason": "missing_price_usd"
    },
    {
      "codigo": "49742",
      "action": "skipped",
      "reason": "missing_price_usd"
    },
    {
      "codigo": "50022",
      "action": "skipped",
      "reason": "missing_price_usd"
    },
    {
      "codigo": "50338",
      "action": "skipped",
      "reason": "missing_price_usd"
    },
    {
      "codigo": "49422",
      "action": "skipped",
      "reason": "missing_price_usd"
    },
    {
      "codigo": "49011",
      "action": "skipped",
      "reason": "missing_price_usd"
    },
    {
      "codigo": "52343",
      "action": "skipped",
      "reason": "missing_price_usd"
    },
    {
      "codigo": "57083",
      "action": "skipped",
      "reason": "missing_price_usd"
    },
    {
      "codigo": "55044",
      "action": "skipped",
      "reason": "missing_price_usd"
    },
    {
      "codigo": "44626",
      "action": "skipped",
      "reason": "missing_price_usd"
    },
    {
      "codigo": "55531",
      "action": "skipped",
      "reason": "missing_price_usd"
    },
    {
      "codigo": "47104",
      "action": "skipped",
      "reason": "missing_price_usd"
    },
    {
      "codigo": "50340",
      "action": "skipped",
      "reason": "missing_price_usd"
    },
    {
      "codigo": "52551",
      "action": "skipped",
      "reason": "missing_price_usd"
    },
    {
      "codigo": "52517",
      "action": "skipped",
      "reason": "missing_price_usd"
    },
    {
      "codigo": "46081",
      "action": "skipped",
      "reason": "missing_price_usd"
    },
    {
      "codigo": "50310",
      "action": "skipped",
      "reason": "missing_price_usd"
    },
    {
      "codigo": "50242",
      "action": "skipped",
      "reason": "missing_price_usd"
    },
    {
      "codigo": "52177",
      "action": "skipped",
      "reason": "missing_price_usd"
    },
    {
      "codigo": "49072",
      "action": "skipped",
      "reason": "missing_price_usd"
    },
    {
      "codigo": "51798",
      "action": "skipped",
      "reason": "missing_price_usd"
    },
    {
      "codigo": "49004",
      "action": "skipped",
      "reason": "missing_price_usd"
    },
    {
      "codigo": "45218",
      "action": "skipped",
      "reason": "missing_price_usd"
    },
    {
      "codigo": "45217",
      "action": "skipped",
      "reason": "missing_price_usd"
    },
    {
      "codigo": "49073",
      "action": "skipped",
      "reason": "missing_price_usd"
    },
    {
      "codigo": "44288",
      "action": "skipped",
      "reason": "missing_price_usd"
    },
    {
      "codigo": "55969",
      "action": "skipped",
      "reason": "missing_price_usd"
    },
    {
      "codigo": "56929",
      "action": "skipped",
      "reason": "missing_price_usd"
    },
    {
      "codigo": "56930",
      "action": "skipped",
      "reason": "missing_price_usd"
    },
    {
      "codigo": "55594",
      "action": "skipped",
      "reason": "missing_price_usd"
    },
    {
      "codigo": "44312",
      "action": "skipped",
      "reason": "missing_price_usd"
    },
    {
      "codigo": "57829",
      "action": "skipped",
      "reason": "missing_price_usd"
    },
    {
      "codigo": "57830",
      "action": "skipped",
      "reason": "missing_price_usd"
    },
    {
      "codigo": "57831",
      "action": "skipped",
      "reason": "missing_price_usd"
    },
    {
      "codigo": "57832",
      "action": "skipped",
      "reason": "missing_price_usd"
    },
    {
      "codigo": "57833",
      "action": "skipped",
      "reason": "missing_price_usd"
    },
    {
      "codigo": "57834",
      "action": "skipped",
      "reason": "missing_price_usd"
    },
    {
      "codigo": "57449",
      "action": "skipped",
      "reason": "missing_price_usd"
    },
    {
      "codigo": "57448",
      "action": "skipped",
      "reason": "missing_price_usd"
    },
    {
      "codigo": "57447",
      "action": "skipped",
      "reason": "missing_price_usd"
    },
    {
      "codigo": "57341",
      "action": "skipped",
      "reason": "missing_price_usd"
    },
    {
      "codigo": "57344",
      "action": "skipped",
      "reason": "missing_price_usd"
    },
    {
      "codigo": "57343",
      "action": "skipped",
      "reason": "missing_price_usd"
    },
    {
      "codigo": "57342",
      "action": "skipped",
      "reason": "missing_price_usd"
    },
    {
      "codigo": "57613",
      "action": "skipped",
      "reason": "missing_price_usd"
    },
    {
      "codigo": "57612",
      "action": "skipped",
      "reason": "missing_price_usd"
    },
    {
      "codigo": "57434",
      "action": "skipped",
      "reason": "missing_price_usd"
    },
    {
      "codigo": "57611",
      "action": "skipped",
      "reason": "missing_price_usd"
    },
    {
      "codigo": "57610",
      "action": "skipped",
      "reason": "missing_price_usd"
    },
    {
      "codigo": "57986",
      "action": "skipped",
      "reason": "missing_price_usd"
    },
    {
      "codigo": "57985",
      "action": "skipped",
      "reason": "missing_price_usd"
    },
    {
      "codigo": "57615",
      "action": "skipped",
      "reason": "missing_price_usd"
    },
    {
      "codigo": "57614",
      "action": "skipped",
      "reason": "missing_price_usd"
    },
    {
      "codigo": "57412",
      "action": "skipped",
      "reason": "missing_price_usd"
    },
    {
      "codigo": "57411",
      "action": "skipped",
      "reason": "missing_price_usd"
    },
    {
      "codigo": "57395",
      "action": "skipped",
      "reason": "missing_price_usd"
    },
    {
      "codigo": "57394",
      "action": "skipped",
      "reason": "missing_price_usd"
    },
    {
      "codigo": "57393",
      "action": "skipped",
      "reason": "missing_price_usd"
    },
    {
      "codigo": "57366",
      "action": "skipped",
      "reason": "missing_price_usd"
    },
    {
      "codigo": "57983",
      "action": "skipped",
      "reason": "missing_price_usd"
    },
    {
      "codigo": "57982",
      "action": "skipped",
      "reason": "missing_price_usd"
    },
    {
      "codigo": "57981",
      "action": "skipped",
      "reason": "missing_price_usd"
    },
    {
      "codigo": "57794",
      "action": "skipped",
      "reason": "missing_price_usd"
    },
    {
      "codigo": "57957",
      "action": "skipped",
      "reason": "missing_price_usd"
    },
    {
      "codigo": "57802",
      "action": "skipped",
      "reason": "missing_price_usd"
    },
    {
      "codigo": "57800",
      "action": "skipped",
      "reason": "missing_price_usd"
    },
    {
      "codigo": "57801",
      "action": "skipped",
      "reason": "missing_price_usd"
    },
    {
      "codigo": "57821",
      "action": "skipped",
      "reason": "missing_price_usd"
    },
    {
      "codigo": "57795",
      "action": "skipped",
      "reason": "missing_price_usd"
    },
    {
      "codigo": "57796",
      "action": "skipped",
      "reason": "missing_price_usd"
    },
    {
      "codigo": "57262",
      "action": "skipped",
      "reason": "missing_price_usd"
    },
    {
      "codigo": "57260",
      "action": "skipped",
      "reason": "missing_price_usd"
    },
    {
      "codigo": "57979",
      "action": "skipped",
      "reason": "missing_price_usd"
    },
    {
      "codigo": "57314",
      "action": "skipped",
      "reason": "missing_price_usd"
    },
    {
      "codigo": "57435",
      "action": "skipped",
      "reason": "missing_price_usd"
    },
    {
      "codigo": "57554",
      "action": "skipped",
      "reason": "missing_price_usd"
    },
    {
      "codigo": "57357",
      "action": "skipped",
      "reason": "missing_price_usd"
    },
    {
      "codigo": "57356",
      "action": "skipped",
      "reason": "missing_price_usd"
    },
    {
      "codigo": "57354",
      "action": "skipped",
      "reason": "missing_price_usd"
    },
    {
      "codigo": "57365",
      "action": "skipped",
      "reason": "missing_price_usd"
    },
    {
      "codigo": "57325",
      "action": "skipped",
      "reason": "missing_price_usd"
    },
    {
      "codigo": "57705",
      "action": "skipped",
      "reason": "missing_price_usd"
    },
    {
      "codigo": "57629",
      "action": "skipped",
      "reason": "missing_price_usd"
    },
    {
      "codigo": "57628",
      "action": "skipped",
      "reason": "missing_price_usd"
    },
    {
      "codigo": "57627",
      "action": "skipped",
      "reason": "missing_price_usd"
    },
    {
      "codigo": "57626",
      "action": "skipped",
      "reason": "missing_price_usd"
    },
    {
      "codigo": "57625",
      "action": "skipped",
      "reason": "missing_price_usd"
    },
    {
      "codigo": "57624",
      "action": "skipped",
      "reason": "missing_price_usd"
    },
    {
      "codigo": "57623",
      "action": "skipped",
      "reason": "missing_price_usd"
    },
    {
      "codigo": "57622",
      "action": "skipped",
      "reason": "missing_price_usd"
    },
    {
      "codigo": "57621",
      "action": "skipped",
      "reason": "missing_price_usd"
    },
    {
      "codigo": "57620",
      "action": "skipped",
      "reason": "missing_price_usd"
    },
    {
      "codigo": "57619",
      "action": "skipped",
      "reason": "missing_price_usd"
    },
    {
      "codigo": "57618",
      "action": "skipped",
      "reason": "missing_price_usd"
    },
    {
      "codigo": "57617",
      "action": "skipped",
      "reason": "missing_price_usd"
    },
    {
      "codigo": "57572",
      "action": "skipped",
      "reason": "missing_price_usd"
    },
    {
      "codigo": "57551",
      "action": "skipped",
      "reason": "missing_price_usd"
    },
    {
      "codigo": "57390",
      "action": "skipped",
      "reason": "missing_price_usd"
    },
    {
      "codigo": "57389",
      "action": "skipped",
      "reason": "missing_price_usd"
    },
    {
      "codigo": "57312",
      "action": "skipped",
      "reason": "missing_price_usd"
    },
    {
      "codigo": "57311",
      "action": "skipped",
      "reason": "missing_price_usd"
    },
    {
      "codigo": "57258",
      "action": "skipped",
      "reason": "missing_price_usd"
    },
    {
      "codigo": "57078",
      "action": "skipped",
      "reason": "missing_price_usd"
    },
    {
      "codigo": "57075",
      "action": "skipped",
      "reason": "missing_price_usd"
    },
    {
      "codigo": "57074",
      "action": "skipped",
      "reason": "missing_price_usd"
    },
    {
      "codigo": "57070",
      "action": "skipped",
      "reason": "missing_price_usd"
    },
    {
      "codigo": "57069",
      "action": "skipped",
      "reason": "missing_price_usd"
    },
    {
      "codigo": "57065",
      "action": "skipped",
      "reason": "missing_price_usd"
    },
    {
      "codigo": "57064",
      "action": "skipped",
      "reason": "missing_price_usd"
    },
    {
      "codigo": "57059",
      "action": "skipped",
      "reason": "missing_price_usd"
    },
    {
      "codigo": "57058",
      "action": "skipped",
      "reason": "missing_price_usd"
    },
    {
      "codigo": "57057",
      "action": "skipped",
      "reason": "missing_price_usd"
    },
    {
      "codigo": "57056",
      "action": "skipped",
      "reason": "missing_price_usd"
    },
    {
      "codigo": "57027",
      "action": "skipped",
      "reason": "missing_price_usd"
    },
    {
      "codigo": "57026",
      "action": "skipped",
      "reason": "missing_price_usd"
    },
    {
      "codigo": "57024",
      "action": "skipped",
      "reason": "missing_price_usd"
    },
    {
      "codigo": "57023",
      "action": "skipped",
      "reason": "missing_price_usd"
    },
    {
      "codigo": "57022",
      "action": "skipped",
      "reason": "missing_price_usd"
    },
    {
      "codigo": "57011",
      "action": "skipped",
      "reason": "missing_price_usd"
    },
    {
      "codigo": "56966",
      "action": "skipped",
      "reason": "missing_price_usd"
    },
    {
      "codigo": "56922",
      "action": "skipped",
      "reason": "missing_price_usd"
    },
    {
      "codigo": "56906",
      "action": "skipped",
      "reason": "missing_price_usd"
    },
    {
      "codigo": "56861",
      "action": "skipped",
      "reason": "missing_price_usd"
    },
    {
      "codigo": "56856",
      "action": "skipped",
      "reason": "missing_price_usd"
    },
    {
      "codigo": "56844",
      "action": "skipped",
      "reason": "missing_price_usd"
    },
    {
      "codigo": "56843",
      "action": "skipped",
      "reason": "missing_price_usd"
    },
    {
      "codigo": "56842",
      "action": "skipped",
      "reason": "missing_price_usd"
    },
    {
      "codigo": "56836",
      "action": "skipped",
      "reason": "missing_price_usd"
    },
    {
      "codigo": "56814",
      "action": "skipped",
      "reason": "missing_price_usd"
    },
    {
      "codigo": "56793",
      "action": "skipped",
      "reason": "missing_price_usd"
    },
    {
      "codigo": "56765",
      "action": "skipped",
      "reason": "missing_price_usd"
    },
    {
      "codigo": "56752",
      "action": "skipped",
      "reason": "missing_price_usd"
    },
    {
      "codigo": "56751",
      "action": "skipped",
      "reason": "missing_price_usd"
    },
    {
      "codigo": "56750",
      "action": "skipped",
      "reason": "missing_price_usd"
    },
    {
      "codigo": "56749",
      "action": "skipped",
      "reason": "missing_price_usd"
    },
    {
      "codigo": "56748",
      "action": "skipped",
      "reason": "missing_price_usd"
    },
    {
      "codigo": "56744",
      "action": "skipped",
      "reason": "missing_price_usd"
    },
    {
      "codigo": "56742",
      "action": "skipped",
      "reason": "missing_price_usd"
    },
    {
      "codigo": "56709",
      "action": "skipped",
      "reason": "missing_price_usd"
    },
    {
      "codigo": "56704",
      "action": "skipped",
      "reason": "missing_price_usd"
    },
    {
      "codigo": "56689",
      "action": "skipped",
      "reason": "missing_price_usd"
    },
    {
      "codigo": "56688",
      "action": "skipped",
      "reason": "missing_price_usd"
    },
    {
      "codigo": "56551",
      "action": "skipped",
      "reason": "missing_price_usd"
    },
    {
      "codigo": "56550",
      "action": "skipped",
      "reason": "missing_price_usd"
    },
    {
      "codigo": "56523",
      "action": "skipped",
      "reason": "missing_price_usd"
    },
    {
      "codigo": "56507",
      "action": "skipped",
      "reason": "missing_price_usd"
    },
    {
      "codigo": "56506",
      "action": "skipped",
      "reason": "missing_price_usd"
    },
    {
      "codigo": "56456",
      "action": "skipped",
      "reason": "missing_price_usd"
    },
    {
      "codigo": "56455",
      "action": "skipped",
      "reason": "missing_price_usd"
    },
    {
      "codigo": "56454",
      "action": "skipped",
      "reason": "missing_price_usd"
    },
    {
      "codigo": "56438",
      "action": "skipped",
      "reason": "missing_price_usd"
    },
    {
      "codigo": "56437",
      "action": "skipped",
      "reason": "missing_price_usd"
    },
    {
      "codigo": "56429",
      "action": "skipped",
      "reason": "missing_price_usd"
    },
    {
      "codigo": "56324",
      "action": "skipped",
      "reason": "missing_price_usd"
    },
    {
      "codigo": "56323",
      "action": "skipped",
      "reason": "missing_price_usd"
    },
    {
      "codigo": "56282",
      "action": "skipped",
      "reason": "missing_price_usd"
    },
    {
      "codigo": "56275",
      "action": "skipped",
      "reason": "missing_price_usd"
    },
    {
      "codigo": "56273",
      "action": "skipped",
      "reason": "missing_price_usd"
    },
    {
      "codigo": "56271",
      "action": "skipped",
      "reason": "missing_price_usd"
    },
    {
      "codigo": "56270",
      "action": "skipped",
      "reason": "missing_price_usd"
    },
    {
      "codigo": "56196",
      "action": "skipped",
      "reason": "missing_price_usd"
    },
    {
      "codigo": "56195",
      "action": "skipped",
      "reason": "missing_price_usd"
    },
    {
      "codigo": "56194",
      "action": "skipped",
      "reason": "missing_price_usd"
    },
    {
      "codigo": "56193",
      "action": "skipped",
      "reason": "missing_price_usd"
    },
    {
      "codigo": "56185",
      "action": "skipped",
      "reason": "missing_price_usd"
    },
    {
      "codigo": "56138",
      "action": "skipped",
      "reason": "missing_price_usd"
    },
    {
      "codigo": "56137",
      "action": "skipped",
      "reason": "missing_price_usd"
    },
    {
      "codigo": "56136",
      "action": "skipped",
      "reason": "missing_price_usd"
    },
    {
      "codigo": "56134",
      "action": "skipped",
      "reason": "missing_price_usd"
    },
    {
      "codigo": "56133",
      "action": "skipped",
      "reason": "missing_price_usd"
    },
    {
      "codigo": "56132",
      "action": "skipped",
      "reason": "missing_price_usd"
    },
    {
      "codigo": "56131",
      "action": "skipped",
      "reason": "missing_price_usd"
    },
    {
      "codigo": "56130",
      "action": "skipped",
      "reason": "missing_price_usd"
    },
    {
      "codigo": "56129",
      "action": "skipped",
      "reason": "missing_price_usd"
    },
    {
      "codigo": "56127",
      "action": "skipped",
      "reason": "missing_price_usd"
    },
    {
      "codigo": "56125",
      "action": "skipped",
      "reason": "missing_price_usd"
    },
    {
      "codigo": "56123",
      "action": "skipped",
      "reason": "missing_price_usd"
    },
    {
      "codigo": "56120",
      "action": "skipped",
      "reason": "missing_price_usd"
    },
    {
      "codigo": "56119",
      "action": "skipped",
      "reason": "missing_price_usd"
    },
    {
      "codigo": "56117",
      "action": "skipped",
      "reason": "missing_price_usd"
    },
    {
      "codigo": "56115",
      "action": "skipped",
      "reason": "missing_price_usd"
    },
    {
      "codigo": "56113",
      "action": "skipped",
      "reason": "missing_price_usd"
    },
    {
      "codigo": "56111",
      "action": "skipped",
      "reason": "missing_price_usd"
    },
    {
      "codigo": "56110",
      "action": "skipped",
      "reason": "missing_price_usd"
    },
    {
      "codigo": "56108",
      "action": "skipped",
      "reason": "missing_price_usd"
    },
    {
      "codigo": "56103",
      "action": "skipped",
      "reason": "missing_price_usd"
    },
    {
      "codigo": "56102",
      "action": "skipped",
      "reason": "missing_price_usd"
    },
    {
      "codigo": "56101",
      "action": "skipped",
      "reason": "missing_price_usd"
    },
    {
      "codigo": "56099",
      "action": "skipped",
      "reason": "missing_price_usd"
    },
    {
      "codigo": "56098",
      "action": "skipped",
      "reason": "missing_price_usd"
    },
    {
      "codigo": "56097",
      "action": "skipped",
      "reason": "missing_price_usd"
    },
    {
      "codigo": "55973",
      "action": "skipped",
      "reason": "missing_price_usd"
    },
    {
      "codigo": "55971",
      "action": "skipped",
      "reason": "missing_price_usd"
    },
    {
      "codigo": "55970",
      "action": "skipped",
      "reason": "missing_price_usd"
    },
    {
      "codigo": "55967",
      "action": "skipped",
      "reason": "missing_price_usd"
    },
    {
      "codigo": "55752",
      "action": "skipped",
      "reason": "missing_price_usd"
    },
    {
      "codigo": "55634",
      "action": "skipped",
      "reason": "missing_price_usd"
    },
    {
      "codigo": "55633",
      "action": "skipped",
      "reason": "missing_price_usd"
    },
    {
      "codigo": "55616",
      "action": "skipped",
      "reason": "missing_price_usd"
    },
    {
      "codigo": "55614",
      "action": "skipped",
      "reason": "missing_price_usd"
    },
    {
      "codigo": "55613",
      "action": "skipped",
      "reason": "missing_price_usd"
    },
    {
      "codigo": "55612",
      "action": "skipped",
      "reason": "missing_price_usd"
    },
    {
      "codigo": "55611",
      "action": "skipped",
      "reason": "missing_price_usd"
    },
    {
      "codigo": "55610",
      "action": "skipped",
      "reason": "missing_price_usd"
    },
    {
      "codigo": "55608",
      "action": "skipped",
      "reason": "missing_price_usd"
    },
    {
      "codigo": "55607",
      "action": "skipped",
      "reason": "missing_price_usd"
    },
    {
      "codigo": "55606",
      "action": "skipped",
      "reason": "missing_price_usd"
    },
    {
      "codigo": "55604",
      "action": "skipped",
      "reason": "missing_price_usd"
    },
    {
      "codigo": "55541",
      "action": "skipped",
      "reason": "missing_price_usd"
    },
    {
      "codigo": "55539",
      "action": "skipped",
      "reason": "missing_price_usd"
    },
    {
      "codigo": "55536",
      "action": "skipped",
      "reason": "missing_price_usd"
    },
    {
      "codigo": "55534",
      "action": "skipped",
      "reason": "missing_price_usd"
    },
    {
      "codigo": "55533",
      "action": "skipped",
      "reason": "missing_price_usd"
    },
    {
      "codigo": "55532",
      "action": "skipped",
      "reason": "missing_price_usd"
    },
    {
      "codigo": "55529",
      "action": "skipped",
      "reason": "missing_price_usd"
    },
    {
      "codigo": "55528",
      "action": "skipped",
      "reason": "missing_price_usd"
    },
    {
      "codigo": "55501",
      "action": "skipped",
      "reason": "missing_price_usd"
    },
    {
      "codigo": "55500",
      "action": "skipped",
      "reason": "missing_price_usd"
    },
    {
      "codigo": "55499",
      "action": "skipped",
      "reason": "missing_price_usd"
    },
    {
      "codigo": "55167",
      "action": "skipped",
      "reason": "missing_price_usd"
    },
    {
      "codigo": "55165",
      "action": "skipped",
      "reason": "missing_price_usd"
    },
    {
      "codigo": "55076",
      "action": "skipped",
      "reason": "missing_price_usd"
    },
    {
      "codigo": "55074",
      "action": "skipped",
      "reason": "missing_price_usd"
    },
    {
      "codigo": "55073",
      "action": "skipped",
      "reason": "missing_price_usd"
    },
    {
      "codigo": "55072",
      "action": "skipped",
      "reason": "missing_price_usd"
    },
    {
      "codigo": "55071",
      "action": "skipped",
      "reason": "missing_price_usd"
    },
    {
      "codigo": "55070",
      "action": "skipped",
      "reason": "missing_price_usd"
    },
    {
      "codigo": "55069",
      "action": "skipped",
      "reason": "missing_price_usd"
    },
    {
      "codigo": "55068",
      "action": "skipped",
      "reason": "missing_price_usd"
    },
    {
      "codigo": "55067",
      "action": "skipped",
      "reason": "missing_price_usd"
    },
    {
      "codigo": "55066",
      "action": "skipped",
      "reason": "missing_price_usd"
    },
    {
      "codigo": "55065",
      "action": "skipped",
      "reason": "missing_price_usd"
    },
    {
      "codigo": "55064",
      "action": "skipped",
      "reason": "missing_price_usd"
    },
    {
      "codigo": "55063",
      "action": "skipped",
      "reason": "missing_price_usd"
    },
    {
      "codigo": "55062",
      "action": "skipped",
      "reason": "missing_price_usd"
    },
    {
      "codigo": "55061",
      "action": "skipped",
      "reason": "missing_price_usd"
    },
    {
      "codigo": "55030",
      "action": "skipped",
      "reason": "missing_price_usd"
    },
    {
      "codigo": "55029",
      "action": "skipped",
      "reason": "missing_price_usd"
    },
    {
      "codigo": "55028",
      "action": "skipped",
      "reason": "missing_price_usd"
    },
    {
      "codigo": "55027",
      "action": "skipped",
      "reason": "missing_price_usd"
    },
    {
      "codigo": "55026",
      "action": "skipped",
      "reason": "missing_price_usd"
    },
    {
      "codigo": "55025",
      "action": "skipped",
      "reason": "missing_price_usd"
    },
    {
      "codigo": "55011",
      "action": "skipped",
      "reason": "missing_price_usd"
    },
    {
      "codigo": "55010",
      "action": "skipped",
      "reason": "missing_price_usd"
    },
    {
      "codigo": "55007",
      "action": "skipped",
      "reason": "missing_price_usd"
    },
    {
      "codigo": "55006",
      "action": "skipped",
      "reason": "missing_price_usd"
    },
    {
      "codigo": "55005",
      "action": "skipped",
      "reason": "missing_price_usd"
    },
    {
      "codigo": "55000",
      "action": "skipped",
      "reason": "missing_price_usd"
    },
    {
      "codigo": "54999",
      "action": "skipped",
      "reason": "missing_price_usd"
    },
    {
      "codigo": "54944",
      "action": "skipped",
      "reason": "missing_price_usd"
    },
    {
      "codigo": "54934",
      "action": "skipped",
      "reason": "missing_price_usd"
    },
    {
      "codigo": "54929",
      "action": "skipped",
      "reason": "missing_price_usd"
    },
    {
      "codigo": "54885",
      "action": "skipped",
      "reason": "missing_price_usd"
    },
    {
      "codigo": "54852",
      "action": "skipped",
      "reason": "missing_price_usd"
    },
    {
      "codigo": "54823",
      "action": "skipped",
      "reason": "missing_price_usd"
    },
    {
      "codigo": "54796",
      "action": "skipped",
      "reason": "missing_price_usd"
    },
    {
      "codigo": "54794",
      "action": "skipped",
      "reason": "missing_price_usd"
    },
    {
      "codigo": "54793",
      "action": "skipped",
      "reason": "missing_price_usd"
    },
    {
      "codigo": "54790",
      "action": "skipped",
      "reason": "missing_price_usd"
    },
    {
      "codigo": "54749",
      "action": "skipped",
      "reason": "missing_price_usd"
    },
    {
      "codigo": "54596",
      "action": "skipped",
      "reason": "missing_price_usd"
    },
    {
      "codigo": "54532",
      "action": "skipped",
      "reason": "missing_price_usd"
    },
    {
      "codigo": "54531",
      "action": "skipped",
      "reason": "missing_price_usd"
    },
    {
      "codigo": "54389",
      "action": "skipped",
      "reason": "missing_price_usd"
    },
    {
      "codigo": "54321",
      "action": "skipped",
      "reason": "missing_price_usd"
    },
    {
      "codigo": "54320",
      "action": "skipped",
      "reason": "missing_price_usd"
    },
    {
      "codigo": "54319",
      "action": "skipped",
      "reason": "missing_price_usd"
    },
    {
      "codigo": "54318",
      "action": "skipped",
      "reason": "missing_price_usd"
    },
    {
      "codigo": "54290",
      "action": "skipped",
      "reason": "missing_price_usd"
    },
    {
      "codigo": "42342",
      "action": "skipped",
      "reason": "missing_price_usd"
    },
    {
      "codigo": "42251",
      "action": "skipped",
      "reason": "missing_price_usd"
    },
    {
      "codigo": "54157",
      "action": "skipped",
      "reason": "missing_price_usd"
    },
    {
      "codigo": "54137",
      "action": "skipped",
      "reason": "missing_price_usd"
    },
    {
      "codigo": "54133",
      "action": "skipped",
      "reason": "missing_price_usd"
    },
    {
      "codigo": "53898",
      "action": "skipped",
      "reason": "missing_price_usd"
    },
    {
      "codigo": "53892",
      "action": "skipped",
      "reason": "missing_price_usd"
    },
    {
      "codigo": "53862",
      "action": "skipped",
      "reason": "missing_price_usd"
    },
    {
      "codigo": "53849",
      "action": "skipped",
      "reason": "missing_price_usd"
    },
    {
      "codigo": "53080",
      "action": "skipped",
      "reason": "missing_price_usd"
    },
    {
      "codigo": "53786",
      "action": "skipped",
      "reason": "missing_price_usd"
    },
    {
      "codigo": "53777",
      "action": "skipped",
      "reason": "missing_price_usd"
    },
    {
      "codigo": "53772",
      "action": "skipped",
      "reason": "missing_price_usd"
    },
    {
      "codigo": "53771",
      "action": "skipped",
      "reason": "missing_price_usd"
    },
    {
      "codigo": "53770",
      "action": "skipped",
      "reason": "missing_price_usd"
    },
    {
      "codigo": "53769",
      "action": "skipped",
      "reason": "missing_price_usd"
    },
    {
      "codigo": "53768",
      "action": "skipped",
      "reason": "missing_price_usd"
    },
    {
      "codigo": "53765",
      "action": "skipped",
      "reason": "missing_price_usd"
    },
    {
      "codigo": "53763",
      "action": "skipped",
      "reason": "missing_price_usd"
    },
    {
      "codigo": "53759",
      "action": "skipped",
      "reason": "missing_price_usd"
    },
    {
      "codigo": "53758",
      "action": "skipped",
      "reason": "missing_price_usd"
    },
    {
      "codigo": "42240",
      "action": "skipped",
      "reason": "missing_price_usd"
    },
    {
      "codigo": "53469",
      "action": "skipped",
      "reason": "missing_price_usd"
    },
    {
      "codigo": "53467",
      "action": "skipped",
      "reason": "missing_price_usd"
    },
    {
      "codigo": "53347",
      "action": "skipped",
      "reason": "missing_price_usd"
    },
    {
      "codigo": "51917",
      "action": "skipped",
      "reason": "missing_price_usd"
    },
    {
      "codigo": "53216",
      "action": "skipped",
      "reason": "missing_price_usd"
    },
    {
      "codigo": "53155",
      "action": "skipped",
      "reason": "missing_price_usd"
    },
    {
      "codigo": "51699",
      "action": "skipped",
      "reason": "missing_price_usd"
    },
    {
      "codigo": "51698",
      "action": "skipped",
      "reason": "missing_price_usd"
    },
    {
      "codigo": "53106",
      "action": "skipped",
      "reason": "missing_price_usd"
    },
    {
      "codigo": "53103",
      "action": "skipped",
      "reason": "missing_price_usd"
    },
    {
      "codigo": "52988",
      "action": "skipped",
      "reason": "missing_price_usd"
    },
    {
      "codigo": "52985",
      "action": "skipped",
      "reason": "missing_price_usd"
    },
    {
      "codigo": "52982",
      "action": "skipped",
      "reason": "missing_price_usd"
    },
    {
      "codigo": "52977",
      "action": "skipped",
      "reason": "missing_price_usd"
    },
    {
      "codigo": "45058",
      "action": "skipped",
      "reason": "missing_price_usd"
    },
    {
      "codigo": "52972",
      "action": "skipped",
      "reason": "missing_price_usd"
    },
    {
      "codigo": "45057",
      "action": "skipped",
      "reason": "missing_price_usd"
    },
    {
      "codigo": "45056",
      "action": "skipped",
      "reason": "missing_price_usd"
    },
    {
      "codigo": "52970",
      "action": "skipped",
      "reason": "missing_price_usd"
    },
    {
      "codigo": "52969",
      "action": "skipped",
      "reason": "missing_price_usd"
    },
    {
      "codigo": "52967",
      "action": "skipped",
      "reason": "missing_price_usd"
    },
    {
      "codigo": "52966",
      "action": "skipped",
      "reason": "missing_price_usd"
    },
    {
      "codigo": "52952",
      "action": "skipped",
      "reason": "missing_price_usd"
    },
    {
      "codigo": "52949",
      "action": "skipped",
      "reason": "missing_price_usd"
    },
    {
      "codigo": "52904",
      "action": "skipped",
      "reason": "missing_price_usd"
    },
    {
      "codigo": "52875",
      "action": "skipped",
      "reason": "missing_price_usd"
    },
    {
      "codigo": "52816",
      "action": "skipped",
      "reason": "missing_price_usd"
    },
    {
      "codigo": "52782",
      "action": "skipped",
      "reason": "missing_price_usd"
    },
    {
      "codigo": "52690",
      "action": "skipped",
      "reason": "missing_price_usd"
    },
    {
      "codigo": "52687",
      "action": "skipped",
      "reason": "missing_price_usd"
    },
    {
      "codigo": "52686",
      "action": "skipped",
      "reason": "missing_price_usd"
    },
    {
      "codigo": "52631",
      "action": "skipped",
      "reason": "missing_price_usd"
    },
    {
      "codigo": "52562",
      "action": "skipped",
      "reason": "missing_price_usd"
    },
    {
      "codigo": "52555",
      "action": "skipped",
      "reason": "missing_price_usd"
    },
    {
      "codigo": "52554",
      "action": "skipped",
      "reason": "missing_price_usd"
    },
    {
      "codigo": "52553",
      "action": "skipped",
      "reason": "missing_price_usd"
    },
    {
      "codigo": "52552",
      "action": "skipped",
      "reason": "missing_price_usd"
    },
    {
      "codigo": "52550",
      "action": "skipped",
      "reason": "missing_price_usd"
    },
    {
      "codigo": "52549",
      "action": "skipped",
      "reason": "missing_price_usd"
    },
    {
      "codigo": "52546",
      "action": "skipped",
      "reason": "missing_price_usd"
    },
    {
      "codigo": "52545",
      "action": "skipped",
      "reason": "missing_price_usd"
    },
    {
      "codigo": "52544",
      "action": "skipped",
      "reason": "missing_price_usd"
    },
    {
      "codigo": "52543",
      "action": "skipped",
      "reason": "missing_price_usd"
    },
    {
      "codigo": "52542",
      "action": "skipped",
      "reason": "missing_price_usd"
    },
    {
      "codigo": "52540",
      "action": "skipped",
      "reason": "missing_price_usd"
    },
    {
      "codigo": "52530",
      "action": "skipped",
      "reason": "missing_price_usd"
    },
    {
      "codigo": "52529",
      "action": "skipped",
      "reason": "missing_price_usd"
    },
    {
      "codigo": "52528",
      "action": "skipped",
      "reason": "missing_price_usd"
    },
    {
      "codigo": "52526",
      "action": "skipped",
      "reason": "missing_price_usd"
    },
    {
      "codigo": "52525",
      "action": "skipped",
      "reason": "missing_price_usd"
    },
    {
      "codigo": "52524",
      "action": "skipped",
      "reason": "missing_price_usd"
    },
    {
      "codigo": "52523",
      "action": "skipped",
      "reason": "missing_price_usd"
    },
    {
      "codigo": "52522",
      "action": "skipped",
      "reason": "missing_price_usd"
    },
    {
      "codigo": "52521",
      "action": "skipped",
      "reason": "missing_price_usd"
    },
    {
      "codigo": "52520",
      "action": "skipped",
      "reason": "missing_price_usd"
    },
    {
      "codigo": "52519",
      "action": "skipped",
      "reason": "missing_price_usd"
    },
    {
      "codigo": "52518",
      "action": "skipped",
      "reason": "missing_price_usd"
    },
    {
      "codigo": "52516",
      "action": "skipped",
      "reason": "missing_price_usd"
    },
    {
      "codigo": "52499",
      "action": "skipped",
      "reason": "missing_price_usd"
    },
    {
      "codigo": "44362",
      "action": "skipped",
      "reason": "missing_price_usd"
    },
    {
      "codigo": "44361",
      "action": "skipped",
      "reason": "missing_price_usd"
    },
    {
      "codigo": "52198",
      "action": "skipped",
      "reason": "missing_price_usd"
    },
    {
      "codigo": "52121",
      "action": "skipped",
      "reason": "missing_price_usd"
    },
    {
      "codigo": "52120",
      "action": "skipped",
      "reason": "missing_price_usd"
    },
    {
      "codigo": "52119",
      "action": "skipped",
      "reason": "missing_price_usd"
    },
    {
      "codigo": "52091",
      "action": "skipped",
      "reason": "missing_price_usd"
    },
    {
      "codigo": "52090",
      "action": "skipped",
      "reason": "missing_price_usd"
    },
    {
      "codigo": "52035",
      "action": "skipped",
      "reason": "missing_price_usd"
    },
    {
      "codigo": "52034",
      "action": "skipped",
      "reason": "missing_price_usd"
    },
    {
      "codigo": "51999",
      "action": "skipped",
      "reason": "missing_price_usd"
    },
    {
      "codigo": "51985",
      "action": "skipped",
      "reason": "missing_price_usd"
    },
    {
      "codigo": "51950",
      "action": "skipped",
      "reason": "missing_price_usd"
    },
    {
      "codigo": "51921",
      "action": "skipped",
      "reason": "missing_price_usd"
    },
    {
      "codigo": "51918",
      "action": "skipped",
      "reason": "missing_price_usd"
    },
    {
      "codigo": "49787",
      "action": "skipped",
      "reason": "missing_price_usd"
    },
    {
      "codigo": "51449",
      "action": "skipped",
      "reason": "missing_price_usd"
    },
    {
      "codigo": "51405",
      "action": "skipped",
      "reason": "missing_price_usd"
    },
    {
      "codigo": "51397",
      "action": "skipped",
      "reason": "missing_price_usd"
    },
    {
      "codigo": "51260",
      "action": "skipped",
      "reason": "missing_price_usd"
    },
    {
      "codigo": "51200",
      "action": "skipped",
      "reason": "missing_price_usd"
    },
    {
      "codigo": "51199",
      "action": "skipped",
      "reason": "missing_price_usd"
    },
    {
      "codigo": "51198",
      "action": "skipped",
      "reason": "missing_price_usd"
    },
    {
      "codigo": "51197",
      "action": "skipped",
      "reason": "missing_price_usd"
    },
    {
      "codigo": "51195",
      "action": "skipped",
      "reason": "missing_price_usd"
    },
    {
      "codigo": "49744",
      "action": "skipped",
      "reason": "missing_price_usd"
    },
    {
      "codigo": "35880",
      "action": "skipped",
      "reason": "missing_price_usd"
    },
    {
      "codigo": "38918",
      "action": "skipped",
      "reason": "missing_price_usd"
    },
    {
      "codigo": "50964",
      "action": "skipped",
      "reason": "missing_price_usd"
    },
    {
      "codigo": "50929",
      "action": "skipped",
      "reason": "missing_price_usd"
    },
    {
      "codigo": "50924",
      "action": "skipped",
      "reason": "missing_price_usd"
    },
    {
      "codigo": "50923",
      "action": "skipped",
      "reason": "missing_price_usd"
    },
    {
      "codigo": "50922",
      "action": "skipped",
      "reason": "missing_price_usd"
    },
    {
      "codigo": "50699",
      "action": "skipped",
      "reason": "missing_price_usd"
    },
    {
      "codigo": "50694",
      "action": "skipped",
      "reason": "missing_price_usd"
    },
    {
      "codigo": "50692",
      "action": "skipped",
      "reason": "missing_price_usd"
    },
    {
      "codigo": "42790",
      "action": "skipped",
      "reason": "missing_price_usd"
    },
    {
      "codigo": "42788",
      "action": "skipped",
      "reason": "missing_price_usd"
    },
    {
      "codigo": "50565",
      "action": "skipped",
      "reason": "missing_price_usd"
    },
    {
      "codigo": "50564",
      "action": "skipped",
      "reason": "missing_price_usd"
    },
    {
      "codigo": "50557",
      "action": "skipped",
      "reason": "missing_price_usd"
    },
    {
      "codigo": "50490",
      "action": "skipped",
      "reason": "missing_price_usd"
    },
    {
      "codigo": "50436",
      "action": "skipped",
      "reason": "missing_price_usd"
    },
    {
      "codigo": "50435",
      "action": "skipped",
      "reason": "missing_price_usd"
    },
    {
      "codigo": "50430",
      "action": "skipped",
      "reason": "missing_price_usd"
    },
    {
      "codigo": "50339",
      "action": "skipped",
      "reason": "missing_price_usd"
    },
    {
      "codigo": "50195",
      "action": "skipped",
      "reason": "missing_price_usd"
    },
    {
      "codigo": "50156",
      "action": "skipped",
      "reason": "missing_price_usd"
    },
    {
      "codigo": "50145",
      "action": "skipped",
      "reason": "missing_price_usd"
    },
    {
      "codigo": "50136",
      "action": "skipped",
      "reason": "missing_price_usd"
    },
    {
      "codigo": "50048",
      "action": "skipped",
      "reason": "missing_price_usd"
    },
    {
      "codigo": "49999",
      "action": "skipped",
      "reason": "missing_price_usd"
    },
    {
      "codigo": "48321",
      "action": "skipped",
      "reason": "missing_price_usd"
    },
    {
      "codigo": "49971",
      "action": "skipped",
      "reason": "missing_price_usd"
    },
    {
      "codigo": "49970",
      "action": "skipped",
      "reason": "missing_price_usd"
    },
    {
      "codigo": "49968",
      "action": "skipped",
      "reason": "missing_price_usd"
    },
    {
      "codigo": "49967",
      "action": "skipped",
      "reason": "missing_price_usd"
    },
    {
      "codigo": "49966",
      "action": "skipped",
      "reason": "missing_price_usd"
    },
    {
      "codigo": "49965",
      "action": "skipped",
      "reason": "missing_price_usd"
    },
    {
      "codigo": "49879",
      "action": "skipped",
      "reason": "missing_price_usd"
    },
    {
      "codigo": "49878",
      "action": "skipped",
      "reason": "missing_price_usd"
    },
    {
      "codigo": "49875",
      "action": "skipped",
      "reason": "missing_price_usd"
    },
    {
      "codigo": "49873",
      "action": "skipped",
      "reason": "missing_price_usd"
    },
    {
      "codigo": "49872",
      "action": "skipped",
      "reason": "missing_price_usd"
    },
    {
      "codigo": "49871",
      "action": "skipped",
      "reason": "missing_price_usd"
    },
    {
      "codigo": "49869",
      "action": "skipped",
      "reason": "missing_price_usd"
    },
    {
      "codigo": "49865",
      "action": "skipped",
      "reason": "missing_price_usd"
    },
    {
      "codigo": "49864",
      "action": "skipped",
      "reason": "missing_price_usd"
    },
    {
      "codigo": "49863",
      "action": "skipped",
      "reason": "missing_price_usd"
    },
    {
      "codigo": "49860",
      "action": "skipped",
      "reason": "missing_price_usd"
    },
    {
      "codigo": "49836",
      "action": "skipped",
      "reason": "missing_price_usd"
    },
    {
      "codigo": "49835",
      "action": "skipped",
      "reason": "missing_price_usd"
    },
    {
      "codigo": "49827",
      "action": "skipped",
      "reason": "missing_price_usd"
    },
    {
      "codigo": "49802",
      "action": "skipped",
      "reason": "missing_price_usd"
    },
    {
      "codigo": "49788",
      "action": "skipped",
      "reason": "missing_price_usd"
    },
    {
      "codigo": "49745",
      "action": "skipped",
      "reason": "missing_price_usd"
    },
    {
      "codigo": "49477",
      "action": "skipped",
      "reason": "missing_price_usd"
    },
    {
      "codigo": "49472",
      "action": "skipped",
      "reason": "missing_price_usd"
    },
    {
      "codigo": "49470",
      "action": "skipped",
      "reason": "missing_price_usd"
    },
    {
      "codigo": "49464",
      "action": "skipped",
      "reason": "missing_price_usd"
    },
    {
      "codigo": "49397",
      "action": "skipped",
      "reason": "missing_price_usd"
    },
    {
      "codigo": "49391",
      "action": "skipped",
      "reason": "missing_price_usd"
    },
    {
      "codigo": "49374",
      "action": "skipped",
      "reason": "missing_price_usd"
    },
    {
      "codigo": "49373",
      "action": "skipped",
      "reason": "missing_price_usd"
    },
    {
      "codigo": "49248",
      "action": "skipped",
      "reason": "missing_price_usd"
    },
    {
      "codigo": "49246",
      "action": "skipped",
      "reason": "missing_price_usd"
    },
    {
      "codigo": "49148",
      "action": "skipped",
      "reason": "missing_price_usd"
    },
    {
      "codigo": "49143",
      "action": "skipped",
      "reason": "missing_price_usd"
    },
    {
      "codigo": "49083",
      "action": "skipped",
      "reason": "missing_price_usd"
    },
    {
      "codigo": "49063",
      "action": "skipped",
      "reason": "missing_price_usd"
    },
    {
      "codigo": "49022",
      "action": "skipped",
      "reason": "missing_price_usd"
    },
    {
      "codigo": "49021",
      "action": "skipped",
      "reason": "missing_price_usd"
    },
    {
      "codigo": "49019",
      "action": "skipped",
      "reason": "missing_price_usd"
    },
    {
      "codigo": "49017",
      "action": "skipped",
      "reason": "missing_price_usd"
    },
    {
      "codigo": "49014",
      "action": "skipped",
      "reason": "missing_price_usd"
    },
    {
      "codigo": "49013",
      "action": "skipped",
      "reason": "missing_price_usd"
    },
    {
      "codigo": "49010",
      "action": "skipped",
      "reason": "missing_price_usd"
    },
    {
      "codigo": "49003",
      "action": "skipped",
      "reason": "missing_price_usd"
    },
    {
      "codigo": "49001",
      "action": "skipped",
      "reason": "missing_price_usd"
    },
    {
      "codigo": "48996",
      "action": "skipped",
      "reason": "missing_price_usd"
    },
    {
      "codigo": "48950",
      "action": "skipped",
      "reason": "missing_price_usd"
    },
    {
      "codigo": "48949",
      "action": "skipped",
      "reason": "missing_price_usd"
    },
    {
      "codigo": "48936",
      "action": "skipped",
      "reason": "missing_price_usd"
    },
    {
      "codigo": "48916",
      "action": "skipped",
      "reason": "missing_price_usd"
    },
    {
      "codigo": "48901",
      "action": "skipped",
      "reason": "missing_price_usd"
    },
    {
      "codigo": "48898",
      "action": "skipped",
      "reason": "missing_price_usd"
    },
    {
      "codigo": "48893",
      "action": "skipped",
      "reason": "missing_price_usd"
    },
    {
      "codigo": "48885",
      "action": "skipped",
      "reason": "missing_price_usd"
    },
    {
      "codigo": "48847",
      "action": "skipped",
      "reason": "missing_price_usd"
    },
    {
      "codigo": "48846",
      "action": "skipped",
      "reason": "missing_price_usd"
    },
    {
      "codigo": "48763",
      "action": "skipped",
      "reason": "missing_price_usd"
    },
    {
      "codigo": "48582",
      "action": "skipped",
      "reason": "missing_price_usd"
    },
    {
      "codigo": "48562",
      "action": "skipped",
      "reason": "missing_price_usd"
    },
    {
      "codigo": "48561",
      "action": "skipped",
      "reason": "missing_price_usd"
    },
    {
      "codigo": "48301",
      "action": "skipped",
      "reason": "missing_price_usd"
    },
    {
      "codigo": "48253",
      "action": "skipped",
      "reason": "missing_price_usd"
    },
    {
      "codigo": "48227",
      "action": "skipped",
      "reason": "missing_price_usd"
    },
    {
      "codigo": "46735",
      "action": "skipped",
      "reason": "missing_price_usd"
    },
    {
      "codigo": "48055",
      "action": "skipped",
      "reason": "missing_price_usd"
    },
    {
      "codigo": "48021",
      "action": "skipped",
      "reason": "missing_price_usd"
    },
    {
      "codigo": "47994",
      "action": "skipped",
      "reason": "missing_price_usd"
    },
    {
      "codigo": "47992",
      "action": "skipped",
      "reason": "missing_price_usd"
    },
    {
      "codigo": "47990",
      "action": "skipped",
      "reason": "missing_price_usd"
    },
    {
      "codigo": "40499",
      "action": "skipped",
      "reason": "missing_price_usd"
    },
    {
      "codigo": "47967",
      "action": "skipped",
      "reason": "missing_price_usd"
    },
    {
      "codigo": "47955",
      "action": "skipped",
      "reason": "missing_price_usd"
    },
    {
      "codigo": "47927",
      "action": "skipped",
      "reason": "missing_price_usd"
    },
    {
      "codigo": "47849",
      "action": "skipped",
      "reason": "missing_price_usd"
    },
    {
      "codigo": "47830",
      "action": "skipped",
      "reason": "missing_price_usd"
    },
    {
      "codigo": "47787",
      "action": "skipped",
      "reason": "missing_price_usd"
    },
    {
      "codigo": "47767",
      "action": "skipped",
      "reason": "missing_price_usd"
    },
    {
      "codigo": "47766",
      "action": "skipped",
      "reason": "missing_price_usd"
    },
    {
      "codigo": "47759",
      "action": "skipped",
      "reason": "missing_price_usd"
    },
    {
      "codigo": "47710",
      "action": "skipped",
      "reason": "missing_price_usd"
    },
    {
      "codigo": "47557",
      "action": "skipped",
      "reason": "missing_price_usd"
    },
    {
      "codigo": "47492",
      "action": "skipped",
      "reason": "missing_price_usd"
    },
    {
      "codigo": "47490",
      "action": "skipped",
      "reason": "missing_price_usd"
    },
    {
      "codigo": "47489",
      "action": "skipped",
      "reason": "missing_price_usd"
    },
    {
      "codigo": "47487",
      "action": "skipped",
      "reason": "missing_price_usd"
    },
    {
      "codigo": "47450",
      "action": "skipped",
      "reason": "missing_price_usd"
    },
    {
      "codigo": "47438",
      "action": "skipped",
      "reason": "missing_price_usd"
    },
    {
      "codigo": "47399",
      "action": "skipped",
      "reason": "missing_price_usd"
    },
    {
      "codigo": "47383",
      "action": "skipped",
      "reason": "missing_price_usd"
    },
    {
      "codigo": "47374",
      "action": "skipped",
      "reason": "missing_price_usd"
    },
    {
      "codigo": "47372",
      "action": "skipped",
      "reason": "missing_price_usd"
    },
    {
      "codigo": "47371",
      "action": "skipped",
      "reason": "missing_price_usd"
    },
    {
      "codigo": "47370",
      "action": "skipped",
      "reason": "missing_price_usd"
    },
    {
      "codigo": "47365",
      "action": "skipped",
      "reason": "missing_price_usd"
    },
    {
      "codigo": "47359",
      "action": "skipped",
      "reason": "missing_price_usd"
    },
    {
      "codigo": "39756",
      "action": "skipped",
      "reason": "missing_price_usd"
    },
    {
      "codigo": "47295",
      "action": "skipped",
      "reason": "missing_price_usd"
    },
    {
      "codigo": "47293",
      "action": "skipped",
      "reason": "missing_price_usd"
    },
    {
      "codigo": "47247",
      "action": "skipped",
      "reason": "missing_price_usd"
    },
    {
      "codigo": "39205",
      "action": "skipped",
      "reason": "missing_price_usd"
    },
    {
      "codigo": "47065",
      "action": "skipped",
      "reason": "missing_price_usd"
    },
    {
      "codigo": "46959",
      "action": "skipped",
      "reason": "missing_price_usd"
    },
    {
      "codigo": "46897",
      "action": "skipped",
      "reason": "missing_price_usd"
    },
    {
      "codigo": "38919",
      "action": "skipped",
      "reason": "missing_price_usd"
    },
    {
      "codigo": "27678",
      "action": "skipped",
      "reason": "missing_price_usd"
    },
    {
      "codigo": "46631",
      "action": "skipped",
      "reason": "missing_price_usd"
    },
    {
      "codigo": "46542",
      "action": "skipped",
      "reason": "missing_price_usd"
    },
    {
      "codigo": "33782",
      "action": "skipped",
      "reason": "missing_price_usd"
    },
    {
      "codigo": "46428",
      "action": "skipped",
      "reason": "missing_price_usd"
    },
    {
      "codigo": "31125",
      "action": "skipped",
      "reason": "missing_price_usd"
    },
    {
      "codigo": "44705",
      "action": "skipped",
      "reason": "missing_price_usd"
    },
    {
      "codigo": "46337",
      "action": "skipped",
      "reason": "missing_price_usd"
    },
    {
      "codigo": "46300",
      "action": "skipped",
      "reason": "missing_price_usd"
    },
    {
      "codigo": "46290",
      "action": "skipped",
      "reason": "missing_price_usd"
    },
    {
      "codigo": "45550",
      "action": "skipped",
      "reason": "missing_price_usd"
    },
    {
      "codigo": "46013",
      "action": "skipped",
      "reason": "missing_price_usd"
    },
    {
      "codigo": "45868",
      "action": "skipped",
      "reason": "missing_price_usd"
    },
    {
      "codigo": "45719",
      "action": "skipped",
      "reason": "missing_price_usd"
    },
    {
      "codigo": "45628",
      "action": "skipped",
      "reason": "missing_price_usd"
    },
    {
      "codigo": "45488",
      "action": "skipped",
      "reason": "missing_price_usd"
    },
    {
      "codigo": "37501",
      "action": "skipped",
      "reason": "missing_price_usd"
    },
    {
      "codigo": "39686",
      "action": "skipped",
      "reason": "missing_price_usd"
    },
    {
      "codigo": "45221",
      "action": "skipped",
      "reason": "missing_price_usd"
    },
    {
      "codigo": "45214",
      "action": "skipped",
      "reason": "missing_price_usd"
    },
    {
      "codigo": "45195",
      "action": "skipped",
      "reason": "missing_price_usd"
    },
    {
      "codigo": "37678",
      "action": "skipped",
      "reason": "missing_price_usd"
    },
    {
      "codigo": "45141",
      "action": "skipped",
      "reason": "missing_price_usd"
    },
    {
      "codigo": "45135",
      "action": "skipped",
      "reason": "missing_price_usd"
    },
    {
      "codigo": "45134",
      "action": "skipped",
      "reason": "missing_price_usd"
    },
    {
      "codigo": "44758",
      "action": "skipped",
      "reason": "missing_price_usd"
    },
    {
      "codigo": "44746",
      "action": "skipped",
      "reason": "missing_price_usd"
    },
    {
      "codigo": "44559",
      "action": "skipped",
      "reason": "missing_price_usd"
    },
    {
      "codigo": "44558",
      "action": "skipped",
      "reason": "missing_price_usd"
    },
    {
      "codigo": "44536",
      "action": "skipped",
      "reason": "missing_price_usd"
    },
    {
      "codigo": "44408",
      "action": "skipped",
      "reason": "missing_price_usd"
    },
    {
      "codigo": "44333",
      "action": "skipped",
      "reason": "missing_price_usd"
    },
    {
      "codigo": "44332",
      "action": "skipped",
      "reason": "missing_price_usd"
    },
    {
      "codigo": "44331",
      "action": "skipped",
      "reason": "missing_price_usd"
    },
    {
      "codigo": "44324",
      "action": "skipped",
      "reason": "missing_price_usd"
    },
    {
      "codigo": "44311",
      "action": "skipped",
      "reason": "missing_price_usd"
    },
    {
      "codigo": "44307",
      "action": "skipped",
      "reason": "missing_price_usd"
    },
    {
      "codigo": "44286",
      "action": "skipped",
      "reason": "missing_price_usd"
    },
    {
      "codigo": "44165",
      "action": "skipped",
      "reason": "missing_price_usd"
    },
    {
      "codigo": "44143",
      "action": "skipped",
      "reason": "missing_price_usd"
    },
    {
      "codigo": "44140",
      "action": "skipped",
      "reason": "missing_price_usd"
    },
    {
      "codigo": "44083",
      "action": "skipped",
      "reason": "missing_price_usd"
    },
    {
      "codigo": "44079",
      "action": "skipped",
      "reason": "missing_price_usd"
    },
    {
      "codigo": "43774",
      "action": "skipped",
      "reason": "missing_price_usd"
    },
    {
      "codigo": "43773",
      "action": "skipped",
      "reason": "missing_price_usd"
    },
    {
      "codigo": "42277",
      "action": "skipped",
      "reason": "missing_price_usd"
    },
    {
      "codigo": "43555",
      "action": "skipped",
      "reason": "missing_price_usd"
    },
    {
      "codigo": "43434",
      "action": "skipped",
      "reason": "missing_price_usd"
    },
    {
      "codigo": "43229",
      "action": "skipped",
      "reason": "missing_price_usd"
    },
    {
      "codigo": "24207",
      "action": "skipped",
      "reason": "missing_price_usd"
    },
    {
      "codigo": "43188",
      "action": "skipped",
      "reason": "missing_price_usd"
    },
    {
      "codigo": "43112",
      "action": "skipped",
      "reason": "missing_price_usd"
    },
    {
      "codigo": "42674",
      "action": "skipped",
      "reason": "missing_price_usd"
    },
    {
      "codigo": "42615",
      "action": "skipped",
      "reason": "missing_price_usd"
    },
    {
      "codigo": "28653",
      "action": "skipped",
      "reason": "missing_price_usd"
    },
    {
      "codigo": "28065",
      "action": "skipped",
      "reason": "missing_price_usd"
    },
    {
      "codigo": "42280",
      "action": "skipped",
      "reason": "missing_price_usd"
    },
    {
      "codigo": "42266",
      "action": "skipped",
      "reason": "missing_price_usd"
    },
    {
      "codigo": "42262",
      "action": "skipped",
      "reason": "missing_price_usd"
    },
    {
      "codigo": "42248",
      "action": "skipped",
      "reason": "missing_price_usd"
    },
    {
      "codigo": "42245",
      "action": "skipped",
      "reason": "missing_price_usd"
    },
    {
      "codigo": "42244",
      "action": "skipped",
      "reason": "missing_price_usd"
    },
    {
      "codigo": "42243",
      "action": "skipped",
      "reason": "missing_price_usd"
    },
    {
      "codigo": "42107",
      "action": "skipped",
      "reason": "missing_price_usd"
    },
    {
      "codigo": "41927",
      "action": "skipped",
      "reason": "missing_price_usd"
    },
    {
      "codigo": "41921",
      "action": "skipped",
      "reason": "missing_price_usd"
    },
    {
      "codigo": "41901",
      "action": "skipped",
      "reason": "missing_price_usd"
    },
    {
      "codigo": "41883",
      "action": "skipped",
      "reason": "missing_price_usd"
    },
    {
      "codigo": "41613",
      "action": "skipped",
      "reason": "missing_price_usd"
    },
    {
      "codigo": "41587",
      "action": "skipped",
      "reason": "missing_price_usd"
    },
    {
      "codigo": "41576",
      "action": "skipped",
      "reason": "missing_price_usd"
    },
    {
      "codigo": "41537",
      "action": "skipped",
      "reason": "missing_price_usd"
    },
    {
      "codigo": "41536",
      "action": "skipped",
      "reason": "missing_price_usd"
    },
    {
      "codigo": "41492",
      "action": "skipped",
      "reason": "missing_price_usd"
    },
    {
      "codigo": "41197",
      "action": "skipped",
      "reason": "missing_price_usd"
    },
    {
      "codigo": "41132",
      "action": "skipped",
      "reason": "missing_price_usd"
    },
    {
      "codigo": "41131",
      "action": "skipped",
      "reason": "missing_price_usd"
    },
    {
      "codigo": "40744",
      "action": "skipped",
      "reason": "missing_price_usd"
    },
    {
      "codigo": "39214",
      "action": "skipped",
      "reason": "missing_price_usd"
    },
    {
      "codigo": "40556",
      "action": "skipped",
      "reason": "missing_price_usd"
    },
    {
      "codigo": "40554",
      "action": "skipped",
      "reason": "missing_price_usd"
    },
    {
      "codigo": "40277",
      "action": "skipped",
      "reason": "missing_price_usd"
    },
    {
      "codigo": "12849",
      "action": "skipped",
      "reason": "missing_price_usd"
    },
    {
      "codigo": "9061",
      "action": "skipped",
      "reason": "missing_price_usd"
    },
    {
      "codigo": "40224",
      "action": "skipped",
      "reason": "missing_price_usd"
    },
    {
      "codigo": "17417",
      "action": "skipped",
      "reason": "missing_price_usd"
    },
    {
      "codigo": "79",
      "action": "skipped",
      "reason": "missing_price_usd"
    },
    {
      "codigo": "40174",
      "action": "skipped",
      "reason": "missing_price_usd"
    },
    {
      "codigo": "34288",
      "action": "skipped",
      "reason": "missing_price_usd"
    },
    {
      "codigo": "28401",
      "action": "skipped",
      "reason": "missing_price_usd"
    },
    {
      "codigo": "40030",
      "action": "skipped",
      "reason": "missing_price_usd"
    },
    {
      "codigo": "40003",
      "action": "skipped",
      "reason": "missing_price_usd"
    },
    {
      "codigo": "11106",
      "action": "skipped",
      "reason": "missing_price_usd"
    },
    {
      "codigo": "21449",
      "action": "skipped",
      "reason": "missing_price_usd"
    },
    {
      "codigo": "39690",
      "action": "skipped",
      "reason": "missing_price_usd"
    },
    {
      "codigo": "39688",
      "action": "skipped",
      "reason": "missing_price_usd"
    },
    {
      "codigo": "39436",
      "action": "skipped",
      "reason": "missing_price_usd"
    },
    {
      "codigo": "39434",
      "action": "skipped",
      "reason": "missing_price_usd"
    },
    {
      "codigo": "38622",
      "action": "skipped",
      "reason": "missing_price_usd"
    },
    {
      "codigo": "39273",
      "action": "skipped",
      "reason": "missing_price_usd"
    },
    {
      "codigo": "39170",
      "action": "skipped",
      "reason": "missing_price_usd"
    },
    {
      "codigo": "39160",
      "action": "skipped",
      "reason": "missing_price_usd"
    },
    {
      "codigo": "39156",
      "action": "skipped",
      "reason": "missing_price_usd"
    },
    {
      "codigo": "38988",
      "action": "skipped",
      "reason": "missing_price_usd"
    },
    {
      "codigo": "38978",
      "action": "skipped",
      "reason": "missing_price_usd"
    },
    {
      "codigo": "38977",
      "action": "skipped",
      "reason": "missing_price_usd"
    },
    {
      "codigo": "38770",
      "action": "skipped",
      "reason": "missing_price_usd"
    },
    {
      "codigo": "38178",
      "action": "skipped",
      "reason": "missing_price_usd"
    },
    {
      "codigo": "38717",
      "action": "skipped",
      "reason": "missing_price_usd"
    },
    {
      "codigo": "38100",
      "action": "skipped",
      "reason": "missing_price_usd"
    },
    {
      "codigo": "38032",
      "action": "skipped",
      "reason": "missing_price_usd"
    },
    {
      "codigo": "37954",
      "action": "skipped",
      "reason": "missing_price_usd"
    },
    {
      "codigo": "37804",
      "action": "skipped",
      "reason": "missing_price_usd"
    },
    {
      "codigo": "37583",
      "action": "skipped",
      "reason": "missing_price_usd"
    },
    {
      "codigo": "37014",
      "action": "skipped",
      "reason": "missing_price_usd"
    },
    {
      "codigo": "36930",
      "action": "skipped",
      "reason": "missing_price_usd"
    },
    {
      "codigo": "36611",
      "action": "skipped",
      "reason": "missing_price_usd"
    },
    {
      "codigo": "21519",
      "action": "skipped",
      "reason": "missing_price_usd"
    },
    {
      "codigo": "5568",
      "action": "skipped",
      "reason": "missing_price_usd"
    },
    {
      "codigo": "22243",
      "action": "skipped",
      "reason": "missing_price_usd"
    },
    {
      "codigo": "12263",
      "action": "skipped",
      "reason": "missing_price_usd"
    },
    {
      "codigo": "36162",
      "action": "skipped",
      "reason": "missing_price_usd"
    },
    {
      "codigo": "36153",
      "action": "skipped",
      "reason": "missing_price_usd"
    },
    {
      "codigo": "36151",
      "action": "skipped",
      "reason": "missing_price_usd"
    },
    {
      "codigo": "27533",
      "action": "skipped",
      "reason": "missing_price_usd"
    },
    {
      "codigo": "33250",
      "action": "skipped",
      "reason": "missing_price_usd"
    },
    {
      "codigo": "35959",
      "action": "skipped",
      "reason": "missing_price_usd"
    },
    {
      "codigo": "35907",
      "action": "skipped",
      "reason": "missing_price_usd"
    },
    {
      "codigo": "24951",
      "action": "skipped",
      "reason": "missing_price_usd"
    },
    {
      "codigo": "35879",
      "action": "skipped",
      "reason": "missing_price_usd"
    },
    {
      "codigo": "35783",
      "action": "skipped",
      "reason": "missing_price_usd"
    },
    {
      "codigo": "35458",
      "action": "skipped",
      "reason": "missing_price_usd"
    },
    {
      "codigo": "35455",
      "action": "skipped",
      "reason": "missing_price_usd"
    },
    {
      "codigo": "35387",
      "action": "skipped",
      "reason": "missing_price_usd"
    },
    {
      "codigo": "35333",
      "action": "skipped",
      "reason": "missing_price_usd"
    },
    {
      "codigo": "35328",
      "action": "skipped",
      "reason": "missing_price_usd"
    },
    {
      "codigo": "21347",
      "action": "skipped",
      "reason": "missing_price_usd"
    },
    {
      "codigo": "35278",
      "action": "skipped",
      "reason": "missing_price_usd"
    },
    {
      "codigo": "17858",
      "action": "skipped",
      "reason": "missing_price_usd"
    },
    {
      "codigo": "17482",
      "action": "skipped",
      "reason": "missing_price_usd"
    },
    {
      "codigo": "35201",
      "action": "skipped",
      "reason": "missing_price_usd"
    },
    {
      "codigo": "35199",
      "action": "skipped",
      "reason": "missing_price_usd"
    },
    {
      "codigo": "35194",
      "action": "skipped",
      "reason": "missing_price_usd"
    },
    {
      "codigo": "35193",
      "action": "skipped",
      "reason": "missing_price_usd"
    },
    {
      "codigo": "35191",
      "action": "skipped",
      "reason": "missing_price_usd"
    },
    {
      "codigo": "35190",
      "action": "skipped",
      "reason": "missing_price_usd"
    },
    {
      "codigo": "35188",
      "action": "skipped",
      "reason": "missing_price_usd"
    },
    {
      "codigo": "24819",
      "action": "skipped",
      "reason": "missing_price_usd"
    },
    {
      "codigo": "35164",
      "action": "skipped",
      "reason": "missing_price_usd"
    },
    {
      "codigo": "35087",
      "action": "skipped",
      "reason": "missing_price_usd"
    },
    {
      "codigo": "8699",
      "action": "skipped",
      "reason": "missing_price_usd"
    },
    {
      "codigo": "8635",
      "action": "skipped",
      "reason": "missing_price_usd"
    },
    {
      "codigo": "7963",
      "action": "skipped",
      "reason": "missing_price_usd"
    },
    {
      "codigo": "7559",
      "action": "skipped",
      "reason": "missing_price_usd"
    },
    {
      "codigo": "7392",
      "action": "skipped",
      "reason": "missing_price_usd"
    },
    {
      "codigo": "6832",
      "action": "skipped",
      "reason": "missing_price_usd"
    },
    {
      "codigo": "612",
      "action": "skipped",
      "reason": "missing_price_usd"
    },
    {
      "codigo": "5544",
      "action": "skipped",
      "reason": "missing_price_usd"
    },
    {
      "codigo": "5216",
      "action": "skipped",
      "reason": "missing_price_usd"
    },
    {
      "codigo": "5215",
      "action": "skipped",
      "reason": "missing_price_usd"
    },
    {
      "codigo": "5184",
      "action": "skipped",
      "reason": "missing_price_usd"
    },
    {
      "codigo": "4169",
      "action": "skipped",
      "reason": "missing_price_usd"
    },
    {
      "codigo": "3731",
      "action": "skipped",
      "reason": "missing_price_usd"
    },
    {
      "codigo": "34615",
      "action": "skipped",
      "reason": "missing_price_usd"
    },
    {
      "codigo": "34163",
      "action": "skipped",
      "reason": "missing_price_usd"
    },
    {
      "codigo": "34161",
      "action": "skipped",
      "reason": "missing_price_usd"
    },
    {
      "codigo": "34160",
      "action": "skipped",
      "reason": "missing_price_usd"
    },
    {
      "codigo": "34038",
      "action": "skipped",
      "reason": "missing_price_usd"
    },
    {
      "codigo": "34037",
      "action": "skipped",
      "reason": "missing_price_usd"
    },
    {
      "codigo": "33969",
      "action": "skipped",
      "reason": "missing_price_usd"
    },
    {
      "codigo": "33913",
      "action": "skipped",
      "reason": "missing_price_usd"
    },
    {
      "codigo": "33878",
      "action": "skipped",
      "reason": "missing_price_usd"
    },
    {
      "codigo": "33877",
      "action": "skipped",
      "reason": "missing_price_usd"
    },
    {
      "codigo": "33867",
      "action": "skipped",
      "reason": "missing_price_usd"
    },
    {
      "codigo": "33861",
      "action": "skipped",
      "reason": "missing_price_usd"
    },
    {
      "codigo": "33860",
      "action": "skipped",
      "reason": "missing_price_usd"
    },
    {
      "codigo": "33845",
      "action": "skipped",
      "reason": "missing_price_usd"
    },
    {
      "codigo": "33843",
      "action": "skipped",
      "reason": "missing_price_usd"
    },
    {
      "codigo": "33571",
      "action": "skipped",
      "reason": "missing_price_usd"
    },
    {
      "codigo": "33487",
      "action": "skipped",
      "reason": "missing_price_usd"
    },
    {
      "codigo": "33251",
      "action": "skipped",
      "reason": "missing_price_usd"
    },
    {
      "codigo": "3316",
      "action": "skipped",
      "reason": "missing_price_usd"
    },
    {
      "codigo": "32904",
      "action": "skipped",
      "reason": "missing_price_usd"
    },
    {
      "codigo": "32582",
      "action": "skipped",
      "reason": "missing_price_usd"
    },
    {
      "codigo": "32436",
      "action": "skipped",
      "reason": "missing_price_usd"
    },
    {
      "codigo": "32412",
      "action": "skipped",
      "reason": "missing_price_usd"
    },
    {
      "codigo": "32242",
      "action": "skipped",
      "reason": "missing_price_usd"
    },
    {
      "codigo": "32232",
      "action": "skipped",
      "reason": "missing_price_usd"
    },
    {
      "codigo": "31953",
      "action": "skipped",
      "reason": "missing_price_usd"
    },
    {
      "codigo": "31739",
      "action": "skipped",
      "reason": "missing_price_usd"
    },
    {
      "codigo": "31231",
      "action": "skipped",
      "reason": "missing_price_usd"
    },
    {
      "codigo": "31124",
      "action": "skipped",
      "reason": "missing_price_usd"
    },
    {
      "codigo": "31016",
      "action": "skipped",
      "reason": "missing_price_usd"
    },
    {
      "codigo": "30990",
      "action": "skipped",
      "reason": "missing_price_usd"
    },
    {
      "codigo": "30720",
      "action": "skipped",
      "reason": "missing_price_usd"
    },
    {
      "codigo": "3072",
      "action": "skipped",
      "reason": "missing_price_usd"
    },
    {
      "codigo": "30417",
      "action": "skipped",
      "reason": "missing_price_usd"
    },
    {
      "codigo": "30365",
      "action": "skipped",
      "reason": "missing_price_usd"
    },
    {
      "codigo": "30331",
      "action": "skipped",
      "reason": "missing_price_usd"
    },
    {
      "codigo": "30327",
      "action": "skipped",
      "reason": "missing_price_usd"
    },
    {
      "codigo": "30312",
      "action": "skipped",
      "reason": "missing_price_usd"
    },
    {
      "codigo": "30145",
      "action": "skipped",
      "reason": "missing_price_usd"
    },
    {
      "codigo": "30084",
      "action": "skipped",
      "reason": "missing_price_usd"
    },
    {
      "codigo": "3008",
      "action": "skipped",
      "reason": "missing_price_usd"
    },
    {
      "codigo": "30078",
      "action": "skipped",
      "reason": "missing_price_usd"
    },
    {
      "codigo": "29964",
      "action": "skipped",
      "reason": "missing_price_usd"
    },
    {
      "codigo": "29688",
      "action": "skipped",
      "reason": "missing_price_usd"
    },
    {
      "codigo": "29687",
      "action": "skipped",
      "reason": "missing_price_usd"
    },
    {
      "codigo": "29329",
      "action": "skipped",
      "reason": "missing_price_usd"
    },
    {
      "codigo": "29109",
      "action": "skipped",
      "reason": "missing_price_usd"
    },
    {
      "codigo": "29014",
      "action": "skipped",
      "reason": "missing_price_usd"
    },
    {
      "codigo": "28750",
      "action": "skipped",
      "reason": "missing_price_usd"
    },
    {
      "codigo": "28622",
      "action": "skipped",
      "reason": "missing_price_usd"
    },
    {
      "codigo": "28516",
      "action": "skipped",
      "reason": "missing_price_usd"
    },
    {
      "codigo": "28496",
      "action": "skipped",
      "reason": "missing_price_usd"
    },
    {
      "codigo": "28455",
      "action": "skipped",
      "reason": "missing_price_usd"
    },
    {
      "codigo": "28397",
      "action": "skipped",
      "reason": "missing_price_usd"
    },
    {
      "codigo": "28366",
      "action": "skipped",
      "reason": "missing_price_usd"
    },
    {
      "codigo": "28357",
      "action": "skipped",
      "reason": "missing_price_usd"
    },
    {
      "codigo": "28347",
      "action": "skipped",
      "reason": "missing_price_usd"
    },
    {
      "codigo": "27917",
      "action": "skipped",
      "reason": "missing_price_usd"
    },
    {
      "codigo": "2783",
      "action": "skipped",
      "reason": "missing_price_usd"
    },
    {
      "codigo": "27813",
      "action": "skipped",
      "reason": "missing_price_usd"
    },
    {
      "codigo": "27812",
      "action": "skipped",
      "reason": "missing_price_usd"
    },
    {
      "codigo": "27774",
      "action": "skipped",
      "reason": "missing_price_usd"
    },
    {
      "codigo": "27517",
      "action": "skipped",
      "reason": "missing_price_usd"
    },
    {
      "codigo": "2717",
      "action": "skipped",
      "reason": "missing_price_usd"
    },
    {
      "codigo": "26976",
      "action": "skipped",
      "reason": "missing_price_usd"
    },
    {
      "codigo": "26690",
      "action": "skipped",
      "reason": "missing_price_usd"
    },
    {
      "codigo": "26689",
      "action": "skipped",
      "reason": "missing_price_usd"
    },
    {
      "codigo": "26646",
      "action": "skipped",
      "reason": "missing_price_usd"
    },
    {
      "codigo": "26189",
      "action": "skipped",
      "reason": "missing_price_usd"
    },
    {
      "codigo": "26182",
      "action": "skipped",
      "reason": "missing_price_usd"
    },
    {
      "codigo": "26014",
      "action": "skipped",
      "reason": "missing_price_usd"
    },
    {
      "codigo": "26",
      "action": "skipped",
      "reason": "missing_price_usd"
    },
    {
      "codigo": "2594",
      "action": "skipped",
      "reason": "missing_price_usd"
    },
    {
      "codigo": "25929",
      "action": "skipped",
      "reason": "missing_price_usd"
    },
    {
      "codigo": "25927",
      "action": "skipped",
      "reason": "missing_price_usd"
    },
    {
      "codigo": "25793",
      "action": "skipped",
      "reason": "missing_price_usd"
    },
    {
      "codigo": "25621",
      "action": "skipped",
      "reason": "missing_price_usd"
    },
    {
      "codigo": "25608",
      "action": "skipped",
      "reason": "missing_price_usd"
    },
    {
      "codigo": "25493",
      "action": "skipped",
      "reason": "missing_price_usd"
    },
    {
      "codigo": "25492",
      "action": "skipped",
      "reason": "missing_price_usd"
    },
    {
      "codigo": "25104",
      "action": "skipped",
      "reason": "missing_price_usd"
    },
    {
      "codigo": "25079",
      "action": "skipped",
      "reason": "missing_price_usd"
    },
    {
      "codigo": "24932",
      "action": "skipped",
      "reason": "missing_price_usd"
    },
    {
      "codigo": "24931",
      "action": "skipped",
      "reason": "missing_price_usd"
    },
    {
      "codigo": "24813",
      "action": "skipped",
      "reason": "missing_price_usd"
    },
    {
      "codigo": "24717",
      "action": "skipped",
      "reason": "missing_price_usd"
    },
    {
      "codigo": "24716",
      "action": "skipped",
      "reason": "missing_price_usd"
    },
    {
      "codigo": "24517",
      "action": "skipped",
      "reason": "missing_price_usd"
    },
    {
      "codigo": "24515",
      "action": "skipped",
      "reason": "missing_price_usd"
    },
    {
      "codigo": "24330",
      "action": "skipped",
      "reason": "missing_price_usd"
    },
    {
      "codigo": "24298",
      "action": "skipped",
      "reason": "missing_price_usd"
    },
    {
      "codigo": "24216",
      "action": "skipped",
      "reason": "missing_price_usd"
    },
    {
      "codigo": "23974",
      "action": "skipped",
      "reason": "missing_price_usd"
    },
    {
      "codigo": "23821",
      "action": "skipped",
      "reason": "missing_price_usd"
    },
    {
      "codigo": "23018",
      "action": "skipped",
      "reason": "missing_price_usd"
    },
    {
      "codigo": "22942",
      "action": "skipped",
      "reason": "missing_price_usd"
    },
    {
      "codigo": "22826",
      "action": "skipped",
      "reason": "missing_price_usd"
    },
    {
      "codigo": "22252",
      "action": "skipped",
      "reason": "missing_price_usd"
    },
    {
      "codigo": "22245",
      "action": "skipped",
      "reason": "missing_price_usd"
    },
    {
      "codigo": "22149",
      "action": "skipped",
      "reason": "missing_price_usd"
    },
    {
      "codigo": "22141",
      "action": "skipped",
      "reason": "missing_price_usd"
    },
    {
      "codigo": "22073",
      "action": "skipped",
      "reason": "missing_price_usd"
    },
    {
      "codigo": "22056",
      "action": "skipped",
      "reason": "missing_price_usd"
    },
    {
      "codigo": "21981",
      "action": "skipped",
      "reason": "missing_price_usd"
    },
    {
      "codigo": "21917",
      "action": "skipped",
      "reason": "missing_price_usd"
    },
    {
      "codigo": "21775",
      "action": "skipped",
      "reason": "missing_price_usd"
    },
    {
      "codigo": "21654",
      "action": "skipped",
      "reason": "missing_price_usd"
    },
    {
      "codigo": "21645",
      "action": "skipped",
      "reason": "missing_price_usd"
    },
    {
      "codigo": "21300",
      "action": "skipped",
      "reason": "missing_price_usd"
    },
    {
      "codigo": "21174",
      "action": "skipped",
      "reason": "missing_price_usd"
    },
    {
      "codigo": "21173",
      "action": "skipped",
      "reason": "missing_price_usd"
    },
    {
      "codigo": "21149",
      "action": "skipped",
      "reason": "missing_price_usd"
    },
    {
      "codigo": "21090",
      "action": "skipped",
      "reason": "missing_price_usd"
    },
    {
      "codigo": "21051",
      "action": "skipped",
      "reason": "missing_price_usd"
    },
    {
      "codigo": "20956",
      "action": "skipped",
      "reason": "missing_price_usd"
    },
    {
      "codigo": "20913",
      "action": "skipped",
      "reason": "missing_price_usd"
    },
    {
      "codigo": "20890",
      "action": "skipped",
      "reason": "missing_price_usd"
    },
    {
      "codigo": "20515",
      "action": "skipped",
      "reason": "missing_price_usd"
    },
    {
      "codigo": "20514",
      "action": "skipped",
      "reason": "missing_price_usd"
    },
    {
      "codigo": "20438",
      "action": "skipped",
      "reason": "missing_price_usd"
    },
    {
      "codigo": "20233",
      "action": "skipped",
      "reason": "missing_price_usd"
    },
    {
      "codigo": "20211",
      "action": "skipped",
      "reason": "missing_price_usd"
    },
    {
      "codigo": "19993",
      "action": "skipped",
      "reason": "missing_price_usd"
    },
    {
      "codigo": "19898",
      "action": "skipped",
      "reason": "missing_price_usd"
    },
    {
      "codigo": "19781",
      "action": "skipped",
      "reason": "missing_price_usd"
    },
    {
      "codigo": "19756",
      "action": "skipped",
      "reason": "missing_price_usd"
    },
    {
      "codigo": "19754",
      "action": "skipped",
      "reason": "missing_price_usd"
    },
    {
      "codigo": "19665",
      "action": "skipped",
      "reason": "missing_price_usd"
    },
    {
      "codigo": "19648",
      "action": "skipped",
      "reason": "missing_price_usd"
    },
    {
      "codigo": "19640",
      "action": "skipped",
      "reason": "missing_price_usd"
    },
    {
      "codigo": "19635",
      "action": "skipped",
      "reason": "missing_price_usd"
    },
    {
      "codigo": "19352",
      "action": "skipped",
      "reason": "missing_price_usd"
    },
    {
      "codigo": "18846",
      "action": "skipped",
      "reason": "missing_price_usd"
    },
    {
      "codigo": "1879",
      "action": "skipped",
      "reason": "missing_price_usd"
    },
    {
      "codigo": "18483",
      "action": "skipped",
      "reason": "missing_price_usd"
    },
    {
      "codigo": "18415",
      "action": "skipped",
      "reason": "missing_price_usd"
    },
    {
      "codigo": "18393",
      "action": "skipped",
      "reason": "missing_price_usd"
    },
    {
      "codigo": "17955",
      "action": "skipped",
      "reason": "missing_price_usd"
    },
    {
      "codigo": "17791",
      "action": "skipped",
      "reason": "missing_price_usd"
    },
    {
      "codigo": "17787",
      "action": "skipped",
      "reason": "missing_price_usd"
    },
    {
      "codigo": "17189",
      "action": "skipped",
      "reason": "missing_price_usd"
    },
    {
      "codigo": "17178",
      "action": "skipped",
      "reason": "missing_price_usd"
    },
    {
      "codigo": "17063",
      "action": "skipped",
      "reason": "missing_price_usd"
    },
    {
      "codigo": "17062",
      "action": "skipped",
      "reason": "missing_price_usd"
    },
    {
      "codigo": "1705",
      "action": "skipped",
      "reason": "missing_price_usd"
    },
    {
      "codigo": "16866",
      "action": "skipped",
      "reason": "missing_price_usd"
    },
    {
      "codigo": "16344",
      "action": "skipped",
      "reason": "missing_price_usd"
    },
    {
      "codigo": "16343",
      "action": "skipped",
      "reason": "missing_price_usd"
    },
    {
      "codigo": "16144",
      "action": "skipped",
      "reason": "missing_price_usd"
    },
    {
      "codigo": "15903",
      "action": "skipped",
      "reason": "missing_price_usd"
    },
    {
      "codigo": "15684",
      "action": "skipped",
      "reason": "missing_price_usd"
    },
    {
      "codigo": "15420",
      "action": "skipped",
      "reason": "missing_price_usd"
    },
    {
      "codigo": "15153",
      "action": "skipped",
      "reason": "missing_price_usd"
    },
    {
      "codigo": "14927",
      "action": "skipped",
      "reason": "missing_price_usd"
    },
    {
      "codigo": "1460",
      "action": "skipped",
      "reason": "missing_price_usd"
    },
    {
      "codigo": "1445",
      "action": "skipped",
      "reason": "missing_price_usd"
    },
    {
      "codigo": "14421",
      "action": "skipped",
      "reason": "missing_price_usd"
    },
    {
      "codigo": "1416",
      "action": "skipped",
      "reason": "missing_price_usd"
    },
    {
      "codigo": "14033",
      "action": "skipped",
      "reason": "missing_price_usd"
    },
    {
      "codigo": "1401",
      "action": "skipped",
      "reason": "missing_price_usd"
    },
    {
      "codigo": "13896",
      "action": "skipped",
      "reason": "missing_price_usd"
    },
    {
      "codigo": "1377",
      "action": "skipped",
      "reason": "missing_price_usd"
    },
    {
      "codigo": "1376",
      "action": "skipped",
      "reason": "missing_price_usd"
    },
    {
      "codigo": "1375",
      "action": "skipped",
      "reason": "missing_price_usd"
    },
    {
      "codigo": "1364",
      "action": "skipped",
      "reason": "missing_price_usd"
    },
    {
      "codigo": "13539",
      "action": "skipped",
      "reason": "missing_price_usd"
    },
    {
      "codigo": "13503",
      "action": "skipped",
      "reason": "missing_price_usd"
    },
    {
      "codigo": "13359",
      "action": "skipped",
      "reason": "missing_price_usd"
    },
    {
      "codigo": "13358",
      "action": "skipped",
      "reason": "missing_price_usd"
    },
    {
      "codigo": "13354",
      "action": "skipped",
      "reason": "missing_price_usd"
    },
    {
      "codigo": "13353",
      "action": "skipped",
      "reason": "missing_price_usd"
    },
    {
      "codigo": "13352",
      "action": "skipped",
      "reason": "missing_price_usd"
    },
    {
      "codigo": "13351",
      "action": "skipped",
      "reason": "missing_price_usd"
    },
    {
      "codigo": "13231",
      "action": "skipped",
      "reason": "missing_price_usd"
    },
    {
      "codigo": "13056",
      "action": "skipped",
      "reason": "missing_price_usd"
    },
    {
      "codigo": "13033",
      "action": "skipped",
      "reason": "missing_price_usd"
    },
    {
      "codigo": "13026",
      "action": "skipped",
      "reason": "missing_price_usd"
    },
    {
      "codigo": "13025",
      "action": "skipped",
      "reason": "missing_price_usd"
    },
    {
      "codigo": "1298",
      "action": "skipped",
      "reason": "missing_price_usd"
    },
    {
      "codigo": "12402",
      "action": "skipped",
      "reason": "missing_price_usd"
    },
    {
      "codigo": "12382",
      "action": "skipped",
      "reason": "missing_price_usd"
    },
    {
      "codigo": "12279",
      "action": "skipped",
      "reason": "missing_price_usd"
    },
    {
      "codigo": "11615",
      "action": "skipped",
      "reason": "missing_price_usd"
    },
    {
      "codigo": "11614",
      "action": "skipped",
      "reason": "missing_price_usd"
    },
    {
      "codigo": "11215",
      "action": "skipped",
      "reason": "missing_price_usd"
    },
    {
      "codigo": "11214",
      "action": "skipped",
      "reason": "missing_price_usd"
    },
    {
      "codigo": "11102",
      "action": "skipped",
      "reason": "missing_price_usd"
    },
    {
      "codigo": "11005",
      "action": "skipped",
      "reason": "missing_price_usd"
    },
    {
      "codigo": "10969",
      "action": "skipped",
      "reason": "missing_price_usd"
    },
    {
      "codigo": "10952",
      "action": "skipped",
      "reason": "missing_price_usd"
    },
    {
      "codigo": "10798",
      "action": "skipped",
      "reason": "missing_price_usd"
    },
    {
      "codigo": "10742",
      "action": "skipped",
      "reason": "missing_price_usd"
    },
    {
      "codigo": "10361",
      "action": "skipped",
      "reason": "missing_price_usd"
    },
    {
      "codigo": "10290",
      "action": "skipped",
      "reason": "missing_price_usd"
    },
    {
      "codigo": "57706",
      "action": "skipped",
      "reason": "missing_price_usd"
    },
    {
      "codigo": "52539",
      "action": "skipped",
      "reason": "missing_price_usd"
    },
    {
      "codigo": "57485",
      "action": "skipped",
      "reason": "missing_price_usd"
    },
    {
      "codigo": "48399",
      "action": "skipped",
      "reason": "missing_price_usd"
    },
    {
      "codigo": "56530",
      "action": "skipped",
      "reason": "missing_price_usd"
    },
    {
      "codigo": "54240",
      "action": "skipped",
      "reason": "missing_price_usd"
    },
    {
      "codigo": "56250",
      "action": "skipped",
      "reason": "missing_price_usd"
    },
    {
      "codigo": "57489",
      "action": "skipped",
      "reason": "missing_price_usd"
    },
    {
      "codigo": "57487",
      "action": "skipped",
      "reason": "missing_price_usd"
    },
    {
      "codigo": "57459",
      "action": "skipped",
      "reason": "missing_price_usd"
    },
    {
      "codigo": "57457",
      "action": "skipped",
      "reason": "missing_price_usd"
    },
    {
      "codigo": "57456",
      "action": "skipped",
      "reason": "missing_price_usd"
    },
    {
      "codigo": "57460",
      "action": "skipped",
      "reason": "missing_price_usd"
    },
    {
      "codigo": "54038",
      "action": "skipped",
      "reason": "missing_price_usd"
    },
    {
      "codigo": "53916",
      "action": "skipped",
      "reason": "missing_price_usd"
    },
    {
      "codigo": "57286",
      "action": "skipped",
      "reason": "missing_price_usd"
    },
    {
      "codigo": "57006",
      "action": "skipped",
      "reason": "missing_price_usd"
    },
    {
      "codigo": "56669",
      "action": "skipped",
      "reason": "missing_price_usd"
    },
    {
      "codigo": "56658",
      "action": "skipped",
      "reason": "missing_price_usd"
    },
    {
      "codigo": "56080",
      "action": "skipped",
      "reason": "missing_price_usd"
    },
    {
      "codigo": "56031",
      "action": "skipped",
      "reason": "missing_price_usd"
    },
    {
      "codigo": "56028",
      "action": "skipped",
      "reason": "missing_price_usd"
    },
    {
      "codigo": "55915",
      "action": "skipped",
      "reason": "missing_price_usd"
    },
    {
      "codigo": "55628",
      "action": "skipped",
      "reason": "missing_price_usd"
    },
    {
      "codigo": "55526",
      "action": "skipped",
      "reason": "missing_price_usd"
    },
    {
      "codigo": "55419",
      "action": "skipped",
      "reason": "missing_price_usd"
    },
    {
      "codigo": "55417",
      "action": "skipped",
      "reason": "missing_price_usd"
    },
    {
      "codigo": "54747",
      "action": "skipped",
      "reason": "missing_price_usd"
    },
    {
      "codigo": "54705",
      "action": "skipped",
      "reason": "missing_price_usd"
    },
    {
      "codigo": "54462",
      "action": "skipped",
      "reason": "missing_price_usd"
    },
    {
      "codigo": "52898",
      "action": "skipped",
      "reason": "missing_price_usd"
    },
    {
      "codigo": "54387",
      "action": "skipped",
      "reason": "missing_price_usd"
    },
    {
      "codigo": "54010",
      "action": "skipped",
      "reason": "missing_price_usd"
    },
    {
      "codigo": "54004",
      "action": "skipped",
      "reason": "missing_price_usd"
    },
    {
      "codigo": "51934",
      "action": "skipped",
      "reason": "missing_price_usd"
    },
    {
      "codigo": "53485",
      "action": "skipped",
      "reason": "missing_price_usd"
    },
    {
      "codigo": "53482",
      "action": "skipped",
      "reason": "missing_price_usd"
    },
    {
      "codigo": "53479",
      "action": "skipped",
      "reason": "missing_price_usd"
    },
    {
      "codigo": "53478",
      "action": "skipped",
      "reason": "missing_price_usd"
    },
    {
      "codigo": "53477",
      "action": "skipped",
      "reason": "missing_price_usd"
    },
    {
      "codigo": "53476",
      "action": "skipped",
      "reason": "missing_price_usd"
    },
    {
      "codigo": "53473",
      "action": "skipped",
      "reason": "missing_price_usd"
    },
    {
      "codigo": "53472",
      "action": "skipped",
      "reason": "missing_price_usd"
    },
    {
      "codigo": "53471",
      "action": "skipped",
      "reason": "missing_price_usd"
    },
    {
      "codigo": "53464",
      "action": "skipped",
      "reason": "missing_price_usd"
    },
    {
      "codigo": "53401",
      "action": "skipped",
      "reason": "missing_price_usd"
    },
    {
      "codigo": "53288",
      "action": "skipped",
      "reason": "missing_price_usd"
    },
    {
      "codigo": "53261",
      "action": "skipped",
      "reason": "missing_price_usd"
    },
    {
      "codigo": "53260",
      "action": "skipped",
      "reason": "missing_price_usd"
    },
    {
      "codigo": "53259",
      "action": "skipped",
      "reason": "missing_price_usd"
    },
    {
      "codigo": "53258",
      "action": "skipped",
      "reason": "missing_price_usd"
    },
    {
      "codigo": "53003",
      "action": "skipped",
      "reason": "missing_price_usd"
    },
    {
      "codigo": "52915",
      "action": "skipped",
      "reason": "missing_price_usd"
    },
    {
      "codigo": "52537",
      "action": "skipped",
      "reason": "missing_price_usd"
    },
    {
      "codigo": "52535",
      "action": "skipped",
      "reason": "missing_price_usd"
    },
    {
      "codigo": "52534",
      "action": "skipped",
      "reason": "missing_price_usd"
    },
    {
      "codigo": "52533",
      "action": "skipped",
      "reason": "missing_price_usd"
    },
    {
      "codigo": "52532",
      "action": "skipped",
      "reason": "missing_price_usd"
    },
    {
      "codigo": "52531",
      "action": "skipped",
      "reason": "missing_price_usd"
    },
    {
      "codigo": "52527",
      "action": "skipped",
      "reason": "missing_price_usd"
    },
    {
      "codigo": "52469",
      "action": "skipped",
      "reason": "missing_price_usd"
    },
    {
      "codigo": "52063",
      "action": "skipped",
      "reason": "missing_price_usd"
    },
    {
      "codigo": "52001",
      "action": "skipped",
      "reason": "missing_price_usd"
    },
    {
      "codigo": "51855",
      "action": "skipped",
      "reason": "missing_price_usd"
    },
    {
      "codigo": "51854",
      "action": "skipped",
      "reason": "missing_price_usd"
    },
    {
      "codigo": "51730",
      "action": "skipped",
      "reason": "missing_price_usd"
    },
    {
      "codigo": "51682",
      "action": "skipped",
      "reason": "missing_price_usd"
    },
    {
      "codigo": "51645",
      "action": "skipped",
      "reason": "missing_price_usd"
    },
    {
      "codigo": "49795",
      "action": "skipped",
      "reason": "missing_price_usd"
    },
    {
      "codigo": "51249",
      "action": "skipped",
      "reason": "missing_price_usd"
    },
    {
      "codigo": "50553",
      "action": "skipped",
      "reason": "missing_price_usd"
    },
    {
      "codigo": "50522",
      "action": "skipped",
      "reason": "missing_price_usd"
    },
    {
      "codigo": "50513",
      "action": "skipped",
      "reason": "missing_price_usd"
    },
    {
      "codigo": "49796",
      "action": "skipped",
      "reason": "missing_price_usd"
    },
    {
      "codigo": "50388",
      "action": "skipped",
      "reason": "missing_price_usd"
    },
    {
      "codigo": "49908",
      "action": "skipped",
      "reason": "missing_price_usd"
    },
    {
      "codigo": "49907",
      "action": "skipped",
      "reason": "missing_price_usd"
    },
    {
      "codigo": "49313",
      "action": "skipped",
      "reason": "missing_price_usd"
    },
    {
      "codigo": "48529",
      "action": "skipped",
      "reason": "missing_price_usd"
    },
    {
      "codigo": "47959",
      "action": "skipped",
      "reason": "missing_price_usd"
    },
    {
      "codigo": "47743",
      "action": "skipped",
      "reason": "missing_price_usd"
    },
    {
      "codigo": "47656",
      "action": "skipped",
      "reason": "missing_price_usd"
    },
    {
      "codigo": "47655",
      "action": "skipped",
      "reason": "missing_price_usd"
    },
    {
      "codigo": "47458",
      "action": "skipped",
      "reason": "missing_price_usd"
    },
    {
      "codigo": "47310",
      "action": "skipped",
      "reason": "missing_price_usd"
    },
    {
      "codigo": "47309",
      "action": "skipped",
      "reason": "missing_price_usd"
    },
    {
      "codigo": "47136",
      "action": "skipped",
      "reason": "missing_price_usd"
    },
    {
      "codigo": "47132",
      "action": "skipped",
      "reason": "missing_price_usd"
    },
    {
      "codigo": "47130",
      "action": "skipped",
      "reason": "missing_price_usd"
    },
    {
      "codigo": "45867",
      "action": "skipped",
      "reason": "missing_price_usd"
    },
    {
      "codigo": "45128",
      "action": "skipped",
      "reason": "missing_price_usd"
    },
    {
      "codigo": "44802",
      "action": "skipped",
      "reason": "missing_price_usd"
    },
    {
      "codigo": "44448",
      "action": "skipped",
      "reason": "missing_price_usd"
    },
    {
      "codigo": "44189",
      "action": "skipped",
      "reason": "missing_price_usd"
    },
    {
      "codigo": "43765",
      "action": "skipped",
      "reason": "missing_price_usd"
    },
    {
      "codigo": "43733",
      "action": "skipped",
      "reason": "missing_price_usd"
    },
    {
      "codigo": "43731",
      "action": "skipped",
      "reason": "missing_price_usd"
    },
    {
      "codigo": "43729",
      "action": "skipped",
      "reason": "missing_price_usd"
    },
    {
      "codigo": "43727",
      "action": "skipped",
      "reason": "missing_price_usd"
    },
    {
      "codigo": "43726",
      "action": "skipped",
      "reason": "missing_price_usd"
    },
    {
      "codigo": "43724",
      "action": "skipped",
      "reason": "missing_price_usd"
    },
    {
      "codigo": "43662",
      "action": "skipped",
      "reason": "missing_price_usd"
    },
    {
      "codigo": "41975",
      "action": "skipped",
      "reason": "missing_price_usd"
    },
    {
      "codigo": "43631",
      "action": "skipped",
      "reason": "missing_price_usd"
    },
    {
      "codigo": "43241",
      "action": "skipped",
      "reason": "missing_price_usd"
    },
    {
      "codigo": "13487",
      "action": "skipped",
      "reason": "missing_price_usd"
    },
    {
      "codigo": "42929",
      "action": "skipped",
      "reason": "missing_price_usd"
    },
    {
      "codigo": "42704",
      "action": "skipped",
      "reason": "missing_price_usd"
    },
    {
      "codigo": "42677",
      "action": "skipped",
      "reason": "missing_price_usd"
    },
    {
      "codigo": "42583",
      "action": "skipped",
      "reason": "missing_price_usd"
    },
    {
      "codigo": "42390",
      "action": "skipped",
      "reason": "missing_price_usd"
    },
    {
      "codigo": "42389",
      "action": "skipped",
      "reason": "missing_price_usd"
    },
    {
      "codigo": "42388",
      "action": "skipped",
      "reason": "missing_price_usd"
    },
    {
      "codigo": "42387",
      "action": "skipped",
      "reason": "missing_price_usd"
    },
    {
      "codigo": "42386",
      "action": "skipped",
      "reason": "missing_price_usd"
    },
    {
      "codigo": "42261",
      "action": "skipped",
      "reason": "missing_price_usd"
    },
    {
      "codigo": "40657",
      "action": "skipped",
      "reason": "missing_price_usd"
    },
    {
      "codigo": "41184",
      "action": "skipped",
      "reason": "missing_price_usd"
    },
    {
      "codigo": "41098",
      "action": "skipped",
      "reason": "missing_price_usd"
    },
    {
      "codigo": "40954",
      "action": "skipped",
      "reason": "missing_price_usd"
    },
    {
      "codigo": "40763",
      "action": "skipped",
      "reason": "missing_price_usd"
    },
    {
      "codigo": "40705",
      "action": "skipped",
      "reason": "missing_price_usd"
    },
    {
      "codigo": "40515",
      "action": "skipped",
      "reason": "missing_price_usd"
    },
    {
      "codigo": "40322",
      "action": "skipped",
      "reason": "missing_price_usd"
    },
    {
      "codigo": "40234",
      "action": "skipped",
      "reason": "missing_price_usd"
    },
    {
      "codigo": "40233",
      "action": "skipped",
      "reason": "missing_price_usd"
    },
    {
      "codigo": "40232",
      "action": "skipped",
      "reason": "missing_price_usd"
    },
    {
      "codigo": "40231",
      "action": "skipped",
      "reason": "missing_price_usd"
    },
    {
      "codigo": "40130",
      "action": "skipped",
      "reason": "missing_price_usd"
    },
    {
      "codigo": "40127",
      "action": "skipped",
      "reason": "missing_price_usd"
    },
    {
      "codigo": "40055",
      "action": "skipped",
      "reason": "missing_price_usd"
    },
    {
      "codigo": "39785",
      "action": "skipped",
      "reason": "missing_price_usd"
    },
    {
      "codigo": "39784",
      "action": "skipped",
      "reason": "missing_price_usd"
    },
    {
      "codigo": "39776",
      "action": "skipped",
      "reason": "missing_price_usd"
    },
    {
      "codigo": "39755",
      "action": "skipped",
      "reason": "missing_price_usd"
    },
    {
      "codigo": "39503",
      "action": "skipped",
      "reason": "missing_price_usd"
    },
    {
      "codigo": "39318",
      "action": "skipped",
      "reason": "missing_price_usd"
    },
    {
      "codigo": "39262",
      "action": "skipped",
      "reason": "missing_price_usd"
    },
    {
      "codigo": "39117",
      "action": "skipped",
      "reason": "missing_price_usd"
    },
    {
      "codigo": "38949",
      "action": "skipped",
      "reason": "missing_price_usd"
    },
    {
      "codigo": "38709",
      "action": "skipped",
      "reason": "missing_price_usd"
    },
    {
      "codigo": "38330",
      "action": "skipped",
      "reason": "missing_price_usd"
    },
    {
      "codigo": "36530",
      "action": "skipped",
      "reason": "missing_price_usd"
    },
    {
      "codigo": "37215",
      "action": "skipped",
      "reason": "missing_price_usd"
    },
    {
      "codigo": "37044",
      "action": "skipped",
      "reason": "missing_price_usd"
    },
    {
      "codigo": "36359",
      "action": "skipped",
      "reason": "missing_price_usd"
    },
    {
      "codigo": "36268",
      "action": "skipped",
      "reason": "missing_price_usd"
    },
    {
      "codigo": "34834",
      "action": "skipped",
      "reason": "missing_price_usd"
    },
    {
      "codigo": "15286",
      "action": "skipped",
      "reason": "missing_price_usd"
    },
    {
      "codigo": "19552",
      "action": "skipped",
      "reason": "missing_price_usd"
    },
    {
      "codigo": "36134",
      "action": "skipped",
      "reason": "missing_price_usd"
    },
    {
      "codigo": "36132",
      "action": "skipped",
      "reason": "missing_price_usd"
    },
    {
      "codigo": "36098",
      "action": "skipped",
      "reason": "missing_price_usd"
    },
    {
      "codigo": "35591",
      "action": "skipped",
      "reason": "missing_price_usd"
    },
    {
      "codigo": "35511",
      "action": "skipped",
      "reason": "missing_price_usd"
    },
    {
      "codigo": "35436",
      "action": "skipped",
      "reason": "missing_price_usd"
    },
    {
      "codigo": "35216",
      "action": "skipped",
      "reason": "missing_price_usd"
    },
    {
      "codigo": "35145",
      "action": "skipped",
      "reason": "missing_price_usd"
    },
    {
      "codigo": "35095",
      "action": "skipped",
      "reason": "missing_price_usd"
    },
    {
      "codigo": "35069",
      "action": "skipped",
      "reason": "missing_price_usd"
    },
    {
      "codigo": "9904",
      "action": "skipped",
      "reason": "missing_price_usd"
    },
    {
      "codigo": "9278",
      "action": "skipped",
      "reason": "missing_price_usd"
    },
    {
      "codigo": "8851",
      "action": "skipped",
      "reason": "missing_price_usd"
    },
    {
      "codigo": "8819",
      "action": "skipped",
      "reason": "missing_price_usd"
    },
    {
      "codigo": "8803",
      "action": "skipped",
      "reason": "missing_price_usd"
    },
    {
      "codigo": "8434",
      "action": "skipped",
      "reason": "missing_price_usd"
    },
    {
      "codigo": "8241",
      "action": "skipped",
      "reason": "missing_price_usd"
    },
    {
      "codigo": "8221",
      "action": "skipped",
      "reason": "missing_price_usd"
    },
    {
      "codigo": "812",
      "action": "skipped",
      "reason": "missing_price_usd"
    },
    {
      "codigo": "7887",
      "action": "skipped",
      "reason": "missing_price_usd"
    },
    {
      "codigo": "7088",
      "action": "skipped",
      "reason": "missing_price_usd"
    },
    {
      "codigo": "6240",
      "action": "skipped",
      "reason": "missing_price_usd"
    },
    {
      "codigo": "5187",
      "action": "skipped",
      "reason": "missing_price_usd"
    },
    {
      "codigo": "4510",
      "action": "skipped",
      "reason": "missing_price_usd"
    },
    {
      "codigo": "4088",
      "action": "skipped",
      "reason": "missing_price_usd"
    },
    {
      "codigo": "3861",
      "action": "skipped",
      "reason": "missing_price_usd"
    },
    {
      "codigo": "3676",
      "action": "skipped",
      "reason": "missing_price_usd"
    },
    {
      "codigo": "3491",
      "action": "skipped",
      "reason": "missing_price_usd"
    },
    {
      "codigo": "34696",
      "action": "skipped",
      "reason": "missing_price_usd"
    },
    {
      "codigo": "34112",
      "action": "skipped",
      "reason": "missing_price_usd"
    },
    {
      "codigo": "34110",
      "action": "skipped",
      "reason": "missing_price_usd"
    },
    {
      "codigo": "33763",
      "action": "skipped",
      "reason": "missing_price_usd"
    },
    {
      "codigo": "33357",
      "action": "skipped",
      "reason": "missing_price_usd"
    },
    {
      "codigo": "32932",
      "action": "skipped",
      "reason": "missing_price_usd"
    },
    {
      "codigo": "32506",
      "action": "skipped",
      "reason": "missing_price_usd"
    },
    {
      "codigo": "32299",
      "action": "skipped",
      "reason": "missing_price_usd"
    },
    {
      "codigo": "32275",
      "action": "skipped",
      "reason": "missing_price_usd"
    },
    {
      "codigo": "31974",
      "action": "skipped",
      "reason": "missing_price_usd"
    },
    {
      "codigo": "3168",
      "action": "skipped",
      "reason": "missing_price_usd"
    },
    {
      "codigo": "30590",
      "action": "skipped",
      "reason": "missing_price_usd"
    },
    {
      "codigo": "30428",
      "action": "skipped",
      "reason": "missing_price_usd"
    },
    {
      "codigo": "29385",
      "action": "skipped",
      "reason": "missing_price_usd"
    },
    {
      "codigo": "29197",
      "action": "skipped",
      "reason": "missing_price_usd"
    },
    {
      "codigo": "29196",
      "action": "skipped",
      "reason": "missing_price_usd"
    },
    {
      "codigo": "29101",
      "action": "skipped",
      "reason": "missing_price_usd"
    },
    {
      "codigo": "28942",
      "action": "skipped",
      "reason": "missing_price_usd"
    },
    {
      "codigo": "28643",
      "action": "skipped",
      "reason": "missing_price_usd"
    },
    {
      "codigo": "28500",
      "action": "skipped",
      "reason": "missing_price_usd"
    },
    {
      "codigo": "27892",
      "action": "skipped",
      "reason": "missing_price_usd"
    },
    {
      "codigo": "27779",
      "action": "skipped",
      "reason": "missing_price_usd"
    },
    {
      "codigo": "27700",
      "action": "skipped",
      "reason": "missing_price_usd"
    },
    {
      "codigo": "27580",
      "action": "skipped",
      "reason": "missing_price_usd"
    },
    {
      "codigo": "27346",
      "action": "skipped",
      "reason": "missing_price_usd"
    },
    {
      "codigo": "27313",
      "action": "skipped",
      "reason": "missing_price_usd"
    },
    {
      "codigo": "27194",
      "action": "skipped",
      "reason": "missing_price_usd"
    },
    {
      "codigo": "27189",
      "action": "skipped",
      "reason": "missing_price_usd"
    },
    {
      "codigo": "26955",
      "action": "skipped",
      "reason": "missing_price_usd"
    },
    {
      "codigo": "26754",
      "action": "skipped",
      "reason": "missing_price_usd"
    },
    {
      "codigo": "26269",
      "action": "skipped",
      "reason": "missing_price_usd"
    },
    {
      "codigo": "26265",
      "action": "skipped",
      "reason": "missing_price_usd"
    },
    {
      "codigo": "26264",
      "action": "skipped",
      "reason": "missing_price_usd"
    },
    {
      "codigo": "25829",
      "action": "skipped",
      "reason": "missing_price_usd"
    },
    {
      "codigo": "2580",
      "action": "skipped",
      "reason": "missing_price_usd"
    },
    {
      "codigo": "25767",
      "action": "skipped",
      "reason": "missing_price_usd"
    },
    {
      "codigo": "25766",
      "action": "skipped",
      "reason": "missing_price_usd"
    },
    {
      "codigo": "25322",
      "action": "skipped",
      "reason": "missing_price_usd"
    },
    {
      "codigo": "25298",
      "action": "skipped",
      "reason": "missing_price_usd"
    },
    {
      "codigo": "25273",
      "action": "skipped",
      "reason": "missing_price_usd"
    },
    {
      "codigo": "25190",
      "action": "skipped",
      "reason": "missing_price_usd"
    },
    {
      "codigo": "25075",
      "action": "skipped",
      "reason": "missing_price_usd"
    },
    {
      "codigo": "25074",
      "action": "skipped",
      "reason": "missing_price_usd"
    },
    {
      "codigo": "24833",
      "action": "skipped",
      "reason": "missing_price_usd"
    },
    {
      "codigo": "24701",
      "action": "skipped",
      "reason": "missing_price_usd"
    },
    {
      "codigo": "24571",
      "action": "skipped",
      "reason": "missing_price_usd"
    },
    {
      "codigo": "24470",
      "action": "skipped",
      "reason": "missing_price_usd"
    },
    {
      "codigo": "24118",
      "action": "skipped",
      "reason": "missing_price_usd"
    },
    {
      "codigo": "23667",
      "action": "skipped",
      "reason": "missing_price_usd"
    },
    {
      "codigo": "23627",
      "action": "skipped",
      "reason": "missing_price_usd"
    },
    {
      "codigo": "23604",
      "action": "skipped",
      "reason": "missing_price_usd"
    },
    {
      "codigo": "23603",
      "action": "skipped",
      "reason": "missing_price_usd"
    },
    {
      "codigo": "23602",
      "action": "skipped",
      "reason": "missing_price_usd"
    },
    {
      "codigo": "23601",
      "action": "skipped",
      "reason": "missing_price_usd"
    },
    {
      "codigo": "23600",
      "action": "skipped",
      "reason": "missing_price_usd"
    },
    {
      "codigo": "23599",
      "action": "skipped",
      "reason": "missing_price_usd"
    },
    {
      "codigo": "23508",
      "action": "skipped",
      "reason": "missing_price_usd"
    },
    {
      "codigo": "23295",
      "action": "skipped",
      "reason": "missing_price_usd"
    },
    {
      "codigo": "23274",
      "action": "skipped",
      "reason": "missing_price_usd"
    },
    {
      "codigo": "23233",
      "action": "skipped",
      "reason": "missing_price_usd"
    },
    {
      "codigo": "23143",
      "action": "skipped",
      "reason": "missing_price_usd"
    },
    {
      "codigo": "23100",
      "action": "skipped",
      "reason": "missing_price_usd"
    },
    {
      "codigo": "22809",
      "action": "skipped",
      "reason": "missing_price_usd"
    },
    {
      "codigo": "22651",
      "action": "skipped",
      "reason": "missing_price_usd"
    },
    {
      "codigo": "22648",
      "action": "skipped",
      "reason": "missing_price_usd"
    },
    {
      "codigo": "22633",
      "action": "skipped",
      "reason": "missing_price_usd"
    },
    {
      "codigo": "22534",
      "action": "skipped",
      "reason": "missing_price_usd"
    },
    {
      "codigo": "21441",
      "action": "skipped",
      "reason": "missing_price_usd"
    },
    {
      "codigo": "2134",
      "action": "skipped",
      "reason": "missing_price_usd"
    },
    {
      "codigo": "21060",
      "action": "skipped",
      "reason": "missing_price_usd"
    },
    {
      "codigo": "20977",
      "action": "skipped",
      "reason": "missing_price_usd"
    },
    {
      "codigo": "20834",
      "action": "skipped",
      "reason": "missing_price_usd"
    },
    {
      "codigo": "20832",
      "action": "skipped",
      "reason": "missing_price_usd"
    },
    {
      "codigo": "20749",
      "action": "skipped",
      "reason": "missing_price_usd"
    },
    {
      "codigo": "20632",
      "action": "skipped",
      "reason": "missing_price_usd"
    },
    {
      "codigo": "2040",
      "action": "skipped",
      "reason": "missing_price_usd"
    },
    {
      "codigo": "20271",
      "action": "skipped",
      "reason": "missing_price_usd"
    },
    {
      "codigo": "2021",
      "action": "skipped",
      "reason": "missing_price_usd"
    },
    {
      "codigo": "1981",
      "action": "skipped",
      "reason": "missing_price_usd"
    },
    {
      "codigo": "19743",
      "action": "skipped",
      "reason": "missing_price_usd"
    },
    {
      "codigo": "19741",
      "action": "skipped",
      "reason": "missing_price_usd"
    },
    {
      "codigo": "19701",
      "action": "skipped",
      "reason": "missing_price_usd"
    },
    {
      "codigo": "19694",
      "action": "skipped",
      "reason": "missing_price_usd"
    },
    {
      "codigo": "19556",
      "action": "skipped",
      "reason": "missing_price_usd"
    },
    {
      "codigo": "19555",
      "action": "skipped",
      "reason": "missing_price_usd"
    },
    {
      "codigo": "19554",
      "action": "skipped",
      "reason": "missing_price_usd"
    },
    {
      "codigo": "19553",
      "action": "skipped",
      "reason": "missing_price_usd"
    },
    {
      "codigo": "19089",
      "action": "skipped",
      "reason": "missing_price_usd"
    },
    {
      "codigo": "19088",
      "action": "skipped",
      "reason": "missing_price_usd"
    },
    {
      "codigo": "19087",
      "action": "skipped",
      "reason": "missing_price_usd"
    },
    {
      "codigo": "18814",
      "action": "skipped",
      "reason": "missing_price_usd"
    },
    {
      "codigo": "18168",
      "action": "skipped",
      "reason": "missing_price_usd"
    },
    {
      "codigo": "18119",
      "action": "skipped",
      "reason": "missing_price_usd"
    },
    {
      "codigo": "1809",
      "action": "skipped",
      "reason": "missing_price_usd"
    },
    {
      "codigo": "17732",
      "action": "skipped",
      "reason": "missing_price_usd"
    },
    {
      "codigo": "17594",
      "action": "skipped",
      "reason": "missing_price_usd"
    },
    {
      "codigo": "1731",
      "action": "skipped",
      "reason": "missing_price_usd"
    },
    {
      "codigo": "1681",
      "action": "skipped",
      "reason": "missing_price_usd"
    },
    {
      "codigo": "1660",
      "action": "skipped",
      "reason": "missing_price_usd"
    },
    {
      "codigo": "16225",
      "action": "skipped",
      "reason": "missing_price_usd"
    },
    {
      "codigo": "15946",
      "action": "skipped",
      "reason": "missing_price_usd"
    },
    {
      "codigo": "1593",
      "action": "skipped",
      "reason": "missing_price_usd"
    },
    {
      "codigo": "15358",
      "action": "skipped",
      "reason": "missing_price_usd"
    },
    {
      "codigo": "14829",
      "action": "skipped",
      "reason": "missing_price_usd"
    },
    {
      "codigo": "13416",
      "action": "skipped",
      "reason": "missing_price_usd"
    },
    {
      "codigo": "13235",
      "action": "skipped",
      "reason": "missing_price_usd"
    },
    {
      "codigo": "11580",
      "action": "skipped",
      "reason": "missing_price_usd"
    },
    {
      "codigo": "11426",
      "action": "skipped",
      "reason": "missing_price_usd"
    },
    {
      "codigo": "11394",
      "action": "skipped",
      "reason": "missing_price_usd"
    },
    {
      "codigo": "10829",
      "action": "skipped",
      "reason": "missing_price_usd"
    },
    {
      "codigo": "10320",
      "action": "skipped",
      "reason": "missing_price_usd"
    },
    {
      "codigo": "58136",
      "action": "skipped",
      "reason": "missing_price_usd"
    },
    {
      "codigo": "58135",
      "action": "skipped",
      "reason": "missing_price_usd"
    },
    {
      "codigo": "58125",
      "action": "skipped",
      "reason": "missing_price_usd"
    },
    {
      "codigo": "58134",
      "action": "skipped",
      "reason": "missing_price_usd"
    },
    {
      "codigo": "58133",
      "action": "skipped",
      "reason": "missing_price_usd"
    },
    {
      "codigo": "56152",
      "action": "skipped",
      "reason": "missing_price_usd"
    },
    {
      "codigo": "58131",
      "action": "skipped",
      "reason": "missing_price_usd"
    },
    {
      "codigo": "58130",
      "action": "skipped",
      "reason": "missing_price_usd"
    },
    {
      "codigo": "58129",
      "action": "skipped",
      "reason": "missing_price_usd"
    },
    {
      "codigo": "57230",
      "action": "skipped",
      "reason": "missing_price_usd"
    },
    {
      "codigo": "57229",
      "action": "skipped",
      "reason": "missing_price_usd"
    },
    {
      "codigo": "55918",
      "action": "skipped",
      "reason": "missing_price_usd"
    },
    {
      "codigo": "55786",
      "action": "skipped",
      "reason": "missing_price_usd"
    },
    {
      "codigo": "57514",
      "action": "skipped",
      "reason": "missing_price_usd"
    },
    {
      "codigo": "57513",
      "action": "skipped",
      "reason": "missing_price_usd"
    },
    {
      "codigo": "55687",
      "action": "skipped",
      "reason": "missing_price_usd"
    },
    {
      "codigo": "55554",
      "action": "skipped",
      "reason": "missing_price_usd"
    },
    {
      "codigo": "55553",
      "action": "skipped",
      "reason": "missing_price_usd"
    },
    {
      "codigo": "55914",
      "action": "skipped",
      "reason": "missing_price_usd"
    },
    {
      "codigo": "55917",
      "action": "skipped",
      "reason": "missing_price_usd"
    },
    {
      "codigo": "56513",
      "action": "skipped",
      "reason": "missing_price_usd"
    },
    {
      "codigo": "57561",
      "action": "skipped",
      "reason": "missing_price_usd"
    },
    {
      "codigo": "56520",
      "action": "skipped",
      "reason": "missing_price_usd"
    },
    {
      "codigo": "53685",
      "action": "skipped",
      "reason": "missing_price_usd"
    },
    {
      "codigo": "52583",
      "action": "skipped",
      "reason": "missing_price_usd"
    },
    {
      "codigo": "52317",
      "action": "skipped",
      "reason": "missing_price_usd"
    },
    {
      "codigo": "52371",
      "action": "skipped",
      "reason": "missing_price_usd"
    },
    {
      "codigo": "56512",
      "action": "skipped",
      "reason": "missing_price_usd"
    },
    {
      "codigo": "58095",
      "action": "skipped",
      "reason": "missing_price_usd"
    },
    {
      "codigo": "58096",
      "action": "skipped",
      "reason": "missing_price_usd"
    },
    {
      "codigo": "58097",
      "action": "skipped",
      "reason": "missing_price_usd"
    },
    {
      "codigo": "58098",
      "action": "skipped",
      "reason": "missing_price_usd"
    },
    {
      "codigo": "57001",
      "action": "skipped",
      "reason": "missing_price_usd"
    },
    {
      "codigo": "58099",
      "action": "skipped",
      "reason": "missing_price_usd"
    },
    {
      "codigo": "58112",
      "action": "skipped",
      "reason": "missing_price_usd"
    },
    {
      "codigo": "58111",
      "action": "skipped",
      "reason": "missing_price_usd"
    },
    {
      "codigo": "51521",
      "action": "skipped",
      "reason": "missing_price_usd"
    },
    {
      "codigo": "51520",
      "action": "skipped",
      "reason": "missing_price_usd"
    },
    {
      "codigo": "51442",
      "action": "skipped",
      "reason": "missing_price_usd"
    },
    {
      "codigo": "51226",
      "action": "skipped",
      "reason": "missing_price_usd"
    },
    {
      "codigo": "57231",
      "action": "skipped",
      "reason": "missing_price_usd"
    },
    {
      "codigo": "58084",
      "action": "skipped",
      "reason": "missing_price_usd"
    },
    {
      "codigo": "58088",
      "action": "skipped",
      "reason": "missing_price_usd"
    },
    {
      "codigo": "57364",
      "action": "skipped",
      "reason": "missing_price_usd"
    },
    {
      "codigo": "58086",
      "action": "skipped",
      "reason": "missing_price_usd"
    },
    {
      "codigo": "51213",
      "action": "skipped",
      "reason": "missing_price_usd"
    },
    {
      "codigo": "54611",
      "action": "skipped",
      "reason": "missing_price_usd"
    },
    {
      "codigo": "54610",
      "action": "skipped",
      "reason": "missing_price_usd"
    },
    {
      "codigo": "56371",
      "action": "skipped",
      "reason": "missing_price_usd"
    },
    {
      "codigo": "57630",
      "action": "skipped",
      "reason": "missing_price_usd"
    },
    {
      "codigo": "58039",
      "action": "skipped",
      "reason": "missing_price_usd"
    },
    {
      "codigo": "58013",
      "action": "skipped",
      "reason": "missing_price_usd"
    },
    {
      "codigo": "53710",
      "action": "skipped",
      "reason": "missing_price_usd"
    },
    {
      "codigo": "53703",
      "action": "skipped",
      "reason": "missing_price_usd"
    },
    {
      "codigo": "58049",
      "action": "skipped",
      "reason": "missing_price_usd"
    },
    {
      "codigo": "58052",
      "action": "skipped",
      "reason": "missing_price_usd"
    },
    {
      "codigo": "58051",
      "action": "skipped",
      "reason": "missing_price_usd"
    },
    {
      "codigo": "57777",
      "action": "skipped",
      "reason": "missing_price_usd"
    },
    {
      "codigo": "56656",
      "action": "skipped",
      "reason": "missing_price_usd"
    },
    {
      "codigo": "54496",
      "action": "skipped",
      "reason": "missing_price_usd"
    },
    {
      "codigo": "54021",
      "action": "skipped",
      "reason": "missing_price_usd"
    },
    {
      "codigo": "54020",
      "action": "skipped",
      "reason": "missing_price_usd"
    },
    {
      "codigo": "53671",
      "action": "skipped",
      "reason": "missing_price_usd"
    },
    {
      "codigo": "54022",
      "action": "skipped",
      "reason": "missing_price_usd"
    },
    {
      "codigo": "53423",
      "action": "skipped",
      "reason": "missing_price_usd"
    },
    {
      "codigo": "53422",
      "action": "skipped",
      "reason": "missing_price_usd"
    },
    {
      "codigo": "50898",
      "action": "skipped",
      "reason": "missing_price_usd"
    },
    {
      "codigo": "53425",
      "action": "skipped",
      "reason": "missing_price_usd"
    },
    {
      "codigo": "53424",
      "action": "skipped",
      "reason": "missing_price_usd"
    },
    {
      "codigo": "49646",
      "action": "skipped",
      "reason": "missing_price_usd"
    },
    {
      "codigo": "55913",
      "action": "skipped",
      "reason": "missing_price_usd"
    },
    {
      "codigo": "56165",
      "action": "skipped",
      "reason": "missing_price_usd"
    },
    {
      "codigo": "55912",
      "action": "skipped",
      "reason": "missing_price_usd"
    },
    {
      "codigo": "55911",
      "action": "skipped",
      "reason": "missing_price_usd"
    },
    {
      "codigo": "51796",
      "action": "skipped",
      "reason": "missing_price_usd"
    },
    {
      "codigo": "55934",
      "action": "skipped",
      "reason": "missing_price_usd"
    },
    {
      "codigo": "56180",
      "action": "skipped",
      "reason": "missing_price_usd"
    },
    {
      "codigo": "56801",
      "action": "skipped",
      "reason": "missing_price_usd"
    },
    {
      "codigo": "57510",
      "action": "skipped",
      "reason": "missing_price_usd"
    },
    {
      "codigo": "57509",
      "action": "skipped",
      "reason": "missing_price_usd"
    },
    {
      "codigo": "57466",
      "action": "skipped",
      "reason": "missing_price_usd"
    },
    {
      "codigo": "57465",
      "action": "skipped",
      "reason": "missing_price_usd"
    },
    {
      "codigo": "55907",
      "action": "skipped",
      "reason": "missing_price_usd"
    },
    {
      "codigo": "57232",
      "action": "skipped",
      "reason": "missing_price_usd"
    },
    {
      "codigo": "57234",
      "action": "skipped",
      "reason": "missing_price_usd"
    },
    {
      "codigo": "51541",
      "action": "skipped",
      "reason": "missing_price_usd"
    },
    {
      "codigo": "57963",
      "action": "skipped",
      "reason": "missing_price_usd"
    },
    {
      "codigo": "54552",
      "action": "skipped",
      "reason": "missing_price_usd"
    },
    {
      "codigo": "54551",
      "action": "skipped",
      "reason": "missing_price_usd"
    },
    {
      "codigo": "55933",
      "action": "skipped",
      "reason": "missing_price_usd"
    },
    {
      "codigo": "57233",
      "action": "skipped",
      "reason": "missing_price_usd"
    },
    {
      "codigo": "51721",
      "action": "skipped",
      "reason": "missing_price_usd"
    },
    {
      "codigo": "54110",
      "action": "skipped",
      "reason": "missing_price_usd"
    },
    {
      "codigo": "53795",
      "action": "skipped",
      "reason": "missing_price_usd"
    },
    {
      "codigo": "53794",
      "action": "skipped",
      "reason": "missing_price_usd"
    },
    {
      "codigo": "52126",
      "action": "skipped",
      "reason": "missing_price_usd"
    },
    {
      "codigo": "51622",
      "action": "skipped",
      "reason": "missing_price_usd"
    },
    {
      "codigo": "48250",
      "action": "skipped",
      "reason": "missing_price_usd"
    },
    {
      "codigo": "55839",
      "action": "skipped",
      "reason": "missing_price_usd"
    },
    {
      "codigo": "55856",
      "action": "skipped",
      "reason": "missing_price_usd"
    },
    {
      "codigo": "57185",
      "action": "skipped",
      "reason": "missing_price_usd"
    },
    {
      "codigo": "48081",
      "action": "skipped",
      "reason": "missing_price_usd"
    },
    {
      "codigo": "56557",
      "action": "skipped",
      "reason": "missing_price_usd"
    },
    {
      "codigo": "54638",
      "action": "skipped",
      "reason": "missing_price_usd"
    },
    {
      "codigo": "57305",
      "action": "skipped",
      "reason": "missing_price_usd"
    },
    {
      "codigo": "57306",
      "action": "skipped",
      "reason": "missing_price_usd"
    },
    {
      "codigo": "57973",
      "action": "skipped",
      "reason": "missing_price_usd"
    },
    {
      "codigo": "57972",
      "action": "skipped",
      "reason": "missing_price_usd"
    },
    {
      "codigo": "57950",
      "action": "skipped",
      "reason": "missing_price_usd"
    },
    {
      "codigo": "57747",
      "action": "skipped",
      "reason": "missing_price_usd"
    },
    {
      "codigo": "57745",
      "action": "skipped",
      "reason": "missing_price_usd"
    },
    {
      "codigo": "57347",
      "action": "skipped",
      "reason": "missing_price_usd"
    },
    {
      "codigo": "56951",
      "action": "skipped",
      "reason": "missing_price_usd"
    },
    {
      "codigo": "56162",
      "action": "skipped",
      "reason": "missing_price_usd"
    },
    {
      "codigo": "56159",
      "action": "skipped",
      "reason": "missing_price_usd"
    },
    {
      "codigo": "57698",
      "action": "skipped",
      "reason": "missing_price_usd"
    },
    {
      "codigo": "56206",
      "action": "skipped",
      "reason": "missing_price_usd"
    },
    {
      "codigo": "55921",
      "action": "skipped",
      "reason": "missing_price_usd"
    },
    {
      "codigo": "54299",
      "action": "skipped",
      "reason": "missing_price_usd"
    },
    {
      "codigo": "55343",
      "action": "skipped",
      "reason": "missing_price_usd"
    },
    {
      "codigo": "56158",
      "action": "skipped",
      "reason": "missing_price_usd"
    },
    {
      "codigo": "55919",
      "action": "skipped",
      "reason": "missing_price_usd"
    },
    {
      "codigo": "53880",
      "action": "skipped",
      "reason": "missing_price_usd"
    },
    {
      "codigo": "53761",
      "action": "skipped",
      "reason": "missing_price_usd"
    },
    {
      "codigo": "53899",
      "action": "skipped",
      "reason": "missing_price_usd"
    },
    {
      "codigo": "53760",
      "action": "skipped",
      "reason": "missing_price_usd"
    },
    {
      "codigo": "53638",
      "action": "skipped",
      "reason": "missing_price_usd"
    },
    {
      "codigo": "49489",
      "action": "skipped",
      "reason": "missing_price_usd"
    },
    {
      "codigo": "50055",
      "action": "skipped",
      "reason": "missing_price_usd"
    },
    {
      "codigo": "53687",
      "action": "skipped",
      "reason": "missing_price_usd"
    },
    {
      "codigo": "53688",
      "action": "skipped",
      "reason": "missing_price_usd"
    },
    {
      "codigo": "53689",
      "action": "skipped",
      "reason": "missing_price_usd"
    },
    {
      "codigo": "53670",
      "action": "skipped",
      "reason": "missing_price_usd"
    },
    {
      "codigo": "53637",
      "action": "skipped",
      "reason": "missing_price_usd"
    },
    {
      "codigo": "57746",
      "action": "skipped",
      "reason": "missing_price_usd"
    },
    {
      "codigo": "57744",
      "action": "skipped",
      "reason": "missing_price_usd"
    },
    {
      "codigo": "57743",
      "action": "skipped",
      "reason": "missing_price_usd"
    },
    {
      "codigo": "57741",
      "action": "skipped",
      "reason": "missing_price_usd"
    },
    {
      "codigo": "57740",
      "action": "skipped",
      "reason": "missing_price_usd"
    },
    {
      "codigo": "57739",
      "action": "skipped",
      "reason": "missing_price_usd"
    },
    {
      "codigo": "57675",
      "action": "skipped",
      "reason": "missing_price_usd"
    },
    {
      "codigo": "57358",
      "action": "skipped",
      "reason": "missing_price_usd"
    },
    {
      "codigo": "57346",
      "action": "skipped",
      "reason": "missing_price_usd"
    },
    {
      "codigo": "57317",
      "action": "skipped",
      "reason": "missing_price_usd"
    },
    {
      "codigo": "57315",
      "action": "skipped",
      "reason": "missing_price_usd"
    },
    {
      "codigo": "57304",
      "action": "skipped",
      "reason": "missing_price_usd"
    },
    {
      "codigo": "57269",
      "action": "skipped",
      "reason": "missing_price_usd"
    },
    {
      "codigo": "57243",
      "action": "skipped",
      "reason": "missing_price_usd"
    },
    {
      "codigo": "57242",
      "action": "skipped",
      "reason": "missing_price_usd"
    },
    {
      "codigo": "57241",
      "action": "skipped",
      "reason": "missing_price_usd"
    },
    {
      "codigo": "57240",
      "action": "skipped",
      "reason": "missing_price_usd"
    },
    {
      "codigo": "57238",
      "action": "skipped",
      "reason": "missing_price_usd"
    },
    {
      "codigo": "57237",
      "action": "skipped",
      "reason": "missing_price_usd"
    },
    {
      "codigo": "57235",
      "action": "skipped",
      "reason": "missing_price_usd"
    },
    {
      "codigo": "57051",
      "action": "skipped",
      "reason": "missing_price_usd"
    },
    {
      "codigo": "56824",
      "action": "skipped",
      "reason": "missing_price_usd"
    },
    {
      "codigo": "56823",
      "action": "skipped",
      "reason": "missing_price_usd"
    },
    {
      "codigo": "56800",
      "action": "skipped",
      "reason": "missing_price_usd"
    },
    {
      "codigo": "56586",
      "action": "skipped",
      "reason": "missing_price_usd"
    },
    {
      "codigo": "56585",
      "action": "skipped",
      "reason": "missing_price_usd"
    },
    {
      "codigo": "56484",
      "action": "skipped",
      "reason": "missing_price_usd"
    },
    {
      "codigo": "55909",
      "action": "skipped",
      "reason": "missing_price_usd"
    },
    {
      "codigo": "55906",
      "action": "skipped",
      "reason": "missing_price_usd"
    },
    {
      "codigo": "55904",
      "action": "skipped",
      "reason": "missing_price_usd"
    },
    {
      "codigo": "55902",
      "action": "skipped",
      "reason": "missing_price_usd"
    },
    {
      "codigo": "55871",
      "action": "skipped",
      "reason": "missing_price_usd"
    },
    {
      "codigo": "55805",
      "action": "skipped",
      "reason": "missing_price_usd"
    },
    {
      "codigo": "55804",
      "action": "skipped",
      "reason": "missing_price_usd"
    },
    {
      "codigo": "55803",
      "action": "skipped",
      "reason": "missing_price_usd"
    },
    {
      "codigo": "55795",
      "action": "skipped",
      "reason": "missing_price_usd"
    },
    {
      "codigo": "55794",
      "action": "skipped",
      "reason": "missing_price_usd"
    },
    {
      "codigo": "55793",
      "action": "skipped",
      "reason": "missing_price_usd"
    },
    {
      "codigo": "55769",
      "action": "skipped",
      "reason": "missing_price_usd"
    },
    {
      "codigo": "55766",
      "action": "skipped",
      "reason": "missing_price_usd"
    },
    {
      "codigo": "55765",
      "action": "skipped",
      "reason": "missing_price_usd"
    },
    {
      "codigo": "55758",
      "action": "skipped",
      "reason": "missing_price_usd"
    },
    {
      "codigo": "55515",
      "action": "skipped",
      "reason": "missing_price_usd"
    },
    {
      "codigo": "55188",
      "action": "skipped",
      "reason": "missing_price_usd"
    },
    {
      "codigo": "53576",
      "action": "skipped",
      "reason": "missing_price_usd"
    },
    {
      "codigo": "54843",
      "action": "skipped",
      "reason": "missing_price_usd"
    },
    {
      "codigo": "54801",
      "action": "skipped",
      "reason": "missing_price_usd"
    },
    {
      "codigo": "54640",
      "action": "skipped",
      "reason": "missing_price_usd"
    },
    {
      "codigo": "54632",
      "action": "skipped",
      "reason": "missing_price_usd"
    },
    {
      "codigo": "54629",
      "action": "skipped",
      "reason": "missing_price_usd"
    },
    {
      "codigo": "54401",
      "action": "skipped",
      "reason": "missing_price_usd"
    },
    {
      "codigo": "54399",
      "action": "skipped",
      "reason": "missing_price_usd"
    },
    {
      "codigo": "54253",
      "action": "skipped",
      "reason": "missing_price_usd"
    },
    {
      "codigo": "54118",
      "action": "skipped",
      "reason": "missing_price_usd"
    },
    {
      "codigo": "53349",
      "action": "skipped",
      "reason": "missing_price_usd"
    },
    {
      "codigo": "53937",
      "action": "skipped",
      "reason": "missing_price_usd"
    },
    {
      "codigo": "53711",
      "action": "skipped",
      "reason": "missing_price_usd"
    },
    {
      "codigo": "53708",
      "action": "skipped",
      "reason": "missing_price_usd"
    },
    {
      "codigo": "53679",
      "action": "skipped",
      "reason": "missing_price_usd"
    },
    {
      "codigo": "52847",
      "action": "skipped",
      "reason": "missing_price_usd"
    },
    {
      "codigo": "52846",
      "action": "skipped",
      "reason": "missing_price_usd"
    },
    {
      "codigo": "52845",
      "action": "skipped",
      "reason": "missing_price_usd"
    },
    {
      "codigo": "52739",
      "action": "skipped",
      "reason": "missing_price_usd"
    },
    {
      "codigo": "52294",
      "action": "skipped",
      "reason": "missing_price_usd"
    },
    {
      "codigo": "52031",
      "action": "skipped",
      "reason": "missing_price_usd"
    },
    {
      "codigo": "51924",
      "action": "skipped",
      "reason": "missing_price_usd"
    },
    {
      "codigo": "51842",
      "action": "skipped",
      "reason": "missing_price_usd"
    },
    {
      "codigo": "51841",
      "action": "skipped",
      "reason": "missing_price_usd"
    },
    {
      "codigo": "51524",
      "action": "skipped",
      "reason": "missing_price_usd"
    },
    {
      "codigo": "51516",
      "action": "skipped",
      "reason": "missing_price_usd"
    },
    {
      "codigo": "51441",
      "action": "skipped",
      "reason": "missing_price_usd"
    },
    {
      "codigo": "51440",
      "action": "skipped",
      "reason": "missing_price_usd"
    },
    {
      "codigo": "51340",
      "action": "skipped",
      "reason": "missing_price_usd"
    },
    {
      "codigo": "51326",
      "action": "skipped",
      "reason": "missing_price_usd"
    },
    {
      "codigo": "51324",
      "action": "skipped",
      "reason": "missing_price_usd"
    },
    {
      "codigo": "51323",
      "action": "skipped",
      "reason": "missing_price_usd"
    },
    {
      "codigo": "51244",
      "action": "skipped",
      "reason": "missing_price_usd"
    },
    {
      "codigo": "50298",
      "action": "skipped",
      "reason": "missing_price_usd"
    },
    {
      "codigo": "50908",
      "action": "skipped",
      "reason": "missing_price_usd"
    },
    {
      "codigo": "50907",
      "action": "skipped",
      "reason": "missing_price_usd"
    },
    {
      "codigo": "50899",
      "action": "skipped",
      "reason": "missing_price_usd"
    },
    {
      "codigo": "49491",
      "action": "skipped",
      "reason": "missing_price_usd"
    },
    {
      "codigo": "50671",
      "action": "skipped",
      "reason": "missing_price_usd"
    },
    {
      "codigo": "50119",
      "action": "skipped",
      "reason": "missing_price_usd"
    },
    {
      "codigo": "49730",
      "action": "skipped",
      "reason": "missing_price_usd"
    },
    {
      "codigo": "49719",
      "action": "skipped",
      "reason": "missing_price_usd"
    },
    {
      "codigo": "49710",
      "action": "skipped",
      "reason": "missing_price_usd"
    },
    {
      "codigo": "49664",
      "action": "skipped",
      "reason": "missing_price_usd"
    },
    {
      "codigo": "49657",
      "action": "skipped",
      "reason": "missing_price_usd"
    },
    {
      "codigo": "49647",
      "action": "skipped",
      "reason": "missing_price_usd"
    },
    {
      "codigo": "49645",
      "action": "skipped",
      "reason": "missing_price_usd"
    },
    {
      "codigo": "41851",
      "action": "skipped",
      "reason": "missing_price_usd"
    },
    {
      "codigo": "48157",
      "action": "skipped",
      "reason": "missing_price_usd"
    },
    {
      "codigo": "48156",
      "action": "skipped",
      "reason": "missing_price_usd"
    },
    {
      "codigo": "47126",
      "action": "skipped",
      "reason": "missing_price_usd"
    },
    {
      "codigo": "47125",
      "action": "skipped",
      "reason": "missing_price_usd"
    },
    {
      "codigo": "19808",
      "action": "skipped",
      "reason": "missing_price_usd"
    },
    {
      "codigo": "45335",
      "action": "skipped",
      "reason": "missing_price_usd"
    },
    {
      "codigo": "43961",
      "action": "skipped",
      "reason": "missing_price_usd"
    },
    {
      "codigo": "43958",
      "action": "skipped",
      "reason": "missing_price_usd"
    },
    {
      "codigo": "43471",
      "action": "skipped",
      "reason": "missing_price_usd"
    },
    {
      "codigo": "39629",
      "action": "skipped",
      "reason": "missing_price_usd"
    },
    {
      "codigo": "39522",
      "action": "skipped",
      "reason": "missing_price_usd"
    },
    {
      "codigo": "29422",
      "action": "skipped",
      "reason": "missing_price_usd"
    },
    {
      "codigo": "31413",
      "action": "skipped",
      "reason": "missing_price_usd"
    },
    {
      "codigo": "28664",
      "action": "skipped",
      "reason": "missing_price_usd"
    },
    {
      "codigo": "28571",
      "action": "skipped",
      "reason": "missing_price_usd"
    },
    {
      "codigo": "26118",
      "action": "skipped",
      "reason": "missing_price_usd"
    },
    {
      "codigo": "23071",
      "action": "skipped",
      "reason": "missing_price_usd"
    },
    {
      "codigo": "56074",
      "action": "skipped",
      "reason": "missing_price_usd"
    },
    {
      "codigo": "56473",
      "action": "skipped",
      "reason": "missing_price_usd"
    },
    {
      "codigo": "55983",
      "action": "skipped",
      "reason": "missing_price_usd"
    },
    {
      "codigo": "55984",
      "action": "skipped",
      "reason": "missing_price_usd"
    },
    {
      "codigo": "58093",
      "action": "skipped",
      "reason": "missing_price_usd"
    },
    {
      "codigo": "58113",
      "action": "skipped",
      "reason": "missing_price_usd"
    },
    {
      "codigo": "58114",
      "action": "skipped",
      "reason": "missing_price_usd"
    },
    {
      "codigo": "58118",
      "action": "skipped",
      "reason": "missing_price_usd"
    },
    {
      "codigo": "53608",
      "action": "skipped",
      "reason": "missing_price_usd"
    },
    {
      "codigo": "53338",
      "action": "skipped",
      "reason": "missing_price_usd"
    },
    {
      "codigo": "57147",
      "action": "skipped",
      "reason": "missing_price_usd"
    },
    {
      "codigo": "55845",
      "action": "skipped",
      "reason": "missing_price_usd"
    },
    {
      "codigo": "57464",
      "action": "skipped",
      "reason": "missing_price_usd"
    },
    {
      "codigo": "58104",
      "action": "skipped",
      "reason": "missing_price_usd"
    },
    {
      "codigo": "55762",
      "action": "skipped",
      "reason": "missing_price_usd"
    },
    {
      "codigo": "55847",
      "action": "skipped",
      "reason": "missing_price_usd"
    },
    {
      "codigo": "58068",
      "action": "skipped",
      "reason": "missing_price_usd"
    },
    {
      "codigo": "55846",
      "action": "skipped",
      "reason": "missing_price_usd"
    },
    {
      "codigo": "55848",
      "action": "skipped",
      "reason": "missing_price_usd"
    },
    {
      "codigo": "54855",
      "action": "skipped",
      "reason": "missing_price_usd"
    },
    {
      "codigo": "54858",
      "action": "skipped",
      "reason": "missing_price_usd"
    },
    {
      "codigo": "54854",
      "action": "skipped",
      "reason": "missing_price_usd"
    },
    {
      "codigo": "56320",
      "action": "skipped",
      "reason": "missing_price_usd"
    },
    {
      "codigo": "57261",
      "action": "skipped",
      "reason": "missing_price_usd"
    },
    {
      "codigo": "51255",
      "action": "skipped",
      "reason": "missing_price_usd"
    },
    {
      "codigo": "54233",
      "action": "skipped",
      "reason": "missing_price_usd"
    },
    {
      "codigo": "58064",
      "action": "skipped",
      "reason": "missing_price_usd"
    },
    {
      "codigo": "54593",
      "action": "skipped",
      "reason": "missing_price_usd"
    },
    {
      "codigo": "58053",
      "action": "skipped",
      "reason": "missing_price_usd"
    },
    {
      "codigo": "57824",
      "action": "skipped",
      "reason": "missing_price_usd"
    },
    {
      "codigo": "58057",
      "action": "skipped",
      "reason": "missing_price_usd"
    },
    {
      "codigo": "57570",
      "action": "skipped",
      "reason": "missing_price_usd"
    },
    {
      "codigo": "58058",
      "action": "skipped",
      "reason": "missing_price_usd"
    },
    {
      "codigo": "56926",
      "action": "skipped",
      "reason": "missing_price_usd"
    },
    {
      "codigo": "57440",
      "action": "skipped",
      "reason": "missing_price_usd"
    },
    {
      "codigo": "58004",
      "action": "skipped",
      "reason": "missing_price_usd"
    },
    {
      "codigo": "57146",
      "action": "skipped",
      "reason": "missing_price_usd"
    },
    {
      "codigo": "58062",
      "action": "skipped",
      "reason": "missing_price_usd"
    },
    {
      "codigo": "58061",
      "action": "skipped",
      "reason": "missing_price_usd"
    },
    {
      "codigo": "58063",
      "action": "skipped",
      "reason": "missing_price_usd"
    },
    {
      "codigo": "56761",
      "action": "skipped",
      "reason": "missing_price_usd"
    },
    {
      "codigo": "56763",
      "action": "skipped",
      "reason": "missing_price_usd"
    },
    {
      "codigo": "54860",
      "action": "skipped",
      "reason": "missing_price_usd"
    },
    {
      "codigo": "56734",
      "action": "skipped",
      "reason": "missing_price_usd"
    },
    {
      "codigo": "56143",
      "action": "skipped",
      "reason": "missing_price_usd"
    },
    {
      "codigo": "54755",
      "action": "skipped",
      "reason": "missing_price_usd"
    },
    {
      "codigo": "53896",
      "action": "skipped",
      "reason": "missing_price_usd"
    },
    {
      "codigo": "53726",
      "action": "skipped",
      "reason": "missing_price_usd"
    },
    {
      "codigo": "53231",
      "action": "skipped",
      "reason": "missing_price_usd"
    },
    {
      "codigo": "51410",
      "action": "skipped",
      "reason": "missing_price_usd"
    },
    {
      "codigo": "56369",
      "action": "skipped",
      "reason": "missing_price_usd"
    },
    {
      "codigo": "54783",
      "action": "skipped",
      "reason": "missing_price_usd"
    },
    {
      "codigo": "58059",
      "action": "skipped",
      "reason": "missing_price_usd"
    },
    {
      "codigo": "52362",
      "action": "skipped",
      "reason": "missing_price_usd"
    },
    {
      "codigo": "56998",
      "action": "skipped",
      "reason": "missing_price_usd"
    },
    {
      "codigo": "55361",
      "action": "skipped",
      "reason": "missing_price_usd"
    },
    {
      "codigo": "56668",
      "action": "skipped",
      "reason": "missing_price_usd"
    },
    {
      "codigo": "57353",
      "action": "skipped",
      "reason": "missing_price_usd"
    },
    {
      "codigo": "56702",
      "action": "skipped",
      "reason": "missing_price_usd"
    },
    {
      "codigo": "56703",
      "action": "skipped",
      "reason": "missing_price_usd"
    },
    {
      "codigo": "56436",
      "action": "skipped",
      "reason": "missing_price_usd"
    },
    {
      "codigo": "49952",
      "action": "skipped",
      "reason": "missing_price_usd"
    },
    {
      "codigo": "49944",
      "action": "skipped",
      "reason": "missing_price_usd"
    },
    {
      "codigo": "49943",
      "action": "skipped",
      "reason": "missing_price_usd"
    },
    {
      "codigo": "49853",
      "action": "skipped",
      "reason": "missing_price_usd"
    },
    {
      "codigo": "53927",
      "action": "skipped",
      "reason": "missing_price_usd"
    },
    {
      "codigo": "53990",
      "action": "skipped",
      "reason": "missing_price_usd"
    },
    {
      "codigo": "50458",
      "action": "skipped",
      "reason": "missing_price_usd"
    },
    {
      "codigo": "50419",
      "action": "skipped",
      "reason": "missing_price_usd"
    },
    {
      "codigo": "52867",
      "action": "skipped",
      "reason": "missing_price_usd"
    },
    {
      "codigo": "53295",
      "action": "skipped",
      "reason": "missing_price_usd"
    },
    {
      "codigo": "53735",
      "action": "skipped",
      "reason": "missing_price_usd"
    },
    {
      "codigo": "52858",
      "action": "skipped",
      "reason": "missing_price_usd"
    },
    {
      "codigo": "52857",
      "action": "skipped",
      "reason": "missing_price_usd"
    },
    {
      "codigo": "56819",
      "action": "skipped",
      "reason": "missing_price_usd"
    },
    {
      "codigo": "55829",
      "action": "skipped",
      "reason": "missing_price_usd"
    },
    {
      "codigo": "55024",
      "action": "skipped",
      "reason": "missing_price_usd"
    },
    {
      "codigo": "57755",
      "action": "skipped",
      "reason": "missing_price_usd"
    },
    {
      "codigo": "56662",
      "action": "skipped",
      "reason": "missing_price_usd"
    },
    {
      "codigo": "56150",
      "action": "skipped",
      "reason": "missing_price_usd"
    },
    {
      "codigo": "56865",
      "action": "skipped",
      "reason": "missing_price_usd"
    },
    {
      "codigo": "57593",
      "action": "skipped",
      "reason": "missing_price_usd"
    },
    {
      "codigo": "57066",
      "action": "skipped",
      "reason": "missing_price_usd"
    },
    {
      "codigo": "54703",
      "action": "skipped",
      "reason": "missing_price_usd"
    },
    {
      "codigo": "55039",
      "action": "skipped",
      "reason": "missing_price_usd"
    },
    {
      "codigo": "54702",
      "action": "skipped",
      "reason": "missing_price_usd"
    },
    {
      "codigo": "48721",
      "action": "skipped",
      "reason": "missing_price_usd"
    },
    {
      "codigo": "51981",
      "action": "skipped",
      "reason": "missing_price_usd"
    },
    {
      "codigo": "51979",
      "action": "skipped",
      "reason": "missing_price_usd"
    },
    {
      "codigo": "51978",
      "action": "skipped",
      "reason": "missing_price_usd"
    },
    {
      "codigo": "51976",
      "action": "skipped",
      "reason": "missing_price_usd"
    },
    {
      "codigo": "51977",
      "action": "skipped",
      "reason": "missing_price_usd"
    },
    {
      "codigo": "47778",
      "action": "skipped",
      "reason": "missing_price_usd"
    },
    {
      "codigo": "48368",
      "action": "skipped",
      "reason": "missing_price_usd"
    },
    {
      "codigo": "48068",
      "action": "skipped",
      "reason": "missing_price_usd"
    },
    {
      "codigo": "51609",
      "action": "skipped",
      "reason": "missing_price_usd"
    },
    {
      "codigo": "51517",
      "action": "skipped",
      "reason": "missing_price_usd"
    },
    {
      "codigo": "50808",
      "action": "skipped",
      "reason": "missing_price_usd"
    },
    {
      "codigo": "53992",
      "action": "skipped",
      "reason": "missing_price_usd"
    },
    {
      "codigo": "48039",
      "action": "skipped",
      "reason": "missing_price_usd"
    },
    {
      "codigo": "53236",
      "action": "skipped",
      "reason": "missing_price_usd"
    },
    {
      "codigo": "47566",
      "action": "skipped",
      "reason": "missing_price_usd"
    },
    {
      "codigo": "49045",
      "action": "skipped",
      "reason": "missing_price_usd"
    },
    {
      "codigo": "45155",
      "action": "skipped",
      "reason": "missing_price_usd"
    },
    {
      "codigo": "51529",
      "action": "skipped",
      "reason": "missing_price_usd"
    },
    {
      "codigo": "57673",
      "action": "skipped",
      "reason": "missing_price_usd"
    },
    {
      "codigo": "57287",
      "action": "skipped",
      "reason": "missing_price_usd"
    },
    {
      "codigo": "57484",
      "action": "skipped",
      "reason": "missing_price_usd"
    },
    {
      "codigo": "57289",
      "action": "skipped",
      "reason": "missing_price_usd"
    },
    {
      "codigo": "55077",
      "action": "skipped",
      "reason": "missing_price_usd"
    },
    {
      "codigo": "56447",
      "action": "skipped",
      "reason": "missing_price_usd"
    },
    {
      "codigo": "57085",
      "action": "skipped",
      "reason": "missing_price_usd"
    },
    {
      "codigo": "57413",
      "action": "skipped",
      "reason": "missing_price_usd"
    },
    {
      "codigo": "57086",
      "action": "skipped",
      "reason": "missing_price_usd"
    },
    {
      "codigo": "57414",
      "action": "skipped",
      "reason": "missing_price_usd"
    },
    {
      "codigo": "57281",
      "action": "skipped",
      "reason": "missing_price_usd"
    },
    {
      "codigo": "57361",
      "action": "skipped",
      "reason": "missing_price_usd"
    },
    {
      "codigo": "57360",
      "action": "skipped",
      "reason": "missing_price_usd"
    },
    {
      "codigo": "57359",
      "action": "skipped",
      "reason": "missing_price_usd"
    },
    {
      "codigo": "56408",
      "action": "skipped",
      "reason": "missing_price_usd"
    },
    {
      "codigo": "55331",
      "action": "skipped",
      "reason": "missing_price_usd"
    },
    {
      "codigo": "57156",
      "action": "skipped",
      "reason": "missing_price_usd"
    },
    {
      "codigo": "57370",
      "action": "skipped",
      "reason": "missing_price_usd"
    },
    {
      "codigo": "57376",
      "action": "skipped",
      "reason": "missing_price_usd"
    },
    {
      "codigo": "57377",
      "action": "skipped",
      "reason": "missing_price_usd"
    },
    {
      "codigo": "57378",
      "action": "skipped",
      "reason": "missing_price_usd"
    },
    {
      "codigo": "57379",
      "action": "skipped",
      "reason": "missing_price_usd"
    },
    {
      "codigo": "57375",
      "action": "skipped",
      "reason": "missing_price_usd"
    },
    {
      "codigo": "57374",
      "action": "skipped",
      "reason": "missing_price_usd"
    },
    {
      "codigo": "57371",
      "action": "skipped",
      "reason": "missing_price_usd"
    },
    {
      "codigo": "57373",
      "action": "skipped",
      "reason": "missing_price_usd"
    },
    {
      "codigo": "57372",
      "action": "skipped",
      "reason": "missing_price_usd"
    },
    {
      "codigo": "57369",
      "action": "skipped",
      "reason": "missing_price_usd"
    },
    {
      "codigo": "56796",
      "action": "skipped",
      "reason": "missing_price_usd"
    },
    {
      "codigo": "56799",
      "action": "skipped",
      "reason": "missing_price_usd"
    },
    {
      "codigo": "57158",
      "action": "skipped",
      "reason": "missing_price_usd"
    },
    {
      "codigo": "57669",
      "action": "skipped",
      "reason": "missing_price_usd"
    },
    {
      "codigo": "57665",
      "action": "skipped",
      "reason": "missing_price_usd"
    },
    {
      "codigo": "57670",
      "action": "skipped",
      "reason": "missing_price_usd"
    },
    {
      "codigo": "57667",
      "action": "skipped",
      "reason": "missing_price_usd"
    },
    {
      "codigo": "57668",
      "action": "skipped",
      "reason": "missing_price_usd"
    },
    {
      "codigo": "56712",
      "action": "skipped",
      "reason": "missing_price_usd"
    },
    {
      "codigo": "56795",
      "action": "skipped",
      "reason": "missing_price_usd"
    },
    {
      "codigo": "57283",
      "action": "skipped",
      "reason": "missing_price_usd"
    },
    {
      "codigo": "57403",
      "action": "skipped",
      "reason": "missing_price_usd"
    },
    {
      "codigo": "57939",
      "action": "skipped",
      "reason": "missing_price_usd"
    },
    {
      "codigo": "57938",
      "action": "skipped",
      "reason": "missing_price_usd"
    },
    {
      "codigo": "57937",
      "action": "skipped",
      "reason": "missing_price_usd"
    },
    {
      "codigo": "57940",
      "action": "skipped",
      "reason": "missing_price_usd"
    },
    {
      "codigo": "57941",
      "action": "skipped",
      "reason": "missing_price_usd"
    },
    {
      "codigo": "57738",
      "action": "skipped",
      "reason": "missing_price_usd"
    },
    {
      "codigo": "57737",
      "action": "skipped",
      "reason": "missing_price_usd"
    },
    {
      "codigo": "57736",
      "action": "skipped",
      "reason": "missing_price_usd"
    },
    {
      "codigo": "57735",
      "action": "skipped",
      "reason": "missing_price_usd"
    },
    {
      "codigo": "57030",
      "action": "skipped",
      "reason": "missing_price_usd"
    },
    {
      "codigo": "57931",
      "action": "skipped",
      "reason": "missing_price_usd"
    },
    {
      "codigo": "57932",
      "action": "skipped",
      "reason": "missing_price_usd"
    },
    {
      "codigo": "57247",
      "action": "skipped",
      "reason": "missing_price_usd"
    },
    {
      "codigo": "57226",
      "action": "skipped",
      "reason": "missing_price_usd"
    },
    {
      "codigo": "57225",
      "action": "skipped",
      "reason": "missing_price_usd"
    },
    {
      "codigo": "57224",
      "action": "skipped",
      "reason": "missing_price_usd"
    },
    {
      "codigo": "57217",
      "action": "skipped",
      "reason": "missing_price_usd"
    },
    {
      "codigo": "57216",
      "action": "skipped",
      "reason": "missing_price_usd"
    },
    {
      "codigo": "57213",
      "action": "skipped",
      "reason": "missing_price_usd"
    },
    {
      "codigo": "57214",
      "action": "skipped",
      "reason": "missing_price_usd"
    },
    {
      "codigo": "57215",
      "action": "skipped",
      "reason": "missing_price_usd"
    },
    {
      "codigo": "57223",
      "action": "skipped",
      "reason": "missing_price_usd"
    },
    {
      "codigo": "56804",
      "action": "skipped",
      "reason": "missing_price_usd"
    },
    {
      "codigo": "55571",
      "action": "skipped",
      "reason": "missing_price_usd"
    },
    {
      "codigo": "55360",
      "action": "skipped",
      "reason": "missing_price_usd"
    },
    {
      "codigo": "55734",
      "action": "skipped",
      "reason": "missing_price_usd"
    },
    {
      "codigo": "55218",
      "action": "skipped",
      "reason": "missing_price_usd"
    },
    {
      "codigo": "56872",
      "action": "skipped",
      "reason": "missing_price_usd"
    },
    {
      "codigo": "57645",
      "action": "skipped",
      "reason": "missing_price_usd"
    },
    {
      "codigo": "56915",
      "action": "skipped",
      "reason": "missing_price_usd"
    },
    {
      "codigo": "57523",
      "action": "skipped",
      "reason": "missing_price_usd"
    },
    {
      "codigo": "56673",
      "action": "skipped",
      "reason": "missing_price_usd"
    },
    {
      "codigo": "56346",
      "action": "skipped",
      "reason": "missing_price_usd"
    },
    {
      "codigo": "57014",
      "action": "skipped",
      "reason": "missing_price_usd"
    },
    {
      "codigo": "55627",
      "action": "skipped",
      "reason": "missing_price_usd"
    },
    {
      "codigo": "57120",
      "action": "skipped",
      "reason": "missing_price_usd"
    },
    {
      "codigo": "57119",
      "action": "skipped",
      "reason": "missing_price_usd"
    },
    {
      "codigo": "57118",
      "action": "skipped",
      "reason": "missing_price_usd"
    },
    {
      "codigo": "57116",
      "action": "skipped",
      "reason": "missing_price_usd"
    },
    {
      "codigo": "57115",
      "action": "skipped",
      "reason": "missing_price_usd"
    },
    {
      "codigo": "57114",
      "action": "skipped",
      "reason": "missing_price_usd"
    },
    {
      "codigo": "57113",
      "action": "skipped",
      "reason": "missing_price_usd"
    },
    {
      "codigo": "57112",
      "action": "skipped",
      "reason": "missing_price_usd"
    },
    {
      "codigo": "57264",
      "action": "skipped",
      "reason": "missing_price_usd"
    },
    {
      "codigo": "57278",
      "action": "skipped",
      "reason": "missing_price_usd"
    },
    {
      "codigo": "57063",
      "action": "skipped",
      "reason": "missing_price_usd"
    },
    {
      "codigo": "57968",
      "action": "skipped",
      "reason": "missing_price_usd"
    },
    {
      "codigo": "57280",
      "action": "skipped",
      "reason": "missing_price_usd"
    },
    {
      "codigo": "56745",
      "action": "skipped",
      "reason": "missing_price_usd"
    },
    {
      "codigo": "57165",
      "action": "skipped",
      "reason": "missing_price_usd"
    },
    {
      "codigo": "57089",
      "action": "skipped",
      "reason": "missing_price_usd"
    },
    {
      "codigo": "57088",
      "action": "skipped",
      "reason": "missing_price_usd"
    },
    {
      "codigo": "57091",
      "action": "skipped",
      "reason": "missing_price_usd"
    },
    {
      "codigo": "57025",
      "action": "skipped",
      "reason": "missing_price_usd"
    },
    {
      "codigo": "55415",
      "action": "skipped",
      "reason": "missing_price_usd"
    },
    {
      "codigo": "55725",
      "action": "skipped",
      "reason": "missing_price_usd"
    },
    {
      "codigo": "56976",
      "action": "skipped",
      "reason": "missing_price_usd"
    },
    {
      "codigo": "55455",
      "action": "skipped",
      "reason": "missing_price_usd"
    },
    {
      "codigo": "55888",
      "action": "skipped",
      "reason": "missing_price_usd"
    },
    {
      "codigo": "55889",
      "action": "skipped",
      "reason": "missing_price_usd"
    },
    {
      "codigo": "55890",
      "action": "skipped",
      "reason": "missing_price_usd"
    },
    {
      "codigo": "55891",
      "action": "skipped",
      "reason": "missing_price_usd"
    },
    {
      "codigo": "55892",
      "action": "skipped",
      "reason": "missing_price_usd"
    },
    {
      "codigo": "55052",
      "action": "skipped",
      "reason": "missing_price_usd"
    },
    {
      "codigo": "54856",
      "action": "skipped",
      "reason": "missing_price_usd"
    },
    {
      "codigo": "56680",
      "action": "skipped",
      "reason": "missing_price_usd"
    },
    {
      "codigo": "58015",
      "action": "skipped",
      "reason": "missing_price_usd"
    },
    {
      "codigo": "57566",
      "action": "skipped",
      "reason": "missing_price_usd"
    },
    {
      "codigo": "57441",
      "action": "skipped",
      "reason": "missing_price_usd"
    },
    {
      "codigo": "57079",
      "action": "skipped",
      "reason": "missing_price_usd"
    },
    {
      "codigo": "54748",
      "action": "skipped",
      "reason": "missing_price_usd"
    },
    {
      "codigo": "54728",
      "action": "skipped",
      "reason": "missing_price_usd"
    },
    {
      "codigo": "54779",
      "action": "skipped",
      "reason": "missing_price_usd"
    },
    {
      "codigo": "48192",
      "action": "skipped",
      "reason": "missing_price_usd"
    },
    {
      "codigo": "54565",
      "action": "skipped",
      "reason": "missing_price_usd"
    },
    {
      "codigo": "50390",
      "action": "skipped",
      "reason": "missing_price_usd"
    },
    {
      "codigo": "54433",
      "action": "skipped",
      "reason": "missing_price_usd"
    },
    {
      "codigo": "57071",
      "action": "skipped",
      "reason": "missing_price_usd"
    },
    {
      "codigo": "57244",
      "action": "skipped",
      "reason": "missing_price_usd"
    },
    {
      "codigo": "57245",
      "action": "skipped",
      "reason": "missing_price_usd"
    },
    {
      "codigo": "56442",
      "action": "skipped",
      "reason": "missing_price_usd"
    },
    {
      "codigo": "57871",
      "action": "skipped",
      "reason": "missing_price_usd"
    },
    {
      "codigo": "57870",
      "action": "skipped",
      "reason": "missing_price_usd"
    },
    {
      "codigo": "57644",
      "action": "skipped",
      "reason": "missing_price_usd"
    },
    {
      "codigo": "57192",
      "action": "skipped",
      "reason": "missing_price_usd"
    },
    {
      "codigo": "57191",
      "action": "skipped",
      "reason": "missing_price_usd"
    },
    {
      "codigo": "57082",
      "action": "skipped",
      "reason": "missing_price_usd"
    },
    {
      "codigo": "55781",
      "action": "skipped",
      "reason": "missing_price_usd"
    },
    {
      "codigo": "57081",
      "action": "skipped",
      "reason": "missing_price_usd"
    },
    {
      "codigo": "57080",
      "action": "skipped",
      "reason": "missing_price_usd"
    },
    {
      "codigo": "56279",
      "action": "skipped",
      "reason": "missing_price_usd"
    },
    {
      "codigo": "57727",
      "action": "skipped",
      "reason": "missing_price_usd"
    },
    {
      "codigo": "56868",
      "action": "skipped",
      "reason": "missing_price_usd"
    },
    {
      "codigo": "56864",
      "action": "skipped",
      "reason": "missing_price_usd"
    },
    {
      "codigo": "56738",
      "action": "skipped",
      "reason": "missing_price_usd"
    },
    {
      "codigo": "56758",
      "action": "skipped",
      "reason": "missing_price_usd"
    },
    {
      "codigo": "56735",
      "action": "skipped",
      "reason": "missing_price_usd"
    },
    {
      "codigo": "56762",
      "action": "skipped",
      "reason": "missing_price_usd"
    },
    {
      "codigo": "56760",
      "action": "skipped",
      "reason": "missing_price_usd"
    },
    {
      "codigo": "57277",
      "action": "skipped",
      "reason": "missing_price_usd"
    },
    {
      "codigo": "57275",
      "action": "skipped",
      "reason": "missing_price_usd"
    },
    {
      "codigo": "57419",
      "action": "skipped",
      "reason": "missing_price_usd"
    },
    {
      "codigo": "57549",
      "action": "skipped",
      "reason": "missing_price_usd"
    },
    {
      "codigo": "57822",
      "action": "skipped",
      "reason": "missing_price_usd"
    },
    {
      "codigo": "56927",
      "action": "skipped",
      "reason": "missing_price_usd"
    },
    {
      "codigo": "56928",
      "action": "skipped",
      "reason": "missing_price_usd"
    },
    {
      "codigo": "56925",
      "action": "skipped",
      "reason": "missing_price_usd"
    },
    {
      "codigo": "57352",
      "action": "skipped",
      "reason": "missing_price_usd"
    },
    {
      "codigo": "57548",
      "action": "skipped",
      "reason": "missing_price_usd"
    },
    {
      "codigo": "56855",
      "action": "skipped",
      "reason": "missing_price_usd"
    },
    {
      "codigo": "56362",
      "action": "skipped",
      "reason": "missing_price_usd"
    },
    {
      "codigo": "56363",
      "action": "skipped",
      "reason": "missing_price_usd"
    },
    {
      "codigo": "43226",
      "action": "skipped",
      "reason": "missing_price_usd"
    },
    {
      "codigo": "43225",
      "action": "skipped",
      "reason": "missing_price_usd"
    },
    {
      "codigo": "43224",
      "action": "skipped",
      "reason": "missing_price_usd"
    },
    {
      "codigo": "39994",
      "action": "skipped",
      "reason": "missing_price_usd"
    },
    {
      "codigo": "57946",
      "action": "skipped",
      "reason": "missing_price_usd"
    },
    {
      "codigo": "57945",
      "action": "skipped",
      "reason": "missing_price_usd"
    },
    {
      "codigo": "57944",
      "action": "skipped",
      "reason": "missing_price_usd"
    },
    {
      "codigo": "57943",
      "action": "skipped",
      "reason": "missing_price_usd"
    },
    {
      "codigo": "57942",
      "action": "skipped",
      "reason": "missing_price_usd"
    },
    {
      "codigo": "57836",
      "action": "skipped",
      "reason": "missing_price_usd"
    },
    {
      "codigo": "57823",
      "action": "skipped",
      "reason": "missing_price_usd"
    },
    {
      "codigo": "57805",
      "action": "skipped",
      "reason": "missing_price_usd"
    },
    {
      "codigo": "57756",
      "action": "skipped",
      "reason": "missing_price_usd"
    },
    {
      "codigo": "57753",
      "action": "skipped",
      "reason": "missing_price_usd"
    },
    {
      "codigo": "57609",
      "action": "skipped",
      "reason": "missing_price_usd"
    },
    {
      "codigo": "57608",
      "action": "skipped",
      "reason": "missing_price_usd"
    },
    {
      "codigo": "57594",
      "action": "skipped",
      "reason": "missing_price_usd"
    },
    {
      "codigo": "57571",
      "action": "skipped",
      "reason": "missing_price_usd"
    },
    {
      "codigo": "57568",
      "action": "skipped",
      "reason": "missing_price_usd"
    },
    {
      "codigo": "57546",
      "action": "skipped",
      "reason": "missing_price_usd"
    },
    {
      "codigo": "57545",
      "action": "skipped",
      "reason": "missing_price_usd"
    },
    {
      "codigo": "57544",
      "action": "skipped",
      "reason": "missing_price_usd"
    },
    {
      "codigo": "57543",
      "action": "skipped",
      "reason": "missing_price_usd"
    },
    {
      "codigo": "57536",
      "action": "skipped",
      "reason": "missing_price_usd"
    },
    {
      "codigo": "57531",
      "action": "skipped",
      "reason": "missing_price_usd"
    },
    {
      "codigo": "57530",
      "action": "skipped",
      "reason": "missing_price_usd"
    },
    {
      "codigo": "57528",
      "action": "skipped",
      "reason": "missing_price_usd"
    },
    {
      "codigo": "57524",
      "action": "skipped",
      "reason": "missing_price_usd"
    },
    {
      "codigo": "57522",
      "action": "skipped",
      "reason": "missing_price_usd"
    },
    {
      "codigo": "57521",
      "action": "skipped",
      "reason": "missing_price_usd"
    },
    {
      "codigo": "57512",
      "action": "skipped",
      "reason": "missing_price_usd"
    },
    {
      "codigo": "57505",
      "action": "skipped",
      "reason": "missing_price_usd"
    },
    {
      "codigo": "57504",
      "action": "skipped",
      "reason": "missing_price_usd"
    },
    {
      "codigo": "57503",
      "action": "skipped",
      "reason": "missing_price_usd"
    },
    {
      "codigo": "57499",
      "action": "skipped",
      "reason": "missing_price_usd"
    },
    {
      "codigo": "57496",
      "action": "skipped",
      "reason": "missing_price_usd"
    },
    {
      "codigo": "57490",
      "action": "skipped",
      "reason": "missing_price_usd"
    },
    {
      "codigo": "57399",
      "action": "skipped",
      "reason": "missing_price_usd"
    },
    {
      "codigo": "57382",
      "action": "skipped",
      "reason": "missing_price_usd"
    },
    {
      "codigo": "57327",
      "action": "skipped",
      "reason": "missing_price_usd"
    },
    {
      "codigo": "57276",
      "action": "skipped",
      "reason": "missing_price_usd"
    },
    {
      "codigo": "57274",
      "action": "skipped",
      "reason": "missing_price_usd"
    },
    {
      "codigo": "57273",
      "action": "skipped",
      "reason": "missing_price_usd"
    },
    {
      "codigo": "57271",
      "action": "skipped",
      "reason": "missing_price_usd"
    },
    {
      "codigo": "57270",
      "action": "skipped",
      "reason": "missing_price_usd"
    },
    {
      "codigo": "57268",
      "action": "skipped",
      "reason": "missing_price_usd"
    },
    {
      "codigo": "57267",
      "action": "skipped",
      "reason": "missing_price_usd"
    },
    {
      "codigo": "57266",
      "action": "skipped",
      "reason": "missing_price_usd"
    },
    {
      "codigo": "57265",
      "action": "skipped",
      "reason": "missing_price_usd"
    },
    {
      "codigo": "57254",
      "action": "skipped",
      "reason": "missing_price_usd"
    },
    {
      "codigo": "57246",
      "action": "skipped",
      "reason": "missing_price_usd"
    },
    {
      "codigo": "57141",
      "action": "skipped",
      "reason": "missing_price_usd"
    },
    {
      "codigo": "57043",
      "action": "skipped",
      "reason": "missing_price_usd"
    },
    {
      "codigo": "57029",
      "action": "skipped",
      "reason": "missing_price_usd"
    },
    {
      "codigo": "57028",
      "action": "skipped",
      "reason": "missing_price_usd"
    },
    {
      "codigo": "56993",
      "action": "skipped",
      "reason": "missing_price_usd"
    },
    {
      "codigo": "56988",
      "action": "skipped",
      "reason": "missing_price_usd"
    },
    {
      "codigo": "56986",
      "action": "skipped",
      "reason": "missing_price_usd"
    },
    {
      "codigo": "56985",
      "action": "skipped",
      "reason": "missing_price_usd"
    },
    {
      "codigo": "56984",
      "action": "skipped",
      "reason": "missing_price_usd"
    },
    {
      "codigo": "56983",
      "action": "skipped",
      "reason": "missing_price_usd"
    },
    {
      "codigo": "56982",
      "action": "skipped",
      "reason": "missing_price_usd"
    },
    {
      "codigo": "56981",
      "action": "skipped",
      "reason": "missing_price_usd"
    },
    {
      "codigo": "56980",
      "action": "skipped",
      "reason": "missing_price_usd"
    },
    {
      "codigo": "56979",
      "action": "skipped",
      "reason": "missing_price_usd"
    },
    {
      "codigo": "56977",
      "action": "skipped",
      "reason": "missing_price_usd"
    },
    {
      "codigo": "56903",
      "action": "skipped",
      "reason": "missing_price_usd"
    },
    {
      "codigo": "56902",
      "action": "skipped",
      "reason": "missing_price_usd"
    },
    {
      "codigo": "56901",
      "action": "skipped",
      "reason": "missing_price_usd"
    },
    {
      "codigo": "56858",
      "action": "skipped",
      "reason": "missing_price_usd"
    },
    {
      "codigo": "56847",
      "action": "skipped",
      "reason": "missing_price_usd"
    },
    {
      "codigo": "56815",
      "action": "skipped",
      "reason": "missing_price_usd"
    },
    {
      "codigo": "56798",
      "action": "skipped",
      "reason": "missing_price_usd"
    },
    {
      "codigo": "56797",
      "action": "skipped",
      "reason": "missing_price_usd"
    },
    {
      "codigo": "56764",
      "action": "skipped",
      "reason": "missing_price_usd"
    },
    {
      "codigo": "56759",
      "action": "skipped",
      "reason": "missing_price_usd"
    },
    {
      "codigo": "56746",
      "action": "skipped",
      "reason": "missing_price_usd"
    },
    {
      "codigo": "56740",
      "action": "skipped",
      "reason": "missing_price_usd"
    },
    {
      "codigo": "56739",
      "action": "skipped",
      "reason": "missing_price_usd"
    },
    {
      "codigo": "56729",
      "action": "skipped",
      "reason": "missing_price_usd"
    },
    {
      "codigo": "56728",
      "action": "skipped",
      "reason": "missing_price_usd"
    },
    {
      "codigo": "56723",
      "action": "skipped",
      "reason": "missing_price_usd"
    },
    {
      "codigo": "56716",
      "action": "skipped",
      "reason": "missing_price_usd"
    },
    {
      "codigo": "56699",
      "action": "skipped",
      "reason": "missing_price_usd"
    },
    {
      "codigo": "56693",
      "action": "skipped",
      "reason": "missing_price_usd"
    },
    {
      "codigo": "56691",
      "action": "skipped",
      "reason": "missing_price_usd"
    },
    {
      "codigo": "56687",
      "action": "skipped",
      "reason": "missing_price_usd"
    },
    {
      "codigo": "56684",
      "action": "skipped",
      "reason": "missing_price_usd"
    },
    {
      "codigo": "56644",
      "action": "skipped",
      "reason": "missing_price_usd"
    },
    {
      "codigo": "56625",
      "action": "skipped",
      "reason": "missing_price_usd"
    },
    {
      "codigo": "56527",
      "action": "skipped",
      "reason": "missing_price_usd"
    },
    {
      "codigo": "56526",
      "action": "skipped",
      "reason": "missing_price_usd"
    },
    {
      "codigo": "56518",
      "action": "skipped",
      "reason": "missing_price_usd"
    },
    {
      "codigo": "56502",
      "action": "skipped",
      "reason": "missing_price_usd"
    },
    {
      "codigo": "56501",
      "action": "skipped",
      "reason": "missing_price_usd"
    },
    {
      "codigo": "56500",
      "action": "skipped",
      "reason": "missing_price_usd"
    },
    {
      "codigo": "56499",
      "action": "skipped",
      "reason": "missing_price_usd"
    },
    {
      "codigo": "56497",
      "action": "skipped",
      "reason": "missing_price_usd"
    },
    {
      "codigo": "56495",
      "action": "skipped",
      "reason": "missing_price_usd"
    },
    {
      "codigo": "56490",
      "action": "skipped",
      "reason": "missing_price_usd"
    },
    {
      "codigo": "56477",
      "action": "skipped",
      "reason": "missing_price_usd"
    },
    {
      "codigo": "56476",
      "action": "skipped",
      "reason": "missing_price_usd"
    },
    {
      "codigo": "56472",
      "action": "skipped",
      "reason": "missing_price_usd"
    },
    {
      "codigo": "56458",
      "action": "skipped",
      "reason": "missing_price_usd"
    },
    {
      "codigo": "56450",
      "action": "skipped",
      "reason": "missing_price_usd"
    },
    {
      "codigo": "56406",
      "action": "skipped",
      "reason": "missing_price_usd"
    },
    {
      "codigo": "56404",
      "action": "skipped",
      "reason": "missing_price_usd"
    },
    {
      "codigo": "56403",
      "action": "skipped",
      "reason": "missing_price_usd"
    },
    {
      "codigo": "56402",
      "action": "skipped",
      "reason": "missing_price_usd"
    },
    {
      "codigo": "56401",
      "action": "skipped",
      "reason": "missing_price_usd"
    },
    {
      "codigo": "56384",
      "action": "skipped",
      "reason": "missing_price_usd"
    },
    {
      "codigo": "56365",
      "action": "skipped",
      "reason": "missing_price_usd"
    },
    {
      "codigo": "56364",
      "action": "skipped",
      "reason": "missing_price_usd"
    },
    {
      "codigo": "56344",
      "action": "skipped",
      "reason": "missing_price_usd"
    },
    {
      "codigo": "56343",
      "action": "skipped",
      "reason": "missing_price_usd"
    },
    {
      "codigo": "56342",
      "action": "skipped",
      "reason": "missing_price_usd"
    },
    {
      "codigo": "56340",
      "action": "skipped",
      "reason": "missing_price_usd"
    },
    {
      "codigo": "56339",
      "action": "skipped",
      "reason": "missing_price_usd"
    },
    {
      "codigo": "56338",
      "action": "skipped",
      "reason": "missing_price_usd"
    },
    {
      "codigo": "56337",
      "action": "skipped",
      "reason": "missing_price_usd"
    },
    {
      "codigo": "56336",
      "action": "skipped",
      "reason": "missing_price_usd"
    },
    {
      "codigo": "56335",
      "action": "skipped",
      "reason": "missing_price_usd"
    },
    {
      "codigo": "56334",
      "action": "skipped",
      "reason": "missing_price_usd"
    },
    {
      "codigo": "56331",
      "action": "skipped",
      "reason": "missing_price_usd"
    },
    {
      "codigo": "56330",
      "action": "skipped",
      "reason": "missing_price_usd"
    },
    {
      "codigo": "56329",
      "action": "skipped",
      "reason": "missing_price_usd"
    },
    {
      "codigo": "56328",
      "action": "skipped",
      "reason": "missing_price_usd"
    },
    {
      "codigo": "56313",
      "action": "skipped",
      "reason": "missing_price_usd"
    },
    {
      "codigo": "56291",
      "action": "skipped",
      "reason": "missing_price_usd"
    },
    {
      "codigo": "56290",
      "action": "skipped",
      "reason": "missing_price_usd"
    },
    {
      "codigo": "56288",
      "action": "skipped",
      "reason": "missing_price_usd"
    },
    {
      "codigo": "56278",
      "action": "skipped",
      "reason": "missing_price_usd"
    },
    {
      "codigo": "56252",
      "action": "skipped",
      "reason": "missing_price_usd"
    },
    {
      "codigo": "56238",
      "action": "skipped",
      "reason": "missing_price_usd"
    },
    {
      "codigo": "56233",
      "action": "skipped",
      "reason": "missing_price_usd"
    },
    {
      "codigo": "56229",
      "action": "skipped",
      "reason": "missing_price_usd"
    },
    {
      "codigo": "56227",
      "action": "skipped",
      "reason": "missing_price_usd"
    },
    {
      "codigo": "56226",
      "action": "skipped",
      "reason": "missing_price_usd"
    },
    {
      "codigo": "56225",
      "action": "skipped",
      "reason": "missing_price_usd"
    },
    {
      "codigo": "56222",
      "action": "skipped",
      "reason": "missing_price_usd"
    },
    {
      "codigo": "56221",
      "action": "skipped",
      "reason": "missing_price_usd"
    },
    {
      "codigo": "56220",
      "action": "skipped",
      "reason": "missing_price_usd"
    },
    {
      "codigo": "56219",
      "action": "skipped",
      "reason": "missing_price_usd"
    },
    {
      "codigo": "56218",
      "action": "skipped",
      "reason": "missing_price_usd"
    },
    {
      "codigo": "56217",
      "action": "skipped",
      "reason": "missing_price_usd"
    },
    {
      "codigo": "56216",
      "action": "skipped",
      "reason": "missing_price_usd"
    },
    {
      "codigo": "56215",
      "action": "skipped",
      "reason": "missing_price_usd"
    },
    {
      "codigo": "56214",
      "action": "skipped",
      "reason": "missing_price_usd"
    },
    {
      "codigo": "56213",
      "action": "skipped",
      "reason": "missing_price_usd"
    },
    {
      "codigo": "56212",
      "action": "skipped",
      "reason": "missing_price_usd"
    },
    {
      "codigo": "56211",
      "action": "skipped",
      "reason": "missing_price_usd"
    },
    {
      "codigo": "56191",
      "action": "skipped",
      "reason": "missing_price_usd"
    },
    {
      "codigo": "56190",
      "action": "skipped",
      "reason": "missing_price_usd"
    },
    {
      "codigo": "56189",
      "action": "skipped",
      "reason": "missing_price_usd"
    },
    {
      "codigo": "56183",
      "action": "skipped",
      "reason": "missing_price_usd"
    },
    {
      "codigo": "56182",
      "action": "skipped",
      "reason": "missing_price_usd"
    },
    {
      "codigo": "56179",
      "action": "skipped",
      "reason": "missing_price_usd"
    },
    {
      "codigo": "56178",
      "action": "skipped",
      "reason": "missing_price_usd"
    },
    {
      "codigo": "56151",
      "action": "skipped",
      "reason": "missing_price_usd"
    },
    {
      "codigo": "56146",
      "action": "skipped",
      "reason": "missing_price_usd"
    },
    {
      "codigo": "56145",
      "action": "skipped",
      "reason": "missing_price_usd"
    },
    {
      "codigo": "56094",
      "action": "skipped",
      "reason": "missing_price_usd"
    },
    {
      "codigo": "56093",
      "action": "skipped",
      "reason": "missing_price_usd"
    },
    {
      "codigo": "56079",
      "action": "skipped",
      "reason": "missing_price_usd"
    },
    {
      "codigo": "56078",
      "action": "skipped",
      "reason": "missing_price_usd"
    },
    {
      "codigo": "56077",
      "action": "skipped",
      "reason": "missing_price_usd"
    },
    {
      "codigo": "56069",
      "action": "skipped",
      "reason": "missing_price_usd"
    },
    {
      "codigo": "56052",
      "action": "skipped",
      "reason": "missing_price_usd"
    },
    {
      "codigo": "56050",
      "action": "skipped",
      "reason": "missing_price_usd"
    },
    {
      "codigo": "56049",
      "action": "skipped",
      "reason": "missing_price_usd"
    },
    {
      "codigo": "55977",
      "action": "skipped",
      "reason": "missing_price_usd"
    },
    {
      "codigo": "55908",
      "action": "skipped",
      "reason": "missing_price_usd"
    },
    {
      "codigo": "55842",
      "action": "skipped",
      "reason": "missing_price_usd"
    },
    {
      "codigo": "55819",
      "action": "skipped",
      "reason": "missing_price_usd"
    },
    {
      "codigo": "55816",
      "action": "skipped",
      "reason": "missing_price_usd"
    },
    {
      "codigo": "55801",
      "action": "skipped",
      "reason": "missing_price_usd"
    },
    {
      "codigo": "55800",
      "action": "skipped",
      "reason": "missing_price_usd"
    },
    {
      "codigo": "55799",
      "action": "skipped",
      "reason": "missing_price_usd"
    },
    {
      "codigo": "55798",
      "action": "skipped",
      "reason": "missing_price_usd"
    },
    {
      "codigo": "55792",
      "action": "skipped",
      "reason": "missing_price_usd"
    },
    {
      "codigo": "55789",
      "action": "skipped",
      "reason": "missing_price_usd"
    },
    {
      "codigo": "55788",
      "action": "skipped",
      "reason": "missing_price_usd"
    },
    {
      "codigo": "55787",
      "action": "skipped",
      "reason": "missing_price_usd"
    },
    {
      "codigo": "55771",
      "action": "skipped",
      "reason": "missing_price_usd"
    },
    {
      "codigo": "55763",
      "action": "skipped",
      "reason": "missing_price_usd"
    },
    {
      "codigo": "55760",
      "action": "skipped",
      "reason": "missing_price_usd"
    },
    {
      "codigo": "55757",
      "action": "skipped",
      "reason": "missing_price_usd"
    },
    {
      "codigo": "55749",
      "action": "skipped",
      "reason": "missing_price_usd"
    },
    {
      "codigo": "55747",
      "action": "skipped",
      "reason": "missing_price_usd"
    },
    {
      "codigo": "55746",
      "action": "skipped",
      "reason": "missing_price_usd"
    },
    {
      "codigo": "55745",
      "action": "skipped",
      "reason": "missing_price_usd"
    },
    {
      "codigo": "55744",
      "action": "skipped",
      "reason": "missing_price_usd"
    },
    {
      "codigo": "55741",
      "action": "skipped",
      "reason": "missing_price_usd"
    },
    {
      "codigo": "55738",
      "action": "skipped",
      "reason": "missing_price_usd"
    },
    {
      "codigo": "55736",
      "action": "skipped",
      "reason": "missing_price_usd"
    },
    {
      "codigo": "55730",
      "action": "skipped",
      "reason": "missing_price_usd"
    },
    {
      "codigo": "55728",
      "action": "skipped",
      "reason": "missing_price_usd"
    },
    {
      "codigo": "55727",
      "action": "skipped",
      "reason": "missing_price_usd"
    },
    {
      "codigo": "55726",
      "action": "skipped",
      "reason": "missing_price_usd"
    },
    {
      "codigo": "55723",
      "action": "skipped",
      "reason": "missing_price_usd"
    },
    {
      "codigo": "55720",
      "action": "skipped",
      "reason": "missing_price_usd"
    },
    {
      "codigo": "55682",
      "action": "skipped",
      "reason": "missing_price_usd"
    },
    {
      "codigo": "55670",
      "action": "skipped",
      "reason": "missing_price_usd"
    },
    {
      "codigo": "55631",
      "action": "skipped",
      "reason": "missing_price_usd"
    },
    {
      "codigo": "55615",
      "action": "skipped",
      "reason": "missing_price_usd"
    },
    {
      "codigo": "55552",
      "action": "skipped",
      "reason": "missing_price_usd"
    },
    {
      "codigo": "55458",
      "action": "skipped",
      "reason": "missing_price_usd"
    },
    {
      "codigo": "55450",
      "action": "skipped",
      "reason": "missing_price_usd"
    },
    {
      "codigo": "55449",
      "action": "skipped",
      "reason": "missing_price_usd"
    },
    {
      "codigo": "55429",
      "action": "skipped",
      "reason": "missing_price_usd"
    },
    {
      "codigo": "55414",
      "action": "skipped",
      "reason": "missing_price_usd"
    },
    {
      "codigo": "55412",
      "action": "skipped",
      "reason": "missing_price_usd"
    },
    {
      "codigo": "55375",
      "action": "skipped",
      "reason": "missing_price_usd"
    },
    {
      "codigo": "55373",
      "action": "skipped",
      "reason": "missing_price_usd"
    },
    {
      "codigo": "55372",
      "action": "skipped",
      "reason": "missing_price_usd"
    },
    {
      "codigo": "55193",
      "action": "skipped",
      "reason": "missing_price_usd"
    },
    {
      "codigo": "55186",
      "action": "skipped",
      "reason": "missing_price_usd"
    },
    {
      "codigo": "55180",
      "action": "skipped",
      "reason": "missing_price_usd"
    },
    {
      "codigo": "55162",
      "action": "skipped",
      "reason": "missing_price_usd"
    },
    {
      "codigo": "55160",
      "action": "skipped",
      "reason": "missing_price_usd"
    },
    {
      "codigo": "55159",
      "action": "skipped",
      "reason": "missing_price_usd"
    },
    {
      "codigo": "55158",
      "action": "skipped",
      "reason": "missing_price_usd"
    },
    {
      "codigo": "55157",
      "action": "skipped",
      "reason": "missing_price_usd"
    },
    {
      "codigo": "55104",
      "action": "skipped",
      "reason": "missing_price_usd"
    },
    {
      "codigo": "55103",
      "action": "skipped",
      "reason": "missing_price_usd"
    },
    {
      "codigo": "55102",
      "action": "skipped",
      "reason": "missing_price_usd"
    },
    {
      "codigo": "55101",
      "action": "skipped",
      "reason": "missing_price_usd"
    },
    {
      "codigo": "55086",
      "action": "skipped",
      "reason": "missing_price_usd"
    },
    {
      "codigo": "55049",
      "action": "skipped",
      "reason": "missing_price_usd"
    },
    {
      "codigo": "55019",
      "action": "skipped",
      "reason": "missing_price_usd"
    },
    {
      "codigo": "54983",
      "action": "skipped",
      "reason": "missing_price_usd"
    },
    {
      "codigo": "54945",
      "action": "skipped",
      "reason": "missing_price_usd"
    },
    {
      "codigo": "54914",
      "action": "skipped",
      "reason": "missing_price_usd"
    },
    {
      "codigo": "54895",
      "action": "skipped",
      "reason": "missing_price_usd"
    },
    {
      "codigo": "54857",
      "action": "skipped",
      "reason": "missing_price_usd"
    },
    {
      "codigo": "54838",
      "action": "skipped",
      "reason": "missing_price_usd"
    },
    {
      "codigo": "54837",
      "action": "skipped",
      "reason": "missing_price_usd"
    },
    {
      "codigo": "54834",
      "action": "skipped",
      "reason": "missing_price_usd"
    },
    {
      "codigo": "54804",
      "action": "skipped",
      "reason": "missing_price_usd"
    },
    {
      "codigo": "54802",
      "action": "skipped",
      "reason": "missing_price_usd"
    },
    {
      "codigo": "54795",
      "action": "skipped",
      "reason": "missing_price_usd"
    },
    {
      "codigo": "53268",
      "action": "skipped",
      "reason": "missing_price_usd"
    },
    {
      "codigo": "48983",
      "action": "skipped",
      "reason": "missing_price_usd"
    },
    {
      "codigo": "47023",
      "action": "skipped",
      "reason": "missing_price_usd"
    },
    {
      "codigo": "54580",
      "action": "skipped",
      "reason": "missing_price_usd"
    },
    {
      "codigo": "53011",
      "action": "skipped",
      "reason": "missing_price_usd"
    },
    {
      "codigo": "54544",
      "action": "skipped",
      "reason": "missing_price_usd"
    },
    {
      "codigo": "54542",
      "action": "skipped",
      "reason": "missing_price_usd"
    },
    {
      "codigo": "54541",
      "action": "skipped",
      "reason": "missing_price_usd"
    },
    {
      "codigo": "54538",
      "action": "skipped",
      "reason": "missing_price_usd"
    },
    {
      "codigo": "54536",
      "action": "skipped",
      "reason": "missing_price_usd"
    },
    {
      "codigo": "54535",
      "action": "skipped",
      "reason": "missing_price_usd"
    },
    {
      "codigo": "54534",
      "action": "skipped",
      "reason": "missing_price_usd"
    },
    {
      "codigo": "54530",
      "action": "skipped",
      "reason": "missing_price_usd"
    },
    {
      "codigo": "54527",
      "action": "skipped",
      "reason": "missing_price_usd"
    },
    {
      "codigo": "54507",
      "action": "skipped",
      "reason": "missing_price_usd"
    },
    {
      "codigo": "54497",
      "action": "skipped",
      "reason": "missing_price_usd"
    },
    {
      "codigo": "54432",
      "action": "skipped",
      "reason": "missing_price_usd"
    },
    {
      "codigo": "54391",
      "action": "skipped",
      "reason": "missing_price_usd"
    },
    {
      "codigo": "54372",
      "action": "skipped",
      "reason": "missing_price_usd"
    },
    {
      "codigo": "54371",
      "action": "skipped",
      "reason": "missing_price_usd"
    },
    {
      "codigo": "54370",
      "action": "skipped",
      "reason": "missing_price_usd"
    },
    {
      "codigo": "54362",
      "action": "skipped",
      "reason": "missing_price_usd"
    },
    {
      "codigo": "54332",
      "action": "skipped",
      "reason": "missing_price_usd"
    },
    {
      "codigo": "54309",
      "action": "skipped",
      "reason": "missing_price_usd"
    },
    {
      "codigo": "54243",
      "action": "skipped",
      "reason": "missing_price_usd"
    },
    {
      "codigo": "54232",
      "action": "skipped",
      "reason": "missing_price_usd"
    },
    {
      "codigo": "54230",
      "action": "skipped",
      "reason": "missing_price_usd"
    },
    {
      "codigo": "52871",
      "action": "skipped",
      "reason": "missing_price_usd"
    },
    {
      "codigo": "54209",
      "action": "skipped",
      "reason": "missing_price_usd"
    },
    {
      "codigo": "54208",
      "action": "skipped",
      "reason": "missing_price_usd"
    },
    {
      "codigo": "52511",
      "action": "skipped",
      "reason": "missing_price_usd"
    },
    {
      "codigo": "53445",
      "action": "skipped",
      "reason": "missing_price_usd"
    },
    {
      "codigo": "53302",
      "action": "skipped",
      "reason": "missing_price_usd"
    },
    {
      "codigo": "53950",
      "action": "skipped",
      "reason": "missing_price_usd"
    },
    {
      "codigo": "53949",
      "action": "skipped",
      "reason": "missing_price_usd"
    },
    {
      "codigo": "53897",
      "action": "skipped",
      "reason": "missing_price_usd"
    },
    {
      "codigo": "53895",
      "action": "skipped",
      "reason": "missing_price_usd"
    },
    {
      "codigo": "53304",
      "action": "skipped",
      "reason": "missing_price_usd"
    },
    {
      "codigo": "53300",
      "action": "skipped",
      "reason": "missing_price_usd"
    },
    {
      "codigo": "53793",
      "action": "skipped",
      "reason": "missing_price_usd"
    },
    {
      "codigo": "53775",
      "action": "skipped",
      "reason": "missing_price_usd"
    },
    {
      "codigo": "53773",
      "action": "skipped",
      "reason": "missing_price_usd"
    },
    {
      "codigo": "53753",
      "action": "skipped",
      "reason": "missing_price_usd"
    },
    {
      "codigo": "53713",
      "action": "skipped",
      "reason": "missing_price_usd"
    },
    {
      "codigo": "53580",
      "action": "skipped",
      "reason": "missing_price_usd"
    },
    {
      "codigo": "52894",
      "action": "skipped",
      "reason": "missing_price_usd"
    },
    {
      "codigo": "52892",
      "action": "skipped",
      "reason": "missing_price_usd"
    },
    {
      "codigo": "53564",
      "action": "skipped",
      "reason": "missing_price_usd"
    },
    {
      "codigo": "53562",
      "action": "skipped",
      "reason": "missing_price_usd"
    },
    {
      "codigo": "48009",
      "action": "skipped",
      "reason": "missing_price_usd"
    },
    {
      "codigo": "53527",
      "action": "skipped",
      "reason": "missing_price_usd"
    },
    {
      "codigo": "48031",
      "action": "skipped",
      "reason": "missing_price_usd"
    },
    {
      "codigo": "48733",
      "action": "skipped",
      "reason": "missing_price_usd"
    },
    {
      "codigo": "53437",
      "action": "skipped",
      "reason": "missing_price_usd"
    },
    {
      "codigo": "53413",
      "action": "skipped",
      "reason": "missing_price_usd"
    },
    {
      "codigo": "53366",
      "action": "skipped",
      "reason": "missing_price_usd"
    },
    {
      "codigo": "45249",
      "action": "skipped",
      "reason": "missing_price_usd"
    },
    {
      "codigo": "53360",
      "action": "skipped",
      "reason": "missing_price_usd"
    },
    {
      "codigo": "53326",
      "action": "skipped",
      "reason": "missing_price_usd"
    },
    {
      "codigo": "53315",
      "action": "skipped",
      "reason": "missing_price_usd"
    },
    {
      "codigo": "53301",
      "action": "skipped",
      "reason": "missing_price_usd"
    },
    {
      "codigo": "45575",
      "action": "skipped",
      "reason": "missing_price_usd"
    },
    {
      "codigo": "53285",
      "action": "skipped",
      "reason": "missing_price_usd"
    },
    {
      "codigo": "53247",
      "action": "skipped",
      "reason": "missing_price_usd"
    },
    {
      "codigo": "53245",
      "action": "skipped",
      "reason": "missing_price_usd"
    },
    {
      "codigo": "53233",
      "action": "skipped",
      "reason": "missing_price_usd"
    },
    {
      "codigo": "53232",
      "action": "skipped",
      "reason": "missing_price_usd"
    },
    {
      "codigo": "53206",
      "action": "skipped",
      "reason": "missing_price_usd"
    },
    {
      "codigo": "53203",
      "action": "skipped",
      "reason": "missing_price_usd"
    },
    {
      "codigo": "53184",
      "action": "skipped",
      "reason": "missing_price_usd"
    },
    {
      "codigo": "53183",
      "action": "skipped",
      "reason": "missing_price_usd"
    },
    {
      "codigo": "53181",
      "action": "skipped",
      "reason": "missing_price_usd"
    },
    {
      "codigo": "45373",
      "action": "skipped",
      "reason": "missing_price_usd"
    },
    {
      "codigo": "53096",
      "action": "skipped",
      "reason": "missing_price_usd"
    },
    {
      "codigo": "53092",
      "action": "skipped",
      "reason": "missing_price_usd"
    },
    {
      "codigo": "53072",
      "action": "skipped",
      "reason": "missing_price_usd"
    },
    {
      "codigo": "53018",
      "action": "skipped",
      "reason": "missing_price_usd"
    },
    {
      "codigo": "53005",
      "action": "skipped",
      "reason": "missing_price_usd"
    },
    {
      "codigo": "51537",
      "action": "skipped",
      "reason": "missing_price_usd"
    },
    {
      "codigo": "52893",
      "action": "skipped",
      "reason": "missing_price_usd"
    },
    {
      "codigo": "52870",
      "action": "skipped",
      "reason": "missing_price_usd"
    },
    {
      "codigo": "52866",
      "action": "skipped",
      "reason": "missing_price_usd"
    },
    {
      "codigo": "52862",
      "action": "skipped",
      "reason": "missing_price_usd"
    },
    {
      "codigo": "52855",
      "action": "skipped",
      "reason": "missing_price_usd"
    },
    {
      "codigo": "52852",
      "action": "skipped",
      "reason": "missing_price_usd"
    },
    {
      "codigo": "52841",
      "action": "skipped",
      "reason": "missing_price_usd"
    },
    {
      "codigo": "45248",
      "action": "skipped",
      "reason": "missing_price_usd"
    },
    {
      "codigo": "40562",
      "action": "skipped",
      "reason": "missing_price_usd"
    },
    {
      "codigo": "52726",
      "action": "skipped",
      "reason": "missing_price_usd"
    },
    {
      "codigo": "52696",
      "action": "skipped",
      "reason": "missing_price_usd"
    },
    {
      "codigo": "51134",
      "action": "skipped",
      "reason": "missing_price_usd"
    },
    {
      "codigo": "52673",
      "action": "skipped",
      "reason": "missing_price_usd"
    },
    {
      "codigo": "45021",
      "action": "skipped",
      "reason": "missing_price_usd"
    },
    {
      "codigo": "52661",
      "action": "skipped",
      "reason": "missing_price_usd"
    },
    {
      "codigo": "52659",
      "action": "skipped",
      "reason": "missing_price_usd"
    },
    {
      "codigo": "51168",
      "action": "skipped",
      "reason": "missing_price_usd"
    },
    {
      "codigo": "52464",
      "action": "skipped",
      "reason": "missing_price_usd"
    },
    {
      "codigo": "52452",
      "action": "skipped",
      "reason": "missing_price_usd"
    },
    {
      "codigo": "52405",
      "action": "skipped",
      "reason": "missing_price_usd"
    },
    {
      "codigo": "52396",
      "action": "skipped",
      "reason": "missing_price_usd"
    },
    {
      "codigo": "52389",
      "action": "skipped",
      "reason": "missing_price_usd"
    },
    {
      "codigo": "52385",
      "action": "skipped",
      "reason": "missing_price_usd"
    },
    {
      "codigo": "52360",
      "action": "skipped",
      "reason": "missing_price_usd"
    },
    {
      "codigo": "47569",
      "action": "skipped",
      "reason": "missing_price_usd"
    },
    {
      "codigo": "52330",
      "action": "skipped",
      "reason": "missing_price_usd"
    },
    {
      "codigo": "40715",
      "action": "skipped",
      "reason": "missing_price_usd"
    },
    {
      "codigo": "52280",
      "action": "skipped",
      "reason": "missing_price_usd"
    },
    {
      "codigo": "52276",
      "action": "skipped",
      "reason": "missing_price_usd"
    },
    {
      "codigo": "44473",
      "action": "skipped",
      "reason": "missing_price_usd"
    },
    {
      "codigo": "44472",
      "action": "skipped",
      "reason": "missing_price_usd"
    },
    {
      "codigo": "52207",
      "action": "skipped",
      "reason": "missing_price_usd"
    },
    {
      "codigo": "52206",
      "action": "skipped",
      "reason": "missing_price_usd"
    },
    {
      "codigo": "52201",
      "action": "skipped",
      "reason": "missing_price_usd"
    },
    {
      "codigo": "50807",
      "action": "skipped",
      "reason": "missing_price_usd"
    },
    {
      "codigo": "52149",
      "action": "skipped",
      "reason": "missing_price_usd"
    },
    {
      "codigo": "52116",
      "action": "skipped",
      "reason": "missing_price_usd"
    },
    {
      "codigo": "52110",
      "action": "skipped",
      "reason": "missing_price_usd"
    },
    {
      "codigo": "52098",
      "action": "skipped",
      "reason": "missing_price_usd"
    },
    {
      "codigo": "52073",
      "action": "skipped",
      "reason": "missing_price_usd"
    },
    {
      "codigo": "51990",
      "action": "skipped",
      "reason": "missing_price_usd"
    },
    {
      "codigo": "51908",
      "action": "skipped",
      "reason": "missing_price_usd"
    },
    {
      "codigo": "50283",
      "action": "skipped",
      "reason": "missing_price_usd"
    },
    {
      "codigo": "51794",
      "action": "skipped",
      "reason": "missing_price_usd"
    },
    {
      "codigo": "51791",
      "action": "skipped",
      "reason": "missing_price_usd"
    },
    {
      "codigo": "51709",
      "action": "skipped",
      "reason": "missing_price_usd"
    },
    {
      "codigo": "51708",
      "action": "skipped",
      "reason": "missing_price_usd"
    },
    {
      "codigo": "51707",
      "action": "skipped",
      "reason": "missing_price_usd"
    },
    {
      "codigo": "51706",
      "action": "skipped",
      "reason": "missing_price_usd"
    },
    {
      "codigo": "51704",
      "action": "skipped",
      "reason": "missing_price_usd"
    },
    {
      "codigo": "51703",
      "action": "skipped",
      "reason": "missing_price_usd"
    },
    {
      "codigo": "51285",
      "action": "skipped",
      "reason": "missing_price_usd"
    },
    {
      "codigo": "51623",
      "action": "skipped",
      "reason": "missing_price_usd"
    },
    {
      "codigo": "50902",
      "action": "skipped",
      "reason": "missing_price_usd"
    },
    {
      "codigo": "51494",
      "action": "skipped",
      "reason": "missing_price_usd"
    },
    {
      "codigo": "51489",
      "action": "skipped",
      "reason": "missing_price_usd"
    },
    {
      "codigo": "51486",
      "action": "skipped",
      "reason": "missing_price_usd"
    },
    {
      "codigo": "51484",
      "action": "skipped",
      "reason": "missing_price_usd"
    },
    {
      "codigo": "51479",
      "action": "skipped",
      "reason": "missing_price_usd"
    },
    {
      "codigo": "50039",
      "action": "skipped",
      "reason": "missing_price_usd"
    },
    {
      "codigo": "51451",
      "action": "skipped",
      "reason": "missing_price_usd"
    },
    {
      "codigo": "51446",
      "action": "skipped",
      "reason": "missing_price_usd"
    },
    {
      "codigo": "51445",
      "action": "skipped",
      "reason": "missing_price_usd"
    },
    {
      "codigo": "51434",
      "action": "skipped",
      "reason": "missing_price_usd"
    },
    {
      "codigo": "51433",
      "action": "skipped",
      "reason": "missing_price_usd"
    },
    {
      "codigo": "49946",
      "action": "skipped",
      "reason": "missing_price_usd"
    },
    {
      "codigo": "49718",
      "action": "skipped",
      "reason": "missing_price_usd"
    },
    {
      "codigo": "51257",
      "action": "skipped",
      "reason": "missing_price_usd"
    },
    {
      "codigo": "51256",
      "action": "skipped",
      "reason": "missing_price_usd"
    },
    {
      "codigo": "51203",
      "action": "skipped",
      "reason": "missing_price_usd"
    },
    {
      "codigo": "51202",
      "action": "skipped",
      "reason": "missing_price_usd"
    },
    {
      "codigo": "51201",
      "action": "skipped",
      "reason": "missing_price_usd"
    },
    {
      "codigo": "51175",
      "action": "skipped",
      "reason": "missing_price_usd"
    },
    {
      "codigo": "49651",
      "action": "skipped",
      "reason": "missing_price_usd"
    },
    {
      "codigo": "43600",
      "action": "skipped",
      "reason": "missing_price_usd"
    },
    {
      "codigo": "51055",
      "action": "skipped",
      "reason": "missing_price_usd"
    },
    {
      "codigo": "51054",
      "action": "skipped",
      "reason": "missing_price_usd"
    },
    {
      "codigo": "51053",
      "action": "skipped",
      "reason": "missing_price_usd"
    },
    {
      "codigo": "51051",
      "action": "skipped",
      "reason": "missing_price_usd"
    },
    {
      "codigo": "50947",
      "action": "skipped",
      "reason": "missing_price_usd"
    },
    {
      "codigo": "50945",
      "action": "skipped",
      "reason": "missing_price_usd"
    },
    {
      "codigo": "50941",
      "action": "skipped",
      "reason": "missing_price_usd"
    },
    {
      "codigo": "50940",
      "action": "skipped",
      "reason": "missing_price_usd"
    },
    {
      "codigo": "50919",
      "action": "skipped",
      "reason": "missing_price_usd"
    },
    {
      "codigo": "50918",
      "action": "skipped",
      "reason": "missing_price_usd"
    },
    {
      "codigo": "50916",
      "action": "skipped",
      "reason": "missing_price_usd"
    },
    {
      "codigo": "50915",
      "action": "skipped",
      "reason": "missing_price_usd"
    },
    {
      "codigo": "50913",
      "action": "skipped",
      "reason": "missing_price_usd"
    },
    {
      "codigo": "50888",
      "action": "skipped",
      "reason": "missing_price_usd"
    },
    {
      "codigo": "50887",
      "action": "skipped",
      "reason": "missing_price_usd"
    },
    {
      "codigo": "50829",
      "action": "skipped",
      "reason": "missing_price_usd"
    },
    {
      "codigo": "50814",
      "action": "skipped",
      "reason": "missing_price_usd"
    },
    {
      "codigo": "50813",
      "action": "skipped",
      "reason": "missing_price_usd"
    },
    {
      "codigo": "50779",
      "action": "skipped",
      "reason": "missing_price_usd"
    },
    {
      "codigo": "49176",
      "action": "skipped",
      "reason": "missing_price_usd"
    },
    {
      "codigo": "50635",
      "action": "skipped",
      "reason": "missing_price_usd"
    },
    {
      "codigo": "44941",
      "action": "skipped",
      "reason": "missing_price_usd"
    },
    {
      "codigo": "50421",
      "action": "skipped",
      "reason": "missing_price_usd"
    },
    {
      "codigo": "50376",
      "action": "skipped",
      "reason": "missing_price_usd"
    },
    {
      "codigo": "50356",
      "action": "skipped",
      "reason": "missing_price_usd"
    },
    {
      "codigo": "50355",
      "action": "skipped",
      "reason": "missing_price_usd"
    },
    {
      "codigo": "50336",
      "action": "skipped",
      "reason": "missing_price_usd"
    },
    {
      "codigo": "29007",
      "action": "skipped",
      "reason": "missing_price_usd"
    },
    {
      "codigo": "49458",
      "action": "skipped",
      "reason": "missing_price_usd"
    },
    {
      "codigo": "50162",
      "action": "skipped",
      "reason": "missing_price_usd"
    },
    {
      "codigo": "38192",
      "action": "skipped",
      "reason": "missing_price_usd"
    },
    {
      "codigo": "42195",
      "action": "skipped",
      "reason": "missing_price_usd"
    },
    {
      "codigo": "49953",
      "action": "skipped",
      "reason": "missing_price_usd"
    },
    {
      "codigo": "49951",
      "action": "skipped",
      "reason": "missing_price_usd"
    },
    {
      "codigo": "49949",
      "action": "skipped",
      "reason": "missing_price_usd"
    },
    {
      "codigo": "49948",
      "action": "skipped",
      "reason": "missing_price_usd"
    },
    {
      "codigo": "49947",
      "action": "skipped",
      "reason": "missing_price_usd"
    },
    {
      "codigo": "49941",
      "action": "skipped",
      "reason": "missing_price_usd"
    },
    {
      "codigo": "49940",
      "action": "skipped",
      "reason": "missing_price_usd"
    },
    {
      "codigo": "49939",
      "action": "skipped",
      "reason": "missing_price_usd"
    },
    {
      "codigo": "49938",
      "action": "skipped",
      "reason": "missing_price_usd"
    },
    {
      "codigo": "49854",
      "action": "skipped",
      "reason": "missing_price_usd"
    },
    {
      "codigo": "49851",
      "action": "skipped",
      "reason": "missing_price_usd"
    },
    {
      "codigo": "49814",
      "action": "skipped",
      "reason": "missing_price_usd"
    },
    {
      "codigo": "49812",
      "action": "skipped",
      "reason": "missing_price_usd"
    },
    {
      "codigo": "48335",
      "action": "skipped",
      "reason": "missing_price_usd"
    },
    {
      "codigo": "48334",
      "action": "skipped",
      "reason": "missing_price_usd"
    },
    {
      "codigo": "49734",
      "action": "skipped",
      "reason": "missing_price_usd"
    },
    {
      "codigo": "49688",
      "action": "skipped",
      "reason": "missing_price_usd"
    },
    {
      "codigo": "49683",
      "action": "skipped",
      "reason": "missing_price_usd"
    },
    {
      "codigo": "49674",
      "action": "skipped",
      "reason": "missing_price_usd"
    },
    {
      "codigo": "48143",
      "action": "skipped",
      "reason": "missing_price_usd"
    },
    {
      "codigo": "49545",
      "action": "skipped",
      "reason": "missing_price_usd"
    },
    {
      "codigo": "49544",
      "action": "skipped",
      "reason": "missing_price_usd"
    },
    {
      "codigo": "49510",
      "action": "skipped",
      "reason": "missing_price_usd"
    },
    {
      "codigo": "49461",
      "action": "skipped",
      "reason": "missing_price_usd"
    },
    {
      "codigo": "49460",
      "action": "skipped",
      "reason": "missing_price_usd"
    },
    {
      "codigo": "49375",
      "action": "skipped",
      "reason": "missing_price_usd"
    },
    {
      "codigo": "49366",
      "action": "skipped",
      "reason": "missing_price_usd"
    },
    {
      "codigo": "49316",
      "action": "skipped",
      "reason": "missing_price_usd"
    },
    {
      "codigo": "49309",
      "action": "skipped",
      "reason": "missing_price_usd"
    },
    {
      "codigo": "49302",
      "action": "skipped",
      "reason": "missing_price_usd"
    },
    {
      "codigo": "49254",
      "action": "skipped",
      "reason": "missing_price_usd"
    },
    {
      "codigo": "49253",
      "action": "skipped",
      "reason": "missing_price_usd"
    },
    {
      "codigo": "48539",
      "action": "skipped",
      "reason": "missing_price_usd"
    },
    {
      "codigo": "49153",
      "action": "skipped",
      "reason": "missing_price_usd"
    },
    {
      "codigo": "49098",
      "action": "skipped",
      "reason": "missing_price_usd"
    },
    {
      "codigo": "43950",
      "action": "skipped",
      "reason": "missing_price_usd"
    },
    {
      "codigo": "48984",
      "action": "skipped",
      "reason": "missing_price_usd"
    },
    {
      "codigo": "48972",
      "action": "skipped",
      "reason": "missing_price_usd"
    },
    {
      "codigo": "48971",
      "action": "skipped",
      "reason": "missing_price_usd"
    },
    {
      "codigo": "48964",
      "action": "skipped",
      "reason": "missing_price_usd"
    },
    {
      "codigo": "48921",
      "action": "skipped",
      "reason": "missing_price_usd"
    },
    {
      "codigo": "41205",
      "action": "skipped",
      "reason": "missing_price_usd"
    },
    {
      "codigo": "48794",
      "action": "skipped",
      "reason": "missing_price_usd"
    },
    {
      "codigo": "48776",
      "action": "skipped",
      "reason": "missing_price_usd"
    },
    {
      "codigo": "48743",
      "action": "skipped",
      "reason": "missing_price_usd"
    },
    {
      "codigo": "48738",
      "action": "skipped",
      "reason": "missing_price_usd"
    },
    {
      "codigo": "48658",
      "action": "skipped",
      "reason": "missing_price_usd"
    },
    {
      "codigo": "48643",
      "action": "skipped",
      "reason": "missing_price_usd"
    },
    {
      "codigo": "47085",
      "action": "skipped",
      "reason": "missing_price_usd"
    },
    {
      "codigo": "48639",
      "action": "skipped",
      "reason": "missing_price_usd"
    },
    {
      "codigo": "48638",
      "action": "skipped",
      "reason": "missing_price_usd"
    },
    {
      "codigo": "48635",
      "action": "skipped",
      "reason": "missing_price_usd"
    },
    {
      "codigo": "48594",
      "action": "skipped",
      "reason": "missing_price_usd"
    },
    {
      "codigo": "48584",
      "action": "skipped",
      "reason": "missing_price_usd"
    },
    {
      "codigo": "48560",
      "action": "skipped",
      "reason": "missing_price_usd"
    },
    {
      "codigo": "48556",
      "action": "skipped",
      "reason": "missing_price_usd"
    },
    {
      "codigo": "48538",
      "action": "skipped",
      "reason": "missing_price_usd"
    },
    {
      "codigo": "48537",
      "action": "skipped",
      "reason": "missing_price_usd"
    },
    {
      "codigo": "48536",
      "action": "skipped",
      "reason": "missing_price_usd"
    },
    {
      "codigo": "48513",
      "action": "skipped",
      "reason": "missing_price_usd"
    },
    {
      "codigo": "42782",
      "action": "skipped",
      "reason": "missing_price_usd"
    },
    {
      "codigo": "48435",
      "action": "skipped",
      "reason": "missing_price_usd"
    },
    {
      "codigo": "48316",
      "action": "skipped",
      "reason": "missing_price_usd"
    },
    {
      "codigo": "48315",
      "action": "skipped",
      "reason": "missing_price_usd"
    },
    {
      "codigo": "48283",
      "action": "skipped",
      "reason": "missing_price_usd"
    },
    {
      "codigo": "48208",
      "action": "skipped",
      "reason": "missing_price_usd"
    },
    {
      "codigo": "48206",
      "action": "skipped",
      "reason": "missing_price_usd"
    },
    {
      "codigo": "48119",
      "action": "skipped",
      "reason": "missing_price_usd"
    },
    {
      "codigo": "48111",
      "action": "skipped",
      "reason": "missing_price_usd"
    },
    {
      "codigo": "48110",
      "action": "skipped",
      "reason": "missing_price_usd"
    },
    {
      "codigo": "48057",
      "action": "skipped",
      "reason": "missing_price_usd"
    },
    {
      "codigo": "48035",
      "action": "skipped",
      "reason": "missing_price_usd"
    },
    {
      "codigo": "48029",
      "action": "skipped",
      "reason": "missing_price_usd"
    },
    {
      "codigo": "48026",
      "action": "skipped",
      "reason": "missing_price_usd"
    },
    {
      "codigo": "48025",
      "action": "skipped",
      "reason": "missing_price_usd"
    },
    {
      "codigo": "48020",
      "action": "skipped",
      "reason": "missing_price_usd"
    },
    {
      "codigo": "48019",
      "action": "skipped",
      "reason": "missing_price_usd"
    },
    {
      "codigo": "48014",
      "action": "skipped",
      "reason": "missing_price_usd"
    },
    {
      "codigo": "47999",
      "action": "skipped",
      "reason": "missing_price_usd"
    },
    {
      "codigo": "47998",
      "action": "skipped",
      "reason": "missing_price_usd"
    },
    {
      "codigo": "47989",
      "action": "skipped",
      "reason": "missing_price_usd"
    },
    {
      "codigo": "46621",
      "action": "skipped",
      "reason": "missing_price_usd"
    },
    {
      "codigo": "47960",
      "action": "skipped",
      "reason": "missing_price_usd"
    },
    {
      "codigo": "47933",
      "action": "skipped",
      "reason": "missing_price_usd"
    },
    {
      "codigo": "47850",
      "action": "skipped",
      "reason": "missing_price_usd"
    },
    {
      "codigo": "47821",
      "action": "skipped",
      "reason": "missing_price_usd"
    },
    {
      "codigo": "47819",
      "action": "skipped",
      "reason": "missing_price_usd"
    },
    {
      "codigo": "36364",
      "action": "skipped",
      "reason": "missing_price_usd"
    },
    {
      "codigo": "36362",
      "action": "skipped",
      "reason": "missing_price_usd"
    },
    {
      "codigo": "47663",
      "action": "skipped",
      "reason": "missing_price_usd"
    },
    {
      "codigo": "47661",
      "action": "skipped",
      "reason": "missing_price_usd"
    },
    {
      "codigo": "47660",
      "action": "skipped",
      "reason": "missing_price_usd"
    },
    {
      "codigo": "47645",
      "action": "skipped",
      "reason": "missing_price_usd"
    },
    {
      "codigo": "47643",
      "action": "skipped",
      "reason": "missing_price_usd"
    },
    {
      "codigo": "42852",
      "action": "skipped",
      "reason": "missing_price_usd"
    },
    {
      "codigo": "47612",
      "action": "skipped",
      "reason": "missing_price_usd"
    },
    {
      "codigo": "47581",
      "action": "skipped",
      "reason": "missing_price_usd"
    },
    {
      "codigo": "45919",
      "action": "skipped",
      "reason": "missing_price_usd"
    },
    {
      "codigo": "47420",
      "action": "skipped",
      "reason": "missing_price_usd"
    },
    {
      "codigo": "47413",
      "action": "skipped",
      "reason": "missing_price_usd"
    },
    {
      "codigo": "47406",
      "action": "skipped",
      "reason": "missing_price_usd"
    },
    {
      "codigo": "47391",
      "action": "skipped",
      "reason": "missing_price_usd"
    },
    {
      "codigo": "47382",
      "action": "skipped",
      "reason": "missing_price_usd"
    },
    {
      "codigo": "46746",
      "action": "skipped",
      "reason": "missing_price_usd"
    },
    {
      "codigo": "47364",
      "action": "skipped",
      "reason": "missing_price_usd"
    },
    {
      "codigo": "47357",
      "action": "skipped",
      "reason": "missing_price_usd"
    },
    {
      "codigo": "47354",
      "action": "skipped",
      "reason": "missing_price_usd"
    },
    {
      "codigo": "47350",
      "action": "skipped",
      "reason": "missing_price_usd"
    },
    {
      "codigo": "47329",
      "action": "skipped",
      "reason": "missing_price_usd"
    },
    {
      "codigo": "47323",
      "action": "skipped",
      "reason": "missing_price_usd"
    },
    {
      "codigo": "47198",
      "action": "skipped",
      "reason": "missing_price_usd"
    },
    {
      "codigo": "47144",
      "action": "skipped",
      "reason": "missing_price_usd"
    },
    {
      "codigo": "47137",
      "action": "skipped",
      "reason": "missing_price_usd"
    },
    {
      "codigo": "47022",
      "action": "skipped",
      "reason": "missing_price_usd"
    },
    {
      "codigo": "46745",
      "action": "skipped",
      "reason": "missing_price_usd"
    },
    {
      "codigo": "46741",
      "action": "skipped",
      "reason": "missing_price_usd"
    },
    {
      "codigo": "46706",
      "action": "skipped",
      "reason": "missing_price_usd"
    },
    {
      "codigo": "45213",
      "action": "skipped",
      "reason": "missing_price_usd"
    },
    {
      "codigo": "31915",
      "action": "skipped",
      "reason": "missing_price_usd"
    },
    {
      "codigo": "46624",
      "action": "skipped",
      "reason": "missing_price_usd"
    },
    {
      "codigo": "46619",
      "action": "skipped",
      "reason": "missing_price_usd"
    },
    {
      "codigo": "46547",
      "action": "skipped",
      "reason": "missing_price_usd"
    },
    {
      "codigo": "46546",
      "action": "skipped",
      "reason": "missing_price_usd"
    },
    {
      "codigo": "46545",
      "action": "skipped",
      "reason": "missing_price_usd"
    },
    {
      "codigo": "46544",
      "action": "skipped",
      "reason": "missing_price_usd"
    },
    {
      "codigo": "46519",
      "action": "skipped",
      "reason": "missing_price_usd"
    },
    {
      "codigo": "46193",
      "action": "skipped",
      "reason": "missing_price_usd"
    },
    {
      "codigo": "46192",
      "action": "skipped",
      "reason": "missing_price_usd"
    },
    {
      "codigo": "46186",
      "action": "skipped",
      "reason": "missing_price_usd"
    },
    {
      "codigo": "46170",
      "action": "skipped",
      "reason": "missing_price_usd"
    },
    {
      "codigo": "46169",
      "action": "skipped",
      "reason": "missing_price_usd"
    },
    {
      "codigo": "46084",
      "action": "skipped",
      "reason": "missing_price_usd"
    },
    {
      "codigo": "46063",
      "action": "skipped",
      "reason": "missing_price_usd"
    },
    {
      "codigo": "46040",
      "action": "skipped",
      "reason": "missing_price_usd"
    },
    {
      "codigo": "46039",
      "action": "skipped",
      "reason": "missing_price_usd"
    },
    {
      "codigo": "45976",
      "action": "skipped",
      "reason": "missing_price_usd"
    },
    {
      "codigo": "45904",
      "action": "skipped",
      "reason": "missing_price_usd"
    },
    {
      "codigo": "45903",
      "action": "skipped",
      "reason": "missing_price_usd"
    },
    {
      "codigo": "45815",
      "action": "skipped",
      "reason": "missing_price_usd"
    },
    {
      "codigo": "45771",
      "action": "skipped",
      "reason": "missing_price_usd"
    },
    {
      "codigo": "45746",
      "action": "skipped",
      "reason": "missing_price_usd"
    },
    {
      "codigo": "45702",
      "action": "skipped",
      "reason": "missing_price_usd"
    },
    {
      "codigo": "45653",
      "action": "skipped",
      "reason": "missing_price_usd"
    },
    {
      "codigo": "45548",
      "action": "skipped",
      "reason": "missing_price_usd"
    },
    {
      "codigo": "45346",
      "action": "skipped",
      "reason": "missing_price_usd"
    },
    {
      "codigo": "44614",
      "action": "skipped",
      "reason": "missing_price_usd"
    },
    {
      "codigo": "40454",
      "action": "skipped",
      "reason": "missing_price_usd"
    },
    {
      "codigo": "45156",
      "action": "skipped",
      "reason": "missing_price_usd"
    },
    {
      "codigo": "44951",
      "action": "skipped",
      "reason": "missing_price_usd"
    },
    {
      "codigo": "44871",
      "action": "skipped",
      "reason": "missing_price_usd"
    },
    {
      "codigo": "44772",
      "action": "skipped",
      "reason": "missing_price_usd"
    },
    {
      "codigo": "44713",
      "action": "skipped",
      "reason": "missing_price_usd"
    },
    {
      "codigo": "44622",
      "action": "skipped",
      "reason": "missing_price_usd"
    },
    {
      "codigo": "44615",
      "action": "skipped",
      "reason": "missing_price_usd"
    },
    {
      "codigo": "44598",
      "action": "skipped",
      "reason": "missing_price_usd"
    },
    {
      "codigo": "44444",
      "action": "skipped",
      "reason": "missing_price_usd"
    },
    {
      "codigo": "44379",
      "action": "skipped",
      "reason": "missing_price_usd"
    },
    {
      "codigo": "44209",
      "action": "skipped",
      "reason": "missing_price_usd"
    },
    {
      "codigo": "43698",
      "action": "skipped",
      "reason": "missing_price_usd"
    },
    {
      "codigo": "43697",
      "action": "skipped",
      "reason": "missing_price_usd"
    },
    {
      "codigo": "43599",
      "action": "skipped",
      "reason": "missing_price_usd"
    },
    {
      "codigo": "43540",
      "action": "skipped",
      "reason": "missing_price_usd"
    },
    {
      "codigo": "43537",
      "action": "skipped",
      "reason": "missing_price_usd"
    },
    {
      "codigo": "43426",
      "action": "skipped",
      "reason": "missing_price_usd"
    },
    {
      "codigo": "24344",
      "action": "skipped",
      "reason": "missing_price_usd"
    },
    {
      "codigo": "43230",
      "action": "skipped",
      "reason": "missing_price_usd"
    },
    {
      "codigo": "42963",
      "action": "skipped",
      "reason": "missing_price_usd"
    },
    {
      "codigo": "42944",
      "action": "skipped",
      "reason": "missing_price_usd"
    },
    {
      "codigo": "42942",
      "action": "skipped",
      "reason": "missing_price_usd"
    },
    {
      "codigo": "42886",
      "action": "skipped",
      "reason": "missing_price_usd"
    },
    {
      "codigo": "42885",
      "action": "skipped",
      "reason": "missing_price_usd"
    },
    {
      "codigo": "42871",
      "action": "skipped",
      "reason": "missing_price_usd"
    },
    {
      "codigo": "42805",
      "action": "skipped",
      "reason": "missing_price_usd"
    },
    {
      "codigo": "42644",
      "action": "skipped",
      "reason": "missing_price_usd"
    },
    {
      "codigo": "42604",
      "action": "skipped",
      "reason": "missing_price_usd"
    },
    {
      "codigo": "31471",
      "action": "skipped",
      "reason": "missing_price_usd"
    },
    {
      "codigo": "42338",
      "action": "skipped",
      "reason": "missing_price_usd"
    },
    {
      "codigo": "33343",
      "action": "skipped",
      "reason": "missing_price_usd"
    },
    {
      "codigo": "42106",
      "action": "skipped",
      "reason": "missing_price_usd"
    },
    {
      "codigo": "42093",
      "action": "skipped",
      "reason": "missing_price_usd"
    },
    {
      "codigo": "27232",
      "action": "skipped",
      "reason": "missing_price_usd"
    },
    {
      "codigo": "36432",
      "action": "skipped",
      "reason": "missing_price_usd"
    },
    {
      "codigo": "31495",
      "action": "skipped",
      "reason": "missing_price_usd"
    },
    {
      "codigo": "41999",
      "action": "skipped",
      "reason": "missing_price_usd"
    },
    {
      "codigo": "41955",
      "action": "skipped",
      "reason": "missing_price_usd"
    },
    {
      "codigo": "41869",
      "action": "skipped",
      "reason": "missing_price_usd"
    },
    {
      "codigo": "41810",
      "action": "skipped",
      "reason": "missing_price_usd"
    },
    {
      "codigo": "41781",
      "action": "skipped",
      "reason": "missing_price_usd"
    },
    {
      "codigo": "41742",
      "action": "skipped",
      "reason": "missing_price_usd"
    },
    {
      "codigo": "41643",
      "action": "skipped",
      "reason": "missing_price_usd"
    },
    {
      "codigo": "41632",
      "action": "skipped",
      "reason": "missing_price_usd"
    },
    {
      "codigo": "41630",
      "action": "skipped",
      "reason": "missing_price_usd"
    },
    {
      "codigo": "41629",
      "action": "skipped",
      "reason": "missing_price_usd"
    },
    {
      "codigo": "41627",
      "action": "skipped",
      "reason": "missing_price_usd"
    },
    {
      "codigo": "41552",
      "action": "skipped",
      "reason": "missing_price_usd"
    },
    {
      "codigo": "41481",
      "action": "skipped",
      "reason": "missing_price_usd"
    },
    {
      "codigo": "41480",
      "action": "skipped",
      "reason": "missing_price_usd"
    },
    {
      "codigo": "41219",
      "action": "skipped",
      "reason": "missing_price_usd"
    },
    {
      "codigo": "41213",
      "action": "skipped",
      "reason": "missing_price_usd"
    },
    {
      "codigo": "41212",
      "action": "skipped",
      "reason": "missing_price_usd"
    },
    {
      "codigo": "35226",
      "action": "skipped",
      "reason": "missing_price_usd"
    },
    {
      "codigo": "40790",
      "action": "skipped",
      "reason": "missing_price_usd"
    },
    {
      "codigo": "40776",
      "action": "skipped",
      "reason": "missing_price_usd"
    },
    {
      "codigo": "40660",
      "action": "skipped",
      "reason": "missing_price_usd"
    },
    {
      "codigo": "40655",
      "action": "skipped",
      "reason": "missing_price_usd"
    },
    {
      "codigo": "40653",
      "action": "skipped",
      "reason": "missing_price_usd"
    },
    {
      "codigo": "40651",
      "action": "skipped",
      "reason": "missing_price_usd"
    },
    {
      "codigo": "40619",
      "action": "skipped",
      "reason": "missing_price_usd"
    },
    {
      "codigo": "40563",
      "action": "skipped",
      "reason": "missing_price_usd"
    },
    {
      "codigo": "39815",
      "action": "skipped",
      "reason": "missing_price_usd"
    },
    {
      "codigo": "40539",
      "action": "skipped",
      "reason": "missing_price_usd"
    },
    {
      "codigo": "40376",
      "action": "skipped",
      "reason": "missing_price_usd"
    },
    {
      "codigo": "40313",
      "action": "skipped",
      "reason": "missing_price_usd"
    },
    {
      "codigo": "40281",
      "action": "skipped",
      "reason": "missing_price_usd"
    },
    {
      "codigo": "40240",
      "action": "skipped",
      "reason": "missing_price_usd"
    },
    {
      "codigo": "31411",
      "action": "skipped",
      "reason": "missing_price_usd"
    },
    {
      "codigo": "40128",
      "action": "skipped",
      "reason": "missing_price_usd"
    },
    {
      "codigo": "40079",
      "action": "skipped",
      "reason": "missing_price_usd"
    },
    {
      "codigo": "39996",
      "action": "skipped",
      "reason": "missing_price_usd"
    },
    {
      "codigo": "27878",
      "action": "skipped",
      "reason": "missing_price_usd"
    },
    {
      "codigo": "39808",
      "action": "skipped",
      "reason": "missing_price_usd"
    },
    {
      "codigo": "39781",
      "action": "skipped",
      "reason": "missing_price_usd"
    },
    {
      "codigo": "39749",
      "action": "skipped",
      "reason": "missing_price_usd"
    },
    {
      "codigo": "39553",
      "action": "skipped",
      "reason": "missing_price_usd"
    },
    {
      "codigo": "39552",
      "action": "skipped",
      "reason": "missing_price_usd"
    },
    {
      "codigo": "39550",
      "action": "skipped",
      "reason": "missing_price_usd"
    },
    {
      "codigo": "39363",
      "action": "skipped",
      "reason": "missing_price_usd"
    },
    {
      "codigo": "39322",
      "action": "skipped",
      "reason": "missing_price_usd"
    },
    {
      "codigo": "39201",
      "action": "skipped",
      "reason": "missing_price_usd"
    },
    {
      "codigo": "39097",
      "action": "skipped",
      "reason": "missing_price_usd"
    },
    {
      "codigo": "39023",
      "action": "skipped",
      "reason": "missing_price_usd"
    },
    {
      "codigo": "39015",
      "action": "skipped",
      "reason": "missing_price_usd"
    },
    {
      "codigo": "39002",
      "action": "skipped",
      "reason": "missing_price_usd"
    },
    {
      "codigo": "38993",
      "action": "skipped",
      "reason": "missing_price_usd"
    },
    {
      "codigo": "38037",
      "action": "skipped",
      "reason": "missing_price_usd"
    },
    {
      "codigo": "38692",
      "action": "skipped",
      "reason": "missing_price_usd"
    },
    {
      "codigo": "38495",
      "action": "skipped",
      "reason": "missing_price_usd"
    },
    {
      "codigo": "38303",
      "action": "skipped",
      "reason": "missing_price_usd"
    },
    {
      "codigo": "38256",
      "action": "skipped",
      "reason": "missing_price_usd"
    },
    {
      "codigo": "38095",
      "action": "skipped",
      "reason": "missing_price_usd"
    },
    {
      "codigo": "37967",
      "action": "skipped",
      "reason": "missing_price_usd"
    },
    {
      "codigo": "37965",
      "action": "skipped",
      "reason": "missing_price_usd"
    },
    {
      "codigo": "37864",
      "action": "skipped",
      "reason": "missing_price_usd"
    },
    {
      "codigo": "37717",
      "action": "skipped",
      "reason": "missing_price_usd"
    },
    {
      "codigo": "37672",
      "action": "skipped",
      "reason": "missing_price_usd"
    },
    {
      "codigo": "37663",
      "action": "skipped",
      "reason": "missing_price_usd"
    },
    {
      "codigo": "37309",
      "action": "skipped",
      "reason": "missing_price_usd"
    },
    {
      "codigo": "37188",
      "action": "skipped",
      "reason": "missing_price_usd"
    },
    {
      "codigo": "37157",
      "action": "skipped",
      "reason": "missing_price_usd"
    },
    {
      "codigo": "36866",
      "action": "skipped",
      "reason": "missing_price_usd"
    },
    {
      "codigo": "36830",
      "action": "skipped",
      "reason": "missing_price_usd"
    },
    {
      "codigo": "36363",
      "action": "skipped",
      "reason": "missing_price_usd"
    },
    {
      "codigo": "36681",
      "action": "skipped",
      "reason": "missing_price_usd"
    },
    {
      "codigo": "36680",
      "action": "skipped",
      "reason": "missing_price_usd"
    },
    {
      "codigo": "36640",
      "action": "skipped",
      "reason": "missing_price_usd"
    },
    {
      "codigo": "36639",
      "action": "skipped",
      "reason": "missing_price_usd"
    },
    {
      "codigo": "36637",
      "action": "skipped",
      "reason": "missing_price_usd"
    },
    {
      "codigo": "36612",
      "action": "skipped",
      "reason": "missing_price_usd"
    },
    {
      "codigo": "36610",
      "action": "skipped",
      "reason": "missing_price_usd"
    },
    {
      "codigo": "36571",
      "action": "skipped",
      "reason": "missing_price_usd"
    },
    {
      "codigo": "36569",
      "action": "skipped",
      "reason": "missing_price_usd"
    },
    {
      "codigo": "36405",
      "action": "skipped",
      "reason": "missing_price_usd"
    },
    {
      "codigo": "33950",
      "action": "skipped",
      "reason": "missing_price_usd"
    },
    {
      "codigo": "34852",
      "action": "skipped",
      "reason": "missing_price_usd"
    },
    {
      "codigo": "31825",
      "action": "skipped",
      "reason": "missing_price_usd"
    },
    {
      "codigo": "35900",
      "action": "skipped",
      "reason": "missing_price_usd"
    },
    {
      "codigo": "35724",
      "action": "skipped",
      "reason": "missing_price_usd"
    },
    {
      "codigo": "35493",
      "action": "skipped",
      "reason": "missing_price_usd"
    },
    {
      "codigo": "35341",
      "action": "skipped",
      "reason": "missing_price_usd"
    },
    {
      "codigo": "26153",
      "action": "skipped",
      "reason": "missing_price_usd"
    },
    {
      "codigo": "26152",
      "action": "skipped",
      "reason": "missing_price_usd"
    },
    {
      "codigo": "35189",
      "action": "skipped",
      "reason": "missing_price_usd"
    },
    {
      "codigo": "35106",
      "action": "skipped",
      "reason": "missing_price_usd"
    },
    {
      "codigo": "8095",
      "action": "skipped",
      "reason": "missing_price_usd"
    },
    {
      "codigo": "553",
      "action": "skipped",
      "reason": "missing_price_usd"
    },
    {
      "codigo": "34997",
      "action": "skipped",
      "reason": "missing_price_usd"
    },
    {
      "codigo": "34996",
      "action": "skipped",
      "reason": "missing_price_usd"
    },
    {
      "codigo": "34516",
      "action": "skipped",
      "reason": "missing_price_usd"
    },
    {
      "codigo": "34470",
      "action": "skipped",
      "reason": "missing_price_usd"
    },
    {
      "codigo": "34291",
      "action": "skipped",
      "reason": "missing_price_usd"
    },
    {
      "codigo": "34196",
      "action": "skipped",
      "reason": "missing_price_usd"
    },
    {
      "codigo": "33773",
      "action": "skipped",
      "reason": "missing_price_usd"
    },
    {
      "codigo": "33762",
      "action": "skipped",
      "reason": "missing_price_usd"
    },
    {
      "codigo": "33637",
      "action": "skipped",
      "reason": "missing_price_usd"
    },
    {
      "codigo": "33634",
      "action": "skipped",
      "reason": "missing_price_usd"
    },
    {
      "codigo": "32785",
      "action": "skipped",
      "reason": "missing_price_usd"
    },
    {
      "codigo": "32256",
      "action": "skipped",
      "reason": "missing_price_usd"
    },
    {
      "codigo": "32239",
      "action": "skipped",
      "reason": "missing_price_usd"
    },
    {
      "codigo": "31826",
      "action": "skipped",
      "reason": "missing_price_usd"
    },
    {
      "codigo": "31823",
      "action": "skipped",
      "reason": "missing_price_usd"
    },
    {
      "codigo": "31240",
      "action": "skipped",
      "reason": "missing_price_usd"
    },
    {
      "codigo": "30624",
      "action": "skipped",
      "reason": "missing_price_usd"
    },
    {
      "codigo": "30427",
      "action": "skipped",
      "reason": "missing_price_usd"
    },
    {
      "codigo": "30272",
      "action": "skipped",
      "reason": "missing_price_usd"
    },
    {
      "codigo": "30109",
      "action": "skipped",
      "reason": "missing_price_usd"
    },
    {
      "codigo": "30100",
      "action": "skipped",
      "reason": "missing_price_usd"
    },
    {
      "codigo": "29910",
      "action": "skipped",
      "reason": "missing_price_usd"
    },
    {
      "codigo": "29120",
      "action": "skipped",
      "reason": "missing_price_usd"
    },
    {
      "codigo": "29006",
      "action": "skipped",
      "reason": "missing_price_usd"
    },
    {
      "codigo": "28493",
      "action": "skipped",
      "reason": "missing_price_usd"
    },
    {
      "codigo": "28197",
      "action": "skipped",
      "reason": "missing_price_usd"
    },
    {
      "codigo": "27891",
      "action": "skipped",
      "reason": "missing_price_usd"
    },
    {
      "codigo": "27619",
      "action": "skipped",
      "reason": "missing_price_usd"
    },
    {
      "codigo": "27522",
      "action": "skipped",
      "reason": "missing_price_usd"
    },
    {
      "codigo": "26746",
      "action": "skipped",
      "reason": "missing_price_usd"
    },
    {
      "codigo": "26471",
      "action": "skipped",
      "reason": "missing_price_usd"
    },
    {
      "codigo": "26456",
      "action": "skipped",
      "reason": "missing_price_usd"
    },
    {
      "codigo": "26193",
      "action": "skipped",
      "reason": "missing_price_usd"
    },
    {
      "codigo": "25972",
      "action": "skipped",
      "reason": "missing_price_usd"
    },
    {
      "codigo": "25965",
      "action": "skipped",
      "reason": "missing_price_usd"
    },
    {
      "codigo": "25916",
      "action": "skipped",
      "reason": "missing_price_usd"
    },
    {
      "codigo": "25872",
      "action": "skipped",
      "reason": "missing_price_usd"
    },
    {
      "codigo": "25802",
      "action": "skipped",
      "reason": "missing_price_usd"
    },
    {
      "codigo": "24881",
      "action": "skipped",
      "reason": "missing_price_usd"
    },
    {
      "codigo": "24297",
      "action": "skipped",
      "reason": "missing_price_usd"
    },
    {
      "codigo": "24265",
      "action": "skipped",
      "reason": "missing_price_usd"
    },
    {
      "codigo": "23906",
      "action": "skipped",
      "reason": "missing_price_usd"
    },
    {
      "codigo": "23734",
      "action": "skipped",
      "reason": "missing_price_usd"
    },
    {
      "codigo": "23345",
      "action": "skipped",
      "reason": "missing_price_usd"
    },
    {
      "codigo": "22535",
      "action": "skipped",
      "reason": "missing_price_usd"
    },
    {
      "codigo": "21766",
      "action": "skipped",
      "reason": "missing_price_usd"
    },
    {
      "codigo": "19329",
      "action": "skipped",
      "reason": "missing_price_usd"
    },
    {
      "codigo": "19328",
      "action": "skipped",
      "reason": "missing_price_usd"
    },
    {
      "codigo": "19327",
      "action": "skipped",
      "reason": "missing_price_usd"
    },
    {
      "codigo": "19325",
      "action": "skipped",
      "reason": "missing_price_usd"
    },
    {
      "codigo": "16743",
      "action": "skipped",
      "reason": "missing_price_usd"
    },
    {
      "codigo": "14899",
      "action": "skipped",
      "reason": "missing_price_usd"
    },
    {
      "codigo": "14497",
      "action": "skipped",
      "reason": "missing_price_usd"
    },
    {
      "codigo": "13931",
      "action": "skipped",
      "reason": "missing_price_usd"
    },
    {
      "codigo": "13310",
      "action": "skipped",
      "reason": "missing_price_usd"
    },
    {
      "codigo": "57893",
      "action": "created",
      "productId": "69f379f07cdf7fb086a41816"
    },
    {
      "codigo": "57892",
      "action": "created",
      "productId": "69f379f27cdf7fb086a4181a"
    },
    {
      "codigo": "57874",
      "action": "created",
      "productId": "69f379f37cdf7fb086a4181e"
    },
    {
      "codigo": "57876",
      "action": "created",
      "productId": "69f379f37cdf7fb086a41822"
    },
    {
      "codigo": "57875",
      "action": "created",
      "productId": "69f379f47cdf7fb086a41826"
    }
  ],
  "mirrorSummary": {
    "durationMs": 1336921,
    "productsCreated": 163,
    "productsUpdated": 5,
    "productsSkipped": 4357,
    "productsErrors": 0,
    "imageImportFailures": 0,
    "skippedByReason": {
      "missing_price_usd": 4357
    },
    "pruneReport": {
      "deactivatedCategories": 0,
      "deactivatedSubcategories": 0,
      "trimmedSpecDefinitions": 0,
      "skipped": false
    },
    "exportFrontendReport": {
      "ok": true,
      "path": "/Users/josiasnicolas02gmail.com/Documents/Zennelectronica/frontend/src/helpers/productCategory.js",
      "count": 15
    }
  }
}
[run-sync] Fin 2026-04-30T15:49:09.092Z

> json@1.0.0 run-sync
> node scripts/run-sync.js --full

[run-sync] Inicio 2026-04-30T21:12:37.009Z
[Visão mirror] Iniciando scrape espejo (puede tardar mucho)...
[Visão mirror] Filas de menú / listados: 15
[Visão mirror][LISTING] https://www.visaovip.com/es/busca/categoria/apple/19/ -> 0 URLs
[Visão mirror][LISTING] https://www.visaovip.com/es/busca/categoria/almacenamiento/21/ -> 692 URLs
[Visão mirror][LISTING] https://www.visaovip.com/es/busca/categoria/placas-madres/22/ -> 280 URLs
[Visão mirror][LISTING] https://www.visaovip.com/es/busca/categoria/tarjetas-graficas/23/ -> 139 URLs
[Visão mirror][LISTING] https://www.visaovip.com/es/busca/categoria/procesadores/24/ -> 140 URLs
[Visão mirror][LISTING] https://www.visaovip.com/es/busca/categoria/cooler/25/ -> 90 URLs
[Visão mirror][LISTING] https://www.visaovip.com/es/busca/categoria/fuente-de-alimentacion/26/ -> 73 URLs
[Visão mirror][LISTING] https://www.visaovip.com/es/busca/categoria/monitores/27/ -> 91 URLs
[Visão mirror][LISTING] https://www.visaovip.com/es/busca/categoria/gabinetes/28/ -> 98 URLs
[Visão mirror][LISTING] https://www.visaovip.com/es/busca/categoria/impresoras-y-suministros/29/ -> 156 URLs
[Visão mirror][LISTING] https://www.visaovip.com/es/busca/categoria/perifericos/30/ -> 906 URLs
[Visão mirror][LISTING] https://www.visaovip.com/es/busca/categoria/red-y-internet/31/ -> 288 URLs
[Visão mirror][LISTING] https://www.visaovip.com/es/busca/categoria/celulares-y-tablets/32/ -> 240 URLs
[Visão mirror][LISTING] https://www.visaovip.com/es/busca/categoria/electronicos/33/ -> 1031 URLs
[Visão mirror][LISTING] https://www.visaovip.com/es/busca/categoria/notebook-y-computadoras/20/ -> 225 URLs
[Visão mirror] URLs únicas de producto (PDP): 4449
[INICIO] Categorías únicas en menú: 15. Filas menú (sub-rutas listado): 15. Productos PDP a procesar: 4449.
[Visão mirror] Scrape terminó: 4449 PDP, 15 filas menú.
[Visão mirror] Prep árbol categorías: { categoriesTouched: 0, uniqueCategories: 15 }
[ESTRUCTURA] Añadida nueva especificación: 06 → subcategoría Almacenamiento
[PROGRESO] Procesado producto 1 de 4449...
[ESTRUCTURA] Añadida nueva especificación: VELOCIDAD RPM → subcategoría Almacenamiento
[ESTRUCTURA] Añadida nueva especificación: CACHE → subcategoría Almacenamiento
[ESTRUCTURA] Añadida nueva especificación: TECNOLOGIA → subcategoría Almacenamiento
[ESTRUCTURA] Añadida nueva especificación: DIMENSIONES DE EMBALAJE → subcategoría Almacenamiento
[ESTRUCTURA] Añadida nueva especificación: PESO → subcategoría Almacenamiento
[ESTRUCTURA] Añadida nueva especificación: RENDIMIENTO → subcategoría Almacenamiento
[ESTRUCTURA] Añadida nueva especificación: PADRÓN / CLASSE → subcategoría Almacenamiento
[ESTRUCTURA] Añadida nueva especificación: FORMATO → subcategoría Almacenamiento
[ESTRUCTURA] Añadida nueva especificación: DIMENSIONES DEL EMBALAJE → subcategoría Almacenamiento
[ESTRUCTURA] Añadida nueva especificación: TAXA DE TRANSFERENCIA → subcategoría Almacenamiento
[ESTRUCTURA] Añadida nueva especificación: DDR → subcategoría Almacenamiento
[ESTRUCTURA] Añadida nueva especificación: VELOCIDAD DE MEMORIA → subcategoría Almacenamiento
[ESTRUCTURA] Añadida nueva especificación: VELOCIDAD DE GRABACIÓN → subcategoría Almacenamiento
[ESTRUCTURA] Añadida nueva especificación: VELOCIDAD DE LECTURA → subcategoría Almacenamiento
[ESTRUCTURA] Añadida nueva especificación: COLOR → subcategoría Almacenamiento
[ESTRUCTURA] Añadida nueva especificación: GARANTÍA → subcategoría Almacenamiento
[ESTRUCTURA] Añadida nueva especificación: LATENCIA → subcategoría Almacenamiento
[ESTRUCTURA] Añadida nueva especificación: VOLTAJE → subcategoría Almacenamiento
[ESTRUCTURA] Añadida nueva especificación: FORMA → subcategoría Almacenamiento
[ESTRUCTURA] Añadida nueva especificación: PESO BRUTO → subcategoría Almacenamiento
[ESTRUCTURA] Añadida nueva especificación: ILUMINACIÓN → subcategoría Almacenamiento
[ESTRUCTURA] Añadida nueva especificación: PERFIL DE RENDIMIENTO → subcategoría Almacenamiento
[PROGRESO] Procesado producto 50 de 4449...
[ESTRUCTURA] Añadida nueva especificación: INCLUI → subcategoría Almacenamiento
[ESTRUCTURA] Añadida nueva especificación: TENSIÓN DE FUNCIONAMIENTO → subcategoría Almacenamiento
[PROGRESO] Procesado producto 100 de 4449...
[PROGRESO] Procesado producto 150 de 4449...
[PROGRESO] Procesado producto 200 de 4449...
[ESTRUCTURA] Añadida nueva especificación: DISIPADOR DE CALOR → subcategoría Almacenamiento
[ESTRUCTURA] Añadida nueva especificación: OBSERVACIÓN → subcategoría Almacenamiento
[PROGRESO] Procesado producto 250 de 4449...
[PROGRESO] Procesado producto 300 de 4449...
[ESTRUCTURA] Añadida nueva especificación: MATERIAL → subcategoría Almacenamiento
[ESTRUCTURA] Añadida nueva especificación: ENERGIA/VOLTAJE → subcategoría Almacenamiento
[ESTRUCTURA] Añadida nueva especificación: INCLUYE → subcategoría Almacenamiento
[PROGRESO] Procesado producto 350 de 4449...
[PROGRESO] Procesado producto 400 de 4449...
[PROGRESO] Procesado producto 450 de 4449...
[PROGRESO] Procesado producto 500 de 4449...
[PROGRESO] Procesado producto 550 de 4449...
[PROGRESO] Procesado producto 600 de 4449...
[PROGRESO] Procesado producto 650 de 4449...
[ESTRUCTURA] Añadida nueva especificación: MARCA → subcategoría Electrónicos
[ESTRUCTURA] Añadida nueva especificación: MODELO → subcategoría Electrónicos
[ESTRUCTURA] Añadida nueva especificación: COLOR → subcategoría Electrónicos
[ESTRUCTURA] Añadida nueva especificación: TIPO → subcategoría Electrónicos
[ESTRUCTURA] Añadida nueva especificación: RESOLUCIÓN → subcategoría Electrónicos
[ESTRUCTURA] Añadida nueva especificación: ÁNGULO DE VISIÓN → subcategoría Electrónicos
[ESTRUCTURA] Añadida nueva especificación: AJUSTE DE ÁNGULO → subcategoría Electrónicos
[ESTRUCTURA] Añadida nueva especificación: CAMPO VISUAL → subcategoría Electrónicos
[ESTRUCTURA] Añadida nueva especificación: MICRÓFONO → subcategoría Electrónicos
[ESTRUCTURA] Añadida nueva especificación: AUDIO → subcategoría Electrónicos
[ESTRUCTURA] Añadida nueva especificación: TECNOLOGIA → subcategoría Electrónicos
[ESTRUCTURA] Añadida nueva especificación: PROTECCION → subcategoría Electrónicos
[ESTRUCTURA] Añadida nueva especificación: CONECTIVIDAD WIRELESS → subcategoría Electrónicos
[ESTRUCTURA] Añadida nueva especificación: INTERFAZ → subcategoría Electrónicos
[ESTRUCTURA] Añadida nueva especificación: ESPECIFICACIONES DE LENTE → subcategoría Electrónicos
[ESTRUCTURA] Añadida nueva especificación: INCLUYE → subcategoría Electrónicos
[ESTRUCTURA] Añadida nueva especificación: DIMENSIONES DE EMBALAJE → subcategoría Electrónicos
[ESTRUCTURA] Añadida nueva especificación: PESO → subcategoría Electrónicos
[ESTRUCTURA] Añadida nueva especificación: ESPECIFICACIONES DE ENERGIA → subcategoría Electrónicos
[ESTRUCTURA] Añadida nueva especificación: 06 → subcategoría Electrónicos
[PROGRESO] Procesado producto 3600 de 4449...
[ESTRUCTURA] Añadida nueva especificación: CAPACIDAD → subcategoría Electrónicos
[ESTRUCTURA] Añadida nueva especificación: POTENCIA → subcategoría Electrónicos
[ESTRUCTURA] Añadida nueva especificación: SENSOR → subcategoría Electrónicos
[ESTRUCTURA] Añadida nueva especificación: FUNCIONES → subcategoría Electrónicos
[ESTRUCTURA] Añadida nueva especificación: ACCESORIOS → subcategoría Electrónicos
[ESTRUCTURA] Añadida nueva especificación: CARACTERÍSTICAS → subcategoría Electrónicos
[ESTRUCTURA] Añadida nueva especificación: DIMENSIONES DEL EMBALAJE → subcategoría Electrónicos
[ESTRUCTURA] Añadida nueva especificación: ENERGÍA / TENSIÓN → subcategoría Electrónicos
[ESTRUCTURA] Añadida nueva especificación: PESO BRUTO → subcategoría Electrónicos
[ESTRUCTURA] Añadida nueva especificación: REFERENCIA → subcategoría Electrónicos
[ESTRUCTURA] Añadida nueva especificación: PROCESADOR → subcategoría Electrónicos
[ESTRUCTURA] Añadida nueva especificación: TAMAÑO DE PANTALLA → subcategoría Electrónicos
[ESTRUCTURA] Añadida nueva especificación: TIPO DE PANTALLA → subcategoría Electrónicos
[ESTRUCTURA] Añadida nueva especificación: FRECUENCIA DE ACTUALIZACIÓN → subcategoría Electrónicos
[ESTRUCTURA] Añadida nueva especificación: CONTRASTE → subcategoría Electrónicos
[ESTRUCTURA] Añadida nueva especificación: SISTEMA OPERATIVO → subcategoría Electrónicos
[ESTRUCTURA] Añadida nueva especificación: ALTAVOZ (SALIDA DE SONIDO) → subcategoría Electrónicos
[ESTRUCTURA] Añadida nueva especificación: ENERGIA / VOLTAJE → subcategoría Electrónicos
[ESTRUCTURA] Añadida nueva especificación: RESPUESTA DE FRECUENCIA AUDIO → subcategoría Electrónicos
[ESTRUCTURA] Añadida nueva especificación: CONEXIÓN → subcategoría Electrónicos
[ESTRUCTURA] Añadida nueva especificación: INCLUI → subcategoría Electrónicos
[ESTRUCTURA] Añadida nueva especificación: POTENCIA DE ALTAVOZ → subcategoría Electrónicos
[ESTRUCTURA] Añadida nueva especificación: TIPO DE ALMACENAMIENTO → subcategoría Electrónicos
[ESTRUCTURA] Añadida nueva especificación: PANTALLA → subcategoría Electrónicos
[ESTRUCTURA] Añadida nueva especificación: MEMORIA RAM → subcategoría Electrónicos
[ESTRUCTURA] Añadida nueva especificación: BATERÍA → subcategoría Electrónicos
[ESTRUCTURA] Añadida nueva especificación: COMPATIBILIDAD → subcategoría Electrónicos
[ESTRUCTURA] Añadida nueva especificación: FRECUENCIA → subcategoría Electrónicos
[ESTRUCTURA] Añadida nueva especificación: MATERIAL → subcategoría Electrónicos
[ESTRUCTURA] Añadida nueva especificación: OBSERVACIÓN → subcategoría Electrónicos
[ESTRUCTURA] Añadida nueva especificación: RESISTENCIA → subcategoría Electrónicos
[ESTRUCTURA] Añadida nueva especificación: MEMORIA INTERNA → subcategoría Electrónicos
[ESTRUCTURA] Añadida nueva especificación: ILUMINACIÓN → subcategoría Electrónicos
[ESTRUCTURA] Añadida nueva especificación: BRILLO → subcategoría Electrónicos
[PROGRESO] Procesado producto 3650 de 4449...
[ESTRUCTURA] Añadida nueva especificación: VIGILANCIA DE LA SALUD → subcategoría Electrónicos
[ESTRUCTURA] Añadida nueva especificación: FUNCIÓN DEPORTIVA → subcategoría Electrónicos
[ESTRUCTURA] Añadida nueva especificación: RED → subcategoría Electrónicos
[ESTRUCTURA] Añadida nueva especificación: GRÁFICOS → subcategoría Electrónicos
[ESTRUCTURA] Añadida nueva especificación: GPU → subcategoría Electrónicos
[ESTRUCTURA] Añadida nueva especificación: PULSERA → subcategoría Electrónicos
[PROGRESO] Procesado producto 3700 de 4449...
[ESTRUCTURA] Añadida nueva especificación: SENSIBILIDAD → subcategoría Electrónicos
[ESTRUCTURA] Añadida nueva especificación: CASE SIZE → subcategoría Electrónicos
[ESTRUCTURA] Añadida nueva especificación: MATERIAL DEL HARDWARE → subcategoría Electrónicos
[ESTRUCTURA] Añadida nueva especificación: GAMA DE COLORES → subcategoría Electrónicos
[ESTRUCTURA] Añadida nueva especificación: PROFUNDIDAD DE COLOR → subcategoría Electrónicos
[ESTRUCTURA] Añadida nueva especificación: RANGO DE ALTURA → subcategoría Electrónicos
[ESTRUCTURA] Añadida nueva especificación: VELOCIDAD → subcategoría Electrónicos
[ESTRUCTURA] Añadida nueva especificación: CÁMARA → subcategoría Electrónicos
[ESTRUCTURA] Añadida nueva especificación: TIEMPO DE VUELO → subcategoría Electrónicos
[ESTRUCTURA] Añadida nueva especificación: MEMORIA → subcategoría Electrónicos
[PROGRESO] Procesado producto 3750 de 4449...
[ESTRUCTURA] Añadida nueva especificación: PADRÓN TOMADA → subcategoría Electrónicos
[PROGRESO] Procesado producto 3800 de 4449...
[ESTRUCTURA] Añadida nueva especificación: DISTANCIA MÁXIMA DE VUELO → subcategoría Electrónicos
[ESTRUCTURA] Añadida nueva especificación: NÚMERO DE DÍGITOS → subcategoría Electrónicos
[ESTRUCTURA] Añadida nueva especificación: FUNCIONES DE CÁLCULO → subcategoría Electrónicos
[ESTRUCTURA] Añadida nueva especificación: RANGO DE MEDICIÓN → subcategoría Electrónicos
[ESTRUCTURA] Añadida nueva especificación: VELOCIDAD DE CONTEO → subcategoría Electrónicos
[ESTRUCTURA] Añadida nueva especificación: SISTEMA DE VERIFICACIÓN → subcategoría Electrónicos
[ESTRUCTURA] Añadida nueva especificación: PRESIÓN DE INFLADO → subcategoría Electrónicos
[ESTRUCTURA] Añadida nueva especificación: TAMAÑO → subcategoría Electrónicos
[ESTRUCTURA] Añadida nueva especificación: RANGOS DEL SOPORTE → subcategoría Electrónicos
[ESTRUCTURA] Añadida nueva especificación: CAPACIDAD MÁXIMA → subcategoría Electrónicos
[PROGRESO] Procesado producto 3850 de 4449...
[ESTRUCTURA] Añadida nueva especificación: PRECISIÓN DE MEDICIÓN → subcategoría Electrónicos
[ESTRUCTURA] Añadida nueva especificación: PIEZAS → subcategoría Electrónicos
[PROGRESO] Procesado producto 3900 de 4449...
[ESTRUCTURA] Añadida nueva especificación: TIPO DE ESCÁNER → subcategoría Electrónicos
[PROGRESO] Procesado producto 3950 de 4449...
[ESTRUCTURA] Añadida nueva especificación: VISOR → subcategoría Electrónicos
[ESTRUCTURA] Añadida nueva especificación: VOLTAJE → subcategoría Electrónicos
[ESTRUCTURA] Añadida nueva especificación: TIPOS DE CÓDIGOS DE BARRAS → subcategoría Electrónicos
[PROGRESO] Procesado producto 4000 de 4449...
[ESTRUCTURA] Añadida nueva especificación: CARACTERÍSTICAS DE LAS FUNCIONES → subcategoría Electrónicos
[ESTRUCTURA] Añadida nueva especificación: MODOS → subcategoría Electrónicos
[ESTRUCTURA] Añadida nueva especificación: TAMAÑO DE LA RUEDA → subcategoría Electrónicos
[ESTRUCTURA] Añadida nueva especificación: LÍMITE DE PESO → subcategoría Electrónicos
[ESTRUCTURA] Añadida nueva especificación: TIPO DE MEMORIA → subcategoría Electrónicos
[ESTRUCTURA] Añadida nueva especificación: INDICADOR VISUAL → subcategoría Electrónicos
[PROGRESO] Procesado producto 4050 de 4449...
[ESTRUCTURA] Añadida nueva especificación: Promovip → subcategoría Electrónicos
[PROGRESO] Procesado producto 4100 de 4449...
[ESTRUCTURA] Añadida nueva especificación: CANTIDAD DE BILLETES → subcategoría Electrónicos
[ESTRUCTURA] Añadida nueva especificación: CANALES → subcategoría Electrónicos
[ESTRUCTURA] Añadida nueva especificación: ALCANCE → subcategoría Electrónicos
[ESTRUCTURA] Añadida nueva especificación: BANDA DE FRECUENCIA → subcategoría Electrónicos
[PROGRESO] Procesado producto 4150 de 4449...
[PROGRESO] Procesado producto 4200 de 4449...
[ESTRUCTURA] Añadida nueva especificación: CERTIFICACIONES → subcategoría Electrónicos
[PROGRESO] Procesado producto 4250 de 4449...
[PROGRESO] Procesado producto 4300 de 4449...
[ESTRUCTURA] Añadida nueva especificación: FACTOR DE FORMA → subcategoría Notebook y Computadoras
[ESTRUCTURA] Añadida nueva especificación: COMPATIBILIDAD CON PLACA MADRE → subcategoría Notebook y Computadoras
[ESTRUCTURA] Añadida nueva especificación: BIOS → subcategoría Notebook y Computadoras
[PROGRESO] Procesado producto 4350 de 4449...
[ESTRUCTURA] Añadida nueva especificación: HOT → subcategoría Notebook y Computadoras
[PROGRESO] Procesado producto 4400 de 4449...
[ESTRUCTURA] Añadida nueva especificación: OBSERVACIÓN → subcategoría Notebook y Computadoras
[ESTRUCTURA] Añadida nueva especificación: COMPARTIMIENTOS DE 2,5"/3,5"(COMBINADOS) → subcategoría Notebook y Computadoras
[ESTRUCTURA] Añadida nueva especificación: TAMAÑO DEL COOLER → subcategoría Notebook y Computadoras
[PROGRESO] Procesado producto 4449 de 4449...
[PRUNA] Alineando taxonomía y filtros locales con el último scrape Visão…
[PRUNA] Resultado: {
  deactivatedCategories: 0,
  deactivatedSubcategories: 0,
  trimmedSpecDefinitions: 0,
  skipped: false
}
[HEADER] Regenerando frontend/src/helpers/productCategory.js desde Mongo…
[HEADER] OK (15 categorías activas → /Users/josiasnicolas02gmail.com/Documents/Zennelectronica/frontend/src/helpers/productCategory.js)
[RESUMEN] creados=877 actualizados=657 omitidos=2914 errores=1 imágenes_fallidas=0 tiempo_ms=5157434
[run-sync] Reporte mirror: {
  "mirror": true,
  "resetCatalog": false,
  "mirrorPrune": true,
  "exportFrontendProductCategoryJs": true,
  "exchangeRate": 7300,
  "menuRowCount": 15,
  "uniqueMenuCategories": 15,
  "productUrlsCount": 4449,
  "productsAttempted": 4449,
  "categoryBootstrap": {
    "categoriesTouched": 0,
    "uniqueCategories": 15
  },
  "scrapedCodigosPersistidos": [
    "58123",
    "58128",
    "54874",
    "58016",
    "52352",
    "50285",
    "55485",
    "52769",
    "54884",
    "55486",
    "55487",
    "54489",
    "55491",
    "55490",
    "55488",
    "53722",
    "54132",
    "55494",
    "57606",
    "55493",
    "55492",
    "46325",
    "51084",
    "55489",
    "53385",
    "48987",
    "53070",
    "52181",
    "51138",
    "49038",
    "51135",
    "51133",
    "51102",
    "57586",
    "51564",
    "57815",
    "40678",
    "57817",
    "57816",
    "57814",
    "50213",
    "50212",
    "50211",
    "50850",
    "57926",
    "54686",
    "48318",
    "57850",
    "57772",
    "57773",
    "57769",
    "57768",
    "57919",
    "57757",
    "57767",
    "57751",
    "57749",
    "57750",
    "57605",
    "57748",
    "57590",
    "57604",
    "57589",
    "57587",
    "57588",
    "57585",
    "57584",
    "57583",
    "57581",
    "57579",
    "57550",
    "57578",
    "57527",
    "57526",
    "57516",
    "57463",
    "57467",
    "57425",
    "57199",
    "57145",
    "57126",
    "56919",
    "57015",
    "56711",
    "56908",
    "56895",
    "56910",
    "56860",
    "56869",
    "56710",
    "56686",
    "56539",
    "56667",
    "56534",
    "56538",
    "56536",
    "56535",
    "56292",
    "56533",
    "56532",
    "56398",
    "56434",
    "56186",
    "56280",
    "55990",
    "56210",
    "56251",
    "55569",
    "56174",
    "56106",
    "56105",
    "55535",
    "55527",
    "55530",
    "55522",
    "55339",
    "55473",
    "55282",
    "55280",
    "55278",
    "55279",
    "55292",
    "55230",
    "55247",
    "55246",
    "55245",
    "55224",
    "55215",
    "55204",
    "55223",
    "55213",
    "55214",
    "55202",
    "55184",
    "55197",
    "55181",
    "55118",
    "55111",
    "55113",
    "55110",
    "55087",
    "55013",
    "55022",
    "49859",
    "49857",
    "49858",
    "54899",
    "54869",
    "54249",
    "54842",
    "54824",
    "53559",
    "54427",
    "54483",
    "54476",
    "54008",
    "53738",
    "53970",
    "53754",
    "53989",
    "53740",
    "49041",
    "53386",
    "53541",
    "53642",
    "53364",
    "53367",
    "53344",
    "53363",
    "53291",
    "53225",
    "53068",
    "53066",
    "53069",
    "53065",
    "53044",
    "53062",
    "53064",
    "53043",
    "53040",
    "53042",
    "52897",
    "51563",
    "52896",
    "52768",
    "52753",
    "52762",
    "52764",
    "52756",
    "52745",
    "42167",
    "48319",
    "52715",
    "52187",
    "52185",
    "52182",
    "44912",
    "52180",
    "52137",
    "52115",
    "52044",
    "52043",
    "52046",
    "52038",
    "51768",
    "51637",
    "51666",
    "51263",
    "51568",
    "51475",
    "51611",
    "51248",
    "41347",
    "51231",
    "51230",
    "51229",
    "51219",
    "51218",
    "51121",
    "51217",
    "45881",
    "45880",
    "45879",
    "45883",
    "45878",
    "45882",
    "50525",
    "50703",
    "50801",
    "50495",
    "50510",
    "50486",
    "50474",
    "50380",
    "50379",
    "50263",
    "40243",
    "49785",
    "40244",
    "50166",
    "50186",
    "50006",
    "49820",
    "49467",
    "49702",
    "49525",
    "39136",
    "49317",
    "49521",
    "49294",
    "49335",
    "49229",
    "49228",
    "49217",
    "17000",
    "48981",
    "49117",
    "49114",
    "49130",
    "48982",
    "28447",
    "48906",
    "32947",
    "48784",
    "32001",
    "48754",
    "48755",
    "48753",
    "48752",
    "48692",
    "44351",
    "48603",
    "27357",
    "48471",
    "48470",
    "48469",
    "48320",
    "48451",
    "48452",
    "47677",
    "48108",
    "48216",
    "48168",
    "48182",
    "47944",
    "39668",
    "48054",
    "47937",
    "47733",
    "47689",
    "42824",
    "47688",
    "47678",
    "47621",
    "47680",
    "47336",
    "47540",
    "47436",
    "47345",
    "47219",
    "40242",
    "46293",
    "36529",
    "47200",
    "36528",
    "47086",
    "46292",
    "45789",
    "45758",
    "44962",
    "41117",
    "45460",
    "45416",
    "45415",
    "45915",
    "45594",
    "28832",
    "44947",
    "44808",
    "45197",
    "45372",
    "44804",
    "45204",
    "25330",
    "45104",
    "23740",
    "44795",
    "34431",
    "29636",
    "44737",
    "44787",
    "14190",
    "24378",
    "31217",
    "28867",
    "14597",
    "44497",
    "24427",
    "40255",
    "44236",
    "43763",
    "21778",
    "25195",
    "23486",
    "43764",
    "43890",
    "44264",
    "43734",
    "44243",
    "43053",
    "43274",
    "43238",
    "43275",
    "39125",
    "43239",
    "43235",
    "38097",
    "38096",
    "38098",
    "43049",
    "43046",
    "42990",
    "42712",
    "42826",
    "43006",
    "43052",
    "42500",
    "42867",
    "42980",
    "42630",
    "42631",
    "32359",
    "42197",
    "41890",
    "42179",
    "36698",
    "42161",
    "42030",
    "41771",
    "41687",
    "17456",
    "9936",
    "41769",
    "41612",
    "41610",
    "24389",
    "41525",
    "36587",
    "41606",
    "41102",
    "40788",
    "40887",
    "21717",
    "33799",
    "30211",
    "41106",
    "28830",
    "40639",
    "40664",
    "35336",
    "35430",
    "40663",
    "36085",
    "40259",
    "35429",
    "40294",
    "40358",
    "40020",
    "40022",
    "39967",
    "40105",
    "39977",
    "39966",
    "27973",
    "27912",
    "39944",
    "39969",
    "39956",
    "39747",
    "31202",
    "34432",
    "31862",
    "31863",
    "31864",
    "31686",
    "34429",
    "31258",
    "31257",
    "28835",
    "6653",
    "28833",
    "34481",
    "23814",
    "24376",
    "34363",
    "39666",
    "21159",
    "24375",
    "24124",
    "24374",
    "24371",
    "24373",
    "24422",
    "23813",
    "35416",
    "39609",
    "31157",
    "39362",
    "39127",
    "39124",
    "30215",
    "39406",
    "39126",
    "39343",
    "38562",
    "32354",
    "27355",
    "39342",
    "39299",
    "32355",
    "23434",
    "30823",
    "18267",
    "24035",
    "33635",
    "38761",
    "34092",
    "16394",
    "38453",
    "38616",
    "38689",
    "38671",
    "38274",
    "38322",
    "37934",
    "38313",
    "38196",
    "38082",
    "37882",
    "38190",
    "37915",
    "38121",
    "37896",
    "37704",
    "36801",
    "37702",
    "37536",
    "37507",
    "37508",
    "36972",
    "37510",
    "36800",
    "37217",
    "36821",
    "36136",
    "36133",
    "36798",
    "36702",
    "36234",
    "37224",
    "36857",
    "36036",
    "36078",
    "35873",
    "28842",
    "29610",
    "29172",
    "32361",
    "28856",
    "22622",
    "31161",
    "28106",
    "32360",
    "35853",
    "34906",
    "35784",
    "16723",
    "35396",
    "35550",
    "35664",
    "35232",
    "35153",
    "35414",
    "35150",
    "27000",
    "32085",
    "35062",
    "31075",
    "34776",
    "34774",
    "35053",
    "9513",
    "9598",
    "35020",
    "34978",
    "34787",
    "34902",
    "34972",
    "34904",
    "34864",
    "34859",
    "34903",
    "34862",
    "34806",
    "34382",
    "34780",
    "34493",
    "34264",
    "34498",
    "34532",
    "34437",
    "34387",
    "34385",
    "34386",
    "34248",
    "34093",
    "33975",
    "34245",
    "34114",
    "34091",
    "34188",
    "34115",
    "34086",
    "33980",
    "33706",
    "33027",
    "33815",
    "33707",
    "33835",
    "32948",
    "32945",
    "33691",
    "33530",
    "32357",
    "32941",
    "32766",
    "32765",
    "31714",
    "32382",
    "32137",
    "32366",
    "32450",
    "31401",
    "31684",
    "31382",
    "31803",
    "31491",
    "30617",
    "31056",
    "31335",
    "31334",
    "31338",
    "31061",
    "30616",
    "30977",
    "30611",
    "30580",
    "30969",
    "30912",
    "30369",
    "30254",
    "30209",
    "30202",
    "30201",
    "29755",
    "28837",
    "29721",
    "28685",
    "29338",
    "28745",
    "28368",
    "28437",
    "28053",
    "28614",
    "28460",
    "28104",
    "28098",
    "27351",
    "27851",
    "27470",
    "27349",
    "28055",
    "26621",
    "27029",
    "26750",
    "26199",
    "26326",
    "26739",
    "26678",
    "26428",
    "26015",
    "26018",
    "26026",
    "26027",
    "25864",
    "25410",
    "25863",
    "25217",
    "25862",
    "25680",
    "25861",
    "25370",
    "24957",
    "23410",
    "24377",
    "24385",
    "24091",
    "24103",
    "22623",
    "22714",
    "24092",
    "22840",
    "22362",
    "22563",
    "21062",
    "21761",
    "22084",
    "22087",
    "21914",
    "21713",
    "21285",
    "21072",
    "20842",
    "21061",
    "20372",
    "18233",
    "17895",
    "19715",
    "19197",
    "18337",
    "18952",
    "18694",
    "19706",
    "18338",
    "56222",
    "56221",
    "56220",
    "17813",
    "17660",
    "17539",
    "56218",
    "56219",
    "56217",
    "56225",
    "56227",
    "56229",
    "56215",
    "56226",
    "56216",
    "56213",
    "56212",
    "56214",
    "56190",
    "56211",
    "56189",
    "56191",
    "56182",
    "56183",
    "56178",
    "56151",
    "56145",
    "56146",
    "56179",
    "56079",
    "56078",
    "55977",
    "55908",
    "56093",
    "56069",
    "56050",
    "56052",
    "55816",
    "56049",
    "55801",
    "55800",
    "55799",
    "56077",
    "55842",
    "55819",
    "55798",
    "55792",
    "55757",
    "55748",
    "55747",
    "55787",
    "55789",
    "55763",
    "55749",
    "55760",
    "55788",
    "55771",
    "55726",
    "55728",
    "55744",
    "55727",
    "55730",
    "55738",
    "55736",
    "55745",
    "55741",
    "55746",
    "55723",
    "55458",
    "55682",
    "55670",
    "55720",
    "55429",
    "55615",
    "55414",
    "55631",
    "55552",
    "55449",
    "55450",
    "55375",
    "55412",
    "55372",
    "55162",
    "55373",
    "55160",
    "55159",
    "55186",
    "55193",
    "55180",
    "55158",
    "55157",
    "55103",
    "55102",
    "55104",
    "55101",
    "55086",
    "55049",
    "55019",
    "54945",
    "54983",
    "54914",
    "54857",
    "54834",
    "54838",
    "54895",
    "54837",
    "54802",
    "54804",
    "54795",
    "54580",
    "54536",
    "54535",
    "54544",
    "54534",
    "54541",
    "54530",
    "54542",
    "54538",
    "54527",
    "54372",
    "54507",
    "54497",
    "54432",
    "54370",
    "54371",
    "54332",
    "54391",
    "54362",
    "53268",
    "43225",
    "43226",
    "54243",
    "43224",
    "54230",
    "54309",
    "53011",
    "54232",
    "54209",
    "39994",
    "54208",
    "48983",
    "52871",
    "53950",
    "53949",
    "53445",
    "47023",
    "53897",
    "53895",
    "53302",
    "53793",
    "53304",
    "52511",
    "53773",
    "53775",
    "53300",
    "53753",
    "53713",
    "52892",
    "52894",
    "53562",
    "53527",
    "53564",
    "53437",
    "53413",
    "53366",
    "53580",
    "53326",
    "53206",
    "53247",
    "53360",
    "53301",
    "53285",
    "53245",
    "53233",
    "53315",
    "53232",
    "53203",
    "53184",
    "53092",
    "53183",
    "53072",
    "53181",
    "37878",
    "53018",
    "53005",
    "48733",
    "48031",
    "52893",
    "48009",
    "52862",
    "52870",
    "52866",
    "52726",
    "52934",
    "52855",
    "52852",
    "52841",
    "45373",
    "51134",
    "45249",
    "52696",
    "52659",
    "52673",
    "52464",
    "52661",
    "51537",
    "45575",
    "52360",
    "52452",
    "52363",
    "52396",
    "51168",
    "52330",
    "52405",
    "52385",
    "52280",
    "52276",
    "52207",
    "45248",
    "52206",
    "52201",
    "52110",
    "52116",
    "52149",
    "52098",
    "52073",
    "51990",
    "51908",
    "45021",
    "40562",
    "47569",
    "50807",
    "51794",
    "51709",
    "51791",
    "51707",
    "36364",
    "51708",
    "51704",
    "51706",
    "51703",
    "51623",
    "51494",
    "36362",
    "44473",
    "50283",
    "44472",
    "51484",
    "51489",
    "51479",
    "51486",
    "51451",
    "51445",
    "51446",
    "50902",
    "40715",
    "51434",
    "51433",
    "51285",
    "51202",
    "51257",
    "51256",
    "51203",
    "51175",
    "50039",
    "51201",
    "49946",
    "51055",
    "51054",
    "51053",
    "51051",
    "50945",
    "49718",
    "50947",
    "50919",
    "50940",
    "50941",
    "50918",
    "50916",
    "50913",
    "50888",
    "50915",
    "50887",
    "49651",
    "50814",
    "50779",
    "50829",
    "50499",
    "50813",
    "50356",
    "43600",
    "44941",
    "49176",
    "50635",
    "50421",
    "50162",
    "50355",
    "49458",
    "50336",
    "49951",
    "49953",
    "49949",
    "49948",
    "49947",
    "49854",
    "49940",
    "49851",
    "49941",
    "49939",
    "49938",
    "49814",
    "49812",
    "27713",
    "49734",
    "49674",
    "49688",
    "49683",
    "49545",
    "49544",
    "48335",
    "33059",
    "49461",
    "48334",
    "49510",
    "49375",
    "48143",
    "49460",
    "49366",
    "49316",
    "38192",
    "49309",
    "49302",
    "49254",
    "42195",
    "49098",
    "49153",
    "49253",
    "48539",
    "29007",
    "48984",
    "48972",
    "48964",
    "48921",
    "48776",
    "48794",
    "48971",
    "48738",
    "48743",
    "48658",
    "48639",
    "48643",
    "48635",
    "48560",
    "48538",
    "48638",
    "47085",
    "48584",
    "48594",
    "48556",
    "48536",
    "48513",
    "48537",
    "48283",
    "43950",
    "48208",
    "48206",
    "48435",
    "48316",
    "48315",
    "48119",
    "41205",
    "48057",
    "48111",
    "48110",
    "48029",
    "48035",
    "48026",
    "48019",
    "48025",
    "48014",
    "48020",
    "47989",
    "47999",
    "47998",
    "46621",
    "47850",
    "47960",
    "47661",
    "42782",
    "47821",
    "47933",
    "47612",
    "47663",
    "47819",
    "47581",
    "47660",
    "47406",
    "47413",
    "47645",
    "47420",
    "47382",
    "47350",
    "47354",
    "47357",
    "47364",
    "45919",
    "47391",
    "46746",
    "47329",
    "47323",
    "47198",
    "42852",
    "46741",
    "46706",
    "47144",
    "46619",
    "47137",
    "46624",
    "46745",
    "47022",
    "45213",
    "46546",
    "46170",
    "46547",
    "46545",
    "46193",
    "46192",
    "46544",
    "46169",
    "46519",
    "46186",
    "46039",
    "45976",
    "45815",
    "46084",
    "45904",
    "46063",
    "45746",
    "46040",
    "45986",
    "45903",
    "45548",
    "31915",
    "45653",
    "45771",
    "45346",
    "45702",
    "44871",
    "45156",
    "44951",
    "44622",
    "44713",
    "43955",
    "44614",
    "40454",
    "44772",
    "39339",
    "43698",
    "44598",
    "44615",
    "44379",
    "44444",
    "43540",
    "43599",
    "43426",
    "44209",
    "43697",
    "43537",
    "43230",
    "42886",
    "42885",
    "42644",
    "42963",
    "42871",
    "42944",
    "42604",
    "42942",
    "42106",
    "41999",
    "42805",
    "42338",
    "24344",
    "42093",
    "41781",
    "41955",
    "41742",
    "41869",
    "41810",
    "41630",
    "41632",
    "41643",
    "41552",
    "41481",
    "31471",
    "41629",
    "41480",
    "41627",
    "36432",
    "33343",
    "31495",
    "40776",
    "27232",
    "41212",
    "41213",
    "39815",
    "40660",
    "41219",
    "40655",
    "40790",
    "40653",
    "40651",
    "40313",
    "40619",
    "40539",
    "40563",
    "40376",
    "40281",
    "40079",
    "40128",
    "39808",
    "39781",
    "40240",
    "35226",
    "39553",
    "39550",
    "39996",
    "39552",
    "27878",
    "39322",
    "39363",
    "39749",
    "39097",
    "39201",
    "31411",
    "39023",
    "38993",
    "38692",
    "39002",
    "38303",
    "39015",
    "38495",
    "38037",
    "38095",
    "37967",
    "38256",
    "37752",
    "37965",
    "37309",
    "37864",
    "37717",
    "37663",
    "37188",
    "37672",
    "36866",
    "37157",
    "36681",
    "36680",
    "36830",
    "36736",
    "36612",
    "36640",
    "36405",
    "36610",
    "36639",
    "36637",
    "36571",
    "36569",
    "26153",
    "26152",
    "36363",
    "35900",
    "35493",
    "31825",
    "33950",
    "34852",
    "35106",
    "35189",
    "35724",
    "35341",
    "34997",
    "34996",
    "8095",
    "34470",
    "32785",
    "553",
    "33773",
    "34516",
    "34291",
    "33762",
    "33634",
    "32256",
    "30624",
    "32239",
    "33637",
    "31826",
    "32432",
    "31240",
    "29120",
    "30427",
    "30272",
    "29910",
    "30100",
    "27891",
    "30109",
    "28493",
    "27619",
    "29006",
    "25872",
    "26746",
    "25802",
    "28197",
    "27522",
    "25972",
    "26471",
    "24881",
    "25916",
    "26193",
    "26456",
    "25965",
    "24265",
    "23345",
    "24297",
    "24264",
    "23906",
    "23734",
    "22535",
    "19327",
    "19329",
    "19325",
    "19328",
    "58124",
    "14497",
    "13931",
    "16743",
    "14899",
    "55194",
    "13310",
    "56444",
    "55668",
    "58069",
    "57892",
    "58090",
    "58102",
    "57715",
    "57553",
    "58106",
    "58110",
    "54786",
    "58065",
    "58066",
    "58107",
    "55862",
    "57894",
    "55872",
    "52478",
    "55114",
    "53734",
    "57969",
    "52087",
    "57812",
    "58022",
    "52368",
    "55976",
    "58024",
    "54288",
    "56997",
    "55134",
    "55426",
    "55778",
    "57455",
    "54549",
    "49372",
    "53833",
    "52366",
    "55291",
    "55287",
    "58026",
    "58029",
    "54861",
    "49060",
    "52805",
    "56264",
    "55135",
    "58025",
    "55391",
    "58033",
    "57949",
    "51965",
    "55855",
    "55260",
    "55874",
    "53704",
    "46801",
    "54051",
    "55436",
    "52635",
    "55782",
    "55353",
    "53152",
    "55548",
    "57555",
    "57429",
    "56259",
    "56672",
    "55873",
    "57810",
    "55295",
    "56741",
    "54922",
    "57896",
    "57893",
    "57876",
    "55423",
    "57874",
    "54147",
    "57875",
    "57873",
    "57869",
    "57731",
    "57837",
    "57789",
    "57730",
    "57732",
    "57718",
    "57729",
    "57714",
    "57717",
    "57760",
    "57676",
    "57631",
    "57529",
    "57601",
    "57438",
    "57430",
    "57427",
    "57426",
    "57431",
    "57309",
    "57313",
    "57303",
    "57302",
    "57135",
    "57134",
    "57297",
    "57130",
    "56970",
    "57129",
    "56664",
    "57034",
    "56914",
    "57033",
    "56554",
    "56432",
    "56649",
    "56256",
    "55959",
    "56248",
    "56064",
    "55957",
    "56265",
    "56261",
    "55683",
    "55549",
    "55480",
    "55448",
    "55481",
    "55621",
    "55946",
    "55446",
    "55434",
    "55390",
    "55379",
    "55352",
    "55378",
    "55307",
    "55241",
    "55296",
    "54912",
    "55143",
    "47949",
    "54911",
    "54761",
    "54807",
    "54810",
    "54723",
    "54697",
    "54736",
    "54695",
    "54529",
    "54726",
    "54457",
    "54415",
    "54266",
    "54135",
    "52657",
    "46890",
    "54326",
    "54134",
    "54148",
    "52663",
    "53826",
    "53590",
    "53561",
    "53560",
    "53818",
    "53249",
    "51936",
    "52995",
    "53544",
    "52840",
    "52937",
    "52931",
    "45855",
    "52779",
    "52404",
    "52406",
    "52256",
    "52383",
    "52476",
    "52284",
    "52248",
    "52247",
    "47308",
    "52144",
    "51617",
    "52226",
    "51618",
    "52078",
    "52255",
    "51596",
    "50252",
    "44081",
    "51093",
    "51016",
    "50254",
    "50251",
    "49416",
    "49417",
    "49067",
    "48611",
    "49018",
    "49883",
    "47979",
    "48993",
    "46552",
    "46551",
    "48900",
    "48897",
    "30785",
    "44414",
    "46513",
    "46512",
    "21381",
    "38379",
    "43886",
    "37905",
    "38696",
    "42151",
    "38695",
    "23185"
  ],
  "cleanupMissingStock": false,
  "stockCleanupCount": 0,
  "persistResults": [
    {
      "codigo": "58123",
      "action": "created",
      "productId": "69f3d64643593ae9f97a3dde"
    },
    {
      "codigo": "58128",
      "action": "created",
      "productId": "69f3d64643593ae9f97a3df3"
    },
    {
      "codigo": "54874",
      "action": "created",
      "productId": "69f3d64d43593ae9f97a3eca"
    },
    {
      "codigo": "58016",
      "action": "updated",
      "productId": "69f2ecae6860740b8bee1bbe"
    },
    {
      "codigo": "52352",
      "action": "updated",
      "productId": "69f2ed216860740b8bee3ac7"
    },
    {
      "codigo": "50285",
      "action": "updated",
      "productId": "69f2ecb16860740b8bee1bf5"
    },
    {
      "codigo": "55485",
      "action": "updated",
      "productId": "69f2ecb16860740b8bee1c2d"
    },
    {
      "codigo": "52769",
      "action": "updated",
      "productId": "69f2ed186860740b8bee392b"
    },
    {
      "codigo": "54884",
      "action": "updated",
      "productId": "69f2ecb16860740b8bee1bf3"
    },
    {
      "codigo": "55486",
      "action": "updated",
      "productId": "69f2ecb26860740b8bee1cdf"
    },
    {
      "codigo": "55487",
      "action": "updated",
      "productId": "69f2ecb16860740b8bee1c31"
    },
    {
      "codigo": "54489",
      "action": "updated",
      "productId": "69f2ecb06860740b8bee1bd7"
    },
    {
      "codigo": "55491",
      "action": "updated",
      "productId": "69f2ecb26860740b8bee1d29"
    },
    {
      "codigo": "55490",
      "action": "updated",
      "productId": "69f2ecb16860740b8bee1c9b"
    },
    {
      "codigo": "55488",
      "action": "updated",
      "productId": "69f2ecb16860740b8bee1c73"
    },
    {
      "codigo": "53722",
      "action": "updated",
      "productId": "69f2ecb76860740b8bee1de3"
    },
    {
      "codigo": "54132",
      "action": "updated",
      "productId": "69f2ecb76860740b8bee1e11"
    },
    {
      "codigo": "55494",
      "action": "updated",
      "productId": "69f2ecb76860740b8bee1dbd"
    },
    {
      "codigo": "57606",
      "action": "updated",
      "productId": "69f2ecb86860740b8bee1e3d"
    },
    {
      "codigo": "55493",
      "action": "updated",
      "productId": "69f2ecb66860740b8bee1d73"
    },
    {
      "codigo": "55492",
      "action": "updated",
      "productId": "69f2ecb16860740b8bee1c99"
    },
    {
      "codigo": "46325",
      "action": "updated",
      "productId": "69f2ecb56860740b8bee1d4e"
    },
    {
      "codigo": "51084",
      "action": "updated",
      "productId": "69f2ecb66860740b8bee1d98"
    },
    {
      "codigo": "55489",
      "action": "updated",
      "productId": "69f2ecb26860740b8bee1d04"
    },
    {
      "codigo": "53385",
      "action": "updated",
      "productId": "69f2ecb86860740b8bee1e3a"
    },
    {
      "codigo": "48987",
      "action": "updated",
      "productId": "69f2ecbd6860740b8bee1f0e"
    },
    {
      "codigo": "53070",
      "action": "updated",
      "productId": "69f2ecb96860740b8bee1ee5"
    },
    {
      "codigo": "52181",
      "action": "updated",
      "productId": "69f2ecbf6860740b8bee1f7a"
    },
    {
      "codigo": "51138",
      "action": "updated",
      "productId": "69f2ecbf6860740b8bee1f80"
    },
    {
      "codigo": "49038",
      "action": "updated",
      "productId": "69f2ecb76860740b8bee1e0f"
    },
    {
      "codigo": "51135",
      "action": "updated",
      "productId": "69f2ecbf6860740b8bee1f54"
    },
    {
      "codigo": "51133",
      "action": "updated",
      "productId": "69f2ecbf6860740b8bee1fa2"
    },
    {
      "codigo": "51102",
      "action": "updated",
      "productId": "69f2ecc06860740b8bee2035"
    },
    {
      "codigo": "57586",
      "action": "updated",
      "productId": "69f2ecc36860740b8bee20cd"
    },
    {
      "codigo": "51564",
      "action": "updated",
      "productId": "69f2ecc06860740b8bee205b"
    },
    {
      "codigo": "57815",
      "action": "updated",
      "productId": "69f2ecc76860740b8bee21e2"
    },
    {
      "codigo": "40678",
      "action": "created",
      "productId": "69f3d66343593ae9f97a4313"
    },
    {
      "codigo": "57817",
      "action": "updated",
      "productId": "69f2ecc66860740b8bee2165"
    },
    {
      "codigo": "57816",
      "action": "updated",
      "productId": "69f2ecc66860740b8bee2196"
    },
    {
      "codigo": "57814",
      "action": "updated",
      "productId": "69f2ecc66860740b8bee2191"
    },
    {
      "codigo": "50213",
      "action": "updated",
      "productId": "69f2ecc06860740b8bee200f"
    },
    {
      "codigo": "50212",
      "action": "updated",
      "productId": "69f2ecc26860740b8bee20a7"
    },
    {
      "codigo": "50211",
      "action": "updated",
      "productId": "69f2ecbf6860740b8bee1fe9"
    },
    {
      "codigo": "50850",
      "action": "updated",
      "productId": "69f2ecc16860740b8bee2081"
    },
    {
      "codigo": "57926",
      "action": "updated",
      "productId": "69f2ecc96860740b8bee229d"
    },
    {
      "codigo": "54686",
      "action": "updated",
      "productId": "69f2ecc66860740b8bee21bb"
    },
    {
      "codigo": "48318",
      "action": "updated",
      "productId": "69f2ecc46860740b8bee20f3"
    },
    {
      "codigo": "57850",
      "action": "updated",
      "productId": "69f2eccd6860740b8bee2389"
    },
    {
      "codigo": "57772",
      "action": "updated",
      "productId": "69f2ecce6860740b8bee23d5"
    },
    {
      "codigo": "57773",
      "action": "updated",
      "productId": "69f2ecd16860740b8bee24bf"
    },
    {
      "codigo": "57769",
      "action": "updated",
      "productId": "69f2eccd6860740b8bee2360"
    },
    {
      "codigo": "57768",
      "action": "updated",
      "productId": "69f2eccd6860740b8bee238b"
    },
    {
      "codigo": "57919",
      "action": "updated",
      "productId": "69f2eccc6860740b8bee2312"
    },
    {
      "codigo": "57757",
      "action": "updated",
      "productId": "69f2ecd16860740b8bee2498"
    },
    {
      "codigo": "57767",
      "action": "updated",
      "productId": "69f2eccf6860740b8bee23ff"
    },
    {
      "codigo": "57751",
      "action": "updated",
      "productId": "69f2ecd06860740b8bee2471"
    },
    {
      "codigo": "57749",
      "action": "updated",
      "productId": "69f2ecd26860740b8bee24ea"
    },
    {
      "codigo": "57750",
      "action": "updated",
      "productId": "69f2ecd36860740b8bee255b"
    },
    {
      "codigo": "57605",
      "action": "updated",
      "productId": "69f2ecd26860740b8bee24e8"
    },
    {
      "codigo": "57748",
      "action": "updated",
      "productId": "69f2ecd26860740b8bee2534"
    },
    {
      "codigo": "57590",
      "action": "updated",
      "productId": "69f2ecd66860740b8bee25a9"
    },
    {
      "codigo": "57604",
      "action": "updated",
      "productId": "69f2ecd56860740b8bee2582"
    },
    {
      "codigo": "57589",
      "action": "updated",
      "productId": "69f2ecd76860740b8bee261e"
    },
    {
      "codigo": "57587",
      "action": "updated",
      "productId": "69f2ecd76860740b8bee25f7"
    },
    {
      "codigo": "57588",
      "action": "updated",
      "productId": "69f2ecd86860740b8bee2646"
    },
    {
      "codigo": "57585",
      "action": "updated",
      "productId": "69f2ecd86860740b8bee269c"
    },
    {
      "codigo": "57584",
      "action": "created",
      "productId": "69f3d67643593ae9f97a4789"
    },
    {
      "codigo": "57583",
      "action": "updated",
      "productId": "69f2ecd86860740b8bee266e"
    },
    {
      "codigo": "57581",
      "action": "updated",
      "productId": "69f2ecd96860740b8bee26e9"
    },
    {
      "codigo": "57579",
      "action": "updated",
      "productId": "69f2ecd76860740b8bee25d0"
    },
    {
      "codigo": "57550",
      "action": "updated",
      "productId": "69f2ecd86860740b8bee2698"
    },
    {
      "codigo": "57578",
      "action": "updated",
      "productId": "69f2ecd96860740b8bee26ee"
    },
    {
      "codigo": "57527",
      "action": "updated",
      "productId": "69f2ecda6860740b8bee273b"
    },
    {
      "codigo": "57526",
      "action": "updated",
      "productId": "69f2ecdc6860740b8bee278d"
    },
    {
      "codigo": "57516",
      "action": "updated",
      "productId": "69f2ecdb6860740b8bee2764"
    },
    {
      "codigo": "57463",
      "action": "created",
      "productId": "69f3d67c43593ae9f97a48ed"
    },
    {
      "codigo": "57467",
      "action": "updated",
      "productId": "69f2ecdd6860740b8bee27b6"
    },
    {
      "codigo": "57425",
      "action": "updated",
      "productId": "69f2ecde6860740b8bee2808"
    },
    {
      "codigo": "57199",
      "action": "updated",
      "productId": "69f2ecdf6860740b8bee2887"
    },
    {
      "codigo": "57145",
      "action": "updated",
      "productId": "69f2ecde6860740b8bee2831"
    },
    {
      "codigo": "57126",
      "action": "updated",
      "productId": "69f2ecde6860740b8bee27df"
    },
    {
      "codigo": "56919",
      "action": "created",
      "productId": "69f3d67f43593ae9f97a49df"
    },
    {
      "codigo": "57015",
      "action": "updated",
      "productId": "69f2ece06860740b8bee2903"
    },
    {
      "codigo": "56711",
      "action": "updated",
      "productId": "69f2ecdf6860740b8bee28d9"
    },
    {
      "codigo": "56908",
      "action": "updated",
      "productId": "69f2ecdf6860740b8bee28d7"
    },
    {
      "codigo": "56895",
      "action": "updated",
      "productId": "69f2ecdf6860740b8bee285a"
    },
    {
      "codigo": "56910",
      "action": "updated",
      "productId": "69f2ecdf6860740b8bee2885"
    },
    {
      "codigo": "56860",
      "action": "updated",
      "productId": "69f2ece26860740b8bee2979"
    },
    {
      "codigo": "56869",
      "action": "updated",
      "productId": "69f2ece16860740b8bee2950"
    },
    {
      "codigo": "56710",
      "action": "updated",
      "productId": "69f2ece26860740b8bee29a2"
    },
    {
      "codigo": "56686",
      "action": "updated",
      "productId": "69f2ece36860740b8bee29f4"
    },
    {
      "codigo": "56539",
      "action": "updated",
      "productId": "69f2ece26860740b8bee29cb"
    },
    {
      "codigo": "56667",
      "action": "updated",
      "productId": "69f2ece46860740b8bee2a46"
    },
    {
      "codigo": "56534",
      "action": "updated",
      "productId": "69f2ece46860740b8bee2a1d"
    },
    {
      "codigo": "56538",
      "action": "updated",
      "productId": "69f2ece56860740b8bee2a6f"
    },
    {
      "codigo": "56536",
      "action": "updated",
      "productId": "69f2ece66860740b8bee2a99"
    },
    {
      "codigo": "56535",
      "action": "updated",
      "productId": "69f2ece66860740b8bee2ac6"
    },
    {
      "codigo": "56292",
      "action": "updated",
      "productId": "69f2ece66860740b8bee2a9d"
    },
    {
      "codigo": "56533",
      "action": "updated",
      "productId": "69f2ece66860740b8bee2b13"
    },
    {
      "codigo": "56532",
      "action": "updated",
      "productId": "69f2ece76860740b8bee2b3c"
    },
    {
      "codigo": "56398",
      "action": "updated",
      "productId": "69f2ece86860740b8bee2b6a"
    },
    {
      "codigo": "56434",
      "action": "updated",
      "productId": "69f2ece86860740b8bee2bbb"
    },
    {
      "codigo": "56186",
      "action": "updated",
      "productId": "69f2ece86860740b8bee2b66"
    },
    {
      "codigo": "56280",
      "action": "updated",
      "productId": "69f2ecec6860740b8bee2c5f"
    },
    {
      "codigo": "55990",
      "action": "updated",
      "productId": "69f2ece86860740b8bee2bb9"
    },
    {
      "codigo": "56210",
      "action": "updated",
      "productId": "69f2ecec6860740b8bee2c39"
    },
    {
      "codigo": "56251",
      "action": "updated",
      "productId": "69f2ecec6860740b8bee2c0f"
    },
    {
      "codigo": "55569",
      "action": "updated",
      "productId": "69f2ecec6860740b8bee2c0c"
    },
    {
      "codigo": "56174",
      "action": "updated",
      "productId": "69f2eced6860740b8bee2cad"
    },
    {
      "codigo": "56106",
      "action": "updated",
      "productId": "69f2ecef6860740b8bee2d08"
    },
    {
      "codigo": "56105",
      "action": "updated",
      "productId": "69f2ecc96860740b8bee2276"
    },
    {
      "codigo": "55535",
      "action": "updated",
      "productId": "69f2ecee6860740b8bee2cd6"
    },
    {
      "codigo": "55527",
      "action": "updated",
      "productId": "69f2ecf06860740b8bee2d7a"
    },
    {
      "codigo": "55530",
      "action": "updated",
      "productId": "69f2ecef6860740b8bee2d06"
    },
    {
      "codigo": "55522",
      "action": "updated",
      "productId": "69f2ecef6860740b8bee2d00"
    },
    {
      "codigo": "55339",
      "action": "updated",
      "productId": "69f2ecf06860740b8bee2da3"
    },
    {
      "codigo": "55473",
      "action": "updated",
      "productId": "69f2ecf26860740b8bee2df5"
    },
    {
      "codigo": "55282",
      "action": "updated",
      "productId": "69f2ecf36860740b8bee2e23"
    },
    {
      "codigo": "55280",
      "action": "updated",
      "productId": "69f2ecf36860740b8bee2e1e"
    },
    {
      "codigo": "55278",
      "action": "updated",
      "productId": "69f2ecf16860740b8bee2dcc"
    },
    {
      "codigo": "55279",
      "action": "updated",
      "productId": "69f2ecf56860740b8bee2ec2"
    },
    {
      "codigo": "55292",
      "action": "updated",
      "productId": "69f2ecf46860740b8bee2e99"
    },
    {
      "codigo": "55230",
      "action": "updated",
      "productId": "69f2ecf36860740b8bee2e70"
    },
    {
      "codigo": "55247",
      "action": "updated",
      "productId": "69f2ecf66860740b8bee2f3d"
    },
    {
      "codigo": "55246",
      "action": "updated",
      "productId": "69f2ecf66860740b8bee2f66"
    },
    {
      "codigo": "55245",
      "action": "updated",
      "productId": "69f2ecf56860740b8bee2f14"
    },
    {
      "codigo": "55224",
      "action": "updated",
      "productId": "69f2ecf86860740b8bee2fe1"
    },
    {
      "codigo": "55215",
      "action": "updated",
      "productId": "69f2ecf96860740b8bee300a"
    },
    {
      "codigo": "55204",
      "action": "updated",
      "productId": "69f2ecf76860740b8bee2fb8"
    },
    {
      "codigo": "55223",
      "action": "updated",
      "productId": "69f2ecf76860740b8bee2f8f"
    },
    {
      "codigo": "55213",
      "action": "updated",
      "productId": "69f2ecf96860740b8bee305c"
    },
    {
      "codigo": "55214",
      "action": "updated",
      "productId": "69f2ecf96860740b8bee3033"
    },
    {
      "codigo": "55202",
      "action": "updated",
      "productId": "69f2ecfb6860740b8bee30ae"
    },
    {
      "codigo": "55184",
      "action": "updated",
      "productId": "69f2ecfc6860740b8bee30d7"
    },
    {
      "codigo": "55197",
      "action": "updated",
      "productId": "69f2ecfb6860740b8bee3085"
    },
    {
      "codigo": "55181",
      "action": "updated",
      "productId": "69f2ecfd6860740b8bee3104"
    },
    {
      "codigo": "55118",
      "action": "updated",
      "productId": "69f2ecfd6860740b8bee3102"
    },
    {
      "codigo": "55111",
      "action": "updated",
      "productId": "69f2ecfe6860740b8bee31a4"
    },
    {
      "codigo": "55113",
      "action": "updated",
      "productId": "69f2ecfe6860740b8bee3156"
    },
    {
      "codigo": "55110",
      "action": "updated",
      "productId": "69f2ecfd6860740b8bee3154"
    },
    {
      "codigo": "55087",
      "action": "updated",
      "productId": "69f2ecfe6860740b8bee31cd"
    },
    {
      "codigo": "55013",
      "action": "updated",
      "productId": "69f2ecca6860740b8bee22c4"
    },
    {
      "codigo": "55022",
      "action": "updated",
      "productId": "69f2ecff6860740b8bee31f6"
    },
    {
      "codigo": "49859",
      "action": "updated",
      "productId": "69f2ecc46860740b8bee2119"
    },
    {
      "codigo": "49857",
      "action": "updated",
      "productId": "69f2ecc56860740b8bee213f"
    },
    {
      "codigo": "49858",
      "action": "updated",
      "productId": "69f2ecc66860740b8bee218f"
    },
    {
      "codigo": "54899",
      "action": "updated",
      "productId": "69f2ed006860740b8bee3224"
    },
    {
      "codigo": "54869",
      "action": "updated",
      "productId": "69f2ed006860740b8bee329a"
    },
    {
      "codigo": "54249",
      "action": "updated",
      "productId": "69f2ecca6860740b8bee22eb"
    },
    {
      "codigo": "54842",
      "action": "updated",
      "productId": "69f2ed026860740b8bee3315"
    },
    {
      "codigo": "54824",
      "action": "updated",
      "productId": "69f2eccc6860740b8bee2339"
    },
    {
      "codigo": "53559",
      "action": "updated",
      "productId": "69f2ecc86860740b8bee224f"
    },
    {
      "codigo": "54427",
      "action": "updated",
      "productId": "69f2ed026860740b8bee333e"
    },
    {
      "codigo": "54483",
      "action": "updated",
      "productId": "69f2ed006860740b8bee3221"
    },
    {
      "codigo": "54476",
      "action": "updated",
      "productId": "69f2ed046860740b8bee3367"
    },
    {
      "codigo": "54008",
      "action": "updated",
      "productId": "69f2ed066860740b8bee33b9"
    },
    {
      "codigo": "53738",
      "action": "updated",
      "productId": "69f2ed066860740b8bee340d"
    },
    {
      "codigo": "53970",
      "action": "updated",
      "productId": "69f2ed066860740b8bee343a"
    },
    {
      "codigo": "53754",
      "action": "updated",
      "productId": "69f2ed066860740b8bee343c"
    },
    {
      "codigo": "53989",
      "action": "updated",
      "productId": "69f2ed066860740b8bee33e2"
    },
    {
      "codigo": "53740",
      "action": "updated",
      "productId": "69f2ed066860740b8bee340f"
    },
    {
      "codigo": "49041",
      "action": "created",
      "productId": "69f3d6b243593ae9f97a5661"
    },
    {
      "codigo": "53386",
      "action": "updated",
      "productId": "69f2ed0b6860740b8bee3553"
    },
    {
      "codigo": "53541",
      "action": "updated",
      "productId": "69f2ed096860740b8bee352a"
    },
    {
      "codigo": "53642",
      "action": "updated",
      "productId": "69f2ed086860740b8bee34d8"
    },
    {
      "codigo": "53364",
      "action": "updated",
      "productId": "69f2ed0d6860740b8bee3620"
    },
    {
      "codigo": "53367",
      "action": "updated",
      "productId": "69f2ed0c6860740b8bee357e"
    },
    {
      "codigo": "53344",
      "action": "updated",
      "productId": "69f2ed0d6860740b8bee35d2"
    },
    {
      "codigo": "53363",
      "action": "updated",
      "productId": "69f2ed0d6860740b8bee35cf"
    },
    {
      "codigo": "53291",
      "action": "updated",
      "productId": "69f2ed0e6860740b8bee3649"
    },
    {
      "codigo": "53225",
      "action": "updated",
      "productId": "69f2ed106860740b8bee3716"
    },
    {
      "codigo": "53068",
      "action": "updated",
      "productId": "69f2ed0f6860740b8bee369b"
    },
    {
      "codigo": "53066",
      "action": "updated",
      "productId": "69f2ed106860740b8bee36ed"
    },
    {
      "codigo": "53069",
      "action": "updated",
      "productId": "69f2ed0f6860740b8bee36c4"
    },
    {
      "codigo": "53065",
      "action": "updated",
      "productId": "69f2ed116860740b8bee373f"
    },
    {
      "codigo": "53044",
      "action": "updated",
      "productId": "69f2ed136860740b8bee37e3"
    },
    {
      "codigo": "53062",
      "action": "updated",
      "productId": "69f2ed126860740b8bee3791"
    },
    {
      "codigo": "53064",
      "action": "updated",
      "productId": "69f2ed126860740b8bee37ba"
    },
    {
      "codigo": "53043",
      "action": "updated",
      "productId": "69f2ed0c6860740b8bee3580"
    },
    {
      "codigo": "53040",
      "action": "updated",
      "productId": "69f2ed146860740b8bee380c"
    },
    {
      "codigo": "53042",
      "action": "updated",
      "productId": "69f2ed146860740b8bee3835"
    },
    {
      "codigo": "52897",
      "action": "updated",
      "productId": "69f2ed156860740b8bee385e"
    },
    {
      "codigo": "51563",
      "action": "updated",
      "productId": "69f2ed096860740b8bee3501"
    },
    {
      "codigo": "52896",
      "action": "updated",
      "productId": "69f2ed156860740b8bee3887"
    },
    {
      "codigo": "52768",
      "action": "updated",
      "productId": "69f2ed176860740b8bee38d9"
    },
    {
      "codigo": "52753",
      "action": "updated",
      "productId": "69f2ed176860740b8bee38de"
    },
    {
      "codigo": "52762",
      "action": "updated",
      "productId": "69f2ed1b6860740b8bee3985"
    },
    {
      "codigo": "52764",
      "action": "updated",
      "productId": "69f2ed166860740b8bee38b0"
    },
    {
      "codigo": "52756",
      "action": "updated",
      "productId": "69f2ed186860740b8bee3954"
    },
    {
      "codigo": "52745",
      "action": "updated",
      "productId": "69f2ed1f6860740b8bee3a9c"
    },
    {
      "codigo": "42167",
      "action": "updated",
      "productId": "69f2ed026860740b8bee32ec"
    },
    {
      "codigo": "48319",
      "action": "updated",
      "productId": "69f2ed056860740b8bee3390"
    },
    {
      "codigo": "52715",
      "action": "updated",
      "productId": "69f2ed0e6860740b8bee3672"
    },
    {
      "codigo": "52187",
      "action": "updated",
      "productId": "69f2ed236860740b8bee3b44"
    },
    {
      "codigo": "52185",
      "action": "updated",
      "productId": "69f2ed266860740b8bee3c6a"
    },
    {
      "codigo": "52182",
      "action": "updated",
      "productId": "69f2ed246860740b8bee3b98"
    },
    {
      "codigo": "44912",
      "action": "updated",
      "productId": "69f2ed016860740b8bee32c3"
    },
    {
      "codigo": "52180",
      "action": "updated",
      "productId": "69f2ed236860740b8bee3b6e"
    },
    {
      "codigo": "52137",
      "action": "updated",
      "productId": "69f2ed266860740b8bee3c40"
    },
    {
      "codigo": "52115",
      "action": "updated",
      "productId": "69f2ed256860740b8bee3bec"
    },
    {
      "codigo": "52044",
      "action": "updated",
      "productId": "69f2ed276860740b8bee3c96"
    },
    {
      "codigo": "52043",
      "action": "updated",
      "productId": "69f2ed296860740b8bee3d12"
    },
    {
      "codigo": "52046",
      "action": "updated",
      "productId": "69f2ed276860740b8bee3c98"
    },
    {
      "codigo": "52038",
      "action": "created",
      "productId": "69f3d6cc43593ae9f97a5cf3"
    },
    {
      "codigo": "51768",
      "action": "updated",
      "productId": "69f2ed256860740b8bee3c16"
    },
    {
      "codigo": "51637",
      "action": "updated",
      "productId": "69f2ed2b6860740b8bee3dba"
    },
    {
      "codigo": "51666",
      "action": "updated",
      "productId": "69f2ed2a6860740b8bee3d66"
    },
    {
      "codigo": "51263",
      "action": "updated",
      "productId": "69f2ed296860740b8bee3d3c"
    },
    {
      "codigo": "51568",
      "action": "updated",
      "productId": "69f2ed2c6860740b8bee3de4"
    },
    {
      "codigo": "51475",
      "action": "updated",
      "productId": "69f2ed2c6860740b8bee3e38"
    },
    {
      "codigo": "51611",
      "action": "updated",
      "productId": "69f2ed2c6860740b8bee3e0e"
    },
    {
      "codigo": "51248",
      "action": "updated",
      "productId": "69f2ed2b6860740b8bee3d90"
    },
    {
      "codigo": "41347",
      "action": "updated",
      "productId": "69f2ed076860740b8bee34af"
    },
    {
      "codigo": "51231",
      "action": "updated",
      "productId": "69f2ed2f6860740b8bee3eb6"
    },
    {
      "codigo": "51230",
      "action": "updated",
      "productId": "69f2ed306860740b8bee3f0f"
    },
    {
      "codigo": "51229",
      "action": "updated",
      "productId": "69f2ed2e6860740b8bee3e62"
    },
    {
      "codigo": "51219",
      "action": "updated",
      "productId": "69f2ed2f6860740b8bee3e8c"
    },
    {
      "codigo": "51218",
      "action": "updated",
      "productId": "69f2ed306860740b8bee3f0b"
    },
    {
      "codigo": "51121",
      "action": "updated",
      "productId": "69f2ed336860740b8bee3f89"
    },
    {
      "codigo": "51217",
      "action": "updated",
      "productId": "69f2ed306860740b8bee3ee0"
    },
    {
      "codigo": "45881",
      "action": "updated",
      "productId": "69f2ed1c6860740b8bee39b2"
    },
    {
      "codigo": "45880",
      "action": "updated",
      "productId": "69f2ed1b6860740b8bee3987"
    },
    {
      "codigo": "45879",
      "action": "updated",
      "productId": "69f2ed1b6860740b8bee397f"
    },
    {
      "codigo": "45883",
      "action": "updated",
      "productId": "69f2ed1d6860740b8bee39df"
    },
    {
      "codigo": "45878",
      "action": "updated",
      "productId": "69f2ed1c6860740b8bee39b0"
    },
    {
      "codigo": "45882",
      "action": "updated",
      "productId": "69f2ed1d6860740b8bee39b8"
    },
    {
      "codigo": "50525",
      "action": "updated",
      "productId": "69f2ed316860740b8bee3f5e"
    },
    {
      "codigo": "50703",
      "action": "updated",
      "productId": "69f2ed336860740b8bee3f8c"
    },
    {
      "codigo": "50801",
      "action": "updated",
      "productId": "69f2ed346860740b8bee4008"
    },
    {
      "codigo": "50495",
      "action": "updated",
      "productId": "69f2ed356860740b8bee405e"
    },
    {
      "codigo": "50510",
      "action": "updated",
      "productId": "69f2ed346860740b8bee4033"
    },
    {
      "codigo": "50486",
      "action": "updated",
      "productId": "69f2ed336860740b8bee3fdd"
    },
    {
      "codigo": "50474",
      "action": "updated",
      "productId": "69f2ed386860740b8bee4164"
    },
    {
      "codigo": "50380",
      "action": "updated",
      "productId": "69f2ed356860740b8bee4089"
    },
    {
      "codigo": "50379",
      "action": "updated",
      "productId": "69f2ed376860740b8bee4135"
    },
    {
      "codigo": "50263",
      "action": "updated",
      "productId": "69f2ed376860740b8bee40bd"
    },
    {
      "codigo": "40243",
      "action": "updated",
      "productId": "69f2ed216860740b8bee3acb"
    },
    {
      "codigo": "49785",
      "action": "updated",
      "productId": "69f2ed376860740b8bee40ba"
    },
    {
      "codigo": "40244",
      "action": "updated",
      "productId": "69f2ed226860740b8bee3b1a"
    },
    {
      "codigo": "50166",
      "action": "updated",
      "productId": "69f2ed396860740b8bee41b6"
    },
    {
      "codigo": "50186",
      "action": "updated",
      "productId": "69f2ed386860740b8bee4161"
    },
    {
      "codigo": "50006",
      "action": "updated",
      "productId": "69f2ed3a6860740b8bee41e1"
    },
    {
      "codigo": "49820",
      "action": "updated",
      "productId": "69f2ed3a6860740b8bee4237"
    },
    {
      "codigo": "49467",
      "action": "updated",
      "productId": "69f2ed3a6860740b8bee420c"
    },
    {
      "codigo": "49702",
      "action": "updated",
      "productId": "69f2ed3a6860740b8bee4262"
    },
    {
      "codigo": "49525",
      "action": "updated",
      "productId": "69f2ed3c6860740b8bee42e3"
    },
    {
      "codigo": "39136",
      "action": "updated",
      "productId": "69f2ed256860740b8bee3bc2"
    },
    {
      "codigo": "49317",
      "action": "created",
      "productId": "69f3d6e543593ae9f97a63f3"
    },
    {
      "codigo": "49521",
      "action": "updated",
      "productId": "69f2ed3b6860740b8bee42b8"
    },
    {
      "codigo": "49294",
      "action": "updated",
      "productId": "69f2ed3b6860740b8bee428d"
    },
    {
      "codigo": "49335",
      "action": "updated",
      "productId": "69f2ed3c6860740b8bee430e"
    },
    {
      "codigo": "49229",
      "action": "updated",
      "productId": "69f2ed3d6860740b8bee433a"
    },
    {
      "codigo": "49228",
      "action": "updated",
      "productId": "69f2ed3e6860740b8bee43ba"
    },
    {
      "codigo": "49217",
      "action": "updated",
      "productId": "69f2ed3f6860740b8bee43e5"
    },
    {
      "codigo": "17000",
      "action": "created",
      "productId": "69f3d6ea43593ae9f97a64f4"
    },
    {
      "codigo": "48981",
      "action": "updated",
      "productId": "69f2ed406860740b8bee4466"
    },
    {
      "codigo": "49117",
      "action": "updated",
      "productId": "69f2ed426860740b8bee44e7"
    },
    {
      "codigo": "49114",
      "action": "updated",
      "productId": "69f2ed416860740b8bee44bc"
    },
    {
      "codigo": "49130",
      "action": "updated",
      "productId": "69f2ed416860740b8bee4491"
    },
    {
      "codigo": "48982",
      "action": "updated",
      "productId": "69f2ed436860740b8bee453d"
    },
    {
      "codigo": "28447",
      "action": "updated",
      "productId": "69f2ed9c6860740b8bee63d0"
    },
    {
      "codigo": "48906",
      "action": "updated",
      "productId": "69f2ed446860740b8bee45be"
    },
    {
      "codigo": "32947",
      "action": "created",
      "productId": "69f3d6ef43593ae9f97a666d"
    },
    {
      "codigo": "48784",
      "action": "updated",
      "productId": "69f2ed426860740b8bee4512"
    },
    {
      "codigo": "32001",
      "action": "updated",
      "productId": "69f2ed576860740b8bee4a47"
    },
    {
      "codigo": "48754",
      "action": "updated",
      "productId": "69f2ed446860740b8bee4593"
    },
    {
      "codigo": "48755",
      "action": "created",
      "productId": "69f3d6f143593ae9f97a6718"
    },
    {
      "codigo": "48753",
      "action": "updated",
      "productId": "69f2ed436860740b8bee4568"
    },
    {
      "codigo": "48752",
      "action": "updated",
      "productId": "69f2ed466860740b8bee4614"
    },
    {
      "codigo": "48692",
      "action": "updated",
      "productId": "69f2ed466860740b8bee45e9"
    },
    {
      "codigo": "44351",
      "action": "updated",
      "productId": "69f2ed376860740b8bee40b7"
    },
    {
      "codigo": "48603",
      "action": "updated",
      "productId": "69f2ed496860740b8bee4699"
    },
    {
      "codigo": "27357",
      "action": "updated",
      "productId": "69f2ed626860740b8bee4e4f"
    },
    {
      "codigo": "48471",
      "action": "updated",
      "productId": "69f2ed496860740b8bee4697"
    },
    {
      "codigo": "48470",
      "action": "updated",
      "productId": "69f2ed4d6860740b8bee46f4"
    },
    {
      "codigo": "48469",
      "action": "updated",
      "productId": "69f2ed4b6860740b8bee46eb"
    },
    {
      "codigo": "48320",
      "action": "updated",
      "productId": "69f2ed466860740b8bee463f"
    },
    {
      "codigo": "48451",
      "action": "updated",
      "productId": "69f2ed4d6860740b8bee471e"
    },
    {
      "codigo": "48452",
      "action": "updated",
      "productId": "69f2ed4d6860740b8bee46f1"
    },
    {
      "codigo": "47677",
      "action": "updated",
      "productId": "69f2ed476860740b8bee466a"
    },
    {
      "codigo": "48108",
      "action": "updated",
      "productId": "69f2ed4f6860740b8bee47ed"
    },
    {
      "codigo": "48216",
      "action": "updated",
      "productId": "69f2ed4e6860740b8bee47c2"
    },
    {
      "codigo": "48168",
      "action": "updated",
      "productId": "69f2ed516860740b8bee4899"
    },
    {
      "codigo": "48182",
      "action": "updated",
      "productId": "69f2ed516860740b8bee486e"
    },
    {
      "codigo": "47944",
      "action": "updated",
      "productId": "69f2ed516860740b8bee4843"
    },
    {
      "codigo": "39668",
      "action": "created",
      "productId": "69f3d6fd43593ae9f97a6a37"
    },
    {
      "codigo": "48054",
      "action": "updated",
      "productId": "69f2ed506860740b8bee4818"
    },
    {
      "codigo": "47937",
      "action": "updated",
      "productId": "69f2ed526860740b8bee48c4"
    },
    {
      "codigo": "47733",
      "action": "updated",
      "productId": "69f2ed546860740b8bee499b"
    },
    {
      "codigo": "47689",
      "action": "updated",
      "productId": "69f2ed546860740b8bee4945"
    },
    {
      "codigo": "42824",
      "action": "updated",
      "productId": "69f2ed3d6860740b8bee4364"
    },
    {
      "codigo": "47688",
      "action": "created",
      "productId": "69f3d70143593ae9f97a6b35"
    },
    {
      "codigo": "47678",
      "action": "updated",
      "productId": "69f2ed556860740b8bee49f1"
    },
    {
      "codigo": "47621",
      "action": "updated",
      "productId": "69f2ed536860740b8bee491a"
    },
    {
      "codigo": "47680",
      "action": "updated",
      "productId": "69f2ed546860740b8bee4970"
    },
    {
      "codigo": "47336",
      "action": "updated",
      "productId": "69f2ed576860740b8bee4a9d"
    },
    {
      "codigo": "47540",
      "action": "updated",
      "productId": "69f2ed566860740b8bee4a1c"
    },
    {
      "codigo": "47436",
      "action": "updated",
      "productId": "69f2ed586860740b8bee4b1e"
    },
    {
      "codigo": "47345",
      "action": "updated",
      "productId": "69f2ed596860740b8bee4b49"
    },
    {
      "codigo": "47219",
      "action": "updated",
      "productId": "69f2ed586860740b8bee4ac8"
    },
    {
      "codigo": "40242",
      "action": "updated",
      "productId": "69f2ed3e6860740b8bee438f"
    },
    {
      "codigo": "46293",
      "action": "updated",
      "productId": "69f2ed606860740b8bee4d78"
    },
    {
      "codigo": "36529",
      "action": "updated",
      "productId": "69f2ed406860740b8bee4411"
    },
    {
      "codigo": "47200",
      "action": "updated",
      "productId": "69f2ed5b6860740b8bee4ba3"
    },
    {
      "codigo": "36528",
      "action": "updated",
      "productId": "69f2ed406860740b8bee4415"
    },
    {
      "codigo": "47086",
      "action": "updated",
      "productId": "69f2ed616860740b8bee4e24"
    },
    {
      "codigo": "46292",
      "action": "updated",
      "productId": "69f2ed626860740b8bee4e7b"
    },
    {
      "codigo": "45789",
      "action": "updated",
      "productId": "69f2ed606860740b8bee4da3"
    },
    {
      "codigo": "45758",
      "action": "updated",
      "productId": "69f2ed606860740b8bee4dce"
    },
    {
      "codigo": "44962",
      "action": "updated",
      "productId": "69f2ed616860740b8bee4df9"
    },
    {
      "codigo": "41117",
      "action": "updated",
      "productId": "69f2ed536860740b8bee48ef"
    },
    {
      "codigo": "45460",
      "action": "updated",
      "productId": "69f2ed636860740b8bee4efb"
    },
    {
      "codigo": "45416",
      "action": "updated",
      "productId": "69f2ed646860740b8bee4f26"
    },
    {
      "codigo": "45415",
      "action": "updated",
      "productId": "69f2ed646860740b8bee4f51"
    },
    {
      "codigo": "45915",
      "action": "updated",
      "productId": "69f2ed656860740b8bee4f7c"
    },
    {
      "codigo": "45594",
      "action": "updated",
      "productId": "69f2ed666860740b8bee4fa7"
    },
    {
      "codigo": "28832",
      "action": "updated",
      "productId": "69f2ed4d6860740b8bee4723"
    },
    {
      "codigo": "44947",
      "action": "updated",
      "productId": "69f2ed696860740b8bee5145"
    },
    {
      "codigo": "44808",
      "action": "updated",
      "productId": "69f2ed686860740b8bee5095"
    },
    {
      "codigo": "45197",
      "action": "updated",
      "productId": "69f2ed666860740b8bee4fd7"
    },
    {
      "codigo": "45372",
      "action": "updated",
      "productId": "69f2ed666860740b8bee4fd9"
    },
    {
      "codigo": "44804",
      "action": "updated",
      "productId": "69f2ed696860740b8bee5174"
    },
    {
      "codigo": "45204",
      "action": "updated",
      "productId": "69f2ed686860740b8bee5093"
    },
    {
      "codigo": "25330",
      "action": "updated",
      "productId": "69f2ed576860740b8bee4a72"
    },
    {
      "codigo": "45104",
      "action": "updated",
      "productId": "69f2ed696860740b8bee5177"
    },
    {
      "codigo": "23740",
      "action": "updated",
      "productId": "69f2ed586860740b8bee4acd"
    },
    {
      "codigo": "44795",
      "action": "updated",
      "productId": "69f2ed6d6860740b8bee5311"
    },
    {
      "codigo": "34431",
      "action": "updated",
      "productId": "69f2ed596860740b8bee4b74"
    },
    {
      "codigo": "29636",
      "action": "updated",
      "productId": "69f2ed5b6860740b8bee4ba1"
    },
    {
      "codigo": "44737",
      "action": "updated",
      "productId": "69f2ed6f6860740b8bee5481"
    },
    {
      "codigo": "44787",
      "action": "updated",
      "productId": "69f2ed6d6860740b8bee52e3"
    },
    {
      "codigo": "14190",
      "action": "updated",
      "productId": "69f2ed5c6860740b8bee4c20"
    },
    {
      "codigo": "24378",
      "action": "updated",
      "productId": "69f2ed5d6860740b8bee4c50"
    },
    {
      "codigo": "31217",
      "action": "updated",
      "productId": "69f2ed5d6860740b8bee4c4c"
    },
    {
      "codigo": "28867",
      "action": "updated",
      "productId": "69f2ed5b6860740b8bee4bf5"
    },
    {
      "codigo": "14597",
      "action": "updated",
      "productId": "69f2ed5d6860740b8bee4ca5"
    },
    {
      "codigo": "44497",
      "action": "updated",
      "productId": "69f2ed6c6860740b8bee5230"
    },
    {
      "codigo": "24427",
      "action": "updated",
      "productId": "69f2ed5d6860740b8bee4cd1"
    },
    {
      "codigo": "40255",
      "action": "updated",
      "productId": "69f2ed636860740b8bee4ed0"
    },
    {
      "codigo": "44236",
      "action": "updated",
      "productId": "69f2ed6c6860740b8bee522c"
    },
    {
      "codigo": "43763",
      "action": "updated",
      "productId": "69f2ed6f6860740b8bee53ca"
    },
    {
      "codigo": "21778",
      "action": "updated",
      "productId": "69f2ed5d6860740b8bee4c7c"
    },
    {
      "codigo": "25195",
      "action": "updated",
      "productId": "69f2ed636860740b8bee4e7f"
    },
    {
      "codigo": "23486",
      "action": "updated",
      "productId": "69f2ed5f6860740b8bee4d22"
    },
    {
      "codigo": "43764",
      "action": "updated",
      "productId": "69f2ed6d6860740b8bee52b5"
    },
    {
      "codigo": "43890",
      "action": "updated",
      "productId": "69f2ed6e6860740b8bee533f"
    },
    {
      "codigo": "44264",
      "action": "updated",
      "productId": "69f2ed6f6860740b8bee539b"
    },
    {
      "codigo": "43734",
      "action": "updated",
      "productId": "69f2ed6c6860740b8bee51fd"
    },
    {
      "codigo": "44243",
      "action": "updated",
      "productId": "69f2ed6f6860740b8bee53ce"
    },
    {
      "codigo": "43053",
      "action": "updated",
      "productId": "69f2ed6c6860740b8bee5287"
    },
    {
      "codigo": "43274",
      "action": "updated",
      "productId": "69f2ed736860740b8bee5595"
    },
    {
      "codigo": "43238",
      "action": "updated",
      "productId": "69f2ed726860740b8bee5511"
    },
    {
      "codigo": "43275",
      "action": "updated",
      "productId": "69f2ed726860740b8bee54dd"
    },
    {
      "codigo": "39125",
      "action": "updated",
      "productId": "69f2ed686860740b8bee5063"
    },
    {
      "codigo": "43239",
      "action": "updated",
      "productId": "69f2ed736860740b8bee553e"
    },
    {
      "codigo": "43235",
      "action": "updated",
      "productId": "69f2ed746860740b8bee564d"
    },
    {
      "codigo": "38097",
      "action": "updated",
      "productId": "69f2ed686860740b8bee5031"
    },
    {
      "codigo": "38096",
      "action": "updated",
      "productId": "69f2ed686860740b8bee5061"
    },
    {
      "codigo": "38098",
      "action": "updated",
      "productId": "69f2ed686860740b8bee5117"
    },
    {
      "codigo": "43049",
      "action": "updated",
      "productId": "69f2ed776860740b8bee56d7"
    },
    {
      "codigo": "43046",
      "action": "updated",
      "productId": "69f2ed796860740b8bee570a"
    },
    {
      "codigo": "42990",
      "action": "updated",
      "productId": "69f2ed796860740b8bee573e"
    },
    {
      "codigo": "42712",
      "action": "updated",
      "productId": "69f2ed786860740b8bee5706"
    },
    {
      "codigo": "42826",
      "action": "updated",
      "productId": "69f2ed7a6860740b8bee576f"
    },
    {
      "codigo": "43006",
      "action": "updated",
      "productId": "69f2ed7b6860740b8bee57f8"
    },
    {
      "codigo": "43052",
      "action": "updated",
      "productId": "69f2ed796860740b8bee5739"
    },
    {
      "codigo": "42500",
      "action": "updated",
      "productId": "69f2ed746860740b8bee561f"
    },
    {
      "codigo": "42867",
      "action": "updated",
      "productId": "69f2ed7a6860740b8bee5771"
    },
    {
      "codigo": "42980",
      "action": "updated",
      "productId": "69f2ed7d6860740b8bee58d1"
    },
    {
      "codigo": "42630",
      "action": "updated",
      "productId": "69f2ed7f6860740b8bee58ff"
    },
    {
      "codigo": "42631",
      "action": "updated",
      "productId": "69f2ed796860740b8bee5741"
    },
    {
      "codigo": "32359",
      "action": "updated",
      "productId": "69f2ed6e6860740b8bee536d"
    },
    {
      "codigo": "42197",
      "action": "updated",
      "productId": "69f2ed836860740b8bee5af9"
    },
    {
      "codigo": "41890",
      "action": "updated",
      "productId": "69f2ed836860740b8bee5a47"
    },
    {
      "codigo": "42179",
      "action": "updated",
      "productId": "69f2ed836860740b8bee5a4c"
    },
    {
      "codigo": "36698",
      "action": "updated",
      "productId": "69f2ed716860740b8bee54af"
    },
    {
      "codigo": "42161",
      "action": "updated",
      "productId": "69f2ed826860740b8bee5a15"
    },
    {
      "codigo": "42030",
      "action": "updated",
      "productId": "69f2ed836860740b8bee5a4e"
    },
    {
      "codigo": "41771",
      "action": "updated",
      "productId": "69f2ed846860740b8bee5b5a"
    },
    {
      "codigo": "41687",
      "action": "updated",
      "productId": "69f2ed846860740b8bee5b27"
    },
    {
      "codigo": "17456",
      "action": "updated",
      "productId": "69f2ed6f6860740b8bee53fc"
    },
    {
      "codigo": "9936",
      "action": "updated",
      "productId": "69f2ed6f6860740b8bee5400"
    },
    {
      "codigo": "41769",
      "action": "updated",
      "productId": "69f2ed866860740b8bee5be3"
    },
    {
      "codigo": "41612",
      "action": "updated",
      "productId": "69f2ed846860740b8bee5b56"
    },
    {
      "codigo": "41610",
      "action": "updated",
      "productId": "69f2ed856860740b8bee5bb1"
    },
    {
      "codigo": "24389",
      "action": "updated",
      "productId": "69f2ed726860740b8bee550c"
    },
    {
      "codigo": "41525",
      "action": "updated",
      "productId": "69f2ed876860740b8bee5c40"
    },
    {
      "codigo": "36587",
      "action": "created",
      "productId": "69f3d73243593ae9f97a7bcf"
    },
    {
      "codigo": "41606",
      "action": "updated",
      "productId": "69f2ed896860740b8bee5d7d"
    },
    {
      "codigo": "41102",
      "action": "updated",
      "productId": "69f2ed826860740b8bee5a17"
    },
    {
      "codigo": "40788",
      "action": "updated",
      "productId": "69f2ed936860740b8bee60eb"
    },
    {
      "codigo": "40887",
      "action": "updated",
      "productId": "69f2ed926860740b8bee6090"
    },
    {
      "codigo": "21717",
      "action": "updated",
      "productId": "69f2ed736860740b8bee55c3"
    },
    {
      "codigo": "33799",
      "action": "updated",
      "productId": "69f2ed746860740b8bee55f1"
    },
    {
      "codigo": "30211",
      "action": "updated",
      "productId": "69f2ed756860740b8bee567b"
    },
    {
      "codigo": "41106",
      "action": "updated",
      "productId": "69f2ed946860740b8bee6175"
    },
    {
      "codigo": "28830",
      "action": "updated",
      "productId": "69f2ed756860740b8bee56a9"
    },
    {
      "codigo": "40639",
      "action": "updated",
      "productId": "69f2ed9a6860740b8bee633d"
    },
    {
      "codigo": "40664",
      "action": "updated",
      "productId": "69f2ed976860740b8bee622e"
    },
    {
      "codigo": "35336",
      "action": "updated",
      "productId": "69f2ed816860740b8bee5989"
    },
    {
      "codigo": "35430",
      "action": "updated",
      "productId": "69f2ed7f6860740b8bee592d"
    },
    {
      "codigo": "40663",
      "action": "updated",
      "productId": "69f2ed966860740b8bee6229"
    },
    {
      "codigo": "36085",
      "action": "updated",
      "productId": "69f2ed806860740b8bee595b"
    },
    {
      "codigo": "40259",
      "action": "updated",
      "productId": "69f2ed9c6860740b8bee63c9"
    },
    {
      "codigo": "35429",
      "action": "updated",
      "productId": "69f2ed826860740b8bee59b8"
    },
    {
      "codigo": "40294",
      "action": "updated",
      "productId": "69f2ed9d6860740b8bee6483"
    },
    {
      "codigo": "40358",
      "action": "updated",
      "productId": "69f2ed9e6860740b8bee6537"
    },
    {
      "codigo": "40020",
      "action": "updated",
      "productId": "69f2ed9e6860740b8bee64df"
    },
    {
      "codigo": "40022",
      "action": "updated",
      "productId": "69f2ed9d6860740b8bee6481"
    },
    {
      "codigo": "39967",
      "action": "created",
      "productId": "69f3d73f43593ae9f97a7faf"
    },
    {
      "codigo": "40105",
      "action": "updated",
      "productId": "69f2eda06860740b8bee65c1"
    },
    {
      "codigo": "39977",
      "action": "updated",
      "productId": "69f2eda16860740b8bee661d"
    },
    {
      "codigo": "39966",
      "action": "updated",
      "productId": "69f2eda06860740b8bee6593"
    },
    {
      "codigo": "27973",
      "action": "updated",
      "productId": "69f2ed866860740b8bee5be1"
    },
    {
      "codigo": "27912",
      "action": "updated",
      "productId": "69f2ed866860740b8bee5c12"
    },
    {
      "codigo": "39944",
      "action": "updated",
      "productId": "69f2eda16860740b8bee65ef"
    },
    {
      "codigo": "39969",
      "action": "updated",
      "productId": "69f2eda26860740b8bee6654"
    },
    {
      "codigo": "39956",
      "action": "updated",
      "productId": "69f2eda26860740b8bee6650"
    },
    {
      "codigo": "39747",
      "action": "updated",
      "productId": "69f2eda56860740b8bee67e9"
    },
    {
      "codigo": "31202",
      "action": "updated",
      "productId": "69f2ed876860740b8bee5c97"
    },
    {
      "codigo": "34432",
      "action": "updated",
      "productId": "69f2ed886860740b8bee5cf3"
    },
    {
      "codigo": "31862",
      "action": "updated",
      "productId": "69f2ed896860740b8bee5d25"
    },
    {
      "codigo": "31863",
      "action": "updated",
      "productId": "69f2ed886860740b8bee5cc5"
    },
    {
      "codigo": "31864",
      "action": "updated",
      "productId": "69f2ed886860740b8bee5d22"
    },
    {
      "codigo": "31686",
      "action": "updated",
      "productId": "69f2ed896860740b8bee5dac"
    },
    {
      "codigo": "34429",
      "action": "updated",
      "productId": "69f2ed8a6860740b8bee5db0"
    },
    {
      "codigo": "31258",
      "action": "updated",
      "productId": "69f2ed8a6860740b8bee5e08"
    },
    {
      "codigo": "31257",
      "action": "updated",
      "productId": "69f2ed8d6860740b8bee5e91"
    },
    {
      "codigo": "28835",
      "action": "updated",
      "productId": "69f2ed8a6860740b8bee5e0c"
    },
    {
      "codigo": "6653",
      "action": "updated",
      "productId": "69f2ed8d6860740b8bee5ef3"
    },
    {
      "codigo": "28833",
      "action": "updated",
      "productId": "69f2ed8c6860740b8bee5e63"
    },
    {
      "codigo": "34481",
      "action": "updated",
      "productId": "69f2ed8d6860740b8bee5f25"
    },
    {
      "codigo": "23814",
      "action": "updated",
      "productId": "69f2ed8d6860740b8bee5ec0"
    },
    {
      "codigo": "24376",
      "action": "updated",
      "productId": "69f2ed8e6860740b8bee5fad"
    },
    {
      "codigo": "34363",
      "action": "updated",
      "productId": "69f2ed8d6860740b8bee5ec8"
    },
    {
      "codigo": "39666",
      "action": "updated",
      "productId": "69f2eda46860740b8bee6707"
    },
    {
      "codigo": "21159",
      "action": "updated",
      "productId": "69f2ed8e6860740b8bee602f"
    },
    {
      "codigo": "24375",
      "action": "updated",
      "productId": "69f2ed8d6860740b8bee5f81"
    },
    {
      "codigo": "24124",
      "action": "updated",
      "productId": "69f2ed8f6860740b8bee605d"
    },
    {
      "codigo": "24374",
      "action": "updated",
      "productId": "69f2ed8d6860740b8bee5ef5"
    },
    {
      "codigo": "24371",
      "action": "updated",
      "productId": "69f2ed926860740b8bee608c"
    },
    {
      "codigo": "24373",
      "action": "updated",
      "productId": "69f2ed8d6860740b8bee5f51"
    },
    {
      "codigo": "24422",
      "action": "updated",
      "productId": "69f2ed936860740b8bee60e9"
    },
    {
      "codigo": "23813",
      "action": "updated",
      "productId": "69f2ed986860740b8bee625c"
    },
    {
      "codigo": "35416",
      "action": "updated",
      "productId": "69f2ed946860740b8bee61cd"
    },
    {
      "codigo": "39609",
      "action": "updated",
      "productId": "69f2eda46860740b8bee6709"
    },
    {
      "codigo": "31157",
      "action": "updated",
      "productId": "69f2ed946860740b8bee6143"
    },
    {
      "codigo": "39362",
      "action": "updated",
      "productId": "69f2eda36860740b8bee66d5"
    },
    {
      "codigo": "39127",
      "action": "updated",
      "productId": "69f2eda46860740b8bee670c"
    },
    {
      "codigo": "39124",
      "action": "updated",
      "productId": "69f2eda46860740b8bee6767"
    },
    {
      "codigo": "30215",
      "action": "updated",
      "productId": "69f2ed946860740b8bee6173"
    },
    {
      "codigo": "39406",
      "action": "updated",
      "productId": "69f2eda66860740b8bee6845"
    },
    {
      "codigo": "39126",
      "action": "updated",
      "productId": "69f2eda26860740b8bee664e"
    },
    {
      "codigo": "39343",
      "action": "updated",
      "productId": "69f2eda96860740b8bee6882"
    },
    {
      "codigo": "38562",
      "action": "updated",
      "productId": "69f2eda46860740b8bee6739"
    },
    {
      "codigo": "32354",
      "action": "updated",
      "productId": "69f2ed956860740b8bee61fb"
    },
    {
      "codigo": "27355",
      "action": "updated",
      "productId": "69f2ed996860740b8bee62e1"
    },
    {
      "codigo": "39342",
      "action": "updated",
      "productId": "69f2edab6860740b8bee6909"
    },
    {
      "codigo": "39299",
      "action": "updated",
      "productId": "69f2eda96860740b8bee6884"
    },
    {
      "codigo": "32355",
      "action": "updated",
      "productId": "69f2ed996860740b8bee630f"
    },
    {
      "codigo": "23434",
      "action": "updated",
      "productId": "69f2ed986860740b8bee6289"
    },
    {
      "codigo": "30823",
      "action": "updated",
      "productId": "69f2ed9a6860740b8bee636b"
    },
    {
      "codigo": "18267",
      "action": "updated",
      "productId": "69f2ed9e6860740b8bee64dd"
    },
    {
      "codigo": "24035",
      "action": "updated",
      "productId": "69f2ed9c6860740b8bee6451"
    },
    {
      "codigo": "33635",
      "action": "updated",
      "productId": "69f2ed9b6860740b8bee6399"
    },
    {
      "codigo": "38761",
      "action": "updated",
      "productId": "69f2eda66860740b8bee6817"
    },
    {
      "codigo": "34092",
      "action": "updated",
      "productId": "69f2ed9e6860740b8bee653c"
    },
    {
      "codigo": "16394",
      "action": "updated",
      "productId": "69f2ed9c6860740b8bee63ce"
    },
    {
      "codigo": "38453",
      "action": "updated",
      "productId": "69f2eda86860740b8bee684e"
    },
    {
      "codigo": "38616",
      "action": "updated",
      "productId": "69f2eda86860740b8bee687b"
    },
    {
      "codigo": "38689",
      "action": "updated",
      "productId": "69f2eda86860740b8bee6850"
    },
    {
      "codigo": "38671",
      "action": "updated",
      "productId": "69f2edac6860740b8bee6938"
    },
    {
      "codigo": "38274",
      "action": "updated",
      "productId": "69f2edad6860740b8bee69e5"
    },
    {
      "codigo": "38322",
      "action": "updated",
      "productId": "69f2edad6860740b8bee69e7"
    },
    {
      "codigo": "37934",
      "action": "updated",
      "productId": "69f2edae6860740b8bee6a44"
    },
    {
      "codigo": "38313",
      "action": "updated",
      "productId": "69f2edae6860740b8bee6a3f"
    },
    {
      "codigo": "38196",
      "action": "updated",
      "productId": "69f2edaa6860740b8bee68dd"
    },
    {
      "codigo": "38082",
      "action": "updated",
      "productId": "69f2edb26860740b8bee6b53"
    },
    {
      "codigo": "37882",
      "action": "updated",
      "productId": "69f2edb06860740b8bee6af7"
    },
    {
      "codigo": "38190",
      "action": "updated",
      "productId": "69f2edb06860740b8bee6ac9"
    },
    {
      "codigo": "37915",
      "action": "updated",
      "productId": "69f2edb26860740b8bee6b81"
    },
    {
      "codigo": "38121",
      "action": "updated",
      "productId": "69f2edb06860740b8bee6a9b"
    },
    {
      "codigo": "37896",
      "action": "updated",
      "productId": "69f2edb26860740b8bee6baf"
    },
    {
      "codigo": "37704",
      "action": "updated",
      "productId": "69f2edb36860740b8bee6c0b"
    },
    {
      "codigo": "36801",
      "action": "created",
      "productId": "69f3d76443593ae9f97a8ce0"
    },
    {
      "codigo": "37702",
      "action": "updated",
      "productId": "69f2edb36860740b8bee6c39"
    },
    {
      "codigo": "37536",
      "action": "updated",
      "productId": "69f2edb46860740b8bee6c95"
    },
    {
      "codigo": "37507",
      "action": "updated",
      "productId": "69f2edb16860740b8bee6b25"
    },
    {
      "codigo": "37508",
      "action": "updated",
      "productId": "69f2edb56860740b8bee6cf1"
    },
    {
      "codigo": "36972",
      "action": "updated",
      "productId": "69f2edb46860740b8bee6c67"
    },
    {
      "codigo": "37510",
      "action": "updated",
      "productId": "69f2edb46860740b8bee6cc3"
    },
    {
      "codigo": "36800",
      "action": "updated",
      "productId": "69f2edb66860740b8bee6d4d"
    },
    {
      "codigo": "37217",
      "action": "updated",
      "productId": "69f2edb26860740b8bee6bdd"
    },
    {
      "codigo": "36821",
      "action": "updated",
      "productId": "69f2edb66860740b8bee6da9"
    },
    {
      "codigo": "36136",
      "action": "updated",
      "productId": "69f2edba6860740b8bee6f1a"
    },
    {
      "codigo": "36133",
      "action": "updated",
      "productId": "69f2edbb6860740b8bee6fff"
    },
    {
      "codigo": "36798",
      "action": "updated",
      "productId": "69f2edb66860740b8bee6d1f"
    },
    {
      "codigo": "36702",
      "action": "updated",
      "productId": "69f2edb76860740b8bee6ddb"
    },
    {
      "codigo": "36234",
      "action": "updated",
      "productId": "69f2edbb6860740b8bee6fa8"
    },
    {
      "codigo": "37224",
      "action": "updated",
      "productId": "69f2edb66860740b8bee6d7b"
    },
    {
      "codigo": "36857",
      "action": "updated",
      "productId": "69f2edb96860740b8bee6e91"
    },
    {
      "codigo": "36036",
      "action": "updated",
      "productId": "69f2edbd6860740b8bee7089"
    },
    {
      "codigo": "36078",
      "action": "updated",
      "productId": "69f2edbe6860740b8bee70e9"
    },
    {
      "codigo": "35873",
      "action": "updated",
      "productId": "69f2edba6860740b8bee6f4c"
    },
    {
      "codigo": "28842",
      "action": "updated",
      "productId": "69f2edb76860740b8bee6dd9"
    },
    {
      "codigo": "29610",
      "action": "updated",
      "productId": "69f2edb86860740b8bee6e61"
    },
    {
      "codigo": "29172",
      "action": "updated",
      "productId": "69f2edb86860740b8bee6e33"
    },
    {
      "codigo": "32361",
      "action": "updated",
      "productId": "69f2edba6860740b8bee6f1e"
    },
    {
      "codigo": "28856",
      "action": "updated",
      "productId": "69f2edbb6860740b8bee6fa3"
    },
    {
      "codigo": "22622",
      "action": "updated",
      "productId": "69f2edb96860740b8bee6eeb"
    },
    {
      "codigo": "31161",
      "action": "updated",
      "productId": "69f2edb96860740b8bee6e93"
    },
    {
      "codigo": "28106",
      "action": "updated",
      "productId": "69f2edbc6860740b8bee702d"
    },
    {
      "codigo": "32360",
      "action": "updated",
      "productId": "69f2edbd6860740b8bee70b7"
    },
    {
      "codigo": "35853",
      "action": "updated",
      "productId": "69f2edc36860740b8bee7288"
    },
    {
      "codigo": "34906",
      "action": "updated",
      "productId": "69f2edbc6860740b8bee705b"
    },
    {
      "codigo": "35784",
      "action": "updated",
      "productId": "69f2edc06860740b8bee7141"
    },
    {
      "codigo": "16723",
      "action": "updated",
      "productId": "69f2edbe6860740b8bee70e7"
    },
    {
      "codigo": "35396",
      "action": "updated",
      "productId": "69f2edc16860740b8bee719f"
    },
    {
      "codigo": "35550",
      "action": "updated",
      "productId": "69f2edc16860740b8bee716f"
    },
    {
      "codigo": "35664",
      "action": "updated",
      "productId": "69f2edc16860740b8bee71f9"
    },
    {
      "codigo": "35232",
      "action": "updated",
      "productId": "69f2edc16860740b8bee71a1"
    },
    {
      "codigo": "35153",
      "action": "updated",
      "productId": "69f2edc66860740b8bee733f"
    },
    {
      "codigo": "35414",
      "action": "updated",
      "productId": "69f2edc36860740b8bee72df"
    },
    {
      "codigo": "35150",
      "action": "updated",
      "productId": "69f2edc86860740b8bee744f"
    },
    {
      "codigo": "27000",
      "action": "updated",
      "productId": "69f2edc36860740b8bee7227"
    },
    {
      "codigo": "32085",
      "action": "updated",
      "productId": "69f2edc36860740b8bee7284"
    },
    {
      "codigo": "35062",
      "action": "updated",
      "productId": "69f2edc76860740b8bee73f3"
    },
    {
      "codigo": "31075",
      "action": "updated",
      "productId": "69f2edc66860740b8bee733c"
    },
    {
      "codigo": "34776",
      "action": "updated",
      "productId": "69f2edc66860740b8bee73c5"
    },
    {
      "codigo": "34774",
      "action": "updated",
      "productId": "69f2edc56860740b8bee730d"
    },
    {
      "codigo": "35053",
      "action": "updated",
      "productId": "69f2edc36860740b8bee7255"
    },
    {
      "codigo": "9513",
      "action": "updated",
      "productId": "69f2edc96860740b8bee7481"
    },
    {
      "codigo": "9598",
      "action": "updated",
      "productId": "69f2edcb6860740b8bee7563"
    },
    {
      "codigo": "35020",
      "action": "updated",
      "productId": "69f2edc86860740b8bee7421"
    },
    {
      "codigo": "34978",
      "action": "updated",
      "productId": "69f2edcd6860740b8bee761b"
    },
    {
      "codigo": "34787",
      "action": "updated",
      "productId": "69f2edce6860740b8bee7649"
    },
    {
      "codigo": "34902",
      "action": "updated",
      "productId": "69f2edd06860740b8bee7701"
    },
    {
      "codigo": "34972",
      "action": "updated",
      "productId": "69f2edcf6860740b8bee7677"
    },
    {
      "codigo": "34904",
      "action": "updated",
      "productId": "69f2edcf6860740b8bee76d3"
    },
    {
      "codigo": "34864",
      "action": "updated",
      "productId": "69f2edd26860740b8bee778b"
    },
    {
      "codigo": "34859",
      "action": "updated",
      "productId": "69f2edd06860740b8bee772f"
    },
    {
      "codigo": "34903",
      "action": "updated",
      "productId": "69f2edcf6860740b8bee76a5"
    },
    {
      "codigo": "34862",
      "action": "updated",
      "productId": "69f2edd26860740b8bee77b9"
    },
    {
      "codigo": "34806",
      "action": "updated",
      "productId": "69f2edd06860740b8bee775d"
    },
    {
      "codigo": "34382",
      "action": "updated",
      "productId": "69f2edd36860740b8bee7843"
    },
    {
      "codigo": "34780",
      "action": "updated",
      "productId": "69f2edd26860740b8bee77e7"
    },
    {
      "codigo": "34493",
      "action": "updated",
      "productId": "69f2edd96860740b8bee78aa"
    },
    {
      "codigo": "34264",
      "action": "updated",
      "productId": "69f2edd46860740b8bee789f"
    },
    {
      "codigo": "34498",
      "action": "updated",
      "productId": "69f2edd36860740b8bee7871"
    },
    {
      "codigo": "34532",
      "action": "updated",
      "productId": "69f2edd36860740b8bee7815"
    },
    {
      "codigo": "34437",
      "action": "updated",
      "productId": "69f2edd66860740b8bee78a5"
    },
    {
      "codigo": "34387",
      "action": "updated",
      "productId": "69f2eddc6860740b8bee790f"
    },
    {
      "codigo": "34385",
      "action": "updated",
      "productId": "69f2edd96860740b8bee78ac"
    },
    {
      "codigo": "34386",
      "action": "updated",
      "productId": "69f2eddb6860740b8bee78b2"
    },
    {
      "codigo": "34248",
      "action": "updated",
      "productId": "69f2edde6860740b8bee7a0f"
    },
    {
      "codigo": "34093",
      "action": "updated",
      "productId": "69f2eddb6860740b8bee78b8"
    },
    {
      "codigo": "33975",
      "action": "updated",
      "productId": "69f2edde6860740b8bee7a99"
    },
    {
      "codigo": "34245",
      "action": "updated",
      "productId": "69f2eddb6860740b8bee78b4"
    },
    {
      "codigo": "34114",
      "action": "updated",
      "productId": "69f2edde6860740b8bee7a3d"
    },
    {
      "codigo": "34091",
      "action": "updated",
      "productId": "69f2ede26860740b8bee7bdb"
    },
    {
      "codigo": "34188",
      "action": "updated",
      "productId": "69f2edde6860740b8bee7a6b"
    },
    {
      "codigo": "34115",
      "action": "updated",
      "productId": "69f2ede06860740b8bee7acc"
    },
    {
      "codigo": "34086",
      "action": "updated",
      "productId": "69f2ede26860740b8bee7b5a"
    },
    {
      "codigo": "33980",
      "action": "updated",
      "productId": "69f2ede26860740b8bee7b24"
    },
    {
      "codigo": "33706",
      "action": "updated",
      "productId": "69f2ede06860740b8bee7ac8"
    },
    {
      "codigo": "33027",
      "action": "updated",
      "productId": "69f2edc66860740b8bee736e"
    },
    {
      "codigo": "33815",
      "action": "updated",
      "productId": "69f2ede26860740b8bee7b58"
    },
    {
      "codigo": "33707",
      "action": "updated",
      "productId": "69f2ede26860740b8bee7c09"
    },
    {
      "codigo": "33835",
      "action": "updated",
      "productId": "69f2ede26860740b8bee7b29"
    },
    {
      "codigo": "32948",
      "action": "updated",
      "productId": "69f2ede46860740b8bee7c65"
    },
    {
      "codigo": "32945",
      "action": "updated",
      "productId": "69f2ede56860740b8bee7cc1"
    },
    {
      "codigo": "33691",
      "action": "updated",
      "productId": "69f2ede46860740b8bee7c93"
    },
    {
      "codigo": "33530",
      "action": "updated",
      "productId": "69f2ede46860740b8bee7c37"
    },
    {
      "codigo": "32357",
      "action": "updated",
      "productId": "69f2ede66860740b8bee7cef"
    },
    {
      "codigo": "32941",
      "action": "updated",
      "productId": "69f2ede66860740b8bee7d1d"
    },
    {
      "codigo": "32766",
      "action": "updated",
      "productId": "69f2ede76860740b8bee7d7d"
    },
    {
      "codigo": "32765",
      "action": "updated",
      "productId": "69f2ede96860740b8bee7d95"
    },
    {
      "codigo": "31714",
      "action": "updated",
      "productId": "69f2ede76860740b8bee7d4d"
    },
    {
      "codigo": "32382",
      "action": "updated",
      "productId": "69f2ede86860740b8bee7d83"
    },
    {
      "codigo": "32137",
      "action": "updated",
      "productId": "69f2ede76860740b8bee7d4f"
    },
    {
      "codigo": "32366",
      "action": "updated",
      "productId": "69f2ede96860740b8bee7d8e"
    },
    {
      "codigo": "32450",
      "action": "updated",
      "productId": "69f2ede96860740b8bee7d91"
    },
    {
      "codigo": "31401",
      "action": "updated",
      "productId": "69f2ede96860740b8bee7d8c"
    },
    {
      "codigo": "31684",
      "action": "updated",
      "productId": "69f2ede86860740b8bee7d85"
    },
    {
      "codigo": "31382",
      "action": "created",
      "productId": "69f3d79743593ae9f97a9e4b"
    },
    {
      "codigo": "31803",
      "action": "updated",
      "productId": "69f2edea6860740b8bee7d9d"
    },
    {
      "codigo": "31491",
      "action": "updated",
      "productId": "69f2ede96860740b8bee7d99"
    },
    {
      "codigo": "30617",
      "action": "created",
      "productId": "69f3d79a43593ae9f97a9f01"
    },
    {
      "codigo": "31056",
      "action": "created",
      "productId": "69f3d79a43593ae9f97a9f03"
    },
    {
      "codigo": "31335",
      "action": "updated",
      "productId": "69f2eded6860740b8bee7da1"
    },
    {
      "codigo": "31334",
      "action": "updated",
      "productId": "69f2edee6860740b8bee7da5"
    },
    {
      "codigo": "31338",
      "action": "created",
      "productId": "69f3d79c43593ae9f97a9fb7"
    },
    {
      "codigo": "31061",
      "action": "created",
      "productId": "69f3d79c43593ae9f97a9fbc"
    },
    {
      "codigo": "30616",
      "action": "created",
      "productId": "69f3d79d43593ae9f97aa015"
    },
    {
      "codigo": "30977",
      "action": "created",
      "productId": "69f3d79d43593ae9f97aa044"
    },
    {
      "codigo": "30611",
      "action": "created",
      "productId": "69f3d79d43593ae9f97aa073"
    },
    {
      "codigo": "30580",
      "action": "created",
      "productId": "69f3d79d43593ae9f97aa078"
    },
    {
      "codigo": "30969",
      "action": "created",
      "productId": "69f3d79d43593ae9f97aa0d2"
    },
    {
      "codigo": "30912",
      "action": "created",
      "productId": "69f3d79d43593ae9f97aa0d6"
    },
    {
      "codigo": "30369",
      "action": "created",
      "productId": "69f3d7a043593ae9f97aa12f"
    },
    {
      "codigo": "30254",
      "action": "created",
      "productId": "69f3d7a043593ae9f97aa15e"
    },
    {
      "codigo": "30209",
      "action": "updated",
      "productId": "69f2edc96860740b8bee747f"
    },
    {
      "codigo": "30202",
      "action": "created",
      "productId": "69f3d7a143593ae9f97aa190"
    },
    {
      "codigo": "30201",
      "action": "created",
      "productId": "69f3d7a243593ae9f97aa1e9"
    },
    {
      "codigo": "29755",
      "action": "created",
      "productId": "69f3d7a343593ae9f97aa218"
    },
    {
      "codigo": "28837",
      "action": "created",
      "productId": "69f3d7a343593ae9f97aa249"
    },
    {
      "codigo": "29721",
      "action": "created",
      "productId": "69f3d7a343593ae9f97aa24c"
    },
    {
      "codigo": "28685",
      "action": "created",
      "productId": "69f3d7a343593ae9f97aa27b"
    },
    {
      "codigo": "29338",
      "action": "created",
      "productId": "69f3d7a343593ae9f97aa27f"
    },
    {
      "codigo": "28745",
      "action": "created",
      "productId": "69f3d7a443593ae9f97aa303"
    },
    {
      "codigo": "28368",
      "action": "created",
      "productId": "69f3d7a443593ae9f97aa332"
    },
    {
      "codigo": "28437",
      "action": "created",
      "productId": "69f3d7a543593ae9f97aa361"
    },
    {
      "codigo": "28053",
      "action": "created",
      "productId": "69f3d7a643593ae9f97aa390"
    },
    {
      "codigo": "28614",
      "action": "created",
      "productId": "69f3d7a743593ae9f97aa3bf"
    },
    {
      "codigo": "28460",
      "action": "created",
      "productId": "69f3d7a843593ae9f97aa3ee"
    },
    {
      "codigo": "28104",
      "action": "created",
      "productId": "69f3d7a843593ae9f97aa41d"
    },
    {
      "codigo": "28098",
      "action": "updated",
      "productId": "69f2edcb6860740b8bee7591"
    },
    {
      "codigo": "27351",
      "action": "created",
      "productId": "69f3d7a943593ae9f97aa47a"
    },
    {
      "codigo": "27851",
      "action": "created",
      "productId": "69f3d7a943593ae9f97aa47e"
    },
    {
      "codigo": "27470",
      "action": "created",
      "productId": "69f3d7aa43593ae9f97aa4d7"
    },
    {
      "codigo": "27349",
      "action": "created",
      "productId": "69f3d7ab43593ae9f97aa508"
    },
    {
      "codigo": "28055",
      "action": "created",
      "productId": "69f3d7ab43593ae9f97aa50a"
    },
    {
      "codigo": "26621",
      "action": "created",
      "productId": "69f3d7ac43593ae9f97aa564"
    },
    {
      "codigo": "27029",
      "action": "created",
      "productId": "69f3d7ac43593ae9f97aa593"
    },
    {
      "codigo": "26750",
      "action": "updated",
      "productId": "69f2edca6860740b8bee74dd"
    },
    {
      "codigo": "26199",
      "action": "created",
      "productId": "69f3d7ad43593ae9f97aa5f1"
    },
    {
      "codigo": "26326",
      "action": "created",
      "productId": "69f3d7ad43593ae9f97aa5f3"
    },
    {
      "codigo": "26739",
      "action": "created",
      "productId": "69f3d7ae43593ae9f97aa64d"
    },
    {
      "codigo": "26678",
      "action": "created",
      "productId": "69f3d7af43593ae9f97aa67c"
    },
    {
      "codigo": "26428",
      "action": "created",
      "productId": "69f3d7af43593ae9f97aa6ab"
    },
    {
      "codigo": "26015",
      "action": "created",
      "productId": "69f3d7af43593ae9f97aa6da"
    },
    {
      "codigo": "26018",
      "action": "created",
      "productId": "69f3d7b043593ae9f97aa709"
    },
    {
      "codigo": "26026",
      "action": "created",
      "productId": "69f3d7b043593ae9f97aa738"
    },
    {
      "codigo": "26027",
      "action": "created",
      "productId": "69f3d7b143593ae9f97aa767"
    },
    {
      "codigo": "25864",
      "action": "created",
      "productId": "69f3d7b143593ae9f97aa796"
    },
    {
      "codigo": "25410",
      "action": "created",
      "productId": "69f3d7b243593ae9f97aa7c5"
    },
    {
      "codigo": "25863",
      "action": "created",
      "productId": "69f3d7b343593ae9f97aa7f4"
    },
    {
      "codigo": "25217",
      "action": "created",
      "productId": "69f3d7b343593ae9f97aa825"
    },
    {
      "codigo": "25862",
      "action": "created",
      "productId": "69f3d7b343593ae9f97aa827"
    },
    {
      "codigo": "25680",
      "action": "updated",
      "productId": "69f2edc96860740b8bee74db"
    },
    {
      "codigo": "25861",
      "action": "created",
      "productId": "69f3d7b443593ae9f97aa8ae"
    },
    {
      "codigo": "25370",
      "action": "created",
      "productId": "69f3d7b543593ae9f97aa8dd"
    },
    {
      "codigo": "24957",
      "action": "updated",
      "productId": "69f2edca6860740b8bee7535"
    },
    {
      "codigo": "23410",
      "action": "created",
      "productId": "69f3d7b643593ae9f97aa939"
    },
    {
      "codigo": "24377",
      "action": "created",
      "productId": "69f3d7b843593ae9f97aa968"
    },
    {
      "codigo": "24385",
      "action": "created",
      "productId": "69f3d7b843593ae9f97aa997"
    },
    {
      "codigo": "24091",
      "action": "created",
      "productId": "69f3d7b843593ae9f97aa9c6"
    },
    {
      "codigo": "24103",
      "action": "created",
      "productId": "69f3d7b843593ae9f97aa9f5"
    },
    {
      "codigo": "22623",
      "action": "created",
      "productId": "69f3d7b943593ae9f97aaa24"
    },
    {
      "codigo": "22714",
      "action": "created",
      "productId": "69f3d7b943593ae9f97aaa53"
    },
    {
      "codigo": "24092",
      "action": "created",
      "productId": "69f3d7b943593ae9f97aaa82"
    },
    {
      "codigo": "22840",
      "action": "created",
      "productId": "69f3d7ba43593ae9f97aaab1"
    },
    {
      "codigo": "22362",
      "action": "created",
      "productId": "69f3d7bb43593ae9f97aaae0"
    },
    {
      "codigo": "22563",
      "action": "created",
      "productId": "69f3d7bc43593ae9f97aab0f"
    },
    {
      "codigo": "21062",
      "action": "created",
      "productId": "69f3d7bd43593ae9f97aab3e"
    },
    {
      "codigo": "21761",
      "action": "created",
      "productId": "69f3d7be43593ae9f97aab6d"
    },
    {
      "codigo": "22084",
      "action": "created",
      "productId": "69f3d7be43593ae9f97aab9c"
    },
    {
      "codigo": "22087",
      "action": "created",
      "productId": "69f3d7be43593ae9f97aabcb"
    },
    {
      "codigo": "21914",
      "action": "updated",
      "productId": "69f2edcc6860740b8bee75bf"
    },
    {
      "codigo": "21713",
      "action": "created",
      "productId": "69f3d7be43593ae9f97aabfc"
    },
    {
      "codigo": "21285",
      "action": "created",
      "productId": "69f3d7bf43593ae9f97aac58"
    },
    {
      "codigo": "21072",
      "action": "created",
      "productId": "69f3d7bf43593ae9f97aac5a"
    },
    {
      "codigo": "20842",
      "action": "created",
      "productId": "69f3d7c043593ae9f97aacb5"
    },
    {
      "codigo": "21061",
      "action": "created",
      "productId": "69f3d7c043593ae9f97aacb9"
    },
    {
      "codigo": "20372",
      "action": "updated",
      "productId": "69f2edcc6860740b8bee75ed"
    },
    {
      "codigo": "18233",
      "action": "created",
      "productId": "69f3d7c343593ae9f97aad3f"
    },
    {
      "codigo": "17895",
      "action": "created",
      "productId": "69f3d7c343593ae9f97aad6e"
    },
    {
      "codigo": "19715",
      "action": "created",
      "productId": "69f3d7c443593ae9f97aad9d"
    },
    {
      "codigo": "17476",
      "action": "skipped",
      "reason": "missing_price_usd"
    },
    {
      "codigo": "17166",
      "action": "skipped",
      "reason": "missing_price_usd"
    },
    {
      "codigo": "17091",
      "action": "skipped",
      "reason": "missing_price_usd"
    },
    {
      "codigo": "16595",
      "action": "skipped",
      "reason": "missing_price_usd"
    },
    {
      "codigo": "16541",
      "action": "skipped",
      "reason": "missing_price_usd"
    },
    {
      "codigo": "15367",
      "action": "skipped",
      "reason": "missing_price_usd"
    },
    {
      "codigo": "15159",
      "action": "skipped",
      "reason": "missing_price_usd"
    },
    {
      "codigo": "15105",
      "action": "skipped",
      "reason": "missing_price_usd"
    },
    {
      "codigo": "14905",
      "action": "skipped",
      "reason": "missing_price_usd"
    },
    {
      "codigo": "14491",
      "action": "skipped",
      "reason": "missing_price_usd"
    },
    {
      "codigo": "14128",
      "action": "skipped",
      "reason": "missing_price_usd"
    },
    {
      "codigo": "12935",
      "action": "skipped",
      "reason": "missing_price_usd"
    },
    {
      "codigo": "11982",
      "action": "skipped",
      "reason": "missing_price_usd"
    },
    {
      "codigo": "11842",
      "action": "skipped",
      "reason": "missing_price_usd"
    },
    {
      "codigo": "10109",
      "action": "skipped",
      "reason": "missing_price_usd"
    },
    {
      "codigo": "58132",
      "action": "skipped",
      "reason": "missing_price_usd"
    },
    {
      "codigo": "55961",
      "action": "skipped",
      "reason": "missing_price_usd"
    },
    {
      "codigo": "51849",
      "action": "skipped",
      "reason": "missing_price_usd"
    },
    {
      "codigo": "50874",
      "action": "skipped",
      "reason": "missing_price_usd"
    },
    {
      "codigo": "51799",
      "action": "skipped",
      "reason": "missing_price_usd"
    },
    {
      "codigo": "50411",
      "action": "skipped",
      "reason": "missing_price_usd"
    },
    {
      "codigo": "50409",
      "action": "skipped",
      "reason": "missing_price_usd"
    },
    {
      "codigo": "50302",
      "action": "skipped",
      "reason": "missing_price_usd"
    },
    {
      "codigo": "50303",
      "action": "skipped",
      "reason": "missing_price_usd"
    },
    {
      "codigo": "50026",
      "action": "skipped",
      "reason": "missing_price_usd"
    },
    {
      "codigo": "49922",
      "action": "skipped",
      "reason": "missing_price_usd"
    },
    {
      "codigo": "49109",
      "action": "skipped",
      "reason": "missing_price_usd"
    },
    {
      "codigo": "49110",
      "action": "skipped",
      "reason": "missing_price_usd"
    },
    {
      "codigo": "48672",
      "action": "skipped",
      "reason": "missing_price_usd"
    },
    {
      "codigo": "48190",
      "action": "skipped",
      "reason": "missing_price_usd"
    },
    {
      "codigo": "48189",
      "action": "skipped",
      "reason": "missing_price_usd"
    },
    {
      "codigo": "47973",
      "action": "skipped",
      "reason": "missing_price_usd"
    },
    {
      "codigo": "47788",
      "action": "skipped",
      "reason": "missing_price_usd"
    },
    {
      "codigo": "55636",
      "action": "skipped",
      "reason": "missing_price_usd"
    },
    {
      "codigo": "55811",
      "action": "skipped",
      "reason": "missing_price_usd"
    },
    {
      "codigo": "55639",
      "action": "skipped",
      "reason": "missing_price_usd"
    },
    {
      "codigo": "56943",
      "action": "skipped",
      "reason": "missing_price_usd"
    },
    {
      "codigo": "57784",
      "action": "skipped",
      "reason": "missing_price_usd"
    },
    {
      "codigo": "56782",
      "action": "skipped",
      "reason": "missing_price_usd"
    },
    {
      "codigo": "54084",
      "action": "skipped",
      "reason": "missing_price_usd"
    },
    {
      "codigo": "54066",
      "action": "skipped",
      "reason": "missing_price_usd"
    },
    {
      "codigo": "54075",
      "action": "skipped",
      "reason": "missing_price_usd"
    },
    {
      "codigo": "54068",
      "action": "skipped",
      "reason": "missing_price_usd"
    },
    {
      "codigo": "54061",
      "action": "skipped",
      "reason": "missing_price_usd"
    },
    {
      "codigo": "54073",
      "action": "skipped",
      "reason": "missing_price_usd"
    },
    {
      "codigo": "54065",
      "action": "skipped",
      "reason": "missing_price_usd"
    },
    {
      "codigo": "53930",
      "action": "skipped",
      "reason": "missing_price_usd"
    },
    {
      "codigo": "53691",
      "action": "skipped",
      "reason": "missing_price_usd"
    },
    {
      "codigo": "53693",
      "action": "skipped",
      "reason": "missing_price_usd"
    },
    {
      "codigo": "53389",
      "action": "skipped",
      "reason": "missing_price_usd"
    },
    {
      "codigo": "56321",
      "action": "skipped",
      "reason": "missing_price_usd"
    },
    {
      "codigo": "56322",
      "action": "skipped",
      "reason": "missing_price_usd"
    },
    {
      "codigo": "55663",
      "action": "skipped",
      "reason": "missing_price_usd"
    },
    {
      "codigo": "57785",
      "action": "skipped",
      "reason": "missing_price_usd"
    },
    {
      "codigo": "57696",
      "action": "skipped",
      "reason": "missing_price_usd"
    },
    {
      "codigo": "53031",
      "action": "skipped",
      "reason": "missing_price_usd"
    },
    {
      "codigo": "52993",
      "action": "skipped",
      "reason": "missing_price_usd"
    },
    {
      "codigo": "49383",
      "action": "skipped",
      "reason": "missing_price_usd"
    },
    {
      "codigo": "55822",
      "action": "skipped",
      "reason": "missing_price_usd"
    },
    {
      "codigo": "57693",
      "action": "skipped",
      "reason": "missing_price_usd"
    },
    {
      "codigo": "57692",
      "action": "skipped",
      "reason": "missing_price_usd"
    },
    {
      "codigo": "57695",
      "action": "skipped",
      "reason": "missing_price_usd"
    },
    {
      "codigo": "57701",
      "action": "skipped",
      "reason": "missing_price_usd"
    },
    {
      "codigo": "57699",
      "action": "skipped",
      "reason": "missing_price_usd"
    },
    {
      "codigo": "57697",
      "action": "skipped",
      "reason": "missing_price_usd"
    },
    {
      "codigo": "52580",
      "action": "skipped",
      "reason": "missing_price_usd"
    },
    {
      "codigo": "54097",
      "action": "skipped",
      "reason": "missing_price_usd"
    },
    {
      "codigo": "51787",
      "action": "skipped",
      "reason": "missing_price_usd"
    },
    {
      "codigo": "51789",
      "action": "skipped",
      "reason": "missing_price_usd"
    },
    {
      "codigo": "53032",
      "action": "skipped",
      "reason": "missing_price_usd"
    },
    {
      "codigo": "53030",
      "action": "skipped",
      "reason": "missing_price_usd"
    },
    {
      "codigo": "51142",
      "action": "skipped",
      "reason": "missing_price_usd"
    },
    {
      "codigo": "51158",
      "action": "skipped",
      "reason": "missing_price_usd"
    },
    {
      "codigo": "50939",
      "action": "skipped",
      "reason": "missing_price_usd"
    },
    {
      "codigo": "50721",
      "action": "skipped",
      "reason": "missing_price_usd"
    },
    {
      "codigo": "50295",
      "action": "skipped",
      "reason": "missing_price_usd"
    },
    {
      "codigo": "50297",
      "action": "skipped",
      "reason": "missing_price_usd"
    },
    {
      "codigo": "50296",
      "action": "skipped",
      "reason": "missing_price_usd"
    },
    {
      "codigo": "49985",
      "action": "skipped",
      "reason": "missing_price_usd"
    },
    {
      "codigo": "49140",
      "action": "skipped",
      "reason": "missing_price_usd"
    },
    {
      "codigo": "41535",
      "action": "skipped",
      "reason": "missing_price_usd"
    },
    {
      "codigo": "57690",
      "action": "skipped",
      "reason": "missing_price_usd"
    },
    {
      "codigo": "48342",
      "action": "skipped",
      "reason": "missing_price_usd"
    },
    {
      "codigo": "48340",
      "action": "skipped",
      "reason": "missing_price_usd"
    },
    {
      "codigo": "48235",
      "action": "skipped",
      "reason": "missing_price_usd"
    },
    {
      "codigo": "57798",
      "action": "skipped",
      "reason": "missing_price_usd"
    },
    {
      "codigo": "57776",
      "action": "skipped",
      "reason": "missing_price_usd"
    },
    {
      "codigo": "57702",
      "action": "skipped",
      "reason": "missing_price_usd"
    },
    {
      "codigo": "57700",
      "action": "skipped",
      "reason": "missing_price_usd"
    },
    {
      "codigo": "57694",
      "action": "skipped",
      "reason": "missing_price_usd"
    },
    {
      "codigo": "57691",
      "action": "skipped",
      "reason": "missing_price_usd"
    },
    {
      "codigo": "57689",
      "action": "skipped",
      "reason": "missing_price_usd"
    },
    {
      "codigo": "57591",
      "action": "skipped",
      "reason": "missing_price_usd"
    },
    {
      "codigo": "57569",
      "action": "skipped",
      "reason": "missing_price_usd"
    },
    {
      "codigo": "57291",
      "action": "skipped",
      "reason": "missing_price_usd"
    },
    {
      "codigo": "57155",
      "action": "skipped",
      "reason": "missing_price_usd"
    },
    {
      "codigo": "57154",
      "action": "skipped",
      "reason": "missing_price_usd"
    },
    {
      "codigo": "57097",
      "action": "skipped",
      "reason": "missing_price_usd"
    },
    {
      "codigo": "57096",
      "action": "skipped",
      "reason": "missing_price_usd"
    },
    {
      "codigo": "56945",
      "action": "skipped",
      "reason": "missing_price_usd"
    },
    {
      "codigo": "56944",
      "action": "skipped",
      "reason": "missing_price_usd"
    },
    {
      "codigo": "56940",
      "action": "skipped",
      "reason": "missing_price_usd"
    },
    {
      "codigo": "56939",
      "action": "skipped",
      "reason": "missing_price_usd"
    },
    {
      "codigo": "56785",
      "action": "skipped",
      "reason": "missing_price_usd"
    },
    {
      "codigo": "56784",
      "action": "skipped",
      "reason": "missing_price_usd"
    },
    {
      "codigo": "56783",
      "action": "skipped",
      "reason": "missing_price_usd"
    },
    {
      "codigo": "56642",
      "action": "skipped",
      "reason": "missing_price_usd"
    },
    {
      "codigo": "56309",
      "action": "skipped",
      "reason": "missing_price_usd"
    },
    {
      "codigo": "56199",
      "action": "skipped",
      "reason": "missing_price_usd"
    },
    {
      "codigo": "55962",
      "action": "skipped",
      "reason": "missing_price_usd"
    },
    {
      "codigo": "55827",
      "action": "skipped",
      "reason": "missing_price_usd"
    },
    {
      "codigo": "55826",
      "action": "skipped",
      "reason": "missing_price_usd"
    },
    {
      "codigo": "55821",
      "action": "skipped",
      "reason": "missing_price_usd"
    },
    {
      "codigo": "55777",
      "action": "skipped",
      "reason": "missing_price_usd"
    },
    {
      "codigo": "55776",
      "action": "skipped",
      "reason": "missing_price_usd"
    },
    {
      "codigo": "55707",
      "action": "skipped",
      "reason": "missing_price_usd"
    },
    {
      "codigo": "55696",
      "action": "skipped",
      "reason": "missing_price_usd"
    },
    {
      "codigo": "55643",
      "action": "skipped",
      "reason": "missing_price_usd"
    },
    {
      "codigo": "55641",
      "action": "skipped",
      "reason": "missing_price_usd"
    },
    {
      "codigo": "55637",
      "action": "skipped",
      "reason": "missing_price_usd"
    },
    {
      "codigo": "55632",
      "action": "skipped",
      "reason": "missing_price_usd"
    },
    {
      "codigo": "55464",
      "action": "skipped",
      "reason": "missing_price_usd"
    },
    {
      "codigo": "55462",
      "action": "skipped",
      "reason": "missing_price_usd"
    },
    {
      "codigo": "55310",
      "action": "skipped",
      "reason": "missing_price_usd"
    },
    {
      "codigo": "55262",
      "action": "skipped",
      "reason": "missing_price_usd"
    },
    {
      "codigo": "55136",
      "action": "skipped",
      "reason": "missing_price_usd"
    },
    {
      "codigo": "55129",
      "action": "skipped",
      "reason": "missing_price_usd"
    },
    {
      "codigo": "55117",
      "action": "skipped",
      "reason": "missing_price_usd"
    },
    {
      "codigo": "55023",
      "action": "skipped",
      "reason": "missing_price_usd"
    },
    {
      "codigo": "54937",
      "action": "skipped",
      "reason": "missing_price_usd"
    },
    {
      "codigo": "48188",
      "action": "skipped",
      "reason": "missing_price_usd"
    },
    {
      "codigo": "49817",
      "action": "skipped",
      "reason": "missing_price_usd"
    },
    {
      "codigo": "48099",
      "action": "skipped",
      "reason": "missing_price_usd"
    },
    {
      "codigo": "54887",
      "action": "skipped",
      "reason": "missing_price_usd"
    },
    {
      "codigo": "54772",
      "action": "skipped",
      "reason": "missing_price_usd"
    },
    {
      "codigo": "54699",
      "action": "skipped",
      "reason": "missing_price_usd"
    },
    {
      "codigo": "54586",
      "action": "skipped",
      "reason": "missing_price_usd"
    },
    {
      "codigo": "54576",
      "action": "skipped",
      "reason": "missing_price_usd"
    },
    {
      "codigo": "54575",
      "action": "skipped",
      "reason": "missing_price_usd"
    },
    {
      "codigo": "54574",
      "action": "skipped",
      "reason": "missing_price_usd"
    },
    {
      "codigo": "54573",
      "action": "skipped",
      "reason": "missing_price_usd"
    },
    {
      "codigo": "54572",
      "action": "skipped",
      "reason": "missing_price_usd"
    },
    {
      "codigo": "49431",
      "action": "skipped",
      "reason": "missing_price_usd"
    },
    {
      "codigo": "54438",
      "action": "skipped",
      "reason": "missing_price_usd"
    },
    {
      "codigo": "49107",
      "action": "skipped",
      "reason": "missing_price_usd"
    },
    {
      "codigo": "54086",
      "action": "skipped",
      "reason": "missing_price_usd"
    },
    {
      "codigo": "54076",
      "action": "skipped",
      "reason": "missing_price_usd"
    },
    {
      "codigo": "54074",
      "action": "skipped",
      "reason": "missing_price_usd"
    },
    {
      "codigo": "54070",
      "action": "skipped",
      "reason": "missing_price_usd"
    },
    {
      "codigo": "54069",
      "action": "skipped",
      "reason": "missing_price_usd"
    },
    {
      "codigo": "54064",
      "action": "skipped",
      "reason": "missing_price_usd"
    },
    {
      "codigo": "54060",
      "action": "skipped",
      "reason": "missing_price_usd"
    },
    {
      "codigo": "54057",
      "action": "skipped",
      "reason": "missing_price_usd"
    },
    {
      "codigo": "54056",
      "action": "skipped",
      "reason": "missing_price_usd"
    },
    {
      "codigo": "53945",
      "action": "skipped",
      "reason": "missing_price_usd"
    },
    {
      "codigo": "53695",
      "action": "skipped",
      "reason": "missing_price_usd"
    },
    {
      "codigo": "53646",
      "action": "skipped",
      "reason": "missing_price_usd"
    },
    {
      "codigo": "53549",
      "action": "skipped",
      "reason": "missing_price_usd"
    },
    {
      "codigo": "53548",
      "action": "skipped",
      "reason": "missing_price_usd"
    },
    {
      "codigo": "53319",
      "action": "skipped",
      "reason": "missing_price_usd"
    },
    {
      "codigo": "53275",
      "action": "skipped",
      "reason": "missing_price_usd"
    },
    {
      "codigo": "52918",
      "action": "skipped",
      "reason": "missing_price_usd"
    },
    {
      "codigo": "52917",
      "action": "skipped",
      "reason": "missing_price_usd"
    },
    {
      "codigo": "48343",
      "action": "skipped",
      "reason": "missing_price_usd"
    },
    {
      "codigo": "52636",
      "action": "skipped",
      "reason": "missing_price_usd"
    },
    {
      "codigo": "52591",
      "action": "skipped",
      "reason": "missing_price_usd"
    },
    {
      "codigo": "45770",
      "action": "skipped",
      "reason": "missing_price_usd"
    },
    {
      "codigo": "52488",
      "action": "skipped",
      "reason": "missing_price_usd"
    },
    {
      "codigo": "52486",
      "action": "skipped",
      "reason": "missing_price_usd"
    },
    {
      "codigo": "52216",
      "action": "skipped",
      "reason": "missing_price_usd"
    },
    {
      "codigo": "52214",
      "action": "skipped",
      "reason": "missing_price_usd"
    },
    {
      "codigo": "52213",
      "action": "skipped",
      "reason": "missing_price_usd"
    },
    {
      "codigo": "52147",
      "action": "skipped",
      "reason": "missing_price_usd"
    },
    {
      "codigo": "51795",
      "action": "skipped",
      "reason": "missing_price_usd"
    },
    {
      "codigo": "51770",
      "action": "skipped",
      "reason": "missing_price_usd"
    },
    {
      "codigo": "51739",
      "action": "skipped",
      "reason": "missing_price_usd"
    },
    {
      "codigo": "51737",
      "action": "skipped",
      "reason": "missing_price_usd"
    },
    {
      "codigo": "51736",
      "action": "skipped",
      "reason": "missing_price_usd"
    },
    {
      "codigo": "51734",
      "action": "skipped",
      "reason": "missing_price_usd"
    },
    {
      "codigo": "51630",
      "action": "skipped",
      "reason": "missing_price_usd"
    },
    {
      "codigo": "41590",
      "action": "skipped",
      "reason": "missing_price_usd"
    },
    {
      "codigo": "51547",
      "action": "skipped",
      "reason": "missing_price_usd"
    },
    {
      "codigo": "51546",
      "action": "skipped",
      "reason": "missing_price_usd"
    },
    {
      "codigo": "51100",
      "action": "skipped",
      "reason": "missing_price_usd"
    },
    {
      "codigo": "50877",
      "action": "skipped",
      "reason": "missing_price_usd"
    },
    {
      "codigo": "50404",
      "action": "skipped",
      "reason": "missing_price_usd"
    },
    {
      "codigo": "50872",
      "action": "skipped",
      "reason": "missing_price_usd"
    },
    {
      "codigo": "50770",
      "action": "skipped",
      "reason": "missing_price_usd"
    },
    {
      "codigo": "50408",
      "action": "skipped",
      "reason": "missing_price_usd"
    },
    {
      "codigo": "50312",
      "action": "skipped",
      "reason": "missing_price_usd"
    },
    {
      "codigo": "50306",
      "action": "skipped",
      "reason": "missing_price_usd"
    },
    {
      "codigo": "50301",
      "action": "skipped",
      "reason": "missing_price_usd"
    },
    {
      "codigo": "50300",
      "action": "skipped",
      "reason": "missing_price_usd"
    },
    {
      "codigo": "43382",
      "action": "skipped",
      "reason": "missing_price_usd"
    },
    {
      "codigo": "50189",
      "action": "skipped",
      "reason": "missing_price_usd"
    },
    {
      "codigo": "50188",
      "action": "skipped",
      "reason": "missing_price_usd"
    },
    {
      "codigo": "50187",
      "action": "skipped",
      "reason": "missing_price_usd"
    },
    {
      "codigo": "50027",
      "action": "skipped",
      "reason": "missing_price_usd"
    },
    {
      "codigo": "50025",
      "action": "skipped",
      "reason": "missing_price_usd"
    },
    {
      "codigo": "49382",
      "action": "skipped",
      "reason": "missing_price_usd"
    },
    {
      "codigo": "42612",
      "action": "skipped",
      "reason": "missing_price_usd"
    },
    {
      "codigo": "49334",
      "action": "skipped",
      "reason": "missing_price_usd"
    },
    {
      "codigo": "49330",
      "action": "skipped",
      "reason": "missing_price_usd"
    },
    {
      "codigo": "38258",
      "action": "skipped",
      "reason": "missing_price_usd"
    },
    {
      "codigo": "42611",
      "action": "skipped",
      "reason": "missing_price_usd"
    },
    {
      "codigo": "49293",
      "action": "skipped",
      "reason": "missing_price_usd"
    },
    {
      "codigo": "49215",
      "action": "skipped",
      "reason": "missing_price_usd"
    },
    {
      "codigo": "42290",
      "action": "skipped",
      "reason": "missing_price_usd"
    },
    {
      "codigo": "48914",
      "action": "skipped",
      "reason": "missing_price_usd"
    },
    {
      "codigo": "42206",
      "action": "skipped",
      "reason": "missing_price_usd"
    },
    {
      "codigo": "48736",
      "action": "skipped",
      "reason": "missing_price_usd"
    },
    {
      "codigo": "48698",
      "action": "skipped",
      "reason": "missing_price_usd"
    },
    {
      "codigo": "48443",
      "action": "skipped",
      "reason": "missing_price_usd"
    },
    {
      "codigo": "47026",
      "action": "skipped",
      "reason": "missing_price_usd"
    },
    {
      "codigo": "48244",
      "action": "skipped",
      "reason": "missing_price_usd"
    },
    {
      "codigo": "48238",
      "action": "skipped",
      "reason": "missing_price_usd"
    },
    {
      "codigo": "48237",
      "action": "skipped",
      "reason": "missing_price_usd"
    },
    {
      "codigo": "48236",
      "action": "skipped",
      "reason": "missing_price_usd"
    },
    {
      "codigo": "48098",
      "action": "skipped",
      "reason": "missing_price_usd"
    },
    {
      "codigo": "47931",
      "action": "skipped",
      "reason": "missing_price_usd"
    },
    {
      "codigo": "43467",
      "action": "skipped",
      "reason": "missing_price_usd"
    },
    {
      "codigo": "47890",
      "action": "skipped",
      "reason": "missing_price_usd"
    },
    {
      "codigo": "46743",
      "action": "skipped",
      "reason": "missing_price_usd"
    },
    {
      "codigo": "46670",
      "action": "skipped",
      "reason": "missing_price_usd"
    },
    {
      "codigo": "46662",
      "action": "skipped",
      "reason": "missing_price_usd"
    },
    {
      "codigo": "46652",
      "action": "skipped",
      "reason": "missing_price_usd"
    },
    {
      "codigo": "46630",
      "action": "skipped",
      "reason": "missing_price_usd"
    },
    {
      "codigo": "46054",
      "action": "skipped",
      "reason": "missing_price_usd"
    },
    {
      "codigo": "45807",
      "action": "skipped",
      "reason": "missing_price_usd"
    },
    {
      "codigo": "39050",
      "action": "skipped",
      "reason": "missing_price_usd"
    },
    {
      "codigo": "45542",
      "action": "skipped",
      "reason": "missing_price_usd"
    },
    {
      "codigo": "45535",
      "action": "skipped",
      "reason": "missing_price_usd"
    },
    {
      "codigo": "45462",
      "action": "skipped",
      "reason": "missing_price_usd"
    },
    {
      "codigo": "44698",
      "action": "skipped",
      "reason": "missing_price_usd"
    },
    {
      "codigo": "44229",
      "action": "skipped",
      "reason": "missing_price_usd"
    },
    {
      "codigo": "37274",
      "action": "skipped",
      "reason": "missing_price_usd"
    },
    {
      "codigo": "43885",
      "action": "skipped",
      "reason": "missing_price_usd"
    },
    {
      "codigo": "43293",
      "action": "skipped",
      "reason": "missing_price_usd"
    },
    {
      "codigo": "43222",
      "action": "skipped",
      "reason": "missing_price_usd"
    },
    {
      "codigo": "36269",
      "action": "skipped",
      "reason": "missing_price_usd"
    },
    {
      "codigo": "38573",
      "action": "skipped",
      "reason": "missing_price_usd"
    },
    {
      "codigo": "42602",
      "action": "skipped",
      "reason": "missing_price_usd"
    },
    {
      "codigo": "42601",
      "action": "skipped",
      "reason": "missing_price_usd"
    },
    {
      "codigo": "35792",
      "action": "skipped",
      "reason": "missing_price_usd"
    },
    {
      "codigo": "35287",
      "action": "skipped",
      "reason": "missing_price_usd"
    },
    {
      "codigo": "41772",
      "action": "skipped",
      "reason": "missing_price_usd"
    },
    {
      "codigo": "41749",
      "action": "skipped",
      "reason": "missing_price_usd"
    },
    {
      "codigo": "41688",
      "action": "skipped",
      "reason": "missing_price_usd"
    },
    {
      "codigo": "30780",
      "action": "skipped",
      "reason": "missing_price_usd"
    },
    {
      "codigo": "32095",
      "action": "skipped",
      "reason": "missing_price_usd"
    },
    {
      "codigo": "34886",
      "action": "skipped",
      "reason": "missing_price_usd"
    },
    {
      "codigo": "32621",
      "action": "skipped",
      "reason": "missing_price_usd"
    },
    {
      "codigo": "33743",
      "action": "skipped",
      "reason": "missing_price_usd"
    },
    {
      "codigo": "41394",
      "action": "skipped",
      "reason": "missing_price_usd"
    },
    {
      "codigo": "41393",
      "action": "skipped",
      "reason": "missing_price_usd"
    },
    {
      "codigo": "18827",
      "action": "skipped",
      "reason": "missing_price_usd"
    },
    {
      "codigo": "30781",
      "action": "skipped",
      "reason": "missing_price_usd"
    },
    {
      "codigo": "15698",
      "action": "skipped",
      "reason": "missing_price_usd"
    },
    {
      "codigo": "19713",
      "action": "skipped",
      "reason": "missing_price_usd"
    },
    {
      "codigo": "33744",
      "action": "skipped",
      "reason": "missing_price_usd"
    },
    {
      "codigo": "26802",
      "action": "skipped",
      "reason": "missing_price_usd"
    },
    {
      "codigo": "25407",
      "action": "skipped",
      "reason": "missing_price_usd"
    },
    {
      "codigo": "41136",
      "action": "skipped",
      "reason": "missing_price_usd"
    },
    {
      "codigo": "40587",
      "action": "skipped",
      "reason": "missing_price_usd"
    },
    {
      "codigo": "40578",
      "action": "skipped",
      "reason": "missing_price_usd"
    },
    {
      "codigo": "40549",
      "action": "skipped",
      "reason": "missing_price_usd"
    },
    {
      "codigo": "36053",
      "action": "skipped",
      "reason": "missing_price_usd"
    },
    {
      "codigo": "40278",
      "action": "skipped",
      "reason": "missing_price_usd"
    },
    {
      "codigo": "40253",
      "action": "skipped",
      "reason": "missing_price_usd"
    },
    {
      "codigo": "40081",
      "action": "skipped",
      "reason": "missing_price_usd"
    },
    {
      "codigo": "39931",
      "action": "skipped",
      "reason": "missing_price_usd"
    },
    {
      "codigo": "39051",
      "action": "skipped",
      "reason": "missing_price_usd"
    },
    {
      "codigo": "38585",
      "action": "skipped",
      "reason": "missing_price_usd"
    },
    {
      "codigo": "38326",
      "action": "skipped",
      "reason": "missing_price_usd"
    },
    {
      "codigo": "37271",
      "action": "skipped",
      "reason": "missing_price_usd"
    },
    {
      "codigo": "37100",
      "action": "skipped",
      "reason": "missing_price_usd"
    },
    {
      "codigo": "36978",
      "action": "skipped",
      "reason": "missing_price_usd"
    },
    {
      "codigo": "36214",
      "action": "skipped",
      "reason": "missing_price_usd"
    },
    {
      "codigo": "36012",
      "action": "skipped",
      "reason": "missing_price_usd"
    },
    {
      "codigo": "35771",
      "action": "skipped",
      "reason": "missing_price_usd"
    },
    {
      "codigo": "35403",
      "action": "skipped",
      "reason": "missing_price_usd"
    },
    {
      "codigo": "35162",
      "action": "skipped",
      "reason": "missing_price_usd"
    },
    {
      "codigo": "35161",
      "action": "skipped",
      "reason": "missing_price_usd"
    },
    {
      "codigo": "35160",
      "action": "skipped",
      "reason": "missing_price_usd"
    },
    {
      "codigo": "34873",
      "action": "skipped",
      "reason": "missing_price_usd"
    },
    {
      "codigo": "34390",
      "action": "skipped",
      "reason": "missing_price_usd"
    },
    {
      "codigo": "34325",
      "action": "skipped",
      "reason": "missing_price_usd"
    },
    {
      "codigo": "33616",
      "action": "skipped",
      "reason": "missing_price_usd"
    },
    {
      "codigo": "32489",
      "action": "skipped",
      "reason": "missing_price_usd"
    },
    {
      "codigo": "30855",
      "action": "skipped",
      "reason": "missing_price_usd"
    },
    {
      "codigo": "29532",
      "action": "skipped",
      "reason": "missing_price_usd"
    },
    {
      "codigo": "28111",
      "action": "skipped",
      "reason": "missing_price_usd"
    },
    {
      "codigo": "27433",
      "action": "skipped",
      "reason": "missing_price_usd"
    },
    {
      "codigo": "24904",
      "action": "skipped",
      "reason": "missing_price_usd"
    },
    {
      "codigo": "24865",
      "action": "skipped",
      "reason": "missing_price_usd"
    },
    {
      "codigo": "55665",
      "action": "skipped",
      "reason": "missing_price_usd"
    },
    {
      "codigo": "53676",
      "action": "skipped",
      "reason": "missing_price_usd"
    },
    {
      "codigo": "57793",
      "action": "skipped",
      "reason": "missing_price_usd"
    },
    {
      "codigo": "58002",
      "action": "skipped",
      "reason": "missing_price_usd"
    },
    {
      "codigo": "52049",
      "action": "skipped",
      "reason": "missing_price_usd"
    },
    {
      "codigo": "52050",
      "action": "skipped",
      "reason": "missing_price_usd"
    },
    {
      "codigo": "51696",
      "action": "skipped",
      "reason": "missing_price_usd"
    },
    {
      "codigo": "51540",
      "action": "skipped",
      "reason": "missing_price_usd"
    },
    {
      "codigo": "51539",
      "action": "skipped",
      "reason": "missing_price_usd"
    },
    {
      "codigo": "50321",
      "action": "skipped",
      "reason": "missing_price_usd"
    },
    {
      "codigo": "50999",
      "action": "skipped",
      "reason": "missing_price_usd"
    },
    {
      "codigo": "50415",
      "action": "skipped",
      "reason": "missing_price_usd"
    },
    {
      "codigo": "50746",
      "action": "skipped",
      "reason": "missing_price_usd"
    },
    {
      "codigo": "50083",
      "action": "skipped",
      "reason": "missing_price_usd"
    },
    {
      "codigo": "57166",
      "action": "skipped",
      "reason": "missing_price_usd"
    },
    {
      "codigo": "55963",
      "action": "skipped",
      "reason": "missing_price_usd"
    },
    {
      "codigo": "51358",
      "action": "skipped",
      "reason": "missing_price_usd"
    },
    {
      "codigo": "52662",
      "action": "skipped",
      "reason": "missing_price_usd"
    },
    {
      "codigo": "51779",
      "action": "skipped",
      "reason": "missing_price_usd"
    },
    {
      "codigo": "57775",
      "action": "skipped",
      "reason": "missing_price_usd"
    },
    {
      "codigo": "57724",
      "action": "skipped",
      "reason": "missing_price_usd"
    },
    {
      "codigo": "57761",
      "action": "skipped",
      "reason": "missing_price_usd"
    },
    {
      "codigo": "56417",
      "action": "skipped",
      "reason": "missing_price_usd"
    },
    {
      "codigo": "56407",
      "action": "skipped",
      "reason": "missing_price_usd"
    },
    {
      "codigo": "57049",
      "action": "skipped",
      "reason": "missing_price_usd"
    },
    {
      "codigo": "57047",
      "action": "skipped",
      "reason": "missing_price_usd"
    },
    {
      "codigo": "57046",
      "action": "skipped",
      "reason": "missing_price_usd"
    },
    {
      "codigo": "57045",
      "action": "skipped",
      "reason": "missing_price_usd"
    },
    {
      "codigo": "57044",
      "action": "skipped",
      "reason": "missing_price_usd"
    },
    {
      "codigo": "56421",
      "action": "skipped",
      "reason": "missing_price_usd"
    },
    {
      "codigo": "56420",
      "action": "skipped",
      "reason": "missing_price_usd"
    },
    {
      "codigo": "55250",
      "action": "skipped",
      "reason": "missing_price_usd"
    },
    {
      "codigo": "56581",
      "action": "skipped",
      "reason": "missing_price_usd"
    },
    {
      "codigo": "56715",
      "action": "skipped",
      "reason": "missing_price_usd"
    },
    {
      "codigo": "57151",
      "action": "skipped",
      "reason": "missing_price_usd"
    },
    {
      "codigo": "55467",
      "action": "skipped",
      "reason": "missing_price_usd"
    },
    {
      "codigo": "55825",
      "action": "skipped",
      "reason": "missing_price_usd"
    },
    {
      "codigo": "55780",
      "action": "skipped",
      "reason": "missing_price_usd"
    },
    {
      "codigo": "56410",
      "action": "skipped",
      "reason": "missing_price_usd"
    },
    {
      "codigo": "55686",
      "action": "skipped",
      "reason": "missing_price_usd"
    },
    {
      "codigo": "54777",
      "action": "skipped",
      "reason": "missing_price_usd"
    },
    {
      "codigo": "57792",
      "action": "skipped",
      "reason": "missing_price_usd"
    },
    {
      "codigo": "57783",
      "action": "skipped",
      "reason": "missing_price_usd"
    },
    {
      "codigo": "57782",
      "action": "skipped",
      "reason": "missing_price_usd"
    },
    {
      "codigo": "57519",
      "action": "skipped",
      "reason": "missing_price_usd"
    },
    {
      "codigo": "57518",
      "action": "skipped",
      "reason": "missing_price_usd"
    },
    {
      "codigo": "57517",
      "action": "skipped",
      "reason": "missing_price_usd"
    },
    {
      "codigo": "57150",
      "action": "skipped",
      "reason": "missing_price_usd"
    },
    {
      "codigo": "57048",
      "action": "skipped",
      "reason": "missing_price_usd"
    },
    {
      "codigo": "56809",
      "action": "skipped",
      "reason": "missing_price_usd"
    },
    {
      "codigo": "56718",
      "action": "skipped",
      "reason": "missing_price_usd"
    },
    {
      "codigo": "56597",
      "action": "skipped",
      "reason": "missing_price_usd"
    },
    {
      "codigo": "56542",
      "action": "skipped",
      "reason": "missing_price_usd"
    },
    {
      "codigo": "56540",
      "action": "skipped",
      "reason": "missing_price_usd"
    },
    {
      "codigo": "56419",
      "action": "skipped",
      "reason": "missing_price_usd"
    },
    {
      "codigo": "56416",
      "action": "skipped",
      "reason": "missing_price_usd"
    },
    {
      "codigo": "56415",
      "action": "skipped",
      "reason": "missing_price_usd"
    },
    {
      "codigo": "56414",
      "action": "skipped",
      "reason": "missing_price_usd"
    },
    {
      "codigo": "56413",
      "action": "skipped",
      "reason": "missing_price_usd"
    },
    {
      "codigo": "56411",
      "action": "skipped",
      "reason": "missing_price_usd"
    },
    {
      "codigo": "55850",
      "action": "skipped",
      "reason": "missing_price_usd"
    },
    {
      "codigo": "55588",
      "action": "skipped",
      "reason": "missing_price_usd"
    },
    {
      "codigo": "55476",
      "action": "skipped",
      "reason": "missing_price_usd"
    },
    {
      "codigo": "55359",
      "action": "skipped",
      "reason": "missing_price_usd"
    },
    {
      "codigo": "55263",
      "action": "skipped",
      "reason": "missing_price_usd"
    },
    {
      "codigo": "54773",
      "action": "skipped",
      "reason": "missing_price_usd"
    },
    {
      "codigo": "50324",
      "action": "skipped",
      "reason": "missing_price_usd"
    },
    {
      "codigo": "53682",
      "action": "skipped",
      "reason": "missing_price_usd"
    },
    {
      "codigo": "53701",
      "action": "skipped",
      "reason": "missing_price_usd"
    },
    {
      "codigo": "53672",
      "action": "skipped",
      "reason": "missing_price_usd"
    },
    {
      "codigo": "53599",
      "action": "skipped",
      "reason": "missing_price_usd"
    },
    {
      "codigo": "53402",
      "action": "skipped",
      "reason": "missing_price_usd"
    },
    {
      "codigo": "53383",
      "action": "skipped",
      "reason": "missing_price_usd"
    },
    {
      "codigo": "53382",
      "action": "skipped",
      "reason": "missing_price_usd"
    },
    {
      "codigo": "53811",
      "action": "skipped",
      "reason": "missing_price_usd"
    },
    {
      "codigo": "53111",
      "action": "skipped",
      "reason": "missing_price_usd"
    },
    {
      "codigo": "53550",
      "action": "skipped",
      "reason": "missing_price_usd"
    },
    {
      "codigo": "52942",
      "action": "skipped",
      "reason": "missing_price_usd"
    },
    {
      "codigo": "53355",
      "action": "skipped",
      "reason": "missing_price_usd"
    },
    {
      "codigo": "53208",
      "action": "skipped",
      "reason": "missing_price_usd"
    },
    {
      "codigo": "52648",
      "action": "skipped",
      "reason": "missing_price_usd"
    },
    {
      "codigo": "53112",
      "action": "skipped",
      "reason": "missing_price_usd"
    },
    {
      "codigo": "52375",
      "action": "skipped",
      "reason": "missing_price_usd"
    },
    {
      "codigo": "52230",
      "action": "skipped",
      "reason": "missing_price_usd"
    },
    {
      "codigo": "52645",
      "action": "skipped",
      "reason": "missing_price_usd"
    },
    {
      "codigo": "52644",
      "action": "skipped",
      "reason": "missing_price_usd"
    },
    {
      "codigo": "52642",
      "action": "skipped",
      "reason": "missing_price_usd"
    },
    {
      "codigo": "52055",
      "action": "skipped",
      "reason": "missing_price_usd"
    },
    {
      "codigo": "52494",
      "action": "skipped",
      "reason": "missing_price_usd"
    },
    {
      "codigo": "47921",
      "action": "skipped",
      "reason": "missing_price_usd"
    },
    {
      "codigo": "52379",
      "action": "skipped",
      "reason": "missing_price_usd"
    },
    {
      "codigo": "52376",
      "action": "skipped",
      "reason": "missing_price_usd"
    },
    {
      "codigo": "51782",
      "action": "skipped",
      "reason": "missing_price_usd"
    },
    {
      "codigo": "52267",
      "action": "skipped",
      "reason": "missing_price_usd"
    },
    {
      "codigo": "52266",
      "action": "skipped",
      "reason": "missing_price_usd"
    },
    {
      "codigo": "52045",
      "action": "skipped",
      "reason": "missing_price_usd"
    },
    {
      "codigo": "51778",
      "action": "skipped",
      "reason": "missing_price_usd"
    },
    {
      "codigo": "51697",
      "action": "skipped",
      "reason": "missing_price_usd"
    },
    {
      "codigo": "51689",
      "action": "skipped",
      "reason": "missing_price_usd"
    },
    {
      "codigo": "51653",
      "action": "skipped",
      "reason": "missing_price_usd"
    },
    {
      "codigo": "51165",
      "action": "skipped",
      "reason": "missing_price_usd"
    },
    {
      "codigo": "51631",
      "action": "skipped",
      "reason": "missing_price_usd"
    },
    {
      "codigo": "47228",
      "action": "skipped",
      "reason": "missing_price_usd"
    },
    {
      "codigo": "50998",
      "action": "skipped",
      "reason": "missing_price_usd"
    },
    {
      "codigo": "51357",
      "action": "skipped",
      "reason": "missing_price_usd"
    },
    {
      "codigo": "50750",
      "action": "skipped",
      "reason": "missing_price_usd"
    },
    {
      "codigo": "51144",
      "action": "skipped",
      "reason": "missing_price_usd"
    },
    {
      "codigo": "51112",
      "action": "skipped",
      "reason": "missing_price_usd"
    },
    {
      "codigo": "51111",
      "action": "skipped",
      "reason": "missing_price_usd"
    },
    {
      "codigo": "51105",
      "action": "skipped",
      "reason": "missing_price_usd"
    },
    {
      "codigo": "50885",
      "action": "skipped",
      "reason": "missing_price_usd"
    },
    {
      "codigo": "50738",
      "action": "skipped",
      "reason": "missing_price_usd"
    },
    {
      "codigo": "50528",
      "action": "skipped",
      "reason": "missing_price_usd"
    },
    {
      "codigo": "50527",
      "action": "skipped",
      "reason": "missing_price_usd"
    },
    {
      "codigo": "50504",
      "action": "skipped",
      "reason": "missing_price_usd"
    },
    {
      "codigo": "50503",
      "action": "skipped",
      "reason": "missing_price_usd"
    },
    {
      "codigo": "47029",
      "action": "skipped",
      "reason": "missing_price_usd"
    },
    {
      "codigo": "45251",
      "action": "skipped",
      "reason": "missing_price_usd"
    },
    {
      "codigo": "45205",
      "action": "skipped",
      "reason": "missing_price_usd"
    },
    {
      "codigo": "44836",
      "action": "skipped",
      "reason": "missing_price_usd"
    },
    {
      "codigo": "42781",
      "action": "skipped",
      "reason": "missing_price_usd"
    },
    {
      "codigo": "41889",
      "action": "skipped",
      "reason": "missing_price_usd"
    },
    {
      "codigo": "41392",
      "action": "skipped",
      "reason": "missing_price_usd"
    },
    {
      "codigo": "41256",
      "action": "skipped",
      "reason": "missing_price_usd"
    },
    {
      "codigo": "41153",
      "action": "skipped",
      "reason": "missing_price_usd"
    },
    {
      "codigo": "41152",
      "action": "skipped",
      "reason": "missing_price_usd"
    },
    {
      "codigo": "41151",
      "action": "skipped",
      "reason": "missing_price_usd"
    },
    {
      "codigo": "41150",
      "action": "skipped",
      "reason": "missing_price_usd"
    },
    {
      "codigo": "41149",
      "action": "skipped",
      "reason": "missing_price_usd"
    },
    {
      "codigo": "41148",
      "action": "skipped",
      "reason": "missing_price_usd"
    },
    {
      "codigo": "41147",
      "action": "skipped",
      "reason": "missing_price_usd"
    },
    {
      "codigo": "41146",
      "action": "skipped",
      "reason": "missing_price_usd"
    },
    {
      "codigo": "41110",
      "action": "skipped",
      "reason": "missing_price_usd"
    },
    {
      "codigo": "40354",
      "action": "skipped",
      "reason": "missing_price_usd"
    },
    {
      "codigo": "40092",
      "action": "skipped",
      "reason": "missing_price_usd"
    },
    {
      "codigo": "17875",
      "action": "skipped",
      "reason": "missing_price_usd"
    },
    {
      "codigo": "37377",
      "action": "skipped",
      "reason": "missing_price_usd"
    },
    {
      "codigo": "35780",
      "action": "skipped",
      "reason": "missing_price_usd"
    },
    {
      "codigo": "30207",
      "action": "skipped",
      "reason": "missing_price_usd"
    },
    {
      "codigo": "57180",
      "action": "skipped",
      "reason": "missing_price_usd"
    },
    {
      "codigo": "58109",
      "action": "skipped",
      "reason": "missing_price_usd"
    },
    {
      "codigo": "58108",
      "action": "skipped",
      "reason": "missing_price_usd"
    },
    {
      "codigo": "50861",
      "action": "skipped",
      "reason": "missing_price_usd"
    },
    {
      "codigo": "47720",
      "action": "skipped",
      "reason": "missing_price_usd"
    },
    {
      "codigo": "58028",
      "action": "skipped",
      "reason": "missing_price_usd"
    },
    {
      "codigo": "57713",
      "action": "skipped",
      "reason": "missing_price_usd"
    },
    {
      "codigo": "57712",
      "action": "skipped",
      "reason": "missing_price_usd"
    },
    {
      "codigo": "47893",
      "action": "skipped",
      "reason": "missing_price_usd"
    },
    {
      "codigo": "55248",
      "action": "skipped",
      "reason": "missing_price_usd"
    },
    {
      "codigo": "57897",
      "action": "skipped",
      "reason": "missing_price_usd"
    },
    {
      "codigo": "57515",
      "action": "skipped",
      "reason": "missing_price_usd"
    },
    {
      "codigo": "57253",
      "action": "skipped",
      "reason": "missing_price_usd"
    },
    {
      "codigo": "56400",
      "action": "skipped",
      "reason": "missing_price_usd"
    },
    {
      "codigo": "54267",
      "action": "skipped",
      "reason": "missing_price_usd"
    },
    {
      "codigo": "52916",
      "action": "skipped",
      "reason": "missing_price_usd"
    },
    {
      "codigo": "52788",
      "action": "skipped",
      "reason": "missing_price_usd"
    },
    {
      "codigo": "52229",
      "action": "skipped",
      "reason": "missing_price_usd"
    },
    {
      "codigo": "50994",
      "action": "skipped",
      "reason": "missing_price_usd"
    },
    {
      "codigo": "50992",
      "action": "skipped",
      "reason": "missing_price_usd"
    },
    {
      "codigo": "50860",
      "action": "skipped",
      "reason": "missing_price_usd"
    },
    {
      "codigo": "50234",
      "action": "skipped",
      "reason": "missing_price_usd"
    },
    {
      "codigo": "50104",
      "action": "skipped",
      "reason": "missing_price_usd"
    },
    {
      "codigo": "49807",
      "action": "skipped",
      "reason": "missing_price_usd"
    },
    {
      "codigo": "42013",
      "action": "skipped",
      "reason": "missing_price_usd"
    },
    {
      "codigo": "26126",
      "action": "skipped",
      "reason": "missing_price_usd"
    },
    {
      "codigo": "22215",
      "action": "skipped",
      "reason": "missing_price_usd"
    },
    {
      "codigo": "48934",
      "action": "skipped",
      "reason": "missing_price_usd"
    },
    {
      "codigo": "20143",
      "action": "skipped",
      "reason": "missing_price_usd"
    },
    {
      "codigo": "48787",
      "action": "skipped",
      "reason": "missing_price_usd"
    },
    {
      "codigo": "48786",
      "action": "skipped",
      "reason": "missing_price_usd"
    },
    {
      "codigo": "20144",
      "action": "skipped",
      "reason": "missing_price_usd"
    },
    {
      "codigo": "48620",
      "action": "skipped",
      "reason": "missing_price_usd"
    },
    {
      "codigo": "48575",
      "action": "skipped",
      "reason": "missing_price_usd"
    },
    {
      "codigo": "47982",
      "action": "skipped",
      "reason": "missing_price_usd"
    },
    {
      "codigo": "47721",
      "action": "skipped",
      "reason": "missing_price_usd"
    },
    {
      "codigo": "47550",
      "action": "skipped",
      "reason": "missing_price_usd"
    },
    {
      "codigo": "47432",
      "action": "skipped",
      "reason": "missing_price_usd"
    },
    {
      "codigo": "47431",
      "action": "skipped",
      "reason": "missing_price_usd"
    },
    {
      "codigo": "46644",
      "action": "skipped",
      "reason": "missing_price_usd"
    },
    {
      "codigo": "45853",
      "action": "skipped",
      "reason": "missing_price_usd"
    },
    {
      "codigo": "45819",
      "action": "skipped",
      "reason": "missing_price_usd"
    },
    {
      "codigo": "35390",
      "action": "skipped",
      "reason": "missing_price_usd"
    },
    {
      "codigo": "44840",
      "action": "skipped",
      "reason": "missing_price_usd"
    },
    {
      "codigo": "43715",
      "action": "skipped",
      "reason": "missing_price_usd"
    },
    {
      "codigo": "43709",
      "action": "skipped",
      "reason": "missing_price_usd"
    },
    {
      "codigo": "44005",
      "action": "skipped",
      "reason": "missing_price_usd"
    },
    {
      "codigo": "39215",
      "action": "skipped",
      "reason": "missing_price_usd"
    },
    {
      "codigo": "43714",
      "action": "skipped",
      "reason": "missing_price_usd"
    },
    {
      "codigo": "43712",
      "action": "skipped",
      "reason": "missing_price_usd"
    },
    {
      "codigo": "43710",
      "action": "skipped",
      "reason": "missing_price_usd"
    },
    {
      "codigo": "43628",
      "action": "skipped",
      "reason": "missing_price_usd"
    },
    {
      "codigo": "43532",
      "action": "skipped",
      "reason": "missing_price_usd"
    },
    {
      "codigo": "43477",
      "action": "skipped",
      "reason": "missing_price_usd"
    },
    {
      "codigo": "43377",
      "action": "skipped",
      "reason": "missing_price_usd"
    },
    {
      "codigo": "43375",
      "action": "skipped",
      "reason": "missing_price_usd"
    },
    {
      "codigo": "43283",
      "action": "skipped",
      "reason": "missing_price_usd"
    },
    {
      "codigo": "43282",
      "action": "skipped",
      "reason": "missing_price_usd"
    },
    {
      "codigo": "43281",
      "action": "skipped",
      "reason": "missing_price_usd"
    },
    {
      "codigo": "32327",
      "action": "skipped",
      "reason": "missing_price_usd"
    },
    {
      "codigo": "42230",
      "action": "skipped",
      "reason": "missing_price_usd"
    },
    {
      "codigo": "42053",
      "action": "skipped",
      "reason": "missing_price_usd"
    },
    {
      "codigo": "42051",
      "action": "skipped",
      "reason": "missing_price_usd"
    },
    {
      "codigo": "41981",
      "action": "skipped",
      "reason": "missing_price_usd"
    },
    {
      "codigo": "41980",
      "action": "skipped",
      "reason": "missing_price_usd"
    },
    {
      "codigo": "41979",
      "action": "skipped",
      "reason": "missing_price_usd"
    },
    {
      "codigo": "41344",
      "action": "skipped",
      "reason": "missing_price_usd"
    },
    {
      "codigo": "35889",
      "action": "skipped",
      "reason": "missing_price_usd"
    },
    {
      "codigo": "35700",
      "action": "skipped",
      "reason": "missing_price_usd"
    },
    {
      "codigo": "40217",
      "action": "skipped",
      "reason": "missing_price_usd"
    },
    {
      "codigo": "35540",
      "action": "skipped",
      "reason": "missing_price_usd"
    },
    {
      "codigo": "35539",
      "action": "skipped",
      "reason": "missing_price_usd"
    },
    {
      "codigo": "39680",
      "action": "skipped",
      "reason": "missing_price_usd"
    },
    {
      "codigo": "39646",
      "action": "skipped",
      "reason": "missing_price_usd"
    },
    {
      "codigo": "27920",
      "action": "skipped",
      "reason": "missing_price_usd"
    },
    {
      "codigo": "32425",
      "action": "skipped",
      "reason": "missing_price_usd"
    },
    {
      "codigo": "26136",
      "action": "skipped",
      "reason": "missing_price_usd"
    },
    {
      "codigo": "31050",
      "action": "skipped",
      "reason": "missing_price_usd"
    },
    {
      "codigo": "31028",
      "action": "skipped",
      "reason": "missing_price_usd"
    },
    {
      "codigo": "31047",
      "action": "skipped",
      "reason": "missing_price_usd"
    },
    {
      "codigo": "31683",
      "action": "skipped",
      "reason": "missing_price_usd"
    },
    {
      "codigo": "31716",
      "action": "skipped",
      "reason": "missing_price_usd"
    },
    {
      "codigo": "27919",
      "action": "skipped",
      "reason": "missing_price_usd"
    },
    {
      "codigo": "26127",
      "action": "skipped",
      "reason": "missing_price_usd"
    },
    {
      "codigo": "26128",
      "action": "skipped",
      "reason": "missing_price_usd"
    },
    {
      "codigo": "26944",
      "action": "skipped",
      "reason": "missing_price_usd"
    },
    {
      "codigo": "32200",
      "action": "skipped",
      "reason": "missing_price_usd"
    },
    {
      "codigo": "31029",
      "action": "skipped",
      "reason": "missing_price_usd"
    },
    {
      "codigo": "31682",
      "action": "skipped",
      "reason": "missing_price_usd"
    },
    {
      "codigo": "17950",
      "action": "skipped",
      "reason": "missing_price_usd"
    },
    {
      "codigo": "28319",
      "action": "skipped",
      "reason": "missing_price_usd"
    },
    {
      "codigo": "24390",
      "action": "skipped",
      "reason": "missing_price_usd"
    },
    {
      "codigo": "26134",
      "action": "skipped",
      "reason": "missing_price_usd"
    },
    {
      "codigo": "27865",
      "action": "skipped",
      "reason": "missing_price_usd"
    },
    {
      "codigo": "22953",
      "action": "skipped",
      "reason": "missing_price_usd"
    },
    {
      "codigo": "26135",
      "action": "skipped",
      "reason": "missing_price_usd"
    },
    {
      "codigo": "22212",
      "action": "skipped",
      "reason": "missing_price_usd"
    },
    {
      "codigo": "25337",
      "action": "skipped",
      "reason": "missing_price_usd"
    },
    {
      "codigo": "32272",
      "action": "skipped",
      "reason": "missing_price_usd"
    },
    {
      "codigo": "32843",
      "action": "skipped",
      "reason": "missing_price_usd"
    },
    {
      "codigo": "33064",
      "action": "skipped",
      "reason": "missing_price_usd"
    },
    {
      "codigo": "33056",
      "action": "skipped",
      "reason": "missing_price_usd"
    },
    {
      "codigo": "33517",
      "action": "skipped",
      "reason": "missing_price_usd"
    },
    {
      "codigo": "38744",
      "action": "skipped",
      "reason": "missing_price_usd"
    },
    {
      "codigo": "38537",
      "action": "skipped",
      "reason": "missing_price_usd"
    },
    {
      "codigo": "36672",
      "action": "skipped",
      "reason": "missing_price_usd"
    },
    {
      "codigo": "36670",
      "action": "skipped",
      "reason": "missing_price_usd"
    },
    {
      "codigo": "36666",
      "action": "skipped",
      "reason": "missing_price_usd"
    },
    {
      "codigo": "36602",
      "action": "skipped",
      "reason": "missing_price_usd"
    },
    {
      "codigo": "36591",
      "action": "skipped",
      "reason": "missing_price_usd"
    },
    {
      "codigo": "36484",
      "action": "skipped",
      "reason": "missing_price_usd"
    },
    {
      "codigo": "35944",
      "action": "skipped",
      "reason": "missing_price_usd"
    },
    {
      "codigo": "35727",
      "action": "skipped",
      "reason": "missing_price_usd"
    },
    {
      "codigo": "35541",
      "action": "skipped",
      "reason": "missing_price_usd"
    },
    {
      "codigo": "35392",
      "action": "skipped",
      "reason": "missing_price_usd"
    },
    {
      "codigo": "35391",
      "action": "skipped",
      "reason": "missing_price_usd"
    },
    {
      "codigo": "31869",
      "action": "skipped",
      "reason": "missing_price_usd"
    },
    {
      "codigo": "33959",
      "action": "skipped",
      "reason": "missing_price_usd"
    },
    {
      "codigo": "33895",
      "action": "skipped",
      "reason": "missing_price_usd"
    },
    {
      "codigo": "33685",
      "action": "skipped",
      "reason": "missing_price_usd"
    },
    {
      "codigo": "33442",
      "action": "skipped",
      "reason": "missing_price_usd"
    },
    {
      "codigo": "33424",
      "action": "skipped",
      "reason": "missing_price_usd"
    },
    {
      "codigo": "33176",
      "action": "skipped",
      "reason": "missing_price_usd"
    },
    {
      "codigo": "31706",
      "action": "skipped",
      "reason": "missing_price_usd"
    },
    {
      "codigo": "31027",
      "action": "skipped",
      "reason": "missing_price_usd"
    },
    {
      "codigo": "29472",
      "action": "skipped",
      "reason": "missing_price_usd"
    },
    {
      "codigo": "29471",
      "action": "skipped",
      "reason": "missing_price_usd"
    },
    {
      "codigo": "29176",
      "action": "skipped",
      "reason": "missing_price_usd"
    },
    {
      "codigo": "27461",
      "action": "skipped",
      "reason": "missing_price_usd"
    },
    {
      "codigo": "26945",
      "action": "skipped",
      "reason": "missing_price_usd"
    },
    {
      "codigo": "26934",
      "action": "skipped",
      "reason": "missing_price_usd"
    },
    {
      "codigo": "26125",
      "action": "skipped",
      "reason": "missing_price_usd"
    },
    {
      "codigo": "25210",
      "action": "skipped",
      "reason": "missing_price_usd"
    },
    {
      "codigo": "24391",
      "action": "skipped",
      "reason": "missing_price_usd"
    },
    {
      "codigo": "23349",
      "action": "skipped",
      "reason": "missing_price_usd"
    },
    {
      "codigo": "22952",
      "action": "skipped",
      "reason": "missing_price_usd"
    },
    {
      "codigo": "22214",
      "action": "skipped",
      "reason": "missing_price_usd"
    },
    {
      "codigo": "22211",
      "action": "skipped",
      "reason": "missing_price_usd"
    },
    {
      "codigo": "22209",
      "action": "skipped",
      "reason": "missing_price_usd"
    },
    {
      "codigo": "21792",
      "action": "skipped",
      "reason": "missing_price_usd"
    },
    {
      "codigo": "55575",
      "action": "skipped",
      "reason": "missing_price_usd"
    },
    {
      "codigo": "58067",
      "action": "skipped",
      "reason": "missing_price_usd"
    },
    {
      "codigo": "57993",
      "action": "skipped",
      "reason": "missing_price_usd"
    },
    {
      "codigo": "57967",
      "action": "skipped",
      "reason": "missing_price_usd"
    },
    {
      "codigo": "57758",
      "action": "skipped",
      "reason": "missing_price_usd"
    },
    {
      "codigo": "57759",
      "action": "skipped",
      "reason": "missing_price_usd"
    },
    {
      "codigo": "57574",
      "action": "skipped",
      "reason": "missing_price_usd"
    },
    {
      "codigo": "57573",
      "action": "skipped",
      "reason": "missing_price_usd"
    },
    {
      "codigo": "57061",
      "action": "skipped",
      "reason": "missing_price_usd"
    },
    {
      "codigo": "57060",
      "action": "skipped",
      "reason": "missing_price_usd"
    },
    {
      "codigo": "56954",
      "action": "skipped",
      "reason": "missing_price_usd"
    },
    {
      "codigo": "56938",
      "action": "skipped",
      "reason": "missing_price_usd"
    },
    {
      "codigo": "56937",
      "action": "skipped",
      "reason": "missing_price_usd"
    },
    {
      "codigo": "56430",
      "action": "skipped",
      "reason": "missing_price_usd"
    },
    {
      "codigo": "55695",
      "action": "skipped",
      "reason": "missing_price_usd"
    },
    {
      "codigo": "55694",
      "action": "skipped",
      "reason": "missing_price_usd"
    },
    {
      "codigo": "55661",
      "action": "skipped",
      "reason": "missing_price_usd"
    },
    {
      "codigo": "55647",
      "action": "skipped",
      "reason": "missing_price_usd"
    },
    {
      "codigo": "55517",
      "action": "skipped",
      "reason": "missing_price_usd"
    },
    {
      "codigo": "55497",
      "action": "skipped",
      "reason": "missing_price_usd"
    },
    {
      "codigo": "55242",
      "action": "skipped",
      "reason": "missing_price_usd"
    },
    {
      "codigo": "55128",
      "action": "skipped",
      "reason": "missing_price_usd"
    },
    {
      "codigo": "54950",
      "action": "skipped",
      "reason": "missing_price_usd"
    },
    {
      "codigo": "54946",
      "action": "skipped",
      "reason": "missing_price_usd"
    },
    {
      "codigo": "54339",
      "action": "skipped",
      "reason": "missing_price_usd"
    },
    {
      "codigo": "54204",
      "action": "skipped",
      "reason": "missing_price_usd"
    },
    {
      "codigo": "54103",
      "action": "skipped",
      "reason": "missing_price_usd"
    },
    {
      "codigo": "53932",
      "action": "skipped",
      "reason": "missing_price_usd"
    },
    {
      "codigo": "53373",
      "action": "skipped",
      "reason": "missing_price_usd"
    },
    {
      "codigo": "42213",
      "action": "skipped",
      "reason": "missing_price_usd"
    },
    {
      "codigo": "52996",
      "action": "skipped",
      "reason": "missing_price_usd"
    },
    {
      "codigo": "52718",
      "action": "skipped",
      "reason": "missing_price_usd"
    },
    {
      "codigo": "52619",
      "action": "skipped",
      "reason": "missing_price_usd"
    },
    {
      "codigo": "52618",
      "action": "skipped",
      "reason": "missing_price_usd"
    },
    {
      "codigo": "52498",
      "action": "skipped",
      "reason": "missing_price_usd"
    },
    {
      "codigo": "52497",
      "action": "skipped",
      "reason": "missing_price_usd"
    },
    {
      "codigo": "52495",
      "action": "skipped",
      "reason": "missing_price_usd"
    },
    {
      "codigo": "52058",
      "action": "skipped",
      "reason": "missing_price_usd"
    },
    {
      "codigo": "52057",
      "action": "skipped",
      "reason": "missing_price_usd"
    },
    {
      "codigo": "51947",
      "action": "skipped",
      "reason": "missing_price_usd"
    },
    {
      "codigo": "51946",
      "action": "skipped",
      "reason": "missing_price_usd"
    },
    {
      "codigo": "51039",
      "action": "skipped",
      "reason": "missing_price_usd"
    },
    {
      "codigo": "51015",
      "action": "skipped",
      "reason": "missing_price_usd"
    },
    {
      "codigo": "50974",
      "action": "skipped",
      "reason": "missing_price_usd"
    },
    {
      "codigo": "50757",
      "action": "skipped",
      "reason": "missing_price_usd"
    },
    {
      "codigo": "50756",
      "action": "skipped",
      "reason": "missing_price_usd"
    },
    {
      "codigo": "50753",
      "action": "skipped",
      "reason": "missing_price_usd"
    },
    {
      "codigo": "50752",
      "action": "skipped",
      "reason": "missing_price_usd"
    },
    {
      "codigo": "49579",
      "action": "skipped",
      "reason": "missing_price_usd"
    },
    {
      "codigo": "49576",
      "action": "skipped",
      "reason": "missing_price_usd"
    },
    {
      "codigo": "48629",
      "action": "skipped",
      "reason": "missing_price_usd"
    },
    {
      "codigo": "48628",
      "action": "skipped",
      "reason": "missing_price_usd"
    },
    {
      "codigo": "48627",
      "action": "skipped",
      "reason": "missing_price_usd"
    },
    {
      "codigo": "47594",
      "action": "skipped",
      "reason": "missing_price_usd"
    },
    {
      "codigo": "47071",
      "action": "skipped",
      "reason": "missing_price_usd"
    },
    {
      "codigo": "46041",
      "action": "skipped",
      "reason": "missing_price_usd"
    },
    {
      "codigo": "45599",
      "action": "skipped",
      "reason": "missing_price_usd"
    },
    {
      "codigo": "45387",
      "action": "skipped",
      "reason": "missing_price_usd"
    },
    {
      "codigo": "45385",
      "action": "skipped",
      "reason": "missing_price_usd"
    },
    {
      "codigo": "45384",
      "action": "skipped",
      "reason": "missing_price_usd"
    },
    {
      "codigo": "44465",
      "action": "skipped",
      "reason": "missing_price_usd"
    },
    {
      "codigo": "44198",
      "action": "skipped",
      "reason": "missing_price_usd"
    },
    {
      "codigo": "43135",
      "action": "skipped",
      "reason": "missing_price_usd"
    },
    {
      "codigo": "43134",
      "action": "skipped",
      "reason": "missing_price_usd"
    },
    {
      "codigo": "43111",
      "action": "skipped",
      "reason": "missing_price_usd"
    },
    {
      "codigo": "43110",
      "action": "skipped",
      "reason": "missing_price_usd"
    },
    {
      "codigo": "37581",
      "action": "skipped",
      "reason": "missing_price_usd"
    },
    {
      "codigo": "42399",
      "action": "skipped",
      "reason": "missing_price_usd"
    },
    {
      "codigo": "41376",
      "action": "skipped",
      "reason": "missing_price_usd"
    },
    {
      "codigo": "41375",
      "action": "skipped",
      "reason": "missing_price_usd"
    },
    {
      "codigo": "40709",
      "action": "skipped",
      "reason": "missing_price_usd"
    },
    {
      "codigo": "40080",
      "action": "skipped",
      "reason": "missing_price_usd"
    },
    {
      "codigo": "38963",
      "action": "skipped",
      "reason": "missing_price_usd"
    },
    {
      "codigo": "36738",
      "action": "skipped",
      "reason": "missing_price_usd"
    },
    {
      "codigo": "31101",
      "action": "skipped",
      "reason": "missing_price_usd"
    },
    {
      "codigo": "30080",
      "action": "skipped",
      "reason": "missing_price_usd"
    },
    {
      "codigo": "26900",
      "action": "skipped",
      "reason": "missing_price_usd"
    },
    {
      "codigo": "26897",
      "action": "skipped",
      "reason": "missing_price_usd"
    },
    {
      "codigo": "26896",
      "action": "skipped",
      "reason": "missing_price_usd"
    },
    {
      "codigo": "26890",
      "action": "skipped",
      "reason": "missing_price_usd"
    },
    {
      "codigo": "26877",
      "action": "skipped",
      "reason": "missing_price_usd"
    },
    {
      "codigo": "24773",
      "action": "skipped",
      "reason": "missing_price_usd"
    },
    {
      "codigo": "23937",
      "action": "skipped",
      "reason": "missing_price_usd"
    },
    {
      "codigo": "22035",
      "action": "skipped",
      "reason": "missing_price_usd"
    },
    {
      "codigo": "22034",
      "action": "skipped",
      "reason": "missing_price_usd"
    },
    {
      "codigo": "22033",
      "action": "skipped",
      "reason": "missing_price_usd"
    },
    {
      "codigo": "1628",
      "action": "skipped",
      "reason": "missing_price_usd"
    },
    {
      "codigo": "16184",
      "action": "skipped",
      "reason": "missing_price_usd"
    },
    {
      "codigo": "16183",
      "action": "skipped",
      "reason": "missing_price_usd"
    },
    {
      "codigo": "10314",
      "action": "skipped",
      "reason": "missing_price_usd"
    },
    {
      "codigo": "56006",
      "action": "skipped",
      "reason": "missing_price_usd"
    },
    {
      "codigo": "56005",
      "action": "skipped",
      "reason": "missing_price_usd"
    },
    {
      "codigo": "56004",
      "action": "skipped",
      "reason": "missing_price_usd"
    },
    {
      "codigo": "50115",
      "action": "skipped",
      "reason": "missing_price_usd"
    },
    {
      "codigo": "49918",
      "action": "skipped",
      "reason": "missing_price_usd"
    },
    {
      "codigo": "57462",
      "action": "skipped",
      "reason": "missing_price_usd"
    },
    {
      "codigo": "57461",
      "action": "skipped",
      "reason": "missing_price_usd"
    },
    {
      "codigo": "57977",
      "action": "skipped",
      "reason": "missing_price_usd"
    },
    {
      "codigo": "57788",
      "action": "skipped",
      "reason": "missing_price_usd"
    },
    {
      "codigo": "57598",
      "action": "skipped",
      "reason": "missing_price_usd"
    },
    {
      "codigo": "57577",
      "action": "skipped",
      "reason": "missing_price_usd"
    },
    {
      "codigo": "57576",
      "action": "skipped",
      "reason": "missing_price_usd"
    },
    {
      "codigo": "57562",
      "action": "skipped",
      "reason": "missing_price_usd"
    },
    {
      "codigo": "56505",
      "action": "skipped",
      "reason": "missing_price_usd"
    },
    {
      "codigo": "55150",
      "action": "skipped",
      "reason": "missing_price_usd"
    },
    {
      "codigo": "54424",
      "action": "skipped",
      "reason": "missing_price_usd"
    },
    {
      "codigo": "54865",
      "action": "skipped",
      "reason": "missing_price_usd"
    },
    {
      "codigo": "54745",
      "action": "skipped",
      "reason": "missing_price_usd"
    },
    {
      "codigo": "54743",
      "action": "skipped",
      "reason": "missing_price_usd"
    },
    {
      "codigo": "54742",
      "action": "skipped",
      "reason": "missing_price_usd"
    },
    {
      "codigo": "54554",
      "action": "skipped",
      "reason": "missing_price_usd"
    },
    {
      "codigo": "53329",
      "action": "skipped",
      "reason": "missing_price_usd"
    },
    {
      "codigo": "52925",
      "action": "skipped",
      "reason": "missing_price_usd"
    },
    {
      "codigo": "52710",
      "action": "skipped",
      "reason": "missing_price_usd"
    },
    {
      "codigo": "52622",
      "action": "skipped",
      "reason": "missing_price_usd"
    },
    {
      "codigo": "52112",
      "action": "skipped",
      "reason": "missing_price_usd"
    },
    {
      "codigo": "51404",
      "action": "skipped",
      "reason": "missing_price_usd"
    },
    {
      "codigo": "50896",
      "action": "skipped",
      "reason": "missing_price_usd"
    },
    {
      "codigo": "49921",
      "action": "skipped",
      "reason": "missing_price_usd"
    },
    {
      "codigo": "49920",
      "action": "skipped",
      "reason": "missing_price_usd"
    },
    {
      "codigo": "49919",
      "action": "skipped",
      "reason": "missing_price_usd"
    },
    {
      "codigo": "48525",
      "action": "skipped",
      "reason": "missing_price_usd"
    },
    {
      "codigo": "47166",
      "action": "skipped",
      "reason": "missing_price_usd"
    },
    {
      "codigo": "44687",
      "action": "skipped",
      "reason": "missing_price_usd"
    },
    {
      "codigo": "44655",
      "action": "skipped",
      "reason": "missing_price_usd"
    },
    {
      "codigo": "44654",
      "action": "skipped",
      "reason": "missing_price_usd"
    },
    {
      "codigo": "44653",
      "action": "skipped",
      "reason": "missing_price_usd"
    },
    {
      "codigo": "44372",
      "action": "skipped",
      "reason": "missing_price_usd"
    },
    {
      "codigo": "44253",
      "action": "skipped",
      "reason": "missing_price_usd"
    },
    {
      "codigo": "42299",
      "action": "skipped",
      "reason": "missing_price_usd"
    },
    {
      "codigo": "41818",
      "action": "skipped",
      "reason": "missing_price_usd"
    },
    {
      "codigo": "41776",
      "action": "skipped",
      "reason": "missing_price_usd"
    },
    {
      "codigo": "41774",
      "action": "skipped",
      "reason": "missing_price_usd"
    },
    {
      "codigo": "41183",
      "action": "skipped",
      "reason": "missing_price_usd"
    },
    {
      "codigo": "40672",
      "action": "skipped",
      "reason": "missing_price_usd"
    },
    {
      "codigo": "39430",
      "action": "skipped",
      "reason": "missing_price_usd"
    },
    {
      "codigo": "39429",
      "action": "skipped",
      "reason": "missing_price_usd"
    },
    {
      "codigo": "39232",
      "action": "skipped",
      "reason": "missing_price_usd"
    },
    {
      "codigo": "38678",
      "action": "skipped",
      "reason": "missing_price_usd"
    },
    {
      "codigo": "35348",
      "action": "skipped",
      "reason": "missing_price_usd"
    },
    {
      "codigo": "35347",
      "action": "skipped",
      "reason": "missing_price_usd"
    },
    {
      "codigo": "35217",
      "action": "skipped",
      "reason": "missing_price_usd"
    },
    {
      "codigo": "23317",
      "action": "skipped",
      "reason": "missing_price_usd"
    },
    {
      "codigo": "9435",
      "action": "skipped",
      "reason": "missing_price_usd"
    },
    {
      "codigo": "9300",
      "action": "skipped",
      "reason": "missing_price_usd"
    },
    {
      "codigo": "5282",
      "action": "skipped",
      "reason": "missing_price_usd"
    },
    {
      "codigo": "4709",
      "action": "skipped",
      "reason": "missing_price_usd"
    },
    {
      "codigo": "32238",
      "action": "skipped",
      "reason": "missing_price_usd"
    },
    {
      "codigo": "30832",
      "action": "skipped",
      "reason": "missing_price_usd"
    },
    {
      "codigo": "30206",
      "action": "skipped",
      "reason": "missing_price_usd"
    },
    {
      "codigo": "29949",
      "action": "skipped",
      "reason": "missing_price_usd"
    },
    {
      "codigo": "29699",
      "action": "skipped",
      "reason": "missing_price_usd"
    },
    {
      "codigo": "28352",
      "action": "skipped",
      "reason": "missing_price_usd"
    },
    {
      "codigo": "27493",
      "action": "skipped",
      "reason": "missing_price_usd"
    },
    {
      "codigo": "27263",
      "action": "skipped",
      "reason": "missing_price_usd"
    },
    {
      "codigo": "27261",
      "action": "skipped",
      "reason": "missing_price_usd"
    },
    {
      "codigo": "26903",
      "action": "skipped",
      "reason": "missing_price_usd"
    },
    {
      "codigo": "25060",
      "action": "skipped",
      "reason": "missing_price_usd"
    },
    {
      "codigo": "24178",
      "action": "skipped",
      "reason": "missing_price_usd"
    },
    {
      "codigo": "24177",
      "action": "skipped",
      "reason": "missing_price_usd"
    },
    {
      "codigo": "20688",
      "action": "skipped",
      "reason": "missing_price_usd"
    },
    {
      "codigo": "16706",
      "action": "skipped",
      "reason": "missing_price_usd"
    },
    {
      "codigo": "1331",
      "action": "skipped",
      "reason": "missing_price_usd"
    },
    {
      "codigo": "49782",
      "action": "skipped",
      "reason": "missing_price_usd"
    },
    {
      "codigo": "51338",
      "action": "skipped",
      "reason": "missing_price_usd"
    },
    {
      "codigo": "53863",
      "action": "skipped",
      "reason": "missing_price_usd"
    },
    {
      "codigo": "53197",
      "action": "skipped",
      "reason": "missing_price_usd"
    },
    {
      "codigo": "52627",
      "action": "skipped",
      "reason": "missing_price_usd"
    },
    {
      "codigo": "57955",
      "action": "skipped",
      "reason": "missing_price_usd"
    },
    {
      "codigo": "57956",
      "action": "skipped",
      "reason": "missing_price_usd"
    },
    {
      "codigo": "57889",
      "action": "skipped",
      "reason": "missing_price_usd"
    },
    {
      "codigo": "57888",
      "action": "skipped",
      "reason": "missing_price_usd"
    },
    {
      "codigo": "57887",
      "action": "skipped",
      "reason": "missing_price_usd"
    },
    {
      "codigo": "57886",
      "action": "skipped",
      "reason": "missing_price_usd"
    },
    {
      "codigo": "57885",
      "action": "skipped",
      "reason": "missing_price_usd"
    },
    {
      "codigo": "57884",
      "action": "skipped",
      "reason": "missing_price_usd"
    },
    {
      "codigo": "57883",
      "action": "skipped",
      "reason": "missing_price_usd"
    },
    {
      "codigo": "57882",
      "action": "skipped",
      "reason": "missing_price_usd"
    },
    {
      "codigo": "57881",
      "action": "skipped",
      "reason": "missing_price_usd"
    },
    {
      "codigo": "57880",
      "action": "skipped",
      "reason": "missing_price_usd"
    },
    {
      "codigo": "57879",
      "action": "skipped",
      "reason": "missing_price_usd"
    },
    {
      "codigo": "57780",
      "action": "skipped",
      "reason": "missing_price_usd"
    },
    {
      "codigo": "57778",
      "action": "skipped",
      "reason": "missing_price_usd"
    },
    {
      "codigo": "57483",
      "action": "skipped",
      "reason": "missing_price_usd"
    },
    {
      "codigo": "57481",
      "action": "skipped",
      "reason": "missing_price_usd"
    },
    {
      "codigo": "57380",
      "action": "skipped",
      "reason": "missing_price_usd"
    },
    {
      "codigo": "57193",
      "action": "skipped",
      "reason": "missing_price_usd"
    },
    {
      "codigo": "57182",
      "action": "skipped",
      "reason": "missing_price_usd"
    },
    {
      "codigo": "57125",
      "action": "skipped",
      "reason": "missing_price_usd"
    },
    {
      "codigo": "57124",
      "action": "skipped",
      "reason": "missing_price_usd"
    },
    {
      "codigo": "57123",
      "action": "skipped",
      "reason": "missing_price_usd"
    },
    {
      "codigo": "57122",
      "action": "skipped",
      "reason": "missing_price_usd"
    },
    {
      "codigo": "57068",
      "action": "skipped",
      "reason": "missing_price_usd"
    },
    {
      "codigo": "56694",
      "action": "skipped",
      "reason": "missing_price_usd"
    },
    {
      "codigo": "56528",
      "action": "skipped",
      "reason": "missing_price_usd"
    },
    {
      "codigo": "56243",
      "action": "skipped",
      "reason": "missing_price_usd"
    },
    {
      "codigo": "55832",
      "action": "skipped",
      "reason": "missing_price_usd"
    },
    {
      "codigo": "55831",
      "action": "skipped",
      "reason": "missing_price_usd"
    },
    {
      "codigo": "55830",
      "action": "skipped",
      "reason": "missing_price_usd"
    },
    {
      "codigo": "55702",
      "action": "skipped",
      "reason": "missing_price_usd"
    },
    {
      "codigo": "55699",
      "action": "skipped",
      "reason": "missing_price_usd"
    },
    {
      "codigo": "55651",
      "action": "skipped",
      "reason": "missing_price_usd"
    },
    {
      "codigo": "55649",
      "action": "skipped",
      "reason": "missing_price_usd"
    },
    {
      "codigo": "55183",
      "action": "skipped",
      "reason": "missing_price_usd"
    },
    {
      "codigo": "50483",
      "action": "skipped",
      "reason": "missing_price_usd"
    },
    {
      "codigo": "54521",
      "action": "skipped",
      "reason": "missing_price_usd"
    },
    {
      "codigo": "54211",
      "action": "skipped",
      "reason": "missing_price_usd"
    },
    {
      "codigo": "54185",
      "action": "skipped",
      "reason": "missing_price_usd"
    },
    {
      "codigo": "52940",
      "action": "skipped",
      "reason": "missing_price_usd"
    },
    {
      "codigo": "53933",
      "action": "skipped",
      "reason": "missing_price_usd"
    },
    {
      "codigo": "53198",
      "action": "skipped",
      "reason": "missing_price_usd"
    },
    {
      "codigo": "53605",
      "action": "skipped",
      "reason": "missing_price_usd"
    },
    {
      "codigo": "53602",
      "action": "skipped",
      "reason": "missing_price_usd"
    },
    {
      "codigo": "53601",
      "action": "skipped",
      "reason": "missing_price_usd"
    },
    {
      "codigo": "53600",
      "action": "skipped",
      "reason": "missing_price_usd"
    },
    {
      "codigo": "53395",
      "action": "skipped",
      "reason": "missing_price_usd"
    },
    {
      "codigo": "53033",
      "action": "skipped",
      "reason": "missing_price_usd"
    },
    {
      "codigo": "52712",
      "action": "skipped",
      "reason": "missing_price_usd"
    },
    {
      "codigo": "52629",
      "action": "skipped",
      "reason": "missing_price_usd"
    },
    {
      "codigo": "52286",
      "action": "skipped",
      "reason": "missing_price_usd"
    },
    {
      "codigo": "52060",
      "action": "skipped",
      "reason": "missing_price_usd"
    },
    {
      "codigo": "51749",
      "action": "skipped",
      "reason": "missing_price_usd"
    },
    {
      "codigo": "43661",
      "action": "skipped",
      "reason": "missing_price_usd"
    },
    {
      "codigo": "50839",
      "action": "skipped",
      "reason": "missing_price_usd"
    },
    {
      "codigo": "50838",
      "action": "skipped",
      "reason": "missing_price_usd"
    },
    {
      "codigo": "50227",
      "action": "skipped",
      "reason": "missing_price_usd"
    },
    {
      "codigo": "49280",
      "action": "skipped",
      "reason": "missing_price_usd"
    },
    {
      "codigo": "49095",
      "action": "skipped",
      "reason": "missing_price_usd"
    },
    {
      "codigo": "49094",
      "action": "skipped",
      "reason": "missing_price_usd"
    },
    {
      "codigo": "49093",
      "action": "skipped",
      "reason": "missing_price_usd"
    },
    {
      "codigo": "49092",
      "action": "skipped",
      "reason": "missing_price_usd"
    },
    {
      "codigo": "49090",
      "action": "skipped",
      "reason": "missing_price_usd"
    },
    {
      "codigo": "49089",
      "action": "skipped",
      "reason": "missing_price_usd"
    },
    {
      "codigo": "48416",
      "action": "skipped",
      "reason": "missing_price_usd"
    },
    {
      "codigo": "48641",
      "action": "skipped",
      "reason": "missing_price_usd"
    },
    {
      "codigo": "47584",
      "action": "skipped",
      "reason": "missing_price_usd"
    },
    {
      "codigo": "47514",
      "action": "skipped",
      "reason": "missing_price_usd"
    },
    {
      "codigo": "43608",
      "action": "skipped",
      "reason": "missing_price_usd"
    },
    {
      "codigo": "43606",
      "action": "skipped",
      "reason": "missing_price_usd"
    },
    {
      "codigo": "43605",
      "action": "skipped",
      "reason": "missing_price_usd"
    },
    {
      "codigo": "43284",
      "action": "skipped",
      "reason": "missing_price_usd"
    },
    {
      "codigo": "42945",
      "action": "skipped",
      "reason": "missing_price_usd"
    },
    {
      "codigo": "42746",
      "action": "skipped",
      "reason": "missing_price_usd"
    },
    {
      "codigo": "42745",
      "action": "skipped",
      "reason": "missing_price_usd"
    },
    {
      "codigo": "41843",
      "action": "skipped",
      "reason": "missing_price_usd"
    },
    {
      "codigo": "41200",
      "action": "skipped",
      "reason": "missing_price_usd"
    },
    {
      "codigo": "41198",
      "action": "skipped",
      "reason": "missing_price_usd"
    },
    {
      "codigo": "40878",
      "action": "skipped",
      "reason": "missing_price_usd"
    },
    {
      "codigo": "40877",
      "action": "skipped",
      "reason": "missing_price_usd"
    },
    {
      "codigo": "39921",
      "action": "skipped",
      "reason": "missing_price_usd"
    },
    {
      "codigo": "36965",
      "action": "skipped",
      "reason": "missing_price_usd"
    },
    {
      "codigo": "36549",
      "action": "skipped",
      "reason": "missing_price_usd"
    },
    {
      "codigo": "30759",
      "action": "skipped",
      "reason": "missing_price_usd"
    },
    {
      "codigo": "25587",
      "action": "skipped",
      "reason": "missing_price_usd"
    },
    {
      "codigo": "55091",
      "action": "skipped",
      "reason": "missing_price_usd"
    },
    {
      "codigo": "55096",
      "action": "skipped",
      "reason": "missing_price_usd"
    },
    {
      "codigo": "53162",
      "action": "skipped",
      "reason": "missing_price_usd"
    },
    {
      "codigo": "53161",
      "action": "skipped",
      "reason": "missing_price_usd"
    },
    {
      "codigo": "55685",
      "action": "skipped",
      "reason": "missing_price_usd"
    },
    {
      "codigo": "57502",
      "action": "skipped",
      "reason": "missing_price_usd"
    },
    {
      "codigo": "57501",
      "action": "skipped",
      "reason": "missing_price_usd"
    },
    {
      "codigo": "57339",
      "action": "skipped",
      "reason": "missing_price_usd"
    },
    {
      "codigo": "56891",
      "action": "skipped",
      "reason": "missing_price_usd"
    },
    {
      "codigo": "56885",
      "action": "skipped",
      "reason": "missing_price_usd"
    },
    {
      "codigo": "56884",
      "action": "skipped",
      "reason": "missing_price_usd"
    },
    {
      "codigo": "56881",
      "action": "skipped",
      "reason": "missing_price_usd"
    },
    {
      "codigo": "56880",
      "action": "skipped",
      "reason": "missing_price_usd"
    },
    {
      "codigo": "56281",
      "action": "skipped",
      "reason": "missing_price_usd"
    },
    {
      "codigo": "55885",
      "action": "skipped",
      "reason": "missing_price_usd"
    },
    {
      "codigo": "55877",
      "action": "skipped",
      "reason": "missing_price_usd"
    },
    {
      "codigo": "55809",
      "action": "skipped",
      "reason": "missing_price_usd"
    },
    {
      "codigo": "55808",
      "action": "skipped",
      "reason": "missing_price_usd"
    },
    {
      "codigo": "55692",
      "action": "skipped",
      "reason": "missing_price_usd"
    },
    {
      "codigo": "55691",
      "action": "skipped",
      "reason": "missing_price_usd"
    },
    {
      "codigo": "55410",
      "action": "skipped",
      "reason": "missing_price_usd"
    },
    {
      "codigo": "55259",
      "action": "skipped",
      "reason": "missing_price_usd"
    },
    {
      "codigo": "55177",
      "action": "skipped",
      "reason": "missing_price_usd"
    },
    {
      "codigo": "55100",
      "action": "skipped",
      "reason": "missing_price_usd"
    },
    {
      "codigo": "55098",
      "action": "skipped",
      "reason": "missing_price_usd"
    },
    {
      "codigo": "55097",
      "action": "skipped",
      "reason": "missing_price_usd"
    },
    {
      "codigo": "55093",
      "action": "skipped",
      "reason": "missing_price_usd"
    },
    {
      "codigo": "55092",
      "action": "skipped",
      "reason": "missing_price_usd"
    },
    {
      "codigo": "55090",
      "action": "skipped",
      "reason": "missing_price_usd"
    },
    {
      "codigo": "54311",
      "action": "skipped",
      "reason": "missing_price_usd"
    },
    {
      "codigo": "54310",
      "action": "skipped",
      "reason": "missing_price_usd"
    },
    {
      "codigo": "53946",
      "action": "skipped",
      "reason": "missing_price_usd"
    },
    {
      "codigo": "53614",
      "action": "skipped",
      "reason": "missing_price_usd"
    },
    {
      "codigo": "52620",
      "action": "skipped",
      "reason": "missing_price_usd"
    },
    {
      "codigo": "50060",
      "action": "skipped",
      "reason": "missing_price_usd"
    },
    {
      "codigo": "38502",
      "action": "skipped",
      "reason": "missing_price_usd"
    },
    {
      "codigo": "49636",
      "action": "skipped",
      "reason": "missing_price_usd"
    },
    {
      "codigo": "49629",
      "action": "skipped",
      "reason": "missing_price_usd"
    },
    {
      "codigo": "49624",
      "action": "skipped",
      "reason": "missing_price_usd"
    },
    {
      "codigo": "49499",
      "action": "skipped",
      "reason": "missing_price_usd"
    },
    {
      "codigo": "49496",
      "action": "skipped",
      "reason": "missing_price_usd"
    },
    {
      "codigo": "48005",
      "action": "skipped",
      "reason": "missing_price_usd"
    },
    {
      "codigo": "48004",
      "action": "skipped",
      "reason": "missing_price_usd"
    },
    {
      "codigo": "48000",
      "action": "skipped",
      "reason": "missing_price_usd"
    },
    {
      "codigo": "47854",
      "action": "skipped",
      "reason": "missing_price_usd"
    },
    {
      "codigo": "47633",
      "action": "skipped",
      "reason": "missing_price_usd"
    },
    {
      "codigo": "47625",
      "action": "skipped",
      "reason": "missing_price_usd"
    },
    {
      "codigo": "47624",
      "action": "skipped",
      "reason": "missing_price_usd"
    },
    {
      "codigo": "47623",
      "action": "skipped",
      "reason": "missing_price_usd"
    },
    {
      "codigo": "47327",
      "action": "skipped",
      "reason": "missing_price_usd"
    },
    {
      "codigo": "47325",
      "action": "skipped",
      "reason": "missing_price_usd"
    },
    {
      "codigo": "21168",
      "action": "skipped",
      "reason": "missing_price_usd"
    },
    {
      "codigo": "45031",
      "action": "skipped",
      "reason": "missing_price_usd"
    },
    {
      "codigo": "45029",
      "action": "skipped",
      "reason": "missing_price_usd"
    },
    {
      "codigo": "44680",
      "action": "skipped",
      "reason": "missing_price_usd"
    },
    {
      "codigo": "44676",
      "action": "skipped",
      "reason": "missing_price_usd"
    },
    {
      "codigo": "44573",
      "action": "skipped",
      "reason": "missing_price_usd"
    },
    {
      "codigo": "44191",
      "action": "skipped",
      "reason": "missing_price_usd"
    },
    {
      "codigo": "43793",
      "action": "skipped",
      "reason": "missing_price_usd"
    },
    {
      "codigo": "43792",
      "action": "skipped",
      "reason": "missing_price_usd"
    },
    {
      "codigo": "42198",
      "action": "skipped",
      "reason": "missing_price_usd"
    },
    {
      "codigo": "40992",
      "action": "skipped",
      "reason": "missing_price_usd"
    },
    {
      "codigo": "40990",
      "action": "skipped",
      "reason": "missing_price_usd"
    },
    {
      "codigo": "39242",
      "action": "skipped",
      "reason": "missing_price_usd"
    },
    {
      "codigo": "39240",
      "action": "skipped",
      "reason": "missing_price_usd"
    },
    {
      "codigo": "12154",
      "action": "skipped",
      "reason": "missing_price_usd"
    },
    {
      "codigo": "12155",
      "action": "skipped",
      "reason": "missing_price_usd"
    },
    {
      "codigo": "9321",
      "action": "skipped",
      "reason": "missing_price_usd"
    },
    {
      "codigo": "8246",
      "action": "skipped",
      "reason": "missing_price_usd"
    },
    {
      "codigo": "27663",
      "action": "skipped",
      "reason": "missing_price_usd"
    },
    {
      "codigo": "27662",
      "action": "skipped",
      "reason": "missing_price_usd"
    },
    {
      "codigo": "27248",
      "action": "skipped",
      "reason": "missing_price_usd"
    },
    {
      "codigo": "27247",
      "action": "skipped",
      "reason": "missing_price_usd"
    },
    {
      "codigo": "21927",
      "action": "skipped",
      "reason": "missing_price_usd"
    },
    {
      "codigo": "21928",
      "action": "skipped",
      "reason": "missing_price_usd"
    },
    {
      "codigo": "32447",
      "action": "skipped",
      "reason": "missing_price_usd"
    },
    {
      "codigo": "32448",
      "action": "skipped",
      "reason": "missing_price_usd"
    },
    {
      "codigo": "32446",
      "action": "skipped",
      "reason": "missing_price_usd"
    },
    {
      "codigo": "32445",
      "action": "skipped",
      "reason": "missing_price_usd"
    },
    {
      "codigo": "32443",
      "action": "skipped",
      "reason": "missing_price_usd"
    },
    {
      "codigo": "32444",
      "action": "skipped",
      "reason": "missing_price_usd"
    },
    {
      "codigo": "32442",
      "action": "skipped",
      "reason": "missing_price_usd"
    },
    {
      "codigo": "32441",
      "action": "skipped",
      "reason": "missing_price_usd"
    },
    {
      "codigo": "32439",
      "action": "skipped",
      "reason": "missing_price_usd"
    },
    {
      "codigo": "32440",
      "action": "skipped",
      "reason": "missing_price_usd"
    },
    {
      "codigo": "25494",
      "action": "skipped",
      "reason": "missing_price_usd"
    },
    {
      "codigo": "25391",
      "action": "skipped",
      "reason": "missing_price_usd"
    },
    {
      "codigo": "37939",
      "action": "skipped",
      "reason": "missing_price_usd"
    },
    {
      "codigo": "25496",
      "action": "skipped",
      "reason": "missing_price_usd"
    },
    {
      "codigo": "25495",
      "action": "skipped",
      "reason": "missing_price_usd"
    },
    {
      "codigo": "35624",
      "action": "skipped",
      "reason": "missing_price_usd"
    },
    {
      "codigo": "35623",
      "action": "skipped",
      "reason": "missing_price_usd"
    },
    {
      "codigo": "34598",
      "action": "skipped",
      "reason": "missing_price_usd"
    },
    {
      "codigo": "34597",
      "action": "skipped",
      "reason": "missing_price_usd"
    },
    {
      "codigo": "34596",
      "action": "skipped",
      "reason": "missing_price_usd"
    },
    {
      "codigo": "34595",
      "action": "skipped",
      "reason": "missing_price_usd"
    },
    {
      "codigo": "34594",
      "action": "skipped",
      "reason": "missing_price_usd"
    },
    {
      "codigo": "10734",
      "action": "skipped",
      "reason": "missing_price_usd"
    },
    {
      "codigo": "55512",
      "action": "skipped",
      "reason": "missing_price_usd"
    },
    {
      "codigo": "57811",
      "action": "skipped",
      "reason": "missing_price_usd"
    },
    {
      "codigo": "58143",
      "action": "skipped",
      "reason": "missing_price_usd"
    },
    {
      "codigo": "54725",
      "action": "skipped",
      "reason": "missing_price_usd"
    },
    {
      "codigo": "57841",
      "action": "skipped",
      "reason": "missing_price_usd"
    },
    {
      "codigo": "57762",
      "action": "skipped",
      "reason": "missing_price_usd"
    },
    {
      "codigo": "56318",
      "action": "skipped",
      "reason": "missing_price_usd"
    },
    {
      "codigo": "53195",
      "action": "skipped",
      "reason": "missing_price_usd"
    },
    {
      "codigo": "48960",
      "action": "skipped",
      "reason": "missing_price_usd"
    },
    {
      "codigo": "58018",
      "action": "skipped",
      "reason": "missing_price_usd"
    },
    {
      "codigo": "58045",
      "action": "skipped",
      "reason": "missing_price_usd"
    },
    {
      "codigo": "58044",
      "action": "skipped",
      "reason": "missing_price_usd"
    },
    {
      "codigo": "58050",
      "action": "skipped",
      "reason": "missing_price_usd"
    },
    {
      "codigo": "58032",
      "action": "skipped",
      "reason": "missing_price_usd"
    },
    {
      "codigo": "58030",
      "action": "skipped",
      "reason": "missing_price_usd"
    },
    {
      "codigo": "58040",
      "action": "skipped",
      "reason": "missing_price_usd"
    },
    {
      "codigo": "58019",
      "action": "skipped",
      "reason": "missing_price_usd"
    },
    {
      "codigo": "57909",
      "action": "skipped",
      "reason": "missing_price_usd"
    },
    {
      "codigo": "58020",
      "action": "skipped",
      "reason": "missing_price_usd"
    },
    {
      "codigo": "57912",
      "action": "skipped",
      "reason": "missing_price_usd"
    },
    {
      "codigo": "48642",
      "action": "skipped",
      "reason": "missing_price_usd"
    },
    {
      "codigo": "47498",
      "action": "skipped",
      "reason": "missing_price_usd"
    },
    {
      "codigo": "47497",
      "action": "skipped",
      "reason": "missing_price_usd"
    },
    {
      "codigo": "57861",
      "action": "skipped",
      "reason": "missing_price_usd"
    },
    {
      "codigo": "57863",
      "action": "skipped",
      "reason": "missing_price_usd"
    },
    {
      "codigo": "57862",
      "action": "skipped",
      "reason": "missing_price_usd"
    },
    {
      "codigo": "57864",
      "action": "skipped",
      "reason": "missing_price_usd"
    },
    {
      "codigo": "57859",
      "action": "skipped",
      "reason": "missing_price_usd"
    },
    {
      "codigo": "57858",
      "action": "skipped",
      "reason": "missing_price_usd"
    },
    {
      "codigo": "57857",
      "action": "skipped",
      "reason": "missing_price_usd"
    },
    {
      "codigo": "57865",
      "action": "skipped",
      "reason": "missing_price_usd"
    },
    {
      "codigo": "57907",
      "action": "skipped",
      "reason": "missing_price_usd"
    },
    {
      "codigo": "57906",
      "action": "skipped",
      "reason": "missing_price_usd"
    },
    {
      "codigo": "57905",
      "action": "skipped",
      "reason": "missing_price_usd"
    },
    {
      "codigo": "57904",
      "action": "skipped",
      "reason": "missing_price_usd"
    },
    {
      "codigo": "57903",
      "action": "skipped",
      "reason": "missing_price_usd"
    },
    {
      "codigo": "57856",
      "action": "skipped",
      "reason": "missing_price_usd"
    },
    {
      "codigo": "57902",
      "action": "skipped",
      "reason": "missing_price_usd"
    },
    {
      "codigo": "57901",
      "action": "skipped",
      "reason": "missing_price_usd"
    },
    {
      "codigo": "57915",
      "action": "skipped",
      "reason": "missing_price_usd"
    },
    {
      "codigo": "57952",
      "action": "skipped",
      "reason": "missing_price_usd"
    },
    {
      "codigo": "57855",
      "action": "skipped",
      "reason": "missing_price_usd"
    },
    {
      "codigo": "57908",
      "action": "skipped",
      "reason": "missing_price_usd"
    },
    {
      "codigo": "57424",
      "action": "skipped",
      "reason": "missing_price_usd"
    },
    {
      "codigo": "57853",
      "action": "skipped",
      "reason": "missing_price_usd"
    },
    {
      "codigo": "57851",
      "action": "skipped",
      "reason": "missing_price_usd"
    },
    {
      "codigo": "57849",
      "action": "skipped",
      "reason": "missing_price_usd"
    },
    {
      "codigo": "57848",
      "action": "skipped",
      "reason": "missing_price_usd"
    },
    {
      "codigo": "57846",
      "action": "skipped",
      "reason": "missing_price_usd"
    },
    {
      "codigo": "57843",
      "action": "skipped",
      "reason": "missing_price_usd"
    },
    {
      "codigo": "57840",
      "action": "skipped",
      "reason": "missing_price_usd"
    },
    {
      "codigo": "57839",
      "action": "skipped",
      "reason": "missing_price_usd"
    },
    {
      "codigo": "57222",
      "action": "skipped",
      "reason": "missing_price_usd"
    },
    {
      "codigo": "56950",
      "action": "skipped",
      "reason": "missing_price_usd"
    },
    {
      "codigo": "56876",
      "action": "skipped",
      "reason": "missing_price_usd"
    },
    {
      "codigo": "56780",
      "action": "skipped",
      "reason": "missing_price_usd"
    },
    {
      "codigo": "56754",
      "action": "skipped",
      "reason": "missing_price_usd"
    },
    {
      "codigo": "56753",
      "action": "skipped",
      "reason": "missing_price_usd"
    },
    {
      "codigo": "56639",
      "action": "skipped",
      "reason": "missing_price_usd"
    },
    {
      "codigo": "56637",
      "action": "skipped",
      "reason": "missing_price_usd"
    },
    {
      "codigo": "56636",
      "action": "skipped",
      "reason": "missing_price_usd"
    },
    {
      "codigo": "56634",
      "action": "skipped",
      "reason": "missing_price_usd"
    },
    {
      "codigo": "56633",
      "action": "skipped",
      "reason": "missing_price_usd"
    },
    {
      "codigo": "56628",
      "action": "skipped",
      "reason": "missing_price_usd"
    },
    {
      "codigo": "56617",
      "action": "skipped",
      "reason": "missing_price_usd"
    },
    {
      "codigo": "56599",
      "action": "skipped",
      "reason": "missing_price_usd"
    },
    {
      "codigo": "56593",
      "action": "skipped",
      "reason": "missing_price_usd"
    },
    {
      "codigo": "56277",
      "action": "skipped",
      "reason": "missing_price_usd"
    },
    {
      "codigo": "56075",
      "action": "skipped",
      "reason": "missing_price_usd"
    },
    {
      "codigo": "55775",
      "action": "skipped",
      "reason": "missing_price_usd"
    },
    {
      "codigo": "55774",
      "action": "skipped",
      "reason": "missing_price_usd"
    },
    {
      "codigo": "55773",
      "action": "skipped",
      "reason": "missing_price_usd"
    },
    {
      "codigo": "55772",
      "action": "skipped",
      "reason": "missing_price_usd"
    },
    {
      "codigo": "55710",
      "action": "skipped",
      "reason": "missing_price_usd"
    },
    {
      "codigo": "55514",
      "action": "skipped",
      "reason": "missing_price_usd"
    },
    {
      "codigo": "55513",
      "action": "skipped",
      "reason": "missing_price_usd"
    },
    {
      "codigo": "55510",
      "action": "skipped",
      "reason": "missing_price_usd"
    },
    {
      "codigo": "54331",
      "action": "skipped",
      "reason": "missing_price_usd"
    },
    {
      "codigo": "54122",
      "action": "skipped",
      "reason": "missing_price_usd"
    },
    {
      "codigo": "54121",
      "action": "skipped",
      "reason": "missing_price_usd"
    },
    {
      "codigo": "54120",
      "action": "skipped",
      "reason": "missing_price_usd"
    },
    {
      "codigo": "54119",
      "action": "skipped",
      "reason": "missing_price_usd"
    },
    {
      "codigo": "30309",
      "action": "skipped",
      "reason": "missing_price_usd"
    },
    {
      "codigo": "49627",
      "action": "skipped",
      "reason": "missing_price_usd"
    },
    {
      "codigo": "49441",
      "action": "skipped",
      "reason": "missing_price_usd"
    },
    {
      "codigo": "49440",
      "action": "skipped",
      "reason": "missing_price_usd"
    },
    {
      "codigo": "49439",
      "action": "skipped",
      "reason": "missing_price_usd"
    },
    {
      "codigo": "49351",
      "action": "skipped",
      "reason": "missing_price_usd"
    },
    {
      "codigo": "49350",
      "action": "skipped",
      "reason": "missing_price_usd"
    },
    {
      "codigo": "48204",
      "action": "skipped",
      "reason": "missing_price_usd"
    },
    {
      "codigo": "16682",
      "action": "skipped",
      "reason": "missing_price_usd"
    },
    {
      "codigo": "47718",
      "action": "skipped",
      "reason": "missing_price_usd"
    },
    {
      "codigo": "47813",
      "action": "skipped",
      "reason": "missing_price_usd"
    },
    {
      "codigo": "47812",
      "action": "skipped",
      "reason": "missing_price_usd"
    },
    {
      "codigo": "47811",
      "action": "skipped",
      "reason": "missing_price_usd"
    },
    {
      "codigo": "47709",
      "action": "skipped",
      "reason": "missing_price_usd"
    },
    {
      "codigo": "47671",
      "action": "skipped",
      "reason": "missing_price_usd"
    },
    {
      "codigo": "47387",
      "action": "skipped",
      "reason": "missing_price_usd"
    },
    {
      "codigo": "47314",
      "action": "skipped",
      "reason": "missing_price_usd"
    },
    {
      "codigo": "41623",
      "action": "skipped",
      "reason": "missing_price_usd"
    },
    {
      "codigo": "45559",
      "action": "skipped",
      "reason": "missing_price_usd"
    },
    {
      "codigo": "29872",
      "action": "skipped",
      "reason": "missing_price_usd"
    },
    {
      "codigo": "34993",
      "action": "skipped",
      "reason": "missing_price_usd"
    },
    {
      "codigo": "44965",
      "action": "skipped",
      "reason": "missing_price_usd"
    },
    {
      "codigo": "19599",
      "action": "skipped",
      "reason": "missing_price_usd"
    },
    {
      "codigo": "19598",
      "action": "skipped",
      "reason": "missing_price_usd"
    },
    {
      "codigo": "44347",
      "action": "skipped",
      "reason": "missing_price_usd"
    },
    {
      "codigo": "44346",
      "action": "skipped",
      "reason": "missing_price_usd"
    },
    {
      "codigo": "44341",
      "action": "skipped",
      "reason": "missing_price_usd"
    },
    {
      "codigo": "43373",
      "action": "skipped",
      "reason": "missing_price_usd"
    },
    {
      "codigo": "42385",
      "action": "skipped",
      "reason": "missing_price_usd"
    },
    {
      "codigo": "25271",
      "action": "skipped",
      "reason": "missing_price_usd"
    },
    {
      "codigo": "41158",
      "action": "skipped",
      "reason": "missing_price_usd"
    },
    {
      "codigo": "40498",
      "action": "skipped",
      "reason": "missing_price_usd"
    },
    {
      "codigo": "40339",
      "action": "skipped",
      "reason": "missing_price_usd"
    },
    {
      "codigo": "40334",
      "action": "skipped",
      "reason": "missing_price_usd"
    },
    {
      "codigo": "40333",
      "action": "skipped",
      "reason": "missing_price_usd"
    },
    {
      "codigo": "15632",
      "action": "skipped",
      "reason": "missing_price_usd"
    },
    {
      "codigo": "31595",
      "action": "skipped",
      "reason": "missing_price_usd"
    },
    {
      "codigo": "38025",
      "action": "skipped",
      "reason": "missing_price_usd"
    },
    {
      "codigo": "38024",
      "action": "skipped",
      "reason": "missing_price_usd"
    },
    {
      "codigo": "37635",
      "action": "skipped",
      "reason": "missing_price_usd"
    },
    {
      "codigo": "37634",
      "action": "skipped",
      "reason": "missing_price_usd"
    },
    {
      "codigo": "36526",
      "action": "skipped",
      "reason": "missing_price_usd"
    },
    {
      "codigo": "36479",
      "action": "skipped",
      "reason": "missing_price_usd"
    },
    {
      "codigo": "31769",
      "action": "skipped",
      "reason": "missing_price_usd"
    },
    {
      "codigo": "9829",
      "action": "skipped",
      "reason": "missing_price_usd"
    },
    {
      "codigo": "11418",
      "action": "skipped",
      "reason": "missing_price_usd"
    },
    {
      "codigo": "35877",
      "action": "skipped",
      "reason": "missing_price_usd"
    },
    {
      "codigo": "35649",
      "action": "skipped",
      "reason": "missing_price_usd"
    },
    {
      "codigo": "35310",
      "action": "skipped",
      "reason": "missing_price_usd"
    },
    {
      "codigo": "35167",
      "action": "skipped",
      "reason": "missing_price_usd"
    },
    {
      "codigo": "9439",
      "action": "skipped",
      "reason": "missing_price_usd"
    },
    {
      "codigo": "9438",
      "action": "skipped",
      "reason": "missing_price_usd"
    },
    {
      "codigo": "8525",
      "action": "skipped",
      "reason": "missing_price_usd"
    },
    {
      "codigo": "8521",
      "action": "skipped",
      "reason": "missing_price_usd"
    },
    {
      "codigo": "8520",
      "action": "skipped",
      "reason": "missing_price_usd"
    },
    {
      "codigo": "8519",
      "action": "skipped",
      "reason": "missing_price_usd"
    },
    {
      "codigo": "7760",
      "action": "skipped",
      "reason": "missing_price_usd"
    },
    {
      "codigo": "7757",
      "action": "skipped",
      "reason": "missing_price_usd"
    },
    {
      "codigo": "4624",
      "action": "skipped",
      "reason": "missing_price_usd"
    },
    {
      "codigo": "34342",
      "action": "skipped",
      "reason": "missing_price_usd"
    },
    {
      "codigo": "31596",
      "action": "skipped",
      "reason": "missing_price_usd"
    },
    {
      "codigo": "30311",
      "action": "skipped",
      "reason": "missing_price_usd"
    },
    {
      "codigo": "27291",
      "action": "skipped",
      "reason": "missing_price_usd"
    },
    {
      "codigo": "27289",
      "action": "skipped",
      "reason": "missing_price_usd"
    },
    {
      "codigo": "24186",
      "action": "skipped",
      "reason": "missing_price_usd"
    },
    {
      "codigo": "24185",
      "action": "skipped",
      "reason": "missing_price_usd"
    },
    {
      "codigo": "20223",
      "action": "skipped",
      "reason": "missing_price_usd"
    },
    {
      "codigo": "19597",
      "action": "skipped",
      "reason": "missing_price_usd"
    },
    {
      "codigo": "19596",
      "action": "skipped",
      "reason": "missing_price_usd"
    },
    {
      "codigo": "16686",
      "action": "skipped",
      "reason": "missing_price_usd"
    },
    {
      "codigo": "16684",
      "action": "skipped",
      "reason": "missing_price_usd"
    },
    {
      "codigo": "16487",
      "action": "skipped",
      "reason": "missing_price_usd"
    },
    {
      "codigo": "13046",
      "action": "skipped",
      "reason": "missing_price_usd"
    },
    {
      "codigo": "10528",
      "action": "skipped",
      "reason": "missing_price_usd"
    },
    {
      "codigo": "57959",
      "action": "skipped",
      "reason": "missing_price_usd"
    },
    {
      "codigo": "57958",
      "action": "skipped",
      "reason": "missing_price_usd"
    },
    {
      "codigo": "58142",
      "action": "skipped",
      "reason": "missing_price_usd"
    },
    {
      "codigo": "55974",
      "action": "skipped",
      "reason": "missing_price_usd"
    },
    {
      "codigo": "58137",
      "action": "skipped",
      "reason": "missing_price_usd"
    },
    {
      "codigo": "58138",
      "action": "skipped",
      "reason": "missing_price_usd"
    },
    {
      "codigo": "58060",
      "action": "skipped",
      "reason": "missing_price_usd"
    },
    {
      "codigo": "58103",
      "action": "skipped",
      "reason": "missing_price_usd"
    },
    {
      "codigo": "56124",
      "action": "skipped",
      "reason": "missing_price_usd"
    },
    {
      "codigo": "56122",
      "action": "skipped",
      "reason": "missing_price_usd"
    },
    {
      "codigo": "56135",
      "action": "skipped",
      "reason": "missing_price_usd"
    },
    {
      "codigo": "56126",
      "action": "skipped",
      "reason": "missing_price_usd"
    },
    {
      "codigo": "56128",
      "action": "skipped",
      "reason": "missing_price_usd"
    },
    {
      "codigo": "56090",
      "action": "skipped",
      "reason": "missing_price_usd"
    },
    {
      "codigo": "56100",
      "action": "skipped",
      "reason": "missing_price_usd"
    },
    {
      "codigo": "54792",
      "action": "skipped",
      "reason": "missing_price_usd"
    },
    {
      "codigo": "55141",
      "action": "skipped",
      "reason": "missing_price_usd"
    },
    {
      "codigo": "58072",
      "action": "skipped",
      "reason": "missing_price_usd"
    },
    {
      "codigo": "58070",
      "action": "skipped",
      "reason": "missing_price_usd"
    },
    {
      "codigo": "58073",
      "action": "skipped",
      "reason": "missing_price_usd"
    },
    {
      "codigo": "58074",
      "action": "skipped",
      "reason": "missing_price_usd"
    },
    {
      "codigo": "58071",
      "action": "skipped",
      "reason": "missing_price_usd"
    },
    {
      "codigo": "52964",
      "action": "skipped",
      "reason": "missing_price_usd"
    },
    {
      "codigo": "52975",
      "action": "skipped",
      "reason": "missing_price_usd"
    },
    {
      "codigo": "52983",
      "action": "skipped",
      "reason": "missing_price_usd"
    },
    {
      "codigo": "52547",
      "action": "skipped",
      "reason": "missing_price_usd"
    },
    {
      "codigo": "57552",
      "action": "skipped",
      "reason": "missing_price_usd"
    },
    {
      "codigo": "51205",
      "action": "skipped",
      "reason": "missing_price_usd"
    },
    {
      "codigo": "51425",
      "action": "skipped",
      "reason": "missing_price_usd"
    },
    {
      "codigo": "51660",
      "action": "skipped",
      "reason": "missing_price_usd"
    },
    {
      "codigo": "51659",
      "action": "skipped",
      "reason": "missing_price_usd"
    },
    {
      "codigo": "51423",
      "action": "skipped",
      "reason": "missing_price_usd"
    },
    {
      "codigo": "51403",
      "action": "skipped",
      "reason": "missing_price_usd"
    },
    {
      "codigo": "57355",
      "action": "skipped",
      "reason": "missing_price_usd"
    },
    {
      "codigo": "50571",
      "action": "skipped",
      "reason": "missing_price_usd"
    },
    {
      "codigo": "54791",
      "action": "skipped",
      "reason": "missing_price_usd"
    },
    {
      "codigo": "55966",
      "action": "skipped",
      "reason": "missing_price_usd"
    },
    {
      "codigo": "54533",
      "action": "skipped",
      "reason": "missing_price_usd"
    },
    {
      "codigo": "50431",
      "action": "skipped",
      "reason": "missing_price_usd"
    },
    {
      "codigo": "50433",
      "action": "skipped",
      "reason": "missing_price_usd"
    },
    {
      "codigo": "50152",
      "action": "skipped",
      "reason": "missing_price_usd"
    },
    {
      "codigo": "49834",
      "action": "skipped",
      "reason": "missing_price_usd"
    },
    {
      "codigo": "49742",
      "action": "skipped",
      "reason": "missing_price_usd"
    },
    {
      "codigo": "45358",
      "action": "skipped",
      "reason": "missing_price_usd"
    },
    {
      "codigo": "50022",
      "action": "skipped",
      "reason": "missing_price_usd"
    },
    {
      "codigo": "50338",
      "action": "skipped",
      "reason": "missing_price_usd"
    },
    {
      "codigo": "49422",
      "action": "skipped",
      "reason": "missing_price_usd"
    },
    {
      "codigo": "52343",
      "action": "skipped",
      "reason": "missing_price_usd"
    },
    {
      "codigo": "57083",
      "action": "skipped",
      "reason": "missing_price_usd"
    },
    {
      "codigo": "49011",
      "action": "skipped",
      "reason": "missing_price_usd"
    },
    {
      "codigo": "55044",
      "action": "skipped",
      "reason": "missing_price_usd"
    },
    {
      "codigo": "55531",
      "action": "skipped",
      "reason": "missing_price_usd"
    },
    {
      "codigo": "44626",
      "action": "skipped",
      "reason": "missing_price_usd"
    },
    {
      "codigo": "47104",
      "action": "skipped",
      "reason": "missing_price_usd"
    },
    {
      "codigo": "50340",
      "action": "skipped",
      "reason": "missing_price_usd"
    },
    {
      "codigo": "52551",
      "action": "skipped",
      "reason": "missing_price_usd"
    },
    {
      "codigo": "52517",
      "action": "skipped",
      "reason": "missing_price_usd"
    },
    {
      "codigo": "52177",
      "action": "skipped",
      "reason": "missing_price_usd"
    },
    {
      "codigo": "46081",
      "action": "skipped",
      "reason": "missing_price_usd"
    },
    {
      "codigo": "50310",
      "action": "skipped",
      "reason": "missing_price_usd"
    },
    {
      "codigo": "50242",
      "action": "skipped",
      "reason": "missing_price_usd"
    },
    {
      "codigo": "49072",
      "action": "skipped",
      "reason": "missing_price_usd"
    },
    {
      "codigo": "51798",
      "action": "skipped",
      "reason": "missing_price_usd"
    },
    {
      "codigo": "49004",
      "action": "skipped",
      "reason": "missing_price_usd"
    },
    {
      "codigo": "55969",
      "action": "skipped",
      "reason": "missing_price_usd"
    },
    {
      "codigo": "56929",
      "action": "skipped",
      "reason": "missing_price_usd"
    },
    {
      "codigo": "45218",
      "action": "skipped",
      "reason": "missing_price_usd"
    },
    {
      "codigo": "45217",
      "action": "skipped",
      "reason": "missing_price_usd"
    },
    {
      "codigo": "56930",
      "action": "skipped",
      "reason": "missing_price_usd"
    },
    {
      "codigo": "55594",
      "action": "skipped",
      "reason": "missing_price_usd"
    },
    {
      "codigo": "49073",
      "action": "skipped",
      "reason": "missing_price_usd"
    },
    {
      "codigo": "57829",
      "action": "skipped",
      "reason": "missing_price_usd"
    },
    {
      "codigo": "57830",
      "action": "skipped",
      "reason": "missing_price_usd"
    },
    {
      "codigo": "57831",
      "action": "skipped",
      "reason": "missing_price_usd"
    },
    {
      "codigo": "57832",
      "action": "skipped",
      "reason": "missing_price_usd"
    },
    {
      "codigo": "57833",
      "action": "skipped",
      "reason": "missing_price_usd"
    },
    {
      "codigo": "57834",
      "action": "skipped",
      "reason": "missing_price_usd"
    },
    {
      "codigo": "57449",
      "action": "skipped",
      "reason": "missing_price_usd"
    },
    {
      "codigo": "57448",
      "action": "skipped",
      "reason": "missing_price_usd"
    },
    {
      "codigo": "57447",
      "action": "skipped",
      "reason": "missing_price_usd"
    },
    {
      "codigo": "57341",
      "action": "skipped",
      "reason": "missing_price_usd"
    },
    {
      "codigo": "57344",
      "action": "skipped",
      "reason": "missing_price_usd"
    },
    {
      "codigo": "57343",
      "action": "skipped",
      "reason": "missing_price_usd"
    },
    {
      "codigo": "57342",
      "action": "skipped",
      "reason": "missing_price_usd"
    },
    {
      "codigo": "57613",
      "action": "skipped",
      "reason": "missing_price_usd"
    },
    {
      "codigo": "57612",
      "action": "skipped",
      "reason": "missing_price_usd"
    },
    {
      "codigo": "57434",
      "action": "skipped",
      "reason": "missing_price_usd"
    },
    {
      "codigo": "57611",
      "action": "skipped",
      "reason": "missing_price_usd"
    },
    {
      "codigo": "57610",
      "action": "skipped",
      "reason": "missing_price_usd"
    },
    {
      "codigo": "57986",
      "action": "skipped",
      "reason": "missing_price_usd"
    },
    {
      "codigo": "57985",
      "action": "skipped",
      "reason": "missing_price_usd"
    },
    {
      "codigo": "57615",
      "action": "skipped",
      "reason": "missing_price_usd"
    },
    {
      "codigo": "57614",
      "action": "skipped",
      "reason": "missing_price_usd"
    },
    {
      "codigo": "57412",
      "action": "skipped",
      "reason": "missing_price_usd"
    },
    {
      "codigo": "57411",
      "action": "skipped",
      "reason": "missing_price_usd"
    },
    {
      "codigo": "57395",
      "action": "skipped",
      "reason": "missing_price_usd"
    },
    {
      "codigo": "57394",
      "action": "skipped",
      "reason": "missing_price_usd"
    },
    {
      "codigo": "57393",
      "action": "skipped",
      "reason": "missing_price_usd"
    },
    {
      "codigo": "57366",
      "action": "skipped",
      "reason": "missing_price_usd"
    },
    {
      "codigo": "57983",
      "action": "skipped",
      "reason": "missing_price_usd"
    },
    {
      "codigo": "57982",
      "action": "skipped",
      "reason": "missing_price_usd"
    },
    {
      "codigo": "57981",
      "action": "skipped",
      "reason": "missing_price_usd"
    },
    {
      "codigo": "57794",
      "action": "skipped",
      "reason": "missing_price_usd"
    },
    {
      "codigo": "57957",
      "action": "skipped",
      "reason": "missing_price_usd"
    },
    {
      "codigo": "57802",
      "action": "skipped",
      "reason": "missing_price_usd"
    },
    {
      "codigo": "57800",
      "action": "skipped",
      "reason": "missing_price_usd"
    },
    {
      "codigo": "57801",
      "action": "skipped",
      "reason": "missing_price_usd"
    },
    {
      "codigo": "57821",
      "action": "skipped",
      "reason": "missing_price_usd"
    },
    {
      "codigo": "57795",
      "action": "skipped",
      "reason": "missing_price_usd"
    },
    {
      "codigo": "57796",
      "action": "skipped",
      "reason": "missing_price_usd"
    },
    {
      "codigo": "57262",
      "action": "skipped",
      "reason": "missing_price_usd"
    },
    {
      "codigo": "57260",
      "action": "skipped",
      "reason": "missing_price_usd"
    },
    {
      "codigo": "57979",
      "action": "skipped",
      "reason": "missing_price_usd"
    },
    {
      "codigo": "57314",
      "action": "skipped",
      "reason": "missing_price_usd"
    },
    {
      "codigo": "57435",
      "action": "skipped",
      "reason": "missing_price_usd"
    },
    {
      "codigo": "57554",
      "action": "skipped",
      "reason": "missing_price_usd"
    },
    {
      "codigo": "57357",
      "action": "skipped",
      "reason": "missing_price_usd"
    },
    {
      "codigo": "57356",
      "action": "skipped",
      "reason": "missing_price_usd"
    },
    {
      "codigo": "57354",
      "action": "skipped",
      "reason": "missing_price_usd"
    },
    {
      "codigo": "57365",
      "action": "skipped",
      "reason": "missing_price_usd"
    },
    {
      "codigo": "57325",
      "action": "skipped",
      "reason": "missing_price_usd"
    },
    {
      "codigo": "44288",
      "action": "skipped",
      "reason": "missing_price_usd"
    },
    {
      "codigo": "44312",
      "action": "skipped",
      "reason": "missing_price_usd"
    },
    {
      "codigo": "40185",
      "action": "skipped",
      "reason": "missing_price_usd"
    },
    {
      "codigo": "57705",
      "action": "skipped",
      "reason": "missing_price_usd"
    },
    {
      "codigo": "57629",
      "action": "skipped",
      "reason": "missing_price_usd"
    },
    {
      "codigo": "57628",
      "action": "skipped",
      "reason": "missing_price_usd"
    },
    {
      "codigo": "57627",
      "action": "skipped",
      "reason": "missing_price_usd"
    },
    {
      "codigo": "57626",
      "action": "skipped",
      "reason": "missing_price_usd"
    },
    {
      "codigo": "57625",
      "action": "skipped",
      "reason": "missing_price_usd"
    },
    {
      "codigo": "57624",
      "action": "skipped",
      "reason": "missing_price_usd"
    },
    {
      "codigo": "57623",
      "action": "skipped",
      "reason": "missing_price_usd"
    },
    {
      "codigo": "57622",
      "action": "skipped",
      "reason": "missing_price_usd"
    },
    {
      "codigo": "57621",
      "action": "skipped",
      "reason": "missing_price_usd"
    },
    {
      "codigo": "57620",
      "action": "skipped",
      "reason": "missing_price_usd"
    },
    {
      "codigo": "57619",
      "action": "skipped",
      "reason": "missing_price_usd"
    },
    {
      "codigo": "57618",
      "action": "skipped",
      "reason": "missing_price_usd"
    },
    {
      "codigo": "57617",
      "action": "skipped",
      "reason": "missing_price_usd"
    },
    {
      "codigo": "57572",
      "action": "skipped",
      "reason": "missing_price_usd"
    },
    {
      "codigo": "57551",
      "action": "skipped",
      "reason": "missing_price_usd"
    },
    {
      "codigo": "57390",
      "action": "skipped",
      "reason": "missing_price_usd"
    },
    {
      "codigo": "57389",
      "action": "skipped",
      "reason": "missing_price_usd"
    },
    {
      "codigo": "57312",
      "action": "skipped",
      "reason": "missing_price_usd"
    },
    {
      "codigo": "57311",
      "action": "skipped",
      "reason": "missing_price_usd"
    },
    {
      "codigo": "57258",
      "action": "skipped",
      "reason": "missing_price_usd"
    },
    {
      "codigo": "57078",
      "action": "skipped",
      "reason": "missing_price_usd"
    },
    {
      "codigo": "57075",
      "action": "skipped",
      "reason": "missing_price_usd"
    },
    {
      "codigo": "57074",
      "action": "skipped",
      "reason": "missing_price_usd"
    },
    {
      "codigo": "57070",
      "action": "skipped",
      "reason": "missing_price_usd"
    },
    {
      "codigo": "57069",
      "action": "skipped",
      "reason": "missing_price_usd"
    },
    {
      "codigo": "57065",
      "action": "skipped",
      "reason": "missing_price_usd"
    },
    {
      "codigo": "57064",
      "action": "skipped",
      "reason": "missing_price_usd"
    },
    {
      "codigo": "57059",
      "action": "skipped",
      "reason": "missing_price_usd"
    },
    {
      "codigo": "57058",
      "action": "skipped",
      "reason": "missing_price_usd"
    },
    {
      "codigo": "57057",
      "action": "skipped",
      "reason": "missing_price_usd"
    },
    {
      "codigo": "57056",
      "action": "skipped",
      "reason": "missing_price_usd"
    },
    {
      "codigo": "57027",
      "action": "skipped",
      "reason": "missing_price_usd"
    },
    {
      "codigo": "57026",
      "action": "skipped",
      "reason": "missing_price_usd"
    },
    {
      "codigo": "57024",
      "action": "skipped",
      "reason": "missing_price_usd"
    },
    {
      "codigo": "57023",
      "action": "skipped",
      "reason": "missing_price_usd"
    },
    {
      "codigo": "57022",
      "action": "skipped",
      "reason": "missing_price_usd"
    },
    {
      "codigo": "57011",
      "action": "skipped",
      "reason": "missing_price_usd"
    },
    {
      "codigo": "56966",
      "action": "skipped",
      "reason": "missing_price_usd"
    },
    {
      "codigo": "56922",
      "action": "skipped",
      "reason": "missing_price_usd"
    },
    {
      "codigo": "56906",
      "action": "skipped",
      "reason": "missing_price_usd"
    },
    {
      "codigo": "56861",
      "action": "skipped",
      "reason": "missing_price_usd"
    },
    {
      "codigo": "56856",
      "action": "skipped",
      "reason": "missing_price_usd"
    },
    {
      "codigo": "56844",
      "action": "skipped",
      "reason": "missing_price_usd"
    },
    {
      "codigo": "56843",
      "action": "skipped",
      "reason": "missing_price_usd"
    },
    {
      "codigo": "56842",
      "action": "skipped",
      "reason": "missing_price_usd"
    },
    {
      "codigo": "56836",
      "action": "skipped",
      "reason": "missing_price_usd"
    },
    {
      "codigo": "56814",
      "action": "skipped",
      "reason": "missing_price_usd"
    },
    {
      "codigo": "56793",
      "action": "skipped",
      "reason": "missing_price_usd"
    },
    {
      "codigo": "56765",
      "action": "skipped",
      "reason": "missing_price_usd"
    },
    {
      "codigo": "56752",
      "action": "skipped",
      "reason": "missing_price_usd"
    },
    {
      "codigo": "56751",
      "action": "skipped",
      "reason": "missing_price_usd"
    },
    {
      "codigo": "56750",
      "action": "skipped",
      "reason": "missing_price_usd"
    },
    {
      "codigo": "56749",
      "action": "skipped",
      "reason": "missing_price_usd"
    },
    {
      "codigo": "56748",
      "action": "skipped",
      "reason": "missing_price_usd"
    },
    {
      "codigo": "56744",
      "action": "skipped",
      "reason": "missing_price_usd"
    },
    {
      "codigo": "56742",
      "action": "skipped",
      "reason": "missing_price_usd"
    },
    {
      "codigo": "56709",
      "action": "skipped",
      "reason": "missing_price_usd"
    },
    {
      "codigo": "56704",
      "action": "skipped",
      "reason": "missing_price_usd"
    },
    {
      "codigo": "56689",
      "action": "skipped",
      "reason": "missing_price_usd"
    },
    {
      "codigo": "56688",
      "action": "skipped",
      "reason": "missing_price_usd"
    },
    {
      "codigo": "56551",
      "action": "skipped",
      "reason": "missing_price_usd"
    },
    {
      "codigo": "56550",
      "action": "skipped",
      "reason": "missing_price_usd"
    },
    {
      "codigo": "56523",
      "action": "skipped",
      "reason": "missing_price_usd"
    },
    {
      "codigo": "56507",
      "action": "skipped",
      "reason": "missing_price_usd"
    },
    {
      "codigo": "56506",
      "action": "skipped",
      "reason": "missing_price_usd"
    },
    {
      "codigo": "56456",
      "action": "skipped",
      "reason": "missing_price_usd"
    },
    {
      "codigo": "56455",
      "action": "skipped",
      "reason": "missing_price_usd"
    },
    {
      "codigo": "56454",
      "action": "skipped",
      "reason": "missing_price_usd"
    },
    {
      "codigo": "56438",
      "action": "skipped",
      "reason": "missing_price_usd"
    },
    {
      "codigo": "56437",
      "action": "skipped",
      "reason": "missing_price_usd"
    },
    {
      "codigo": "56429",
      "action": "skipped",
      "reason": "missing_price_usd"
    },
    {
      "codigo": "56324",
      "action": "skipped",
      "reason": "missing_price_usd"
    },
    {
      "codigo": "56323",
      "action": "skipped",
      "reason": "missing_price_usd"
    },
    {
      "codigo": "56282",
      "action": "skipped",
      "reason": "missing_price_usd"
    },
    {
      "codigo": "56275",
      "action": "skipped",
      "reason": "missing_price_usd"
    },
    {
      "codigo": "56273",
      "action": "skipped",
      "reason": "missing_price_usd"
    },
    {
      "codigo": "56271",
      "action": "skipped",
      "reason": "missing_price_usd"
    },
    {
      "codigo": "56270",
      "action": "skipped",
      "reason": "missing_price_usd"
    },
    {
      "codigo": "56196",
      "action": "skipped",
      "reason": "missing_price_usd"
    },
    {
      "codigo": "56195",
      "action": "skipped",
      "reason": "missing_price_usd"
    },
    {
      "codigo": "56194",
      "action": "skipped",
      "reason": "missing_price_usd"
    },
    {
      "codigo": "56193",
      "action": "skipped",
      "reason": "missing_price_usd"
    },
    {
      "codigo": "56185",
      "action": "skipped",
      "reason": "missing_price_usd"
    },
    {
      "codigo": "56138",
      "action": "skipped",
      "reason": "missing_price_usd"
    },
    {
      "codigo": "56137",
      "action": "skipped",
      "reason": "missing_price_usd"
    },
    {
      "codigo": "56136",
      "action": "skipped",
      "reason": "missing_price_usd"
    },
    {
      "codigo": "56134",
      "action": "skipped",
      "reason": "missing_price_usd"
    },
    {
      "codigo": "56133",
      "action": "skipped",
      "reason": "missing_price_usd"
    },
    {
      "codigo": "56132",
      "action": "skipped",
      "reason": "missing_price_usd"
    },
    {
      "codigo": "56131",
      "action": "skipped",
      "reason": "missing_price_usd"
    },
    {
      "codigo": "56130",
      "action": "skipped",
      "reason": "missing_price_usd"
    },
    {
      "codigo": "56129",
      "action": "skipped",
      "reason": "missing_price_usd"
    },
    {
      "codigo": "56127",
      "action": "skipped",
      "reason": "missing_price_usd"
    },
    {
      "codigo": "56125",
      "action": "skipped",
      "reason": "missing_price_usd"
    },
    {
      "codigo": "56123",
      "action": "skipped",
      "reason": "missing_price_usd"
    },
    {
      "codigo": "56120",
      "action": "skipped",
      "reason": "missing_price_usd"
    },
    {
      "codigo": "56119",
      "action": "skipped",
      "reason": "missing_price_usd"
    },
    {
      "codigo": "56117",
      "action": "skipped",
      "reason": "missing_price_usd"
    },
    {
      "codigo": "56115",
      "action": "skipped",
      "reason": "missing_price_usd"
    },
    {
      "codigo": "56114",
      "action": "skipped",
      "reason": "missing_price_usd"
    },
    {
      "codigo": "56113",
      "action": "skipped",
      "reason": "missing_price_usd"
    },
    {
      "codigo": "56111",
      "action": "skipped",
      "reason": "missing_price_usd"
    },
    {
      "codigo": "56110",
      "action": "skipped",
      "reason": "missing_price_usd"
    },
    {
      "codigo": "56108",
      "action": "skipped",
      "reason": "missing_price_usd"
    },
    {
      "codigo": "56103",
      "action": "skipped",
      "reason": "missing_price_usd"
    },
    {
      "codigo": "56102",
      "action": "skipped",
      "reason": "missing_price_usd"
    },
    {
      "codigo": "56101",
      "action": "skipped",
      "reason": "missing_price_usd"
    },
    {
      "codigo": "56099",
      "action": "skipped",
      "reason": "missing_price_usd"
    },
    {
      "codigo": "56098",
      "action": "skipped",
      "reason": "missing_price_usd"
    },
    {
      "codigo": "56097",
      "action": "skipped",
      "reason": "missing_price_usd"
    },
    {
      "codigo": "55973",
      "action": "skipped",
      "reason": "missing_price_usd"
    },
    {
      "codigo": "55971",
      "action": "skipped",
      "reason": "missing_price_usd"
    },
    {
      "codigo": "55970",
      "action": "skipped",
      "reason": "missing_price_usd"
    },
    {
      "codigo": "55967",
      "action": "skipped",
      "reason": "missing_price_usd"
    },
    {
      "codigo": "55752",
      "action": "skipped",
      "reason": "missing_price_usd"
    },
    {
      "codigo": "55634",
      "action": "skipped",
      "reason": "missing_price_usd"
    },
    {
      "codigo": "55633",
      "action": "skipped",
      "reason": "missing_price_usd"
    },
    {
      "codigo": "55616",
      "action": "skipped",
      "reason": "missing_price_usd"
    },
    {
      "codigo": "55614",
      "action": "skipped",
      "reason": "missing_price_usd"
    },
    {
      "codigo": "55613",
      "action": "skipped",
      "reason": "missing_price_usd"
    },
    {
      "codigo": "55612",
      "action": "skipped",
      "reason": "missing_price_usd"
    },
    {
      "codigo": "55611",
      "action": "skipped",
      "reason": "missing_price_usd"
    },
    {
      "codigo": "55610",
      "action": "skipped",
      "reason": "missing_price_usd"
    },
    {
      "codigo": "55609",
      "action": "skipped",
      "reason": "missing_price_usd"
    },
    {
      "codigo": "55608",
      "action": "skipped",
      "reason": "missing_price_usd"
    },
    {
      "codigo": "55607",
      "action": "skipped",
      "reason": "missing_price_usd"
    },
    {
      "codigo": "55606",
      "action": "skipped",
      "reason": "missing_price_usd"
    },
    {
      "codigo": "55604",
      "action": "skipped",
      "reason": "missing_price_usd"
    },
    {
      "codigo": "55541",
      "action": "skipped",
      "reason": "missing_price_usd"
    },
    {
      "codigo": "55539",
      "action": "skipped",
      "reason": "missing_price_usd"
    },
    {
      "codigo": "55536",
      "action": "skipped",
      "reason": "missing_price_usd"
    },
    {
      "codigo": "55534",
      "action": "skipped",
      "reason": "missing_price_usd"
    },
    {
      "codigo": "55533",
      "action": "skipped",
      "reason": "missing_price_usd"
    },
    {
      "codigo": "55532",
      "action": "skipped",
      "reason": "missing_price_usd"
    },
    {
      "codigo": "55529",
      "action": "skipped",
      "reason": "missing_price_usd"
    },
    {
      "codigo": "55528",
      "action": "skipped",
      "reason": "missing_price_usd"
    },
    {
      "codigo": "55501",
      "action": "skipped",
      "reason": "missing_price_usd"
    },
    {
      "codigo": "55500",
      "action": "skipped",
      "reason": "missing_price_usd"
    },
    {
      "codigo": "55499",
      "action": "skipped",
      "reason": "missing_price_usd"
    },
    {
      "codigo": "55167",
      "action": "skipped",
      "reason": "missing_price_usd"
    },
    {
      "codigo": "55165",
      "action": "skipped",
      "reason": "missing_price_usd"
    },
    {
      "codigo": "55076",
      "action": "skipped",
      "reason": "missing_price_usd"
    },
    {
      "codigo": "55074",
      "action": "skipped",
      "reason": "missing_price_usd"
    },
    {
      "codigo": "55073",
      "action": "skipped",
      "reason": "missing_price_usd"
    },
    {
      "codigo": "55072",
      "action": "skipped",
      "reason": "missing_price_usd"
    },
    {
      "codigo": "55071",
      "action": "skipped",
      "reason": "missing_price_usd"
    },
    {
      "codigo": "55070",
      "action": "skipped",
      "reason": "missing_price_usd"
    },
    {
      "codigo": "55069",
      "action": "skipped",
      "reason": "missing_price_usd"
    },
    {
      "codigo": "55068",
      "action": "skipped",
      "reason": "missing_price_usd"
    },
    {
      "codigo": "55067",
      "action": "skipped",
      "reason": "missing_price_usd"
    },
    {
      "codigo": "55066",
      "action": "skipped",
      "reason": "missing_price_usd"
    },
    {
      "codigo": "55065",
      "action": "skipped",
      "reason": "missing_price_usd"
    },
    {
      "codigo": "55064",
      "action": "skipped",
      "reason": "missing_price_usd"
    },
    {
      "codigo": "55063",
      "action": "skipped",
      "reason": "missing_price_usd"
    },
    {
      "codigo": "55062",
      "action": "skipped",
      "reason": "missing_price_usd"
    },
    {
      "codigo": "55061",
      "action": "skipped",
      "reason": "missing_price_usd"
    },
    {
      "codigo": "55030",
      "action": "skipped",
      "reason": "missing_price_usd"
    },
    {
      "codigo": "55029",
      "action": "skipped",
      "reason": "missing_price_usd"
    },
    {
      "codigo": "55028",
      "action": "skipped",
      "reason": "missing_price_usd"
    },
    {
      "codigo": "55027",
      "action": "skipped",
      "reason": "missing_price_usd"
    },
    {
      "codigo": "55026",
      "action": "skipped",
      "reason": "missing_price_usd"
    },
    {
      "codigo": "55025",
      "action": "skipped",
      "reason": "missing_price_usd"
    },
    {
      "codigo": "55011",
      "action": "skipped",
      "reason": "missing_price_usd"
    },
    {
      "codigo": "55010",
      "action": "skipped",
      "reason": "missing_price_usd"
    },
    {
      "codigo": "55007",
      "action": "skipped",
      "reason": "missing_price_usd"
    },
    {
      "codigo": "55006",
      "action": "skipped",
      "reason": "missing_price_usd"
    },
    {
      "codigo": "55005",
      "action": "skipped",
      "reason": "missing_price_usd"
    },
    {
      "codigo": "55000",
      "action": "skipped",
      "reason": "missing_price_usd"
    },
    {
      "codigo": "54999",
      "action": "skipped",
      "reason": "missing_price_usd"
    },
    {
      "codigo": "54944",
      "action": "skipped",
      "reason": "missing_price_usd"
    },
    {
      "codigo": "54934",
      "action": "skipped",
      "reason": "missing_price_usd"
    },
    {
      "codigo": "54929",
      "action": "skipped",
      "reason": "missing_price_usd"
    },
    {
      "codigo": "54885",
      "action": "skipped",
      "reason": "missing_price_usd"
    },
    {
      "codigo": "54852",
      "action": "skipped",
      "reason": "missing_price_usd"
    },
    {
      "codigo": "54823",
      "action": "skipped",
      "reason": "missing_price_usd"
    },
    {
      "codigo": "54796",
      "action": "skipped",
      "reason": "missing_price_usd"
    },
    {
      "codigo": "54794",
      "action": "skipped",
      "reason": "missing_price_usd"
    },
    {
      "codigo": "54793",
      "action": "skipped",
      "reason": "missing_price_usd"
    },
    {
      "codigo": "54790",
      "action": "skipped",
      "reason": "missing_price_usd"
    },
    {
      "codigo": "54749",
      "action": "skipped",
      "reason": "missing_price_usd"
    },
    {
      "codigo": "54596",
      "action": "skipped",
      "reason": "missing_price_usd"
    },
    {
      "codigo": "54532",
      "action": "skipped",
      "reason": "missing_price_usd"
    },
    {
      "codigo": "54531",
      "action": "skipped",
      "reason": "missing_price_usd"
    },
    {
      "codigo": "54389",
      "action": "skipped",
      "reason": "missing_price_usd"
    },
    {
      "codigo": "54321",
      "action": "skipped",
      "reason": "missing_price_usd"
    },
    {
      "codigo": "54320",
      "action": "skipped",
      "reason": "missing_price_usd"
    },
    {
      "codigo": "54319",
      "action": "skipped",
      "reason": "missing_price_usd"
    },
    {
      "codigo": "54318",
      "action": "skipped",
      "reason": "missing_price_usd"
    },
    {
      "codigo": "54290",
      "action": "skipped",
      "reason": "missing_price_usd"
    },
    {
      "codigo": "54157",
      "action": "skipped",
      "reason": "missing_price_usd"
    },
    {
      "codigo": "54137",
      "action": "skipped",
      "reason": "missing_price_usd"
    },
    {
      "codigo": "54133",
      "action": "skipped",
      "reason": "missing_price_usd"
    },
    {
      "codigo": "38920",
      "action": "skipped",
      "reason": "missing_price_usd"
    },
    {
      "codigo": "53898",
      "action": "skipped",
      "reason": "missing_price_usd"
    },
    {
      "codigo": "53892",
      "action": "skipped",
      "reason": "missing_price_usd"
    },
    {
      "codigo": "53862",
      "action": "skipped",
      "reason": "missing_price_usd"
    },
    {
      "codigo": "53849",
      "action": "skipped",
      "reason": "missing_price_usd"
    },
    {
      "codigo": "53786",
      "action": "skipped",
      "reason": "missing_price_usd"
    },
    {
      "codigo": "53777",
      "action": "skipped",
      "reason": "missing_price_usd"
    },
    {
      "codigo": "53772",
      "action": "skipped",
      "reason": "missing_price_usd"
    },
    {
      "codigo": "53771",
      "action": "skipped",
      "reason": "missing_price_usd"
    },
    {
      "codigo": "53770",
      "action": "skipped",
      "reason": "missing_price_usd"
    },
    {
      "codigo": "53769",
      "action": "skipped",
      "reason": "missing_price_usd"
    },
    {
      "codigo": "53768",
      "action": "skipped",
      "reason": "missing_price_usd"
    },
    {
      "codigo": "53765",
      "action": "skipped",
      "reason": "missing_price_usd"
    },
    {
      "codigo": "53763",
      "action": "skipped",
      "reason": "missing_price_usd"
    },
    {
      "codigo": "53759",
      "action": "skipped",
      "reason": "missing_price_usd"
    },
    {
      "codigo": "53758",
      "action": "skipped",
      "reason": "missing_price_usd"
    },
    {
      "codigo": "53080",
      "action": "skipped",
      "reason": "missing_price_usd"
    },
    {
      "codigo": "53469",
      "action": "skipped",
      "reason": "missing_price_usd"
    },
    {
      "codigo": "53467",
      "action": "skipped",
      "reason": "missing_price_usd"
    },
    {
      "codigo": "53347",
      "action": "skipped",
      "reason": "missing_price_usd"
    },
    {
      "codigo": "42342",
      "action": "skipped",
      "reason": "missing_price_usd"
    },
    {
      "codigo": "42251",
      "action": "skipped",
      "reason": "missing_price_usd"
    },
    {
      "codigo": "53216",
      "action": "skipped",
      "reason": "missing_price_usd"
    },
    {
      "codigo": "53155",
      "action": "skipped",
      "reason": "missing_price_usd"
    },
    {
      "codigo": "53106",
      "action": "skipped",
      "reason": "missing_price_usd"
    },
    {
      "codigo": "53103",
      "action": "skipped",
      "reason": "missing_price_usd"
    },
    {
      "codigo": "51917",
      "action": "skipped",
      "reason": "missing_price_usd"
    },
    {
      "codigo": "52988",
      "action": "skipped",
      "reason": "missing_price_usd"
    },
    {
      "codigo": "52985",
      "action": "skipped",
      "reason": "missing_price_usd"
    },
    {
      "codigo": "52982",
      "action": "skipped",
      "reason": "missing_price_usd"
    },
    {
      "codigo": "52977",
      "action": "skipped",
      "reason": "missing_price_usd"
    },
    {
      "codigo": "52972",
      "action": "skipped",
      "reason": "missing_price_usd"
    },
    {
      "codigo": "52970",
      "action": "skipped",
      "reason": "missing_price_usd"
    },
    {
      "codigo": "52969",
      "action": "skipped",
      "reason": "missing_price_usd"
    },
    {
      "codigo": "52967",
      "action": "skipped",
      "reason": "missing_price_usd"
    },
    {
      "codigo": "52966",
      "action": "skipped",
      "reason": "missing_price_usd"
    },
    {
      "codigo": "52952",
      "action": "skipped",
      "reason": "missing_price_usd"
    },
    {
      "codigo": "52949",
      "action": "skipped",
      "reason": "missing_price_usd"
    },
    {
      "codigo": "52904",
      "action": "skipped",
      "reason": "missing_price_usd"
    },
    {
      "codigo": "51699",
      "action": "skipped",
      "reason": "missing_price_usd"
    },
    {
      "codigo": "51698",
      "action": "skipped",
      "reason": "missing_price_usd"
    },
    {
      "codigo": "52875",
      "action": "skipped",
      "reason": "missing_price_usd"
    },
    {
      "codigo": "52816",
      "action": "skipped",
      "reason": "missing_price_usd"
    },
    {
      "codigo": "42240",
      "action": "skipped",
      "reason": "missing_price_usd"
    },
    {
      "codigo": "52782",
      "action": "skipped",
      "reason": "missing_price_usd"
    },
    {
      "codigo": "52690",
      "action": "skipped",
      "reason": "missing_price_usd"
    },
    {
      "codigo": "52687",
      "action": "skipped",
      "reason": "missing_price_usd"
    },
    {
      "codigo": "52686",
      "action": "skipped",
      "reason": "missing_price_usd"
    },
    {
      "codigo": "52631",
      "action": "skipped",
      "reason": "missing_price_usd"
    },
    {
      "codigo": "52562",
      "action": "skipped",
      "reason": "missing_price_usd"
    },
    {
      "codigo": "52555",
      "action": "skipped",
      "reason": "missing_price_usd"
    },
    {
      "codigo": "52554",
      "action": "skipped",
      "reason": "missing_price_usd"
    },
    {
      "codigo": "52553",
      "action": "skipped",
      "reason": "missing_price_usd"
    },
    {
      "codigo": "52552",
      "action": "skipped",
      "reason": "missing_price_usd"
    },
    {
      "codigo": "52550",
      "action": "skipped",
      "reason": "missing_price_usd"
    },
    {
      "codigo": "52549",
      "action": "skipped",
      "reason": "missing_price_usd"
    },
    {
      "codigo": "52546",
      "action": "skipped",
      "reason": "missing_price_usd"
    },
    {
      "codigo": "52545",
      "action": "skipped",
      "reason": "missing_price_usd"
    },
    {
      "codigo": "52544",
      "action": "skipped",
      "reason": "missing_price_usd"
    },
    {
      "codigo": "52543",
      "action": "skipped",
      "reason": "missing_price_usd"
    },
    {
      "codigo": "52542",
      "action": "skipped",
      "reason": "missing_price_usd"
    },
    {
      "codigo": "52540",
      "action": "skipped",
      "reason": "missing_price_usd"
    },
    {
      "codigo": "52530",
      "action": "skipped",
      "reason": "missing_price_usd"
    },
    {
      "codigo": "52529",
      "action": "skipped",
      "reason": "missing_price_usd"
    },
    {
      "codigo": "52528",
      "action": "skipped",
      "reason": "missing_price_usd"
    },
    {
      "codigo": "52526",
      "action": "skipped",
      "reason": "missing_price_usd"
    },
    {
      "codigo": "52525",
      "action": "skipped",
      "reason": "missing_price_usd"
    },
    {
      "codigo": "52524",
      "action": "skipped",
      "reason": "missing_price_usd"
    },
    {
      "codigo": "52523",
      "action": "skipped",
      "reason": "missing_price_usd"
    },
    {
      "codigo": "52522",
      "action": "skipped",
      "reason": "missing_price_usd"
    },
    {
      "codigo": "52521",
      "action": "skipped",
      "reason": "missing_price_usd"
    },
    {
      "codigo": "52520",
      "action": "skipped",
      "reason": "missing_price_usd"
    },
    {
      "codigo": "52519",
      "action": "skipped",
      "reason": "missing_price_usd"
    },
    {
      "codigo": "52518",
      "action": "skipped",
      "reason": "missing_price_usd"
    },
    {
      "codigo": "52516",
      "action": "skipped",
      "reason": "missing_price_usd"
    },
    {
      "codigo": "52499",
      "action": "skipped",
      "reason": "missing_price_usd"
    },
    {
      "codigo": "45058",
      "action": "skipped",
      "reason": "missing_price_usd"
    },
    {
      "codigo": "45057",
      "action": "skipped",
      "reason": "missing_price_usd"
    },
    {
      "codigo": "45056",
      "action": "skipped",
      "reason": "missing_price_usd"
    },
    {
      "codigo": "52198",
      "action": "skipped",
      "reason": "missing_price_usd"
    },
    {
      "codigo": "52121",
      "action": "skipped",
      "reason": "missing_price_usd"
    },
    {
      "codigo": "52120",
      "action": "skipped",
      "reason": "missing_price_usd"
    },
    {
      "codigo": "52119",
      "action": "skipped",
      "reason": "missing_price_usd"
    },
    {
      "codigo": "52091",
      "action": "skipped",
      "reason": "missing_price_usd"
    },
    {
      "codigo": "52090",
      "action": "skipped",
      "reason": "missing_price_usd"
    },
    {
      "codigo": "52035",
      "action": "skipped",
      "reason": "missing_price_usd"
    },
    {
      "codigo": "52034",
      "action": "skipped",
      "reason": "missing_price_usd"
    },
    {
      "codigo": "51999",
      "action": "skipped",
      "reason": "missing_price_usd"
    },
    {
      "codigo": "51985",
      "action": "skipped",
      "reason": "missing_price_usd"
    },
    {
      "codigo": "51950",
      "action": "skipped",
      "reason": "missing_price_usd"
    },
    {
      "codigo": "51921",
      "action": "skipped",
      "reason": "missing_price_usd"
    },
    {
      "codigo": "51918",
      "action": "skipped",
      "reason": "missing_price_usd"
    },
    {
      "codigo": "44362",
      "action": "skipped",
      "reason": "missing_price_usd"
    },
    {
      "codigo": "44361",
      "action": "skipped",
      "reason": "missing_price_usd"
    },
    {
      "codigo": "51449",
      "action": "skipped",
      "reason": "missing_price_usd"
    },
    {
      "codigo": "51405",
      "action": "skipped",
      "reason": "missing_price_usd"
    },
    {
      "codigo": "51397",
      "action": "skipped",
      "reason": "missing_price_usd"
    },
    {
      "codigo": "51260",
      "action": "skipped",
      "reason": "missing_price_usd"
    },
    {
      "codigo": "51200",
      "action": "skipped",
      "reason": "missing_price_usd"
    },
    {
      "codigo": "51199",
      "action": "skipped",
      "reason": "missing_price_usd"
    },
    {
      "codigo": "51198",
      "action": "skipped",
      "reason": "missing_price_usd"
    },
    {
      "codigo": "51197",
      "action": "skipped",
      "reason": "missing_price_usd"
    },
    {
      "codigo": "51195",
      "action": "skipped",
      "reason": "missing_price_usd"
    },
    {
      "codigo": "49787",
      "action": "skipped",
      "reason": "missing_price_usd"
    },
    {
      "codigo": "50964",
      "action": "skipped",
      "reason": "missing_price_usd"
    },
    {
      "codigo": "50929",
      "action": "skipped",
      "reason": "missing_price_usd"
    },
    {
      "codigo": "50924",
      "action": "skipped",
      "reason": "missing_price_usd"
    },
    {
      "codigo": "50923",
      "action": "skipped",
      "reason": "missing_price_usd"
    },
    {
      "codigo": "50922",
      "action": "skipped",
      "reason": "missing_price_usd"
    },
    {
      "codigo": "49744",
      "action": "skipped",
      "reason": "missing_price_usd"
    },
    {
      "codigo": "35880",
      "action": "skipped",
      "reason": "missing_price_usd"
    },
    {
      "codigo": "50699",
      "action": "skipped",
      "reason": "missing_price_usd"
    },
    {
      "codigo": "50694",
      "action": "skipped",
      "reason": "missing_price_usd"
    },
    {
      "codigo": "50692",
      "action": "skipped",
      "reason": "missing_price_usd"
    },
    {
      "codigo": "50565",
      "action": "skipped",
      "reason": "missing_price_usd"
    },
    {
      "codigo": "50564",
      "action": "skipped",
      "reason": "missing_price_usd"
    },
    {
      "codigo": "50557",
      "action": "skipped",
      "reason": "missing_price_usd"
    },
    {
      "codigo": "50490",
      "action": "skipped",
      "reason": "missing_price_usd"
    },
    {
      "codigo": "50436",
      "action": "skipped",
      "reason": "missing_price_usd"
    },
    {
      "codigo": "50435",
      "action": "skipped",
      "reason": "missing_price_usd"
    },
    {
      "codigo": "50430",
      "action": "skipped",
      "reason": "missing_price_usd"
    },
    {
      "codigo": "50339",
      "action": "skipped",
      "reason": "missing_price_usd"
    },
    {
      "codigo": "50195",
      "action": "skipped",
      "reason": "missing_price_usd"
    },
    {
      "codigo": "50156",
      "action": "skipped",
      "reason": "missing_price_usd"
    },
    {
      "codigo": "50145",
      "action": "skipped",
      "reason": "missing_price_usd"
    },
    {
      "codigo": "50136",
      "action": "skipped",
      "reason": "missing_price_usd"
    },
    {
      "codigo": "38918",
      "action": "skipped",
      "reason": "missing_price_usd"
    },
    {
      "codigo": "50048",
      "action": "skipped",
      "reason": "missing_price_usd"
    },
    {
      "codigo": "49999",
      "action": "skipped",
      "reason": "missing_price_usd"
    },
    {
      "codigo": "49971",
      "action": "skipped",
      "reason": "missing_price_usd"
    },
    {
      "codigo": "49970",
      "action": "skipped",
      "reason": "missing_price_usd"
    },
    {
      "codigo": "49968",
      "action": "skipped",
      "reason": "missing_price_usd"
    },
    {
      "codigo": "49967",
      "action": "skipped",
      "reason": "missing_price_usd"
    },
    {
      "codigo": "49966",
      "action": "skipped",
      "reason": "missing_price_usd"
    },
    {
      "codigo": "49965",
      "action": "skipped",
      "reason": "missing_price_usd"
    },
    {
      "codigo": "42790",
      "action": "skipped",
      "reason": "missing_price_usd"
    },
    {
      "codigo": "42788",
      "action": "skipped",
      "reason": "missing_price_usd"
    },
    {
      "codigo": "49879",
      "action": "skipped",
      "reason": "missing_price_usd"
    },
    {
      "codigo": "49878",
      "action": "skipped",
      "reason": "missing_price_usd"
    },
    {
      "codigo": "49875",
      "action": "skipped",
      "reason": "missing_price_usd"
    },
    {
      "codigo": "49873",
      "action": "skipped",
      "reason": "missing_price_usd"
    },
    {
      "codigo": "49872",
      "action": "skipped",
      "reason": "missing_price_usd"
    },
    {
      "codigo": "49871",
      "action": "skipped",
      "reason": "missing_price_usd"
    },
    {
      "codigo": "49869",
      "action": "skipped",
      "reason": "missing_price_usd"
    },
    {
      "codigo": "49865",
      "action": "skipped",
      "reason": "missing_price_usd"
    },
    {
      "codigo": "49864",
      "action": "skipped",
      "reason": "missing_price_usd"
    },
    {
      "codigo": "49863",
      "action": "skipped",
      "reason": "missing_price_usd"
    },
    {
      "codigo": "49860",
      "action": "skipped",
      "reason": "missing_price_usd"
    },
    {
      "codigo": "49836",
      "action": "skipped",
      "reason": "missing_price_usd"
    },
    {
      "codigo": "49835",
      "action": "skipped",
      "reason": "missing_price_usd"
    },
    {
      "codigo": "49827",
      "action": "skipped",
      "reason": "missing_price_usd"
    },
    {
      "codigo": "49802",
      "action": "skipped",
      "reason": "missing_price_usd"
    },
    {
      "codigo": "49788",
      "action": "skipped",
      "reason": "missing_price_usd"
    },
    {
      "codigo": "49745",
      "action": "skipped",
      "reason": "missing_price_usd"
    },
    {
      "codigo": "48321",
      "action": "skipped",
      "reason": "missing_price_usd"
    },
    {
      "codigo": "49477",
      "action": "skipped",
      "reason": "missing_price_usd"
    },
    {
      "codigo": "49472",
      "action": "skipped",
      "reason": "missing_price_usd"
    },
    {
      "codigo": "49470",
      "action": "skipped",
      "reason": "missing_price_usd"
    },
    {
      "codigo": "49464",
      "action": "skipped",
      "reason": "missing_price_usd"
    },
    {
      "codigo": "49397",
      "action": "skipped",
      "reason": "missing_price_usd"
    },
    {
      "codigo": "49391",
      "action": "skipped",
      "reason": "missing_price_usd"
    },
    {
      "codigo": "49374",
      "action": "skipped",
      "reason": "missing_price_usd"
    },
    {
      "codigo": "49373",
      "action": "skipped",
      "reason": "missing_price_usd"
    },
    {
      "codigo": "49248",
      "action": "skipped",
      "reason": "missing_price_usd"
    },
    {
      "codigo": "49246",
      "action": "skipped",
      "reason": "missing_price_usd"
    },
    {
      "codigo": "49148",
      "action": "skipped",
      "reason": "missing_price_usd"
    },
    {
      "codigo": "49143",
      "action": "skipped",
      "reason": "missing_price_usd"
    },
    {
      "codigo": "49083",
      "action": "skipped",
      "reason": "missing_price_usd"
    },
    {
      "codigo": "49063",
      "action": "skipped",
      "reason": "missing_price_usd"
    },
    {
      "codigo": "49021",
      "action": "skipped",
      "reason": "missing_price_usd"
    },
    {
      "codigo": "49019",
      "action": "skipped",
      "reason": "missing_price_usd"
    },
    {
      "codigo": "49017",
      "action": "skipped",
      "reason": "missing_price_usd"
    },
    {
      "codigo": "49014",
      "action": "skipped",
      "reason": "missing_price_usd"
    },
    {
      "codigo": "49013",
      "action": "skipped",
      "reason": "missing_price_usd"
    },
    {
      "codigo": "49010",
      "action": "skipped",
      "reason": "missing_price_usd"
    },
    {
      "codigo": "49003",
      "action": "skipped",
      "reason": "missing_price_usd"
    },
    {
      "codigo": "49001",
      "action": "skipped",
      "reason": "missing_price_usd"
    },
    {
      "codigo": "48996",
      "action": "skipped",
      "reason": "missing_price_usd"
    },
    {
      "codigo": "48950",
      "action": "skipped",
      "reason": "missing_price_usd"
    },
    {
      "codigo": "48949",
      "action": "skipped",
      "reason": "missing_price_usd"
    },
    {
      "codigo": "48936",
      "action": "skipped",
      "reason": "missing_price_usd"
    },
    {
      "codigo": "48916",
      "action": "skipped",
      "reason": "missing_price_usd"
    },
    {
      "codigo": "48901",
      "action": "skipped",
      "reason": "missing_price_usd"
    },
    {
      "codigo": "48898",
      "action": "skipped",
      "reason": "missing_price_usd"
    },
    {
      "codigo": "48893",
      "action": "skipped",
      "reason": "missing_price_usd"
    },
    {
      "codigo": "48885",
      "action": "skipped",
      "reason": "missing_price_usd"
    },
    {
      "codigo": "48847",
      "action": "skipped",
      "reason": "missing_price_usd"
    },
    {
      "codigo": "48846",
      "action": "skipped",
      "reason": "missing_price_usd"
    },
    {
      "codigo": "48763",
      "action": "skipped",
      "reason": "missing_price_usd"
    },
    {
      "codigo": "48582",
      "action": "skipped",
      "reason": "missing_price_usd"
    },
    {
      "codigo": "48562",
      "action": "skipped",
      "reason": "missing_price_usd"
    },
    {
      "codigo": "48561",
      "action": "skipped",
      "reason": "missing_price_usd"
    },
    {
      "codigo": "48301",
      "action": "skipped",
      "reason": "missing_price_usd"
    },
    {
      "codigo": "48253",
      "action": "skipped",
      "reason": "missing_price_usd"
    },
    {
      "codigo": "48227",
      "action": "skipped",
      "reason": "missing_price_usd"
    },
    {
      "codigo": "48055",
      "action": "skipped",
      "reason": "missing_price_usd"
    },
    {
      "codigo": "48021",
      "action": "skipped",
      "reason": "missing_price_usd"
    },
    {
      "codigo": "47994",
      "action": "skipped",
      "reason": "missing_price_usd"
    },
    {
      "codigo": "47992",
      "action": "skipped",
      "reason": "missing_price_usd"
    },
    {
      "codigo": "47990",
      "action": "skipped",
      "reason": "missing_price_usd"
    },
    {
      "codigo": "47967",
      "action": "skipped",
      "reason": "missing_price_usd"
    },
    {
      "codigo": "47955",
      "action": "skipped",
      "reason": "missing_price_usd"
    },
    {
      "codigo": "47927",
      "action": "skipped",
      "reason": "missing_price_usd"
    },
    {
      "codigo": "47849",
      "action": "skipped",
      "reason": "missing_price_usd"
    },
    {
      "codigo": "46735",
      "action": "skipped",
      "reason": "missing_price_usd"
    },
    {
      "codigo": "47830",
      "action": "skipped",
      "reason": "missing_price_usd"
    },
    {
      "codigo": "47787",
      "action": "skipped",
      "reason": "missing_price_usd"
    },
    {
      "codigo": "47767",
      "action": "skipped",
      "reason": "missing_price_usd"
    },
    {
      "codigo": "47766",
      "action": "skipped",
      "reason": "missing_price_usd"
    },
    {
      "codigo": "47759",
      "action": "skipped",
      "reason": "missing_price_usd"
    },
    {
      "codigo": "47710",
      "action": "skipped",
      "reason": "missing_price_usd"
    },
    {
      "codigo": "47557",
      "action": "skipped",
      "reason": "missing_price_usd"
    },
    {
      "codigo": "47492",
      "action": "skipped",
      "reason": "missing_price_usd"
    },
    {
      "codigo": "47490",
      "action": "skipped",
      "reason": "missing_price_usd"
    },
    {
      "codigo": "47489",
      "action": "skipped",
      "reason": "missing_price_usd"
    },
    {
      "codigo": "47487",
      "action": "skipped",
      "reason": "missing_price_usd"
    },
    {
      "codigo": "47450",
      "action": "skipped",
      "reason": "missing_price_usd"
    },
    {
      "codigo": "47438",
      "action": "skipped",
      "reason": "missing_price_usd"
    },
    {
      "codigo": "47399",
      "action": "skipped",
      "reason": "missing_price_usd"
    },
    {
      "codigo": "47383",
      "action": "skipped",
      "reason": "missing_price_usd"
    },
    {
      "codigo": "47374",
      "action": "skipped",
      "reason": "missing_price_usd"
    },
    {
      "codigo": "47372",
      "action": "skipped",
      "reason": "missing_price_usd"
    },
    {
      "codigo": "47371",
      "action": "skipped",
      "reason": "missing_price_usd"
    },
    {
      "codigo": "47370",
      "action": "skipped",
      "reason": "missing_price_usd"
    },
    {
      "codigo": "47365",
      "action": "skipped",
      "reason": "missing_price_usd"
    },
    {
      "codigo": "47359",
      "action": "skipped",
      "reason": "missing_price_usd"
    },
    {
      "codigo": "47295",
      "action": "skipped",
      "reason": "missing_price_usd"
    },
    {
      "codigo": "47293",
      "action": "skipped",
      "reason": "missing_price_usd"
    },
    {
      "codigo": "40499",
      "action": "skipped",
      "reason": "missing_price_usd"
    },
    {
      "codigo": "47247",
      "action": "skipped",
      "reason": "missing_price_usd"
    },
    {
      "codigo": "47065",
      "action": "skipped",
      "reason": "missing_price_usd"
    },
    {
      "codigo": "46959",
      "action": "skipped",
      "reason": "missing_price_usd"
    },
    {
      "codigo": "46897",
      "action": "skipped",
      "reason": "missing_price_usd"
    },
    {
      "codigo": "46631",
      "action": "skipped",
      "reason": "missing_price_usd"
    },
    {
      "codigo": "39756",
      "action": "skipped",
      "reason": "missing_price_usd"
    },
    {
      "codigo": "46542",
      "action": "skipped",
      "reason": "missing_price_usd"
    },
    {
      "codigo": "46428",
      "action": "skipped",
      "reason": "missing_price_usd"
    },
    {
      "codigo": "39205",
      "action": "skipped",
      "reason": "missing_price_usd"
    },
    {
      "codigo": "46337",
      "action": "skipped",
      "reason": "missing_price_usd"
    },
    {
      "codigo": "46290",
      "action": "skipped",
      "reason": "missing_price_usd"
    },
    {
      "codigo": "38919",
      "action": "skipped",
      "reason": "missing_price_usd"
    },
    {
      "codigo": "45550",
      "action": "skipped",
      "reason": "missing_price_usd"
    },
    {
      "codigo": "44705",
      "action": "skipped",
      "reason": "missing_price_usd"
    },
    {
      "codigo": "46013",
      "action": "skipped",
      "reason": "missing_price_usd"
    },
    {
      "codigo": "45868",
      "action": "skipped",
      "reason": "missing_price_usd"
    },
    {
      "codigo": "27678",
      "action": "skipped",
      "reason": "missing_price_usd"
    },
    {
      "codigo": "45719",
      "action": "skipped",
      "reason": "missing_price_usd"
    },
    {
      "codigo": "45628",
      "action": "skipped",
      "reason": "missing_price_usd"
    },
    {
      "codigo": "33782",
      "action": "skipped",
      "reason": "missing_price_usd"
    },
    {
      "codigo": "31125",
      "action": "skipped",
      "reason": "missing_price_usd"
    },
    {
      "codigo": "45488",
      "action": "skipped",
      "reason": "missing_price_usd"
    },
    {
      "codigo": "45221",
      "action": "skipped",
      "reason": "missing_price_usd"
    },
    {
      "codigo": "45214",
      "action": "skipped",
      "reason": "missing_price_usd"
    },
    {
      "codigo": "45195",
      "action": "skipped",
      "reason": "missing_price_usd"
    },
    {
      "codigo": "45141",
      "action": "skipped",
      "reason": "missing_price_usd"
    },
    {
      "codigo": "45135",
      "action": "skipped",
      "reason": "missing_price_usd"
    },
    {
      "codigo": "45134",
      "action": "skipped",
      "reason": "missing_price_usd"
    },
    {
      "codigo": "44758",
      "action": "skipped",
      "reason": "missing_price_usd"
    },
    {
      "codigo": "44746",
      "action": "skipped",
      "reason": "missing_price_usd"
    },
    {
      "codigo": "37501",
      "action": "skipped",
      "reason": "missing_price_usd"
    },
    {
      "codigo": "39686",
      "action": "skipped",
      "reason": "missing_price_usd"
    },
    {
      "codigo": "44559",
      "action": "skipped",
      "reason": "missing_price_usd"
    },
    {
      "codigo": "44558",
      "action": "skipped",
      "reason": "missing_price_usd"
    },
    {
      "codigo": "44536",
      "action": "skipped",
      "reason": "missing_price_usd"
    },
    {
      "codigo": "37678",
      "action": "skipped",
      "reason": "missing_price_usd"
    },
    {
      "codigo": "44408",
      "action": "skipped",
      "reason": "missing_price_usd"
    },
    {
      "codigo": "44333",
      "action": "skipped",
      "reason": "missing_price_usd"
    },
    {
      "codigo": "44332",
      "action": "skipped",
      "reason": "missing_price_usd"
    },
    {
      "codigo": "44331",
      "action": "skipped",
      "reason": "missing_price_usd"
    },
    {
      "codigo": "44324",
      "action": "skipped",
      "reason": "missing_price_usd"
    },
    {
      "codigo": "44311",
      "action": "skipped",
      "reason": "missing_price_usd"
    },
    {
      "codigo": "44307",
      "action": "skipped",
      "reason": "missing_price_usd"
    },
    {
      "codigo": "44286",
      "action": "skipped",
      "reason": "missing_price_usd"
    },
    {
      "codigo": "44165",
      "action": "skipped",
      "reason": "missing_price_usd"
    },
    {
      "codigo": "44143",
      "action": "skipped",
      "reason": "missing_price_usd"
    },
    {
      "codigo": "44140",
      "action": "skipped",
      "reason": "missing_price_usd"
    },
    {
      "codigo": "44083",
      "action": "skipped",
      "reason": "missing_price_usd"
    },
    {
      "codigo": "44079",
      "action": "skipped",
      "reason": "missing_price_usd"
    },
    {
      "codigo": "43774",
      "action": "skipped",
      "reason": "missing_price_usd"
    },
    {
      "codigo": "43773",
      "action": "skipped",
      "reason": "missing_price_usd"
    },
    {
      "codigo": "43555",
      "action": "skipped",
      "reason": "missing_price_usd"
    },
    {
      "codigo": "43434",
      "action": "skipped",
      "reason": "missing_price_usd"
    },
    {
      "codigo": "42277",
      "action": "skipped",
      "reason": "missing_price_usd"
    },
    {
      "codigo": "43229",
      "action": "skipped",
      "reason": "missing_price_usd"
    },
    {
      "codigo": "43188",
      "action": "skipped",
      "reason": "missing_price_usd"
    },
    {
      "codigo": "43112",
      "action": "skipped",
      "reason": "missing_price_usd"
    },
    {
      "codigo": "42674",
      "action": "skipped",
      "reason": "missing_price_usd"
    },
    {
      "codigo": "42615",
      "action": "skipped",
      "reason": "missing_price_usd"
    },
    {
      "codigo": "24207",
      "action": "skipped",
      "reason": "missing_price_usd"
    },
    {
      "codigo": "42280",
      "action": "skipped",
      "reason": "missing_price_usd"
    },
    {
      "codigo": "42266",
      "action": "skipped",
      "reason": "missing_price_usd"
    },
    {
      "codigo": "42262",
      "action": "skipped",
      "reason": "missing_price_usd"
    },
    {
      "codigo": "42248",
      "action": "skipped",
      "reason": "missing_price_usd"
    },
    {
      "codigo": "42245",
      "action": "skipped",
      "reason": "missing_price_usd"
    },
    {
      "codigo": "42244",
      "action": "skipped",
      "reason": "missing_price_usd"
    },
    {
      "codigo": "42243",
      "action": "skipped",
      "reason": "missing_price_usd"
    },
    {
      "codigo": "42107",
      "action": "skipped",
      "reason": "missing_price_usd"
    },
    {
      "codigo": "41927",
      "action": "skipped",
      "reason": "missing_price_usd"
    },
    {
      "codigo": "41921",
      "action": "skipped",
      "reason": "missing_price_usd"
    },
    {
      "codigo": "41901",
      "action": "skipped",
      "reason": "missing_price_usd"
    },
    {
      "codigo": "41883",
      "action": "skipped",
      "reason": "missing_price_usd"
    },
    {
      "codigo": "28653",
      "action": "skipped",
      "reason": "missing_price_usd"
    },
    {
      "codigo": "28065",
      "action": "skipped",
      "reason": "missing_price_usd"
    },
    {
      "codigo": "41613",
      "action": "skipped",
      "reason": "missing_price_usd"
    },
    {
      "codigo": "41587",
      "action": "skipped",
      "reason": "missing_price_usd"
    },
    {
      "codigo": "41576",
      "action": "skipped",
      "reason": "missing_price_usd"
    },
    {
      "codigo": "41537",
      "action": "skipped",
      "reason": "missing_price_usd"
    },
    {
      "codigo": "41492",
      "action": "skipped",
      "reason": "missing_price_usd"
    },
    {
      "codigo": "41197",
      "action": "skipped",
      "reason": "missing_price_usd"
    },
    {
      "codigo": "41132",
      "action": "skipped",
      "reason": "missing_price_usd"
    },
    {
      "codigo": "41131",
      "action": "skipped",
      "reason": "missing_price_usd"
    },
    {
      "codigo": "40744",
      "action": "skipped",
      "reason": "missing_price_usd"
    },
    {
      "codigo": "40554",
      "action": "skipped",
      "reason": "missing_price_usd"
    },
    {
      "codigo": "39214",
      "action": "skipped",
      "reason": "missing_price_usd"
    },
    {
      "codigo": "40277",
      "action": "skipped",
      "reason": "missing_price_usd"
    },
    {
      "codigo": "40224",
      "action": "skipped",
      "reason": "missing_price_usd"
    },
    {
      "codigo": "40174",
      "action": "skipped",
      "reason": "missing_price_usd"
    },
    {
      "codigo": "40030",
      "action": "skipped",
      "reason": "missing_price_usd"
    },
    {
      "codigo": "40003",
      "action": "skipped",
      "reason": "missing_price_usd"
    },
    {
      "codigo": "39690",
      "action": "skipped",
      "reason": "missing_price_usd"
    },
    {
      "codigo": "39688",
      "action": "skipped",
      "reason": "missing_price_usd"
    },
    {
      "codigo": "12849",
      "action": "skipped",
      "reason": "missing_price_usd"
    },
    {
      "codigo": "9061",
      "action": "skipped",
      "reason": "missing_price_usd"
    },
    {
      "codigo": "17417",
      "action": "skipped",
      "reason": "missing_price_usd"
    },
    {
      "codigo": "79",
      "action": "skipped",
      "reason": "missing_price_usd"
    },
    {
      "codigo": "34288",
      "action": "skipped",
      "reason": "missing_price_usd"
    },
    {
      "codigo": "28401",
      "action": "skipped",
      "reason": "missing_price_usd"
    },
    {
      "codigo": "39436",
      "action": "skipped",
      "reason": "missing_price_usd"
    },
    {
      "codigo": "39434",
      "action": "skipped",
      "reason": "missing_price_usd"
    },
    {
      "codigo": "39273",
      "action": "skipped",
      "reason": "missing_price_usd"
    },
    {
      "codigo": "11106",
      "action": "skipped",
      "reason": "missing_price_usd"
    },
    {
      "codigo": "38622",
      "action": "skipped",
      "reason": "missing_price_usd"
    },
    {
      "codigo": "21449",
      "action": "skipped",
      "reason": "missing_price_usd"
    },
    {
      "codigo": "39170",
      "action": "skipped",
      "reason": "missing_price_usd"
    },
    {
      "codigo": "39160",
      "action": "skipped",
      "reason": "missing_price_usd"
    },
    {
      "codigo": "39156",
      "action": "skipped",
      "reason": "missing_price_usd"
    },
    {
      "codigo": "38988",
      "action": "skipped",
      "reason": "missing_price_usd"
    },
    {
      "codigo": "38978",
      "action": "skipped",
      "reason": "missing_price_usd"
    },
    {
      "codigo": "38977",
      "action": "skipped",
      "reason": "missing_price_usd"
    },
    {
      "codigo": "38770",
      "action": "skipped",
      "reason": "missing_price_usd"
    },
    {
      "codigo": "38717",
      "action": "skipped",
      "reason": "missing_price_usd"
    },
    {
      "codigo": "38178",
      "action": "skipped",
      "reason": "missing_price_usd"
    },
    {
      "codigo": "38100",
      "action": "skipped",
      "reason": "missing_price_usd"
    },
    {
      "codigo": "38032",
      "action": "skipped",
      "reason": "missing_price_usd"
    },
    {
      "codigo": "37954",
      "action": "skipped",
      "reason": "missing_price_usd"
    },
    {
      "codigo": "37804",
      "action": "skipped",
      "reason": "missing_price_usd"
    },
    {
      "codigo": "37583",
      "action": "skipped",
      "reason": "missing_price_usd"
    },
    {
      "codigo": "37014",
      "action": "skipped",
      "reason": "missing_price_usd"
    },
    {
      "codigo": "36930",
      "action": "skipped",
      "reason": "missing_price_usd"
    },
    {
      "codigo": "36611",
      "action": "skipped",
      "reason": "missing_price_usd"
    },
    {
      "codigo": "36162",
      "action": "skipped",
      "reason": "missing_price_usd"
    },
    {
      "codigo": "36153",
      "action": "skipped",
      "reason": "missing_price_usd"
    },
    {
      "codigo": "36151",
      "action": "skipped",
      "reason": "missing_price_usd"
    },
    {
      "codigo": "21519",
      "action": "skipped",
      "reason": "missing_price_usd"
    },
    {
      "codigo": "5568",
      "action": "skipped",
      "reason": "missing_price_usd"
    },
    {
      "codigo": "35959",
      "action": "skipped",
      "reason": "missing_price_usd"
    },
    {
      "codigo": "22243",
      "action": "skipped",
      "reason": "missing_price_usd"
    },
    {
      "codigo": "12263",
      "action": "skipped",
      "reason": "missing_price_usd"
    },
    {
      "codigo": "35907",
      "action": "skipped",
      "reason": "missing_price_usd"
    },
    {
      "codigo": "35879",
      "action": "skipped",
      "reason": "missing_price_usd"
    },
    {
      "codigo": "27533",
      "action": "skipped",
      "reason": "missing_price_usd"
    },
    {
      "codigo": "35783",
      "action": "skipped",
      "reason": "missing_price_usd"
    },
    {
      "codigo": "33250",
      "action": "skipped",
      "reason": "missing_price_usd"
    },
    {
      "codigo": "24951",
      "action": "skipped",
      "reason": "missing_price_usd"
    },
    {
      "codigo": "35458",
      "action": "skipped",
      "reason": "missing_price_usd"
    },
    {
      "codigo": "35455",
      "action": "skipped",
      "reason": "missing_price_usd"
    },
    {
      "codigo": "35387",
      "action": "skipped",
      "reason": "missing_price_usd"
    },
    {
      "codigo": "35333",
      "action": "skipped",
      "reason": "missing_price_usd"
    },
    {
      "codigo": "35328",
      "action": "skipped",
      "reason": "missing_price_usd"
    },
    {
      "codigo": "35278",
      "action": "skipped",
      "reason": "missing_price_usd"
    },
    {
      "codigo": "35201",
      "action": "skipped",
      "reason": "missing_price_usd"
    },
    {
      "codigo": "35199",
      "action": "skipped",
      "reason": "missing_price_usd"
    },
    {
      "codigo": "35194",
      "action": "skipped",
      "reason": "missing_price_usd"
    },
    {
      "codigo": "35193",
      "action": "skipped",
      "reason": "missing_price_usd"
    },
    {
      "codigo": "35191",
      "action": "skipped",
      "reason": "missing_price_usd"
    },
    {
      "codigo": "35190",
      "action": "skipped",
      "reason": "missing_price_usd"
    },
    {
      "codigo": "35188",
      "action": "skipped",
      "reason": "missing_price_usd"
    },
    {
      "codigo": "21347",
      "action": "skipped",
      "reason": "missing_price_usd"
    },
    {
      "codigo": "35164",
      "action": "skipped",
      "reason": "missing_price_usd"
    },
    {
      "codigo": "17858",
      "action": "skipped",
      "reason": "missing_price_usd"
    },
    {
      "codigo": "17482",
      "action": "skipped",
      "reason": "missing_price_usd"
    },
    {
      "codigo": "35087",
      "action": "skipped",
      "reason": "missing_price_usd"
    },
    {
      "codigo": "24819",
      "action": "skipped",
      "reason": "missing_price_usd"
    },
    {
      "codigo": "8699",
      "action": "skipped",
      "reason": "missing_price_usd"
    },
    {
      "codigo": "8635",
      "action": "skipped",
      "reason": "missing_price_usd"
    },
    {
      "codigo": "7963",
      "action": "skipped",
      "reason": "missing_price_usd"
    },
    {
      "codigo": "7559",
      "action": "skipped",
      "reason": "missing_price_usd"
    },
    {
      "codigo": "7392",
      "action": "skipped",
      "reason": "missing_price_usd"
    },
    {
      "codigo": "6832",
      "action": "skipped",
      "reason": "missing_price_usd"
    },
    {
      "codigo": "612",
      "action": "skipped",
      "reason": "missing_price_usd"
    },
    {
      "codigo": "5544",
      "action": "skipped",
      "reason": "missing_price_usd"
    },
    {
      "codigo": "5216",
      "action": "skipped",
      "reason": "missing_price_usd"
    },
    {
      "codigo": "5215",
      "action": "skipped",
      "reason": "missing_price_usd"
    },
    {
      "codigo": "5184",
      "action": "skipped",
      "reason": "missing_price_usd"
    },
    {
      "codigo": "4169",
      "action": "skipped",
      "reason": "missing_price_usd"
    },
    {
      "codigo": "3731",
      "action": "skipped",
      "reason": "missing_price_usd"
    },
    {
      "codigo": "34615",
      "action": "skipped",
      "reason": "missing_price_usd"
    },
    {
      "codigo": "34163",
      "action": "skipped",
      "reason": "missing_price_usd"
    },
    {
      "codigo": "34161",
      "action": "skipped",
      "reason": "missing_price_usd"
    },
    {
      "codigo": "34160",
      "action": "skipped",
      "reason": "missing_price_usd"
    },
    {
      "codigo": "34038",
      "action": "skipped",
      "reason": "missing_price_usd"
    },
    {
      "codigo": "34037",
      "action": "skipped",
      "reason": "missing_price_usd"
    },
    {
      "codigo": "33969",
      "action": "skipped",
      "reason": "missing_price_usd"
    },
    {
      "codigo": "33913",
      "action": "skipped",
      "reason": "missing_price_usd"
    },
    {
      "codigo": "33878",
      "action": "skipped",
      "reason": "missing_price_usd"
    },
    {
      "codigo": "33877",
      "action": "skipped",
      "reason": "missing_price_usd"
    },
    {
      "codigo": "33867",
      "action": "skipped",
      "reason": "missing_price_usd"
    },
    {
      "codigo": "33861",
      "action": "skipped",
      "reason": "missing_price_usd"
    },
    {
      "codigo": "33860",
      "action": "skipped",
      "reason": "missing_price_usd"
    },
    {
      "codigo": "33845",
      "action": "skipped",
      "reason": "missing_price_usd"
    },
    {
      "codigo": "33843",
      "action": "skipped",
      "reason": "missing_price_usd"
    },
    {
      "codigo": "33571",
      "action": "skipped",
      "reason": "missing_price_usd"
    },
    {
      "codigo": "33487",
      "action": "skipped",
      "reason": "missing_price_usd"
    },
    {
      "codigo": "33251",
      "action": "skipped",
      "reason": "missing_price_usd"
    },
    {
      "codigo": "3316",
      "action": "skipped",
      "reason": "missing_price_usd"
    },
    {
      "codigo": "32904",
      "action": "skipped",
      "reason": "missing_price_usd"
    },
    {
      "codigo": "32582",
      "action": "skipped",
      "reason": "missing_price_usd"
    },
    {
      "codigo": "32561",
      "action": "skipped",
      "reason": "missing_price_usd"
    },
    {
      "codigo": "32436",
      "action": "skipped",
      "reason": "missing_price_usd"
    },
    {
      "codigo": "32412",
      "action": "skipped",
      "reason": "missing_price_usd"
    },
    {
      "codigo": "32242",
      "action": "skipped",
      "reason": "missing_price_usd"
    },
    {
      "codigo": "32232",
      "action": "skipped",
      "reason": "missing_price_usd"
    },
    {
      "codigo": "31953",
      "action": "skipped",
      "reason": "missing_price_usd"
    },
    {
      "codigo": "31739",
      "action": "skipped",
      "reason": "missing_price_usd"
    },
    {
      "codigo": "31231",
      "action": "skipped",
      "reason": "missing_price_usd"
    },
    {
      "codigo": "31124",
      "action": "skipped",
      "reason": "missing_price_usd"
    },
    {
      "codigo": "31016",
      "action": "skipped",
      "reason": "missing_price_usd"
    },
    {
      "codigo": "30990",
      "action": "skipped",
      "reason": "missing_price_usd"
    },
    {
      "codigo": "3072",
      "action": "skipped",
      "reason": "missing_price_usd"
    },
    {
      "codigo": "30417",
      "action": "skipped",
      "reason": "missing_price_usd"
    },
    {
      "codigo": "30331",
      "action": "skipped",
      "reason": "missing_price_usd"
    },
    {
      "codigo": "30327",
      "action": "skipped",
      "reason": "missing_price_usd"
    },
    {
      "codigo": "30312",
      "action": "skipped",
      "reason": "missing_price_usd"
    },
    {
      "codigo": "30145",
      "action": "skipped",
      "reason": "missing_price_usd"
    },
    {
      "codigo": "30084",
      "action": "skipped",
      "reason": "missing_price_usd"
    },
    {
      "codigo": "3008",
      "action": "skipped",
      "reason": "missing_price_usd"
    },
    {
      "codigo": "30078",
      "action": "skipped",
      "reason": "missing_price_usd"
    },
    {
      "codigo": "29964",
      "action": "skipped",
      "reason": "missing_price_usd"
    },
    {
      "codigo": "29688",
      "action": "skipped",
      "reason": "missing_price_usd"
    },
    {
      "codigo": "29687",
      "action": "skipped",
      "reason": "missing_price_usd"
    },
    {
      "codigo": "29329",
      "action": "skipped",
      "reason": "missing_price_usd"
    },
    {
      "codigo": "29109",
      "action": "skipped",
      "reason": "missing_price_usd"
    },
    {
      "codigo": "29014",
      "action": "skipped",
      "reason": "missing_price_usd"
    },
    {
      "codigo": "28750",
      "action": "skipped",
      "reason": "missing_price_usd"
    },
    {
      "codigo": "28622",
      "action": "skipped",
      "reason": "missing_price_usd"
    },
    {
      "codigo": "28516",
      "action": "skipped",
      "reason": "missing_price_usd"
    },
    {
      "codigo": "28496",
      "action": "skipped",
      "reason": "missing_price_usd"
    },
    {
      "codigo": "28455",
      "action": "skipped",
      "reason": "missing_price_usd"
    },
    {
      "codigo": "28397",
      "action": "skipped",
      "reason": "missing_price_usd"
    },
    {
      "codigo": "28366",
      "action": "skipped",
      "reason": "missing_price_usd"
    },
    {
      "codigo": "28357",
      "action": "skipped",
      "reason": "missing_price_usd"
    },
    {
      "codigo": "28347",
      "action": "skipped",
      "reason": "missing_price_usd"
    },
    {
      "codigo": "27917",
      "action": "skipped",
      "reason": "missing_price_usd"
    },
    {
      "codigo": "2783",
      "action": "skipped",
      "reason": "missing_price_usd"
    },
    {
      "codigo": "27813",
      "action": "skipped",
      "reason": "missing_price_usd"
    },
    {
      "codigo": "27812",
      "action": "skipped",
      "reason": "missing_price_usd"
    },
    {
      "codigo": "27774",
      "action": "skipped",
      "reason": "missing_price_usd"
    },
    {
      "codigo": "27517",
      "action": "skipped",
      "reason": "missing_price_usd"
    },
    {
      "codigo": "2717",
      "action": "skipped",
      "reason": "missing_price_usd"
    },
    {
      "codigo": "26976",
      "action": "skipped",
      "reason": "missing_price_usd"
    },
    {
      "codigo": "26690",
      "action": "skipped",
      "reason": "missing_price_usd"
    },
    {
      "codigo": "26689",
      "action": "skipped",
      "reason": "missing_price_usd"
    },
    {
      "codigo": "26646",
      "action": "skipped",
      "reason": "missing_price_usd"
    },
    {
      "codigo": "26189",
      "action": "skipped",
      "reason": "missing_price_usd"
    },
    {
      "codigo": "26182",
      "action": "skipped",
      "reason": "missing_price_usd"
    },
    {
      "codigo": "26014",
      "action": "skipped",
      "reason": "missing_price_usd"
    },
    {
      "codigo": "26",
      "action": "skipped",
      "reason": "missing_price_usd"
    },
    {
      "codigo": "2594",
      "action": "skipped",
      "reason": "missing_price_usd"
    },
    {
      "codigo": "25929",
      "action": "skipped",
      "reason": "missing_price_usd"
    },
    {
      "codigo": "25927",
      "action": "skipped",
      "reason": "missing_price_usd"
    },
    {
      "codigo": "25793",
      "action": "skipped",
      "reason": "missing_price_usd"
    },
    {
      "codigo": "25621",
      "action": "skipped",
      "reason": "missing_price_usd"
    },
    {
      "codigo": "25608",
      "action": "skipped",
      "reason": "missing_price_usd"
    },
    {
      "codigo": "25493",
      "action": "skipped",
      "reason": "missing_price_usd"
    },
    {
      "codigo": "25492",
      "action": "skipped",
      "reason": "missing_price_usd"
    },
    {
      "codigo": "25104",
      "action": "skipped",
      "reason": "missing_price_usd"
    },
    {
      "codigo": "25079",
      "action": "skipped",
      "reason": "missing_price_usd"
    },
    {
      "codigo": "24932",
      "action": "skipped",
      "reason": "missing_price_usd"
    },
    {
      "codigo": "24931",
      "action": "skipped",
      "reason": "missing_price_usd"
    },
    {
      "codigo": "24813",
      "action": "skipped",
      "reason": "missing_price_usd"
    },
    {
      "codigo": "24717",
      "action": "skipped",
      "reason": "missing_price_usd"
    },
    {
      "codigo": "24716",
      "action": "skipped",
      "reason": "missing_price_usd"
    },
    {
      "codigo": "24519",
      "action": "skipped",
      "reason": "missing_price_usd"
    },
    {
      "codigo": "24517",
      "action": "skipped",
      "reason": "missing_price_usd"
    },
    {
      "codigo": "24515",
      "action": "skipped",
      "reason": "missing_price_usd"
    },
    {
      "codigo": "24330",
      "action": "skipped",
      "reason": "missing_price_usd"
    },
    {
      "codigo": "24298",
      "action": "skipped",
      "reason": "missing_price_usd"
    },
    {
      "codigo": "24216",
      "action": "skipped",
      "reason": "missing_price_usd"
    },
    {
      "codigo": "23974",
      "action": "skipped",
      "reason": "missing_price_usd"
    },
    {
      "codigo": "23821",
      "action": "skipped",
      "reason": "missing_price_usd"
    },
    {
      "codigo": "23018",
      "action": "skipped",
      "reason": "missing_price_usd"
    },
    {
      "codigo": "22942",
      "action": "skipped",
      "reason": "missing_price_usd"
    },
    {
      "codigo": "22826",
      "action": "skipped",
      "reason": "missing_price_usd"
    },
    {
      "codigo": "22414",
      "action": "skipped",
      "reason": "missing_price_usd"
    },
    {
      "codigo": "22252",
      "action": "skipped",
      "reason": "missing_price_usd"
    },
    {
      "codigo": "22245",
      "action": "skipped",
      "reason": "missing_price_usd"
    },
    {
      "codigo": "22149",
      "action": "skipped",
      "reason": "missing_price_usd"
    },
    {
      "codigo": "22141",
      "action": "skipped",
      "reason": "missing_price_usd"
    },
    {
      "codigo": "22073",
      "action": "skipped",
      "reason": "missing_price_usd"
    },
    {
      "codigo": "22056",
      "action": "skipped",
      "reason": "missing_price_usd"
    },
    {
      "codigo": "21981",
      "action": "skipped",
      "reason": "missing_price_usd"
    },
    {
      "codigo": "21917",
      "action": "skipped",
      "reason": "missing_price_usd"
    },
    {
      "codigo": "21775",
      "action": "skipped",
      "reason": "missing_price_usd"
    },
    {
      "codigo": "21654",
      "action": "skipped",
      "reason": "missing_price_usd"
    },
    {
      "codigo": "21645",
      "action": "skipped",
      "reason": "missing_price_usd"
    },
    {
      "codigo": "21300",
      "action": "skipped",
      "reason": "missing_price_usd"
    },
    {
      "codigo": "21174",
      "action": "skipped",
      "reason": "missing_price_usd"
    },
    {
      "codigo": "21173",
      "action": "skipped",
      "reason": "missing_price_usd"
    },
    {
      "codigo": "21149",
      "action": "skipped",
      "reason": "missing_price_usd"
    },
    {
      "codigo": "21090",
      "action": "skipped",
      "reason": "missing_price_usd"
    },
    {
      "codigo": "21051",
      "action": "skipped",
      "reason": "missing_price_usd"
    },
    {
      "codigo": "20956",
      "action": "skipped",
      "reason": "missing_price_usd"
    },
    {
      "codigo": "20913",
      "action": "skipped",
      "reason": "missing_price_usd"
    },
    {
      "codigo": "20890",
      "action": "skipped",
      "reason": "missing_price_usd"
    },
    {
      "codigo": "20515",
      "action": "skipped",
      "reason": "missing_price_usd"
    },
    {
      "codigo": "20514",
      "action": "skipped",
      "reason": "missing_price_usd"
    },
    {
      "codigo": "20438",
      "action": "skipped",
      "reason": "missing_price_usd"
    },
    {
      "codigo": "20233",
      "action": "skipped",
      "reason": "missing_price_usd"
    },
    {
      "codigo": "20211",
      "action": "skipped",
      "reason": "missing_price_usd"
    },
    {
      "codigo": "19993",
      "action": "skipped",
      "reason": "missing_price_usd"
    },
    {
      "codigo": "19898",
      "action": "skipped",
      "reason": "missing_price_usd"
    },
    {
      "codigo": "19781",
      "action": "skipped",
      "reason": "missing_price_usd"
    },
    {
      "codigo": "19756",
      "action": "skipped",
      "reason": "missing_price_usd"
    },
    {
      "codigo": "19754",
      "action": "skipped",
      "reason": "missing_price_usd"
    },
    {
      "codigo": "19665",
      "action": "skipped",
      "reason": "missing_price_usd"
    },
    {
      "codigo": "19648",
      "action": "skipped",
      "reason": "missing_price_usd"
    },
    {
      "codigo": "19640",
      "action": "skipped",
      "reason": "missing_price_usd"
    },
    {
      "codigo": "19635",
      "action": "skipped",
      "reason": "missing_price_usd"
    },
    {
      "codigo": "19352",
      "action": "skipped",
      "reason": "missing_price_usd"
    },
    {
      "codigo": "18846",
      "action": "skipped",
      "reason": "missing_price_usd"
    },
    {
      "codigo": "1879",
      "action": "skipped",
      "reason": "missing_price_usd"
    },
    {
      "codigo": "18483",
      "action": "skipped",
      "reason": "missing_price_usd"
    },
    {
      "codigo": "18415",
      "action": "skipped",
      "reason": "missing_price_usd"
    },
    {
      "codigo": "18393",
      "action": "skipped",
      "reason": "missing_price_usd"
    },
    {
      "codigo": "17791",
      "action": "skipped",
      "reason": "missing_price_usd"
    },
    {
      "codigo": "17787",
      "action": "skipped",
      "reason": "missing_price_usd"
    },
    {
      "codigo": "17189",
      "action": "skipped",
      "reason": "missing_price_usd"
    },
    {
      "codigo": "17178",
      "action": "skipped",
      "reason": "missing_price_usd"
    },
    {
      "codigo": "17063",
      "action": "skipped",
      "reason": "missing_price_usd"
    },
    {
      "codigo": "17062",
      "action": "skipped",
      "reason": "missing_price_usd"
    },
    {
      "codigo": "1705",
      "action": "skipped",
      "reason": "missing_price_usd"
    },
    {
      "codigo": "16866",
      "action": "skipped",
      "reason": "missing_price_usd"
    },
    {
      "codigo": "16344",
      "action": "skipped",
      "reason": "missing_price_usd"
    },
    {
      "codigo": "16343",
      "action": "skipped",
      "reason": "missing_price_usd"
    },
    {
      "codigo": "16144",
      "action": "skipped",
      "reason": "missing_price_usd"
    },
    {
      "codigo": "15903",
      "action": "skipped",
      "reason": "missing_price_usd"
    },
    {
      "codigo": "15684",
      "action": "skipped",
      "reason": "missing_price_usd"
    },
    {
      "codigo": "15420",
      "action": "skipped",
      "reason": "missing_price_usd"
    },
    {
      "codigo": "15153",
      "action": "skipped",
      "reason": "missing_price_usd"
    },
    {
      "codigo": "14927",
      "action": "skipped",
      "reason": "missing_price_usd"
    },
    {
      "codigo": "1460",
      "action": "skipped",
      "reason": "missing_price_usd"
    },
    {
      "codigo": "1445",
      "action": "skipped",
      "reason": "missing_price_usd"
    },
    {
      "codigo": "14421",
      "action": "skipped",
      "reason": "missing_price_usd"
    },
    {
      "codigo": "1416",
      "action": "skipped",
      "reason": "missing_price_usd"
    },
    {
      "codigo": "14033",
      "action": "skipped",
      "reason": "missing_price_usd"
    },
    {
      "codigo": "1401",
      "action": "skipped",
      "reason": "missing_price_usd"
    },
    {
      "codigo": "13896",
      "action": "skipped",
      "reason": "missing_price_usd"
    },
    {
      "codigo": "1377",
      "action": "skipped",
      "reason": "missing_price_usd"
    },
    {
      "codigo": "1376",
      "action": "skipped",
      "reason": "missing_price_usd"
    },
    {
      "codigo": "1375",
      "action": "skipped",
      "reason": "missing_price_usd"
    },
    {
      "codigo": "1364",
      "action": "skipped",
      "reason": "missing_price_usd"
    },
    {
      "codigo": "13539",
      "action": "skipped",
      "reason": "missing_price_usd"
    },
    {
      "codigo": "13503",
      "action": "skipped",
      "reason": "missing_price_usd"
    },
    {
      "codigo": "13359",
      "action": "skipped",
      "reason": "missing_price_usd"
    },
    {
      "codigo": "13358",
      "action": "skipped",
      "reason": "missing_price_usd"
    },
    {
      "codigo": "13354",
      "action": "skipped",
      "reason": "missing_price_usd"
    },
    {
      "codigo": "13353",
      "action": "skipped",
      "reason": "missing_price_usd"
    },
    {
      "codigo": "13352",
      "action": "skipped",
      "reason": "missing_price_usd"
    },
    {
      "codigo": "13351",
      "action": "skipped",
      "reason": "missing_price_usd"
    },
    {
      "codigo": "13231",
      "action": "skipped",
      "reason": "missing_price_usd"
    },
    {
      "codigo": "13056",
      "action": "skipped",
      "reason": "missing_price_usd"
    },
    {
      "codigo": "13033",
      "action": "skipped",
      "reason": "missing_price_usd"
    },
    {
      "codigo": "13026",
      "action": "skipped",
      "reason": "missing_price_usd"
    },
    {
      "codigo": "13025",
      "action": "skipped",
      "reason": "missing_price_usd"
    },
    {
      "codigo": "1298",
      "action": "skipped",
      "reason": "missing_price_usd"
    },
    {
      "codigo": "12402",
      "action": "skipped",
      "reason": "missing_price_usd"
    },
    {
      "codigo": "12382",
      "action": "skipped",
      "reason": "missing_price_usd"
    },
    {
      "codigo": "12279",
      "action": "skipped",
      "reason": "missing_price_usd"
    },
    {
      "codigo": "11615",
      "action": "skipped",
      "reason": "missing_price_usd"
    },
    {
      "codigo": "11614",
      "action": "skipped",
      "reason": "missing_price_usd"
    },
    {
      "codigo": "11215",
      "action": "skipped",
      "reason": "missing_price_usd"
    },
    {
      "codigo": "11214",
      "action": "skipped",
      "reason": "missing_price_usd"
    },
    {
      "codigo": "11102",
      "action": "skipped",
      "reason": "missing_price_usd"
    },
    {
      "codigo": "11005",
      "action": "skipped",
      "reason": "missing_price_usd"
    },
    {
      "codigo": "10969",
      "action": "skipped",
      "reason": "missing_price_usd"
    },
    {
      "codigo": "10798",
      "action": "skipped",
      "reason": "missing_price_usd"
    },
    {
      "codigo": "10742",
      "action": "skipped",
      "reason": "missing_price_usd"
    },
    {
      "codigo": "10361",
      "action": "skipped",
      "reason": "missing_price_usd"
    },
    {
      "codigo": "10290",
      "action": "skipped",
      "reason": "missing_price_usd"
    },
    {
      "codigo": "57706",
      "action": "skipped",
      "reason": "missing_price_usd"
    },
    {
      "codigo": "49312",
      "action": "skipped",
      "reason": "missing_price_usd"
    },
    {
      "codigo": "52539",
      "action": "skipped",
      "reason": "missing_price_usd"
    },
    {
      "codigo": "57485",
      "action": "skipped",
      "reason": "missing_price_usd"
    },
    {
      "codigo": "48399",
      "action": "skipped",
      "reason": "missing_price_usd"
    },
    {
      "codigo": "56530",
      "action": "skipped",
      "reason": "missing_price_usd"
    },
    {
      "codigo": "54240",
      "action": "skipped",
      "reason": "missing_price_usd"
    },
    {
      "codigo": "56250",
      "action": "skipped",
      "reason": "missing_price_usd"
    },
    {
      "codigo": "57489",
      "action": "skipped",
      "reason": "missing_price_usd"
    },
    {
      "codigo": "57487",
      "action": "skipped",
      "reason": "missing_price_usd"
    },
    {
      "codigo": "57459",
      "action": "skipped",
      "reason": "missing_price_usd"
    },
    {
      "codigo": "57457",
      "action": "skipped",
      "reason": "missing_price_usd"
    },
    {
      "codigo": "57460",
      "action": "skipped",
      "reason": "missing_price_usd"
    },
    {
      "codigo": "54038",
      "action": "skipped",
      "reason": "missing_price_usd"
    },
    {
      "codigo": "53916",
      "action": "skipped",
      "reason": "missing_price_usd"
    },
    {
      "codigo": "57286",
      "action": "skipped",
      "reason": "missing_price_usd"
    },
    {
      "codigo": "57006",
      "action": "skipped",
      "reason": "missing_price_usd"
    },
    {
      "codigo": "56669",
      "action": "skipped",
      "reason": "missing_price_usd"
    },
    {
      "codigo": "56658",
      "action": "skipped",
      "reason": "missing_price_usd"
    },
    {
      "codigo": "56080",
      "action": "skipped",
      "reason": "missing_price_usd"
    },
    {
      "codigo": "56031",
      "action": "skipped",
      "reason": "missing_price_usd"
    },
    {
      "codigo": "56028",
      "action": "skipped",
      "reason": "missing_price_usd"
    },
    {
      "codigo": "55915",
      "action": "skipped",
      "reason": "missing_price_usd"
    },
    {
      "codigo": "55628",
      "action": "skipped",
      "reason": "missing_price_usd"
    },
    {
      "codigo": "55526",
      "action": "skipped",
      "reason": "missing_price_usd"
    },
    {
      "codigo": "55419",
      "action": "skipped",
      "reason": "missing_price_usd"
    },
    {
      "codigo": "55417",
      "action": "skipped",
      "reason": "missing_price_usd"
    },
    {
      "codigo": "54747",
      "action": "skipped",
      "reason": "missing_price_usd"
    },
    {
      "codigo": "54705",
      "action": "skipped",
      "reason": "missing_price_usd"
    },
    {
      "codigo": "54462",
      "action": "skipped",
      "reason": "missing_price_usd"
    },
    {
      "codigo": "54387",
      "action": "skipped",
      "reason": "missing_price_usd"
    },
    {
      "codigo": "52898",
      "action": "skipped",
      "reason": "missing_price_usd"
    },
    {
      "codigo": "54010",
      "action": "skipped",
      "reason": "missing_price_usd"
    },
    {
      "codigo": "54004",
      "action": "skipped",
      "reason": "missing_price_usd"
    },
    {
      "codigo": "53485",
      "action": "skipped",
      "reason": "missing_price_usd"
    },
    {
      "codigo": "53482",
      "action": "skipped",
      "reason": "missing_price_usd"
    },
    {
      "codigo": "53479",
      "action": "skipped",
      "reason": "missing_price_usd"
    },
    {
      "codigo": "53478",
      "action": "skipped",
      "reason": "missing_price_usd"
    },
    {
      "codigo": "53477",
      "action": "skipped",
      "reason": "missing_price_usd"
    },
    {
      "codigo": "53476",
      "action": "skipped",
      "reason": "missing_price_usd"
    },
    {
      "codigo": "53473",
      "action": "skipped",
      "reason": "missing_price_usd"
    },
    {
      "codigo": "53472",
      "action": "skipped",
      "reason": "missing_price_usd"
    },
    {
      "codigo": "53471",
      "action": "skipped",
      "reason": "missing_price_usd"
    },
    {
      "codigo": "53464",
      "action": "skipped",
      "reason": "missing_price_usd"
    },
    {
      "codigo": "53401",
      "action": "skipped",
      "reason": "missing_price_usd"
    },
    {
      "codigo": "51934",
      "action": "skipped",
      "reason": "missing_price_usd"
    },
    {
      "codigo": "53288",
      "action": "skipped",
      "reason": "missing_price_usd"
    },
    {
      "codigo": "53261",
      "action": "skipped",
      "reason": "missing_price_usd"
    },
    {
      "codigo": "53260",
      "action": "skipped",
      "reason": "missing_price_usd"
    },
    {
      "codigo": "53259",
      "action": "skipped",
      "reason": "missing_price_usd"
    },
    {
      "codigo": "53258",
      "action": "skipped",
      "reason": "missing_price_usd"
    },
    {
      "codigo": "53003",
      "action": "skipped",
      "reason": "missing_price_usd"
    },
    {
      "codigo": "52915",
      "action": "skipped",
      "reason": "missing_price_usd"
    },
    {
      "codigo": "52537",
      "action": "skipped",
      "reason": "missing_price_usd"
    },
    {
      "codigo": "52535",
      "action": "skipped",
      "reason": "missing_price_usd"
    },
    {
      "codigo": "52534",
      "action": "skipped",
      "reason": "missing_price_usd"
    },
    {
      "codigo": "52533",
      "action": "skipped",
      "reason": "missing_price_usd"
    },
    {
      "codigo": "52532",
      "action": "skipped",
      "reason": "missing_price_usd"
    },
    {
      "codigo": "52531",
      "action": "skipped",
      "reason": "missing_price_usd"
    },
    {
      "codigo": "52527",
      "action": "skipped",
      "reason": "missing_price_usd"
    },
    {
      "codigo": "52469",
      "action": "skipped",
      "reason": "missing_price_usd"
    },
    {
      "codigo": "52063",
      "action": "skipped",
      "reason": "missing_price_usd"
    },
    {
      "codigo": "52001",
      "action": "skipped",
      "reason": "missing_price_usd"
    },
    {
      "codigo": "51855",
      "action": "skipped",
      "reason": "missing_price_usd"
    },
    {
      "codigo": "51854",
      "action": "skipped",
      "reason": "missing_price_usd"
    },
    {
      "codigo": "51730",
      "action": "skipped",
      "reason": "missing_price_usd"
    },
    {
      "codigo": "51682",
      "action": "skipped",
      "reason": "missing_price_usd"
    },
    {
      "codigo": "51645",
      "action": "skipped",
      "reason": "missing_price_usd"
    },
    {
      "codigo": "51249",
      "action": "skipped",
      "reason": "missing_price_usd"
    },
    {
      "codigo": "49795",
      "action": "skipped",
      "reason": "missing_price_usd"
    },
    {
      "codigo": "50553",
      "action": "skipped",
      "reason": "missing_price_usd"
    },
    {
      "codigo": "50522",
      "action": "skipped",
      "reason": "missing_price_usd"
    },
    {
      "codigo": "50513",
      "action": "skipped",
      "reason": "missing_price_usd"
    },
    {
      "codigo": "50388",
      "action": "skipped",
      "reason": "missing_price_usd"
    },
    {
      "codigo": "49796",
      "action": "skipped",
      "reason": "missing_price_usd"
    },
    {
      "codigo": "49908",
      "action": "skipped",
      "reason": "missing_price_usd"
    },
    {
      "codigo": "49907",
      "action": "skipped",
      "reason": "missing_price_usd"
    },
    {
      "codigo": "49313",
      "action": "skipped",
      "reason": "missing_price_usd"
    },
    {
      "codigo": "48529",
      "action": "skipped",
      "reason": "missing_price_usd"
    },
    {
      "codigo": "47959",
      "action": "skipped",
      "reason": "missing_price_usd"
    },
    {
      "codigo": "47743",
      "action": "skipped",
      "reason": "missing_price_usd"
    },
    {
      "codigo": "47656",
      "action": "skipped",
      "reason": "missing_price_usd"
    },
    {
      "codigo": "47655",
      "action": "skipped",
      "reason": "missing_price_usd"
    },
    {
      "codigo": "47458",
      "action": "skipped",
      "reason": "missing_price_usd"
    },
    {
      "codigo": "47310",
      "action": "skipped",
      "reason": "missing_price_usd"
    },
    {
      "codigo": "47309",
      "action": "skipped",
      "reason": "missing_price_usd"
    },
    {
      "codigo": "47136",
      "action": "skipped",
      "reason": "missing_price_usd"
    },
    {
      "codigo": "47132",
      "action": "skipped",
      "reason": "missing_price_usd"
    },
    {
      "codigo": "45867",
      "action": "skipped",
      "reason": "missing_price_usd"
    },
    {
      "codigo": "45128",
      "action": "skipped",
      "reason": "missing_price_usd"
    },
    {
      "codigo": "44802",
      "action": "skipped",
      "reason": "missing_price_usd"
    },
    {
      "codigo": "44448",
      "action": "skipped",
      "reason": "missing_price_usd"
    },
    {
      "codigo": "44189",
      "action": "skipped",
      "reason": "missing_price_usd"
    },
    {
      "codigo": "43765",
      "action": "skipped",
      "reason": "missing_price_usd"
    },
    {
      "codigo": "43733",
      "action": "skipped",
      "reason": "missing_price_usd"
    },
    {
      "codigo": "43731",
      "action": "skipped",
      "reason": "missing_price_usd"
    },
    {
      "codigo": "43729",
      "action": "skipped",
      "reason": "missing_price_usd"
    },
    {
      "codigo": "43727",
      "action": "skipped",
      "reason": "missing_price_usd"
    },
    {
      "codigo": "43726",
      "action": "skipped",
      "reason": "missing_price_usd"
    },
    {
      "codigo": "43724",
      "action": "skipped",
      "reason": "missing_price_usd"
    },
    {
      "codigo": "43662",
      "action": "skipped",
      "reason": "missing_price_usd"
    },
    {
      "codigo": "43631",
      "action": "skipped",
      "reason": "missing_price_usd"
    },
    {
      "codigo": "41975",
      "action": "skipped",
      "reason": "missing_price_usd"
    },
    {
      "codigo": "43241",
      "action": "skipped",
      "reason": "missing_price_usd"
    },
    {
      "codigo": "42929",
      "action": "skipped",
      "reason": "missing_price_usd"
    },
    {
      "codigo": "42704",
      "action": "skipped",
      "reason": "missing_price_usd"
    },
    {
      "codigo": "42677",
      "action": "skipped",
      "reason": "missing_price_usd"
    },
    {
      "codigo": "42583",
      "action": "skipped",
      "reason": "missing_price_usd"
    },
    {
      "codigo": "13487",
      "action": "skipped",
      "reason": "missing_price_usd"
    },
    {
      "codigo": "42390",
      "action": "skipped",
      "reason": "missing_price_usd"
    },
    {
      "codigo": "42389",
      "action": "skipped",
      "reason": "missing_price_usd"
    },
    {
      "codigo": "42388",
      "action": "skipped",
      "reason": "missing_price_usd"
    },
    {
      "codigo": "42387",
      "action": "skipped",
      "reason": "missing_price_usd"
    },
    {
      "codigo": "42386",
      "action": "skipped",
      "reason": "missing_price_usd"
    },
    {
      "codigo": "42261",
      "action": "skipped",
      "reason": "missing_price_usd"
    },
    {
      "codigo": "40657",
      "action": "skipped",
      "reason": "missing_price_usd"
    },
    {
      "codigo": "41184",
      "action": "skipped",
      "reason": "missing_price_usd"
    },
    {
      "codigo": "41098",
      "action": "skipped",
      "reason": "missing_price_usd"
    },
    {
      "codigo": "40954",
      "action": "skipped",
      "reason": "missing_price_usd"
    },
    {
      "codigo": "40763",
      "action": "skipped",
      "reason": "missing_price_usd"
    },
    {
      "codigo": "40705",
      "action": "skipped",
      "reason": "missing_price_usd"
    },
    {
      "codigo": "40515",
      "action": "skipped",
      "reason": "missing_price_usd"
    },
    {
      "codigo": "40322",
      "action": "skipped",
      "reason": "missing_price_usd"
    },
    {
      "codigo": "40234",
      "action": "skipped",
      "reason": "missing_price_usd"
    },
    {
      "codigo": "40233",
      "action": "skipped",
      "reason": "missing_price_usd"
    },
    {
      "codigo": "40232",
      "action": "skipped",
      "reason": "missing_price_usd"
    },
    {
      "codigo": "40231",
      "action": "skipped",
      "reason": "missing_price_usd"
    },
    {
      "codigo": "40130",
      "action": "skipped",
      "reason": "missing_price_usd"
    },
    {
      "codigo": "40127",
      "action": "skipped",
      "reason": "missing_price_usd"
    },
    {
      "codigo": "40055",
      "action": "skipped",
      "reason": "missing_price_usd"
    },
    {
      "codigo": "39785",
      "action": "skipped",
      "reason": "missing_price_usd"
    },
    {
      "codigo": "39784",
      "action": "skipped",
      "reason": "missing_price_usd"
    },
    {
      "codigo": "39776",
      "action": "skipped",
      "reason": "missing_price_usd"
    },
    {
      "codigo": "39755",
      "action": "skipped",
      "reason": "missing_price_usd"
    },
    {
      "codigo": "39503",
      "action": "skipped",
      "reason": "missing_price_usd"
    },
    {
      "codigo": "39318",
      "action": "skipped",
      "reason": "missing_price_usd"
    },
    {
      "codigo": "39262",
      "action": "skipped",
      "reason": "missing_price_usd"
    },
    {
      "codigo": "39117",
      "action": "skipped",
      "reason": "missing_price_usd"
    },
    {
      "codigo": "38949",
      "action": "skipped",
      "reason": "missing_price_usd"
    },
    {
      "codigo": "38709",
      "action": "skipped",
      "reason": "missing_price_usd"
    },
    {
      "codigo": "38330",
      "action": "skipped",
      "reason": "missing_price_usd"
    },
    {
      "codigo": "36530",
      "action": "skipped",
      "reason": "missing_price_usd"
    },
    {
      "codigo": "37215",
      "action": "skipped",
      "reason": "missing_price_usd"
    },
    {
      "codigo": "37044",
      "action": "skipped",
      "reason": "missing_price_usd"
    },
    {
      "codigo": "36359",
      "action": "skipped",
      "reason": "missing_price_usd"
    },
    {
      "codigo": "36268",
      "action": "skipped",
      "reason": "missing_price_usd"
    },
    {
      "codigo": "36134",
      "action": "skipped",
      "reason": "missing_price_usd"
    },
    {
      "codigo": "36132",
      "action": "skipped",
      "reason": "missing_price_usd"
    },
    {
      "codigo": "36098",
      "action": "skipped",
      "reason": "missing_price_usd"
    },
    {
      "codigo": "34834",
      "action": "skipped",
      "reason": "missing_price_usd"
    },
    {
      "codigo": "15286",
      "action": "skipped",
      "reason": "missing_price_usd"
    },
    {
      "codigo": "19552",
      "action": "skipped",
      "reason": "missing_price_usd"
    },
    {
      "codigo": "35591",
      "action": "skipped",
      "reason": "missing_price_usd"
    },
    {
      "codigo": "35511",
      "action": "skipped",
      "reason": "missing_price_usd"
    },
    {
      "codigo": "35436",
      "action": "skipped",
      "reason": "missing_price_usd"
    },
    {
      "codigo": "35216",
      "action": "skipped",
      "reason": "missing_price_usd"
    },
    {
      "codigo": "35145",
      "action": "skipped",
      "reason": "missing_price_usd"
    },
    {
      "codigo": "35095",
      "action": "skipped",
      "reason": "missing_price_usd"
    },
    {
      "codigo": "35069",
      "action": "skipped",
      "reason": "missing_price_usd"
    },
    {
      "codigo": "9904",
      "action": "skipped",
      "reason": "missing_price_usd"
    },
    {
      "codigo": "9278",
      "action": "skipped",
      "reason": "missing_price_usd"
    },
    {
      "codigo": "8851",
      "action": "skipped",
      "reason": "missing_price_usd"
    },
    {
      "codigo": "8819",
      "action": "skipped",
      "reason": "missing_price_usd"
    },
    {
      "codigo": "8803",
      "action": "skipped",
      "reason": "missing_price_usd"
    },
    {
      "codigo": "8434",
      "action": "skipped",
      "reason": "missing_price_usd"
    },
    {
      "codigo": "8241",
      "action": "skipped",
      "reason": "missing_price_usd"
    },
    {
      "codigo": "8221",
      "action": "skipped",
      "reason": "missing_price_usd"
    },
    {
      "codigo": "812",
      "action": "skipped",
      "reason": "missing_price_usd"
    },
    {
      "codigo": "7887",
      "action": "skipped",
      "reason": "missing_price_usd"
    },
    {
      "codigo": "7088",
      "action": "skipped",
      "reason": "missing_price_usd"
    },
    {
      "codigo": "6240",
      "action": "skipped",
      "reason": "missing_price_usd"
    },
    {
      "codigo": "5187",
      "action": "skipped",
      "reason": "missing_price_usd"
    },
    {
      "codigo": "4510",
      "action": "skipped",
      "reason": "missing_price_usd"
    },
    {
      "codigo": "4088",
      "action": "skipped",
      "reason": "missing_price_usd"
    },
    {
      "codigo": "3861",
      "action": "skipped",
      "reason": "missing_price_usd"
    },
    {
      "codigo": "3676",
      "action": "skipped",
      "reason": "missing_price_usd"
    },
    {
      "codigo": "3491",
      "action": "skipped",
      "reason": "missing_price_usd"
    },
    {
      "codigo": "34696",
      "action": "skipped",
      "reason": "missing_price_usd"
    },
    {
      "codigo": "34112",
      "action": "skipped",
      "reason": "missing_price_usd"
    },
    {
      "codigo": "34111",
      "action": "skipped",
      "reason": "missing_price_usd"
    },
    {
      "codigo": "34110",
      "action": "skipped",
      "reason": "missing_price_usd"
    },
    {
      "codigo": "33763",
      "action": "skipped",
      "reason": "missing_price_usd"
    },
    {
      "codigo": "33357",
      "action": "skipped",
      "reason": "missing_price_usd"
    },
    {
      "codigo": "32932",
      "action": "skipped",
      "reason": "missing_price_usd"
    },
    {
      "codigo": "32506",
      "action": "skipped",
      "reason": "missing_price_usd"
    },
    {
      "codigo": "32299",
      "action": "skipped",
      "reason": "missing_price_usd"
    },
    {
      "codigo": "32275",
      "action": "skipped",
      "reason": "missing_price_usd"
    },
    {
      "codigo": "31974",
      "action": "skipped",
      "reason": "missing_price_usd"
    },
    {
      "codigo": "3168",
      "action": "skipped",
      "reason": "missing_price_usd"
    },
    {
      "codigo": "30590",
      "action": "skipped",
      "reason": "missing_price_usd"
    },
    {
      "codigo": "30428",
      "action": "skipped",
      "reason": "missing_price_usd"
    },
    {
      "codigo": "29385",
      "action": "skipped",
      "reason": "missing_price_usd"
    },
    {
      "codigo": "29197",
      "action": "skipped",
      "reason": "missing_price_usd"
    },
    {
      "codigo": "29196",
      "action": "skipped",
      "reason": "missing_price_usd"
    },
    {
      "codigo": "29101",
      "action": "skipped",
      "reason": "missing_price_usd"
    },
    {
      "codigo": "28942",
      "action": "skipped",
      "reason": "missing_price_usd"
    },
    {
      "codigo": "28643",
      "action": "skipped",
      "reason": "missing_price_usd"
    },
    {
      "codigo": "28500",
      "action": "skipped",
      "reason": "missing_price_usd"
    },
    {
      "codigo": "27892",
      "action": "skipped",
      "reason": "missing_price_usd"
    },
    {
      "codigo": "27779",
      "action": "skipped",
      "reason": "missing_price_usd"
    },
    {
      "codigo": "27700",
      "action": "skipped",
      "reason": "missing_price_usd"
    },
    {
      "codigo": "27580",
      "action": "skipped",
      "reason": "missing_price_usd"
    },
    {
      "codigo": "27346",
      "action": "skipped",
      "reason": "missing_price_usd"
    },
    {
      "codigo": "27313",
      "action": "skipped",
      "reason": "missing_price_usd"
    },
    {
      "codigo": "27189",
      "action": "skipped",
      "reason": "missing_price_usd"
    },
    {
      "codigo": "26955",
      "action": "skipped",
      "reason": "missing_price_usd"
    },
    {
      "codigo": "26754",
      "action": "skipped",
      "reason": "missing_price_usd"
    },
    {
      "codigo": "26269",
      "action": "skipped",
      "reason": "missing_price_usd"
    },
    {
      "codigo": "26265",
      "action": "skipped",
      "reason": "missing_price_usd"
    },
    {
      "codigo": "26264",
      "action": "skipped",
      "reason": "missing_price_usd"
    },
    {
      "codigo": "25829",
      "action": "skipped",
      "reason": "missing_price_usd"
    },
    {
      "codigo": "2580",
      "action": "skipped",
      "reason": "missing_price_usd"
    },
    {
      "codigo": "25767",
      "action": "skipped",
      "reason": "missing_price_usd"
    },
    {
      "codigo": "25766",
      "action": "skipped",
      "reason": "missing_price_usd"
    },
    {
      "codigo": "25322",
      "action": "skipped",
      "reason": "missing_price_usd"
    },
    {
      "codigo": "25298",
      "action": "skipped",
      "reason": "missing_price_usd"
    },
    {
      "codigo": "25273",
      "action": "skipped",
      "reason": "missing_price_usd"
    },
    {
      "codigo": "25190",
      "action": "skipped",
      "reason": "missing_price_usd"
    },
    {
      "codigo": "25075",
      "action": "skipped",
      "reason": "missing_price_usd"
    },
    {
      "codigo": "25074",
      "action": "skipped",
      "reason": "missing_price_usd"
    },
    {
      "codigo": "24833",
      "action": "skipped",
      "reason": "missing_price_usd"
    },
    {
      "codigo": "24701",
      "action": "skipped",
      "reason": "missing_price_usd"
    },
    {
      "codigo": "24571",
      "action": "skipped",
      "reason": "missing_price_usd"
    },
    {
      "codigo": "24470",
      "action": "skipped",
      "reason": "missing_price_usd"
    },
    {
      "codigo": "24118",
      "action": "skipped",
      "reason": "missing_price_usd"
    },
    {
      "codigo": "23667",
      "action": "skipped",
      "reason": "missing_price_usd"
    },
    {
      "codigo": "23627",
      "action": "skipped",
      "reason": "missing_price_usd"
    },
    {
      "codigo": "23604",
      "action": "skipped",
      "reason": "missing_price_usd"
    },
    {
      "codigo": "23603",
      "action": "skipped",
      "reason": "missing_price_usd"
    },
    {
      "codigo": "23602",
      "action": "skipped",
      "reason": "missing_price_usd"
    },
    {
      "codigo": "23601",
      "action": "skipped",
      "reason": "missing_price_usd"
    },
    {
      "codigo": "23600",
      "action": "skipped",
      "reason": "missing_price_usd"
    },
    {
      "codigo": "23599",
      "action": "skipped",
      "reason": "missing_price_usd"
    },
    {
      "codigo": "23508",
      "action": "skipped",
      "reason": "missing_price_usd"
    },
    {
      "codigo": "23295",
      "action": "skipped",
      "reason": "missing_price_usd"
    },
    {
      "codigo": "23274",
      "action": "skipped",
      "reason": "missing_price_usd"
    },
    {
      "codigo": "23233",
      "action": "skipped",
      "reason": "missing_price_usd"
    },
    {
      "codigo": "23143",
      "action": "skipped",
      "reason": "missing_price_usd"
    },
    {
      "codigo": "23100",
      "action": "skipped",
      "reason": "missing_price_usd"
    },
    {
      "codigo": "22809",
      "action": "skipped",
      "reason": "missing_price_usd"
    },
    {
      "codigo": "22651",
      "action": "skipped",
      "reason": "missing_price_usd"
    },
    {
      "codigo": "22648",
      "action": "skipped",
      "reason": "missing_price_usd"
    },
    {
      "codigo": "22633",
      "action": "skipped",
      "reason": "missing_price_usd"
    },
    {
      "codigo": "22534",
      "action": "skipped",
      "reason": "missing_price_usd"
    },
    {
      "codigo": "21441",
      "action": "skipped",
      "reason": "missing_price_usd"
    },
    {
      "codigo": "2134",
      "action": "skipped",
      "reason": "missing_price_usd"
    },
    {
      "codigo": "21060",
      "action": "skipped",
      "reason": "missing_price_usd"
    },
    {
      "codigo": "20977",
      "action": "skipped",
      "reason": "missing_price_usd"
    },
    {
      "codigo": "20834",
      "action": "skipped",
      "reason": "missing_price_usd"
    },
    {
      "codigo": "20832",
      "action": "skipped",
      "reason": "missing_price_usd"
    },
    {
      "codigo": "20749",
      "action": "skipped",
      "reason": "missing_price_usd"
    },
    {
      "codigo": "20632",
      "action": "skipped",
      "reason": "missing_price_usd"
    },
    {
      "codigo": "2040",
      "action": "skipped",
      "reason": "missing_price_usd"
    },
    {
      "codigo": "20271",
      "action": "skipped",
      "reason": "missing_price_usd"
    },
    {
      "codigo": "2021",
      "action": "skipped",
      "reason": "missing_price_usd"
    },
    {
      "codigo": "1981",
      "action": "skipped",
      "reason": "missing_price_usd"
    },
    {
      "codigo": "19743",
      "action": "skipped",
      "reason": "missing_price_usd"
    },
    {
      "codigo": "19741",
      "action": "skipped",
      "reason": "missing_price_usd"
    },
    {
      "codigo": "19701",
      "action": "skipped",
      "reason": "missing_price_usd"
    },
    {
      "codigo": "19694",
      "action": "skipped",
      "reason": "missing_price_usd"
    },
    {
      "codigo": "19556",
      "action": "skipped",
      "reason": "missing_price_usd"
    },
    {
      "codigo": "19555",
      "action": "skipped",
      "reason": "missing_price_usd"
    },
    {
      "codigo": "19554",
      "action": "skipped",
      "reason": "missing_price_usd"
    },
    {
      "codigo": "19553",
      "action": "skipped",
      "reason": "missing_price_usd"
    },
    {
      "codigo": "19089",
      "action": "skipped",
      "reason": "missing_price_usd"
    },
    {
      "codigo": "19088",
      "action": "skipped",
      "reason": "missing_price_usd"
    },
    {
      "codigo": "19087",
      "action": "skipped",
      "reason": "missing_price_usd"
    },
    {
      "codigo": "18814",
      "action": "skipped",
      "reason": "missing_price_usd"
    },
    {
      "codigo": "18168",
      "action": "skipped",
      "reason": "missing_price_usd"
    },
    {
      "codigo": "18119",
      "action": "skipped",
      "reason": "missing_price_usd"
    },
    {
      "codigo": "1809",
      "action": "skipped",
      "reason": "missing_price_usd"
    },
    {
      "codigo": "17732",
      "action": "skipped",
      "reason": "missing_price_usd"
    },
    {
      "codigo": "17594",
      "action": "skipped",
      "reason": "missing_price_usd"
    },
    {
      "codigo": "1731",
      "action": "skipped",
      "reason": "missing_price_usd"
    },
    {
      "codigo": "1681",
      "action": "skipped",
      "reason": "missing_price_usd"
    },
    {
      "codigo": "1660",
      "action": "skipped",
      "reason": "missing_price_usd"
    },
    {
      "codigo": "16225",
      "action": "skipped",
      "reason": "missing_price_usd"
    },
    {
      "codigo": "15946",
      "action": "skipped",
      "reason": "missing_price_usd"
    },
    {
      "codigo": "1593",
      "action": "skipped",
      "reason": "missing_price_usd"
    },
    {
      "codigo": "15358",
      "action": "skipped",
      "reason": "missing_price_usd"
    },
    {
      "codigo": "14829",
      "action": "skipped",
      "reason": "missing_price_usd"
    },
    {
      "codigo": "13416",
      "action": "skipped",
      "reason": "missing_price_usd"
    },
    {
      "codigo": "13235",
      "action": "skipped",
      "reason": "missing_price_usd"
    },
    {
      "codigo": "11580",
      "action": "skipped",
      "reason": "missing_price_usd"
    },
    {
      "codigo": "11426",
      "action": "skipped",
      "reason": "missing_price_usd"
    },
    {
      "codigo": "11394",
      "action": "skipped",
      "reason": "missing_price_usd"
    },
    {
      "codigo": "10829",
      "action": "skipped",
      "reason": "missing_price_usd"
    },
    {
      "codigo": "10320",
      "action": "skipped",
      "reason": "missing_price_usd"
    },
    {
      "codigo": "57777",
      "action": "skipped",
      "reason": "missing_price_usd"
    },
    {
      "codigo": "57465",
      "action": "skipped",
      "reason": "missing_price_usd"
    },
    {
      "codigo": "55910",
      "action": "skipped",
      "reason": "missing_price_usd"
    },
    {
      "codigo": "57189",
      "action": "skipped",
      "reason": "missing_price_usd"
    },
    {
      "codigo": "57017",
      "action": "skipped",
      "reason": "missing_price_usd"
    },
    {
      "codigo": "58134",
      "action": "skipped",
      "reason": "missing_price_usd"
    },
    {
      "codigo": "58136",
      "action": "skipped",
      "reason": "missing_price_usd"
    },
    {
      "codigo": "58135",
      "action": "skipped",
      "reason": "missing_price_usd"
    },
    {
      "codigo": "58125",
      "action": "skipped",
      "reason": "missing_price_usd"
    },
    {
      "codigo": "58133",
      "action": "skipped",
      "reason": "missing_price_usd"
    },
    {
      "codigo": "56152",
      "action": "skipped",
      "reason": "missing_price_usd"
    },
    {
      "codigo": "58131",
      "action": "skipped",
      "reason": "missing_price_usd"
    },
    {
      "codigo": "58130",
      "action": "skipped",
      "reason": "missing_price_usd"
    },
    {
      "codigo": "57230",
      "action": "skipped",
      "reason": "missing_price_usd"
    },
    {
      "codigo": "57229",
      "action": "skipped",
      "reason": "missing_price_usd"
    },
    {
      "codigo": "55918",
      "action": "skipped",
      "reason": "missing_price_usd"
    },
    {
      "codigo": "53999",
      "action": "skipped",
      "reason": "missing_price_usd"
    },
    {
      "codigo": "53885",
      "action": "skipped",
      "reason": "missing_price_usd"
    },
    {
      "codigo": "53998",
      "action": "skipped",
      "reason": "missing_price_usd"
    },
    {
      "codigo": "53708",
      "action": "skipped",
      "reason": "missing_price_usd"
    },
    {
      "codigo": "55786",
      "action": "skipped",
      "reason": "missing_price_usd"
    },
    {
      "codigo": "53707",
      "action": "skipped",
      "reason": "missing_price_usd"
    },
    {
      "codigo": "53710",
      "action": "skipped",
      "reason": "missing_price_usd"
    },
    {
      "codigo": "57514",
      "action": "skipped",
      "reason": "missing_price_usd"
    },
    {
      "codigo": "57513",
      "action": "skipped",
      "reason": "missing_price_usd"
    },
    {
      "codigo": "55687",
      "action": "skipped",
      "reason": "missing_price_usd"
    },
    {
      "codigo": "55554",
      "action": "skipped",
      "reason": "missing_price_usd"
    },
    {
      "codigo": "55553",
      "action": "skipped",
      "reason": "missing_price_usd"
    },
    {
      "codigo": "53684",
      "action": "skipped",
      "reason": "missing_price_usd"
    },
    {
      "codigo": "55914",
      "action": "skipped",
      "reason": "missing_price_usd"
    },
    {
      "codigo": "55917",
      "action": "skipped",
      "reason": "missing_price_usd"
    },
    {
      "codigo": "56513",
      "action": "skipped",
      "reason": "missing_price_usd"
    },
    {
      "codigo": "57561",
      "action": "skipped",
      "reason": "missing_price_usd"
    },
    {
      "codigo": "56520",
      "action": "skipped",
      "reason": "missing_price_usd"
    },
    {
      "codigo": "53685",
      "action": "skipped",
      "reason": "missing_price_usd"
    },
    {
      "codigo": "52583",
      "action": "skipped",
      "reason": "missing_price_usd"
    },
    {
      "codigo": "51524",
      "action": "skipped",
      "reason": "missing_price_usd"
    },
    {
      "codigo": "52317",
      "action": "skipped",
      "reason": "missing_price_usd"
    },
    {
      "codigo": "56512",
      "action": "skipped",
      "reason": "missing_price_usd"
    },
    {
      "codigo": "58095",
      "action": "skipped",
      "reason": "missing_price_usd"
    },
    {
      "codigo": "58096",
      "action": "skipped",
      "reason": "missing_price_usd"
    },
    {
      "codigo": "58097",
      "action": "skipped",
      "reason": "missing_price_usd"
    },
    {
      "codigo": "58098",
      "action": "skipped",
      "reason": "missing_price_usd"
    },
    {
      "codigo": "57001",
      "action": "skipped",
      "reason": "missing_price_usd"
    },
    {
      "codigo": "58099",
      "action": "skipped",
      "reason": "missing_price_usd"
    },
    {
      "codigo": "58112",
      "action": "skipped",
      "reason": "missing_price_usd"
    },
    {
      "codigo": "52371",
      "action": "skipped",
      "reason": "missing_price_usd"
    },
    {
      "codigo": "58111",
      "action": "skipped",
      "reason": "missing_price_usd"
    },
    {
      "codigo": "51521",
      "action": "skipped",
      "reason": "missing_price_usd"
    },
    {
      "codigo": "51520",
      "action": "skipped",
      "reason": "missing_price_usd"
    },
    {
      "codigo": "57231",
      "action": "skipped",
      "reason": "missing_price_usd"
    },
    {
      "codigo": "58084",
      "action": "skipped",
      "reason": "missing_price_usd"
    },
    {
      "codigo": "58088",
      "action": "skipped",
      "reason": "missing_price_usd"
    },
    {
      "codigo": "57364",
      "action": "skipped",
      "reason": "missing_price_usd"
    },
    {
      "codigo": "58086",
      "action": "skipped",
      "reason": "missing_price_usd"
    },
    {
      "codigo": "51442",
      "action": "skipped",
      "reason": "missing_price_usd"
    },
    {
      "codigo": "51226",
      "action": "skipped",
      "reason": "missing_price_usd"
    },
    {
      "codigo": "51213",
      "action": "skipped",
      "reason": "missing_price_usd"
    },
    {
      "codigo": "54611",
      "action": "skipped",
      "reason": "missing_price_usd"
    },
    {
      "codigo": "54610",
      "action": "skipped",
      "reason": "missing_price_usd"
    },
    {
      "codigo": "50684",
      "action": "skipped",
      "reason": "missing_price_usd"
    },
    {
      "codigo": "50683",
      "action": "skipped",
      "reason": "missing_price_usd"
    },
    {
      "codigo": "56371",
      "action": "skipped",
      "reason": "missing_price_usd"
    },
    {
      "codigo": "57630",
      "action": "skipped",
      "reason": "missing_price_usd"
    },
    {
      "codigo": "58039",
      "action": "skipped",
      "reason": "missing_price_usd"
    },
    {
      "codigo": "58013",
      "action": "skipped",
      "reason": "missing_price_usd"
    },
    {
      "codigo": "53703",
      "action": "skipped",
      "reason": "missing_price_usd"
    },
    {
      "codigo": "58049",
      "action": "skipped",
      "reason": "missing_price_usd"
    },
    {
      "codigo": "58052",
      "action": "skipped",
      "reason": "missing_price_usd"
    },
    {
      "codigo": "58051",
      "action": "skipped",
      "reason": "missing_price_usd"
    },
    {
      "codigo": "54496",
      "action": "skipped",
      "reason": "missing_price_usd"
    },
    {
      "codigo": "54021",
      "action": "skipped",
      "reason": "missing_price_usd"
    },
    {
      "codigo": "54020",
      "action": "skipped",
      "reason": "missing_price_usd"
    },
    {
      "codigo": "53671",
      "action": "skipped",
      "reason": "missing_price_usd"
    },
    {
      "codigo": "54022",
      "action": "skipped",
      "reason": "missing_price_usd"
    },
    {
      "codigo": "53423",
      "action": "skipped",
      "reason": "missing_price_usd"
    },
    {
      "codigo": "53422",
      "action": "skipped",
      "reason": "missing_price_usd"
    },
    {
      "codigo": "50898",
      "action": "skipped",
      "reason": "missing_price_usd"
    },
    {
      "codigo": "53425",
      "action": "skipped",
      "reason": "missing_price_usd"
    },
    {
      "codigo": "53424",
      "action": "skipped",
      "reason": "missing_price_usd"
    },
    {
      "codigo": "55913",
      "action": "skipped",
      "reason": "missing_price_usd"
    },
    {
      "codigo": "56165",
      "action": "skipped",
      "reason": "missing_price_usd"
    },
    {
      "codigo": "55912",
      "action": "skipped",
      "reason": "missing_price_usd"
    },
    {
      "codigo": "55911",
      "action": "skipped",
      "reason": "missing_price_usd"
    },
    {
      "codigo": "49646",
      "action": "skipped",
      "reason": "missing_price_usd"
    },
    {
      "codigo": "55934",
      "action": "skipped",
      "reason": "missing_price_usd"
    },
    {
      "codigo": "56180",
      "action": "skipped",
      "reason": "missing_price_usd"
    },
    {
      "codigo": "56801",
      "action": "skipped",
      "reason": "missing_price_usd"
    },
    {
      "codigo": "57510",
      "action": "skipped",
      "reason": "missing_price_usd"
    },
    {
      "codigo": "57509",
      "action": "skipped",
      "reason": "missing_price_usd"
    },
    {
      "codigo": "51796",
      "action": "skipped",
      "reason": "missing_price_usd"
    },
    {
      "codigo": "57466",
      "action": "skipped",
      "reason": "missing_price_usd"
    },
    {
      "codigo": "55907",
      "action": "skipped",
      "reason": "missing_price_usd"
    },
    {
      "codigo": "57232",
      "action": "skipped",
      "reason": "missing_price_usd"
    },
    {
      "codigo": "57234",
      "action": "skipped",
      "reason": "missing_price_usd"
    },
    {
      "codigo": "57963",
      "action": "skipped",
      "reason": "missing_price_usd"
    },
    {
      "codigo": "55933",
      "action": "skipped",
      "reason": "missing_price_usd"
    },
    {
      "codigo": "57233",
      "action": "skipped",
      "reason": "missing_price_usd"
    },
    {
      "codigo": "51541",
      "action": "skipped",
      "reason": "missing_price_usd"
    },
    {
      "codigo": "51721",
      "action": "skipped",
      "reason": "missing_price_usd"
    },
    {
      "codigo": "54110",
      "action": "skipped",
      "reason": "missing_price_usd"
    },
    {
      "codigo": "53794",
      "action": "skipped",
      "reason": "missing_price_usd"
    },
    {
      "codigo": "52126",
      "action": "skipped",
      "reason": "missing_price_usd"
    },
    {
      "codigo": "57185",
      "action": "skipped",
      "reason": "missing_price_usd"
    },
    {
      "codigo": "51622",
      "action": "skipped",
      "reason": "missing_price_usd"
    },
    {
      "codigo": "56557",
      "action": "skipped",
      "reason": "missing_price_usd"
    },
    {
      "codigo": "48250",
      "action": "skipped",
      "reason": "missing_price_usd"
    },
    {
      "codigo": "54638",
      "action": "skipped",
      "reason": "missing_price_usd"
    },
    {
      "codigo": "48081",
      "action": "skipped",
      "reason": "missing_price_usd"
    },
    {
      "codigo": "57305",
      "action": "skipped",
      "reason": "missing_price_usd"
    },
    {
      "codigo": "57306",
      "action": "skipped",
      "reason": "missing_price_usd"
    },
    {
      "codigo": "57973",
      "action": "skipped",
      "reason": "missing_price_usd"
    },
    {
      "codigo": "57972",
      "action": "skipped",
      "reason": "missing_price_usd"
    },
    {
      "codigo": "57950",
      "action": "skipped",
      "reason": "missing_price_usd"
    },
    {
      "codigo": "57747",
      "action": "skipped",
      "reason": "missing_price_usd"
    },
    {
      "codigo": "57745",
      "action": "skipped",
      "reason": "missing_price_usd"
    },
    {
      "codigo": "57347",
      "action": "skipped",
      "reason": "missing_price_usd"
    },
    {
      "codigo": "56951",
      "action": "skipped",
      "reason": "missing_price_usd"
    },
    {
      "codigo": "56162",
      "action": "skipped",
      "reason": "missing_price_usd"
    },
    {
      "codigo": "56159",
      "action": "skipped",
      "reason": "missing_price_usd"
    },
    {
      "codigo": "57698",
      "action": "skipped",
      "reason": "missing_price_usd"
    },
    {
      "codigo": "56206",
      "action": "skipped",
      "reason": "missing_price_usd"
    },
    {
      "codigo": "55921",
      "action": "skipped",
      "reason": "missing_price_usd"
    },
    {
      "codigo": "55343",
      "action": "skipped",
      "reason": "missing_price_usd"
    },
    {
      "codigo": "56158",
      "action": "skipped",
      "reason": "missing_price_usd"
    },
    {
      "codigo": "55919",
      "action": "skipped",
      "reason": "missing_price_usd"
    },
    {
      "codigo": "54299",
      "action": "skipped",
      "reason": "missing_price_usd"
    },
    {
      "codigo": "53880",
      "action": "skipped",
      "reason": "missing_price_usd"
    },
    {
      "codigo": "53761",
      "action": "skipped",
      "reason": "missing_price_usd"
    },
    {
      "codigo": "53899",
      "action": "skipped",
      "reason": "missing_price_usd"
    },
    {
      "codigo": "57746",
      "action": "skipped",
      "reason": "missing_price_usd"
    },
    {
      "codigo": "57744",
      "action": "skipped",
      "reason": "missing_price_usd"
    },
    {
      "codigo": "57743",
      "action": "skipped",
      "reason": "missing_price_usd"
    },
    {
      "codigo": "57741",
      "action": "skipped",
      "reason": "missing_price_usd"
    },
    {
      "codigo": "57740",
      "action": "skipped",
      "reason": "missing_price_usd"
    },
    {
      "codigo": "57739",
      "action": "skipped",
      "reason": "missing_price_usd"
    },
    {
      "codigo": "57358",
      "action": "skipped",
      "reason": "missing_price_usd"
    },
    {
      "codigo": "57317",
      "action": "skipped",
      "reason": "missing_price_usd"
    },
    {
      "codigo": "57315",
      "action": "skipped",
      "reason": "missing_price_usd"
    },
    {
      "codigo": "57304",
      "action": "skipped",
      "reason": "missing_price_usd"
    },
    {
      "codigo": "57269",
      "action": "skipped",
      "reason": "missing_price_usd"
    },
    {
      "codigo": "57243",
      "action": "skipped",
      "reason": "missing_price_usd"
    },
    {
      "codigo": "57242",
      "action": "skipped",
      "reason": "missing_price_usd"
    },
    {
      "codigo": "57241",
      "action": "skipped",
      "reason": "missing_price_usd"
    },
    {
      "codigo": "57240",
      "action": "skipped",
      "reason": "missing_price_usd"
    },
    {
      "codigo": "57238",
      "action": "skipped",
      "reason": "missing_price_usd"
    },
    {
      "codigo": "57237",
      "action": "skipped",
      "reason": "missing_price_usd"
    },
    {
      "codigo": "57235",
      "action": "skipped",
      "reason": "missing_price_usd"
    },
    {
      "codigo": "57051",
      "action": "skipped",
      "reason": "missing_price_usd"
    },
    {
      "codigo": "56824",
      "action": "skipped",
      "reason": "missing_price_usd"
    },
    {
      "codigo": "56800",
      "action": "skipped",
      "reason": "missing_price_usd"
    },
    {
      "codigo": "56586",
      "action": "skipped",
      "reason": "missing_price_usd"
    },
    {
      "codigo": "56585",
      "action": "skipped",
      "reason": "missing_price_usd"
    },
    {
      "codigo": "56484",
      "action": "skipped",
      "reason": "missing_price_usd"
    },
    {
      "codigo": "55909",
      "action": "skipped",
      "reason": "missing_price_usd"
    },
    {
      "codigo": "55906",
      "action": "skipped",
      "reason": "missing_price_usd"
    },
    {
      "codigo": "55904",
      "action": "skipped",
      "reason": "missing_price_usd"
    },
    {
      "codigo": "55902",
      "action": "skipped",
      "reason": "missing_price_usd"
    },
    {
      "codigo": "55871",
      "action": "skipped",
      "reason": "missing_price_usd"
    },
    {
      "codigo": "55805",
      "action": "skipped",
      "reason": "missing_price_usd"
    },
    {
      "codigo": "55804",
      "action": "skipped",
      "reason": "missing_price_usd"
    },
    {
      "codigo": "55803",
      "action": "skipped",
      "reason": "missing_price_usd"
    },
    {
      "codigo": "55795",
      "action": "skipped",
      "reason": "missing_price_usd"
    },
    {
      "codigo": "55794",
      "action": "skipped",
      "reason": "missing_price_usd"
    },
    {
      "codigo": "55793",
      "action": "skipped",
      "reason": "missing_price_usd"
    },
    {
      "codigo": "55769",
      "action": "skipped",
      "reason": "missing_price_usd"
    },
    {
      "codigo": "55766",
      "action": "skipped",
      "reason": "missing_price_usd"
    },
    {
      "codigo": "55765",
      "action": "skipped",
      "reason": "missing_price_usd"
    },
    {
      "codigo": "55758",
      "action": "skipped",
      "reason": "missing_price_usd"
    },
    {
      "codigo": "55515",
      "action": "skipped",
      "reason": "missing_price_usd"
    },
    {
      "codigo": "55188",
      "action": "skipped",
      "reason": "missing_price_usd"
    },
    {
      "codigo": "53760",
      "action": "skipped",
      "reason": "missing_price_usd"
    },
    {
      "codigo": "53638",
      "action": "skipped",
      "reason": "missing_price_usd"
    },
    {
      "codigo": "53687",
      "action": "skipped",
      "reason": "missing_price_usd"
    },
    {
      "codigo": "54843",
      "action": "skipped",
      "reason": "missing_price_usd"
    },
    {
      "codigo": "53688",
      "action": "skipped",
      "reason": "missing_price_usd"
    },
    {
      "codigo": "53689",
      "action": "skipped",
      "reason": "missing_price_usd"
    },
    {
      "codigo": "54801",
      "action": "skipped",
      "reason": "missing_price_usd"
    },
    {
      "codigo": "53670",
      "action": "skipped",
      "reason": "missing_price_usd"
    },
    {
      "codigo": "53637",
      "action": "skipped",
      "reason": "missing_price_usd"
    },
    {
      "codigo": "53576",
      "action": "skipped",
      "reason": "missing_price_usd"
    },
    {
      "codigo": "54640",
      "action": "skipped",
      "reason": "missing_price_usd"
    },
    {
      "codigo": "54632",
      "action": "skipped",
      "reason": "missing_price_usd"
    },
    {
      "codigo": "54629",
      "action": "skipped",
      "reason": "missing_price_usd"
    },
    {
      "codigo": "50055",
      "action": "skipped",
      "reason": "missing_price_usd"
    },
    {
      "codigo": "49489",
      "action": "skipped",
      "reason": "missing_price_usd"
    },
    {
      "codigo": "54401",
      "action": "skipped",
      "reason": "missing_price_usd"
    },
    {
      "codigo": "54399",
      "action": "skipped",
      "reason": "missing_price_usd"
    },
    {
      "codigo": "54253",
      "action": "skipped",
      "reason": "missing_price_usd"
    },
    {
      "codigo": "54118",
      "action": "skipped",
      "reason": "missing_price_usd"
    },
    {
      "codigo": "53937",
      "action": "skipped",
      "reason": "missing_price_usd"
    },
    {
      "codigo": "53349",
      "action": "skipped",
      "reason": "missing_price_usd"
    },
    {
      "codigo": "53711",
      "action": "skipped",
      "reason": "missing_price_usd"
    },
    {
      "codigo": "53679",
      "action": "skipped",
      "reason": "missing_price_usd"
    },
    {
      "codigo": "52847",
      "action": "skipped",
      "reason": "missing_price_usd"
    },
    {
      "codigo": "52739",
      "action": "skipped",
      "reason": "missing_price_usd"
    },
    {
      "codigo": "52294",
      "action": "skipped",
      "reason": "missing_price_usd"
    },
    {
      "codigo": "52031",
      "action": "skipped",
      "reason": "missing_price_usd"
    },
    {
      "codigo": "51924",
      "action": "skipped",
      "reason": "missing_price_usd"
    },
    {
      "codigo": "51842",
      "action": "skipped",
      "reason": "missing_price_usd"
    },
    {
      "codigo": "51841",
      "action": "skipped",
      "reason": "missing_price_usd"
    },
    {
      "codigo": "51516",
      "action": "skipped",
      "reason": "missing_price_usd"
    },
    {
      "codigo": "51441",
      "action": "skipped",
      "reason": "missing_price_usd"
    },
    {
      "codigo": "51440",
      "action": "skipped",
      "reason": "missing_price_usd"
    },
    {
      "codigo": "51340",
      "action": "skipped",
      "reason": "missing_price_usd"
    },
    {
      "codigo": "51326",
      "action": "skipped",
      "reason": "missing_price_usd"
    },
    {
      "codigo": "51324",
      "action": "skipped",
      "reason": "missing_price_usd"
    },
    {
      "codigo": "51323",
      "action": "skipped",
      "reason": "missing_price_usd"
    },
    {
      "codigo": "51244",
      "action": "skipped",
      "reason": "missing_price_usd"
    },
    {
      "codigo": "50908",
      "action": "skipped",
      "reason": "missing_price_usd"
    },
    {
      "codigo": "50907",
      "action": "skipped",
      "reason": "missing_price_usd"
    },
    {
      "codigo": "50899",
      "action": "skipped",
      "reason": "missing_price_usd"
    },
    {
      "codigo": "50298",
      "action": "skipped",
      "reason": "missing_price_usd"
    },
    {
      "codigo": "50671",
      "action": "skipped",
      "reason": "missing_price_usd"
    },
    {
      "codigo": "49491",
      "action": "skipped",
      "reason": "missing_price_usd"
    },
    {
      "codigo": "50119",
      "action": "skipped",
      "reason": "missing_price_usd"
    },
    {
      "codigo": "49730",
      "action": "skipped",
      "reason": "missing_price_usd"
    },
    {
      "codigo": "49719",
      "action": "skipped",
      "reason": "missing_price_usd"
    },
    {
      "codigo": "49710",
      "action": "skipped",
      "reason": "missing_price_usd"
    },
    {
      "codigo": "49664",
      "action": "skipped",
      "reason": "missing_price_usd"
    },
    {
      "codigo": "49657",
      "action": "skipped",
      "reason": "missing_price_usd"
    },
    {
      "codigo": "49647",
      "action": "skipped",
      "reason": "missing_price_usd"
    },
    {
      "codigo": "49645",
      "action": "skipped",
      "reason": "missing_price_usd"
    },
    {
      "codigo": "41851",
      "action": "skipped",
      "reason": "missing_price_usd"
    },
    {
      "codigo": "48156",
      "action": "skipped",
      "reason": "missing_price_usd"
    },
    {
      "codigo": "47126",
      "action": "skipped",
      "reason": "missing_price_usd"
    },
    {
      "codigo": "47125",
      "action": "skipped",
      "reason": "missing_price_usd"
    },
    {
      "codigo": "45335",
      "action": "skipped",
      "reason": "missing_price_usd"
    },
    {
      "codigo": "19808",
      "action": "skipped",
      "reason": "missing_price_usd"
    },
    {
      "codigo": "43961",
      "action": "skipped",
      "reason": "missing_price_usd"
    },
    {
      "codigo": "43958",
      "action": "skipped",
      "reason": "missing_price_usd"
    },
    {
      "codigo": "43471",
      "action": "skipped",
      "reason": "missing_price_usd"
    },
    {
      "codigo": "39629",
      "action": "skipped",
      "reason": "missing_price_usd"
    },
    {
      "codigo": "39522",
      "action": "skipped",
      "reason": "missing_price_usd"
    },
    {
      "codigo": "29422",
      "action": "skipped",
      "reason": "missing_price_usd"
    },
    {
      "codigo": "31413",
      "action": "skipped",
      "reason": "missing_price_usd"
    },
    {
      "codigo": "28664",
      "action": "skipped",
      "reason": "missing_price_usd"
    },
    {
      "codigo": "28571",
      "action": "skipped",
      "reason": "missing_price_usd"
    },
    {
      "codigo": "26118",
      "action": "skipped",
      "reason": "missing_price_usd"
    },
    {
      "codigo": "23071",
      "action": "skipped",
      "reason": "missing_price_usd"
    },
    {
      "codigo": "55829",
      "action": "skipped",
      "reason": "missing_price_usd"
    },
    {
      "codigo": "55989",
      "action": "skipped",
      "reason": "missing_price_usd"
    },
    {
      "codigo": "56962",
      "action": "skipped",
      "reason": "missing_price_usd"
    },
    {
      "codigo": "58075",
      "action": "skipped",
      "reason": "missing_price_usd"
    },
    {
      "codigo": "58141",
      "action": "skipped",
      "reason": "missing_price_usd"
    },
    {
      "codigo": "58139",
      "action": "skipped",
      "reason": "missing_price_usd"
    },
    {
      "codigo": "58140",
      "action": "skipped",
      "reason": "missing_price_usd"
    },
    {
      "codigo": "56458",
      "action": "skipped",
      "reason": "missing_price_usd"
    },
    {
      "codigo": "56074",
      "action": "skipped",
      "reason": "missing_price_usd"
    },
    {
      "codigo": "56473",
      "action": "skipped",
      "reason": "missing_price_usd"
    },
    {
      "codigo": "55983",
      "action": "skipped",
      "reason": "missing_price_usd"
    },
    {
      "codigo": "55984",
      "action": "skipped",
      "reason": "missing_price_usd"
    },
    {
      "codigo": "58093",
      "action": "skipped",
      "reason": "missing_price_usd"
    },
    {
      "codigo": "58113",
      "action": "skipped",
      "reason": "missing_price_usd"
    },
    {
      "codigo": "58118",
      "action": "skipped",
      "reason": "missing_price_usd"
    },
    {
      "codigo": "53596",
      "action": "skipped",
      "reason": "missing_price_usd"
    },
    {
      "codigo": "53338",
      "action": "skipped",
      "reason": "missing_price_usd"
    },
    {
      "codigo": "57147",
      "action": "skipped",
      "reason": "missing_price_usd"
    },
    {
      "codigo": "55845",
      "action": "skipped",
      "reason": "missing_price_usd"
    },
    {
      "codigo": "57464",
      "action": "skipped",
      "reason": "missing_price_usd"
    },
    {
      "codigo": "58104",
      "action": "skipped",
      "reason": "missing_price_usd"
    },
    {
      "codigo": "55762",
      "action": "skipped",
      "reason": "missing_price_usd"
    },
    {
      "codigo": "55847",
      "action": "skipped",
      "reason": "missing_price_usd"
    },
    {
      "codigo": "58068",
      "action": "skipped",
      "reason": "missing_price_usd"
    },
    {
      "codigo": "55846",
      "action": "skipped",
      "reason": "missing_price_usd"
    },
    {
      "codigo": "55848",
      "action": "skipped",
      "reason": "missing_price_usd"
    },
    {
      "codigo": "54855",
      "action": "skipped",
      "reason": "missing_price_usd"
    },
    {
      "codigo": "54858",
      "action": "skipped",
      "reason": "missing_price_usd"
    },
    {
      "codigo": "54854",
      "action": "skipped",
      "reason": "missing_price_usd"
    },
    {
      "codigo": "56320",
      "action": "skipped",
      "reason": "missing_price_usd"
    },
    {
      "codigo": "50458",
      "action": "skipped",
      "reason": "missing_price_usd"
    },
    {
      "codigo": "57261",
      "action": "skipped",
      "reason": "missing_price_usd"
    },
    {
      "codigo": "51255",
      "action": "skipped",
      "reason": "missing_price_usd"
    },
    {
      "codigo": "54233",
      "action": "skipped",
      "reason": "missing_price_usd"
    },
    {
      "codigo": "58064",
      "action": "skipped",
      "reason": "missing_price_usd"
    },
    {
      "codigo": "58053",
      "action": "skipped",
      "reason": "missing_price_usd"
    },
    {
      "codigo": "54593",
      "action": "skipped",
      "reason": "missing_price_usd"
    },
    {
      "codigo": "57824",
      "action": "skipped",
      "reason": "missing_price_usd"
    },
    {
      "codigo": "57570",
      "action": "skipped",
      "reason": "missing_price_usd"
    },
    {
      "codigo": "58058",
      "action": "skipped",
      "reason": "missing_price_usd"
    },
    {
      "codigo": "56926",
      "action": "skipped",
      "reason": "missing_price_usd"
    },
    {
      "codigo": "57440",
      "action": "skipped",
      "reason": "missing_price_usd"
    },
    {
      "codigo": "58004",
      "action": "skipped",
      "reason": "missing_price_usd"
    },
    {
      "codigo": "57146",
      "action": "skipped",
      "reason": "missing_price_usd"
    },
    {
      "codigo": "58062",
      "action": "skipped",
      "reason": "missing_price_usd"
    },
    {
      "codigo": "58061",
      "action": "skipped",
      "reason": "missing_price_usd"
    },
    {
      "codigo": "58063",
      "action": "skipped",
      "reason": "missing_price_usd"
    },
    {
      "codigo": "56761",
      "action": "skipped",
      "reason": "missing_price_usd"
    },
    {
      "codigo": "56763",
      "action": "skipped",
      "reason": "missing_price_usd"
    },
    {
      "codigo": "54860",
      "action": "skipped",
      "reason": "missing_price_usd"
    },
    {
      "codigo": "56734",
      "action": "skipped",
      "reason": "missing_price_usd"
    },
    {
      "codigo": "56143",
      "action": "skipped",
      "reason": "missing_price_usd"
    },
    {
      "codigo": "54755",
      "action": "skipped",
      "reason": "missing_price_usd"
    },
    {
      "codigo": "53896",
      "action": "skipped",
      "reason": "missing_price_usd"
    },
    {
      "codigo": "49251",
      "action": "skipped",
      "reason": "missing_price_usd"
    },
    {
      "codigo": "53726",
      "action": "skipped",
      "reason": "missing_price_usd"
    },
    {
      "codigo": "48980",
      "action": "skipped",
      "reason": "missing_price_usd"
    },
    {
      "codigo": "53231",
      "action": "skipped",
      "reason": "missing_price_usd"
    },
    {
      "codigo": "56369",
      "action": "skipped",
      "reason": "missing_price_usd"
    },
    {
      "codigo": "51410",
      "action": "skipped",
      "reason": "missing_price_usd"
    },
    {
      "codigo": "54783",
      "action": "skipped",
      "reason": "missing_price_usd"
    },
    {
      "codigo": "58059",
      "action": "skipped",
      "reason": "missing_price_usd"
    },
    {
      "codigo": "56998",
      "action": "skipped",
      "reason": "missing_price_usd"
    },
    {
      "codigo": "52362",
      "action": "skipped",
      "reason": "missing_price_usd"
    },
    {
      "codigo": "47369",
      "action": "skipped",
      "reason": "missing_price_usd"
    },
    {
      "codigo": "55361",
      "action": "skipped",
      "reason": "missing_price_usd"
    },
    {
      "codigo": "56668",
      "action": "skipped",
      "reason": "missing_price_usd"
    },
    {
      "codigo": "57353",
      "action": "skipped",
      "reason": "missing_price_usd"
    },
    {
      "codigo": "56702",
      "action": "skipped",
      "reason": "missing_price_usd"
    },
    {
      "codigo": "56703",
      "action": "skipped",
      "reason": "missing_price_usd"
    },
    {
      "codigo": "56436",
      "action": "skipped",
      "reason": "missing_price_usd"
    },
    {
      "codigo": "46832",
      "action": "skipped",
      "reason": "missing_price_usd"
    },
    {
      "codigo": "46833",
      "action": "skipped",
      "reason": "missing_price_usd"
    },
    {
      "codigo": "49952",
      "action": "skipped",
      "reason": "missing_price_usd"
    },
    {
      "codigo": "49944",
      "action": "skipped",
      "reason": "missing_price_usd"
    },
    {
      "codigo": "49943",
      "action": "skipped",
      "reason": "missing_price_usd"
    },
    {
      "codigo": "53927",
      "action": "skipped",
      "reason": "missing_price_usd"
    },
    {
      "codigo": "49853",
      "action": "skipped",
      "reason": "missing_price_usd"
    },
    {
      "codigo": "53990",
      "action": "skipped",
      "reason": "missing_price_usd"
    },
    {
      "codigo": "46027",
      "action": "skipped",
      "reason": "missing_price_usd"
    },
    {
      "codigo": "46022",
      "action": "skipped",
      "reason": "missing_price_usd"
    },
    {
      "codigo": "46023",
      "action": "skipped",
      "reason": "missing_price_usd"
    },
    {
      "codigo": "50419",
      "action": "skipped",
      "reason": "missing_price_usd"
    },
    {
      "codigo": "52867",
      "action": "skipped",
      "reason": "missing_price_usd"
    },
    {
      "codigo": "53735",
      "action": "skipped",
      "reason": "missing_price_usd"
    },
    {
      "codigo": "53295",
      "action": "skipped",
      "reason": "missing_price_usd"
    },
    {
      "codigo": "52858",
      "action": "skipped",
      "reason": "missing_price_usd"
    },
    {
      "codigo": "52857",
      "action": "skipped",
      "reason": "missing_price_usd"
    },
    {
      "codigo": "56819",
      "action": "skipped",
      "reason": "missing_price_usd"
    },
    {
      "codigo": "55024",
      "action": "skipped",
      "reason": "missing_price_usd"
    },
    {
      "codigo": "57755",
      "action": "skipped",
      "reason": "missing_price_usd"
    },
    {
      "codigo": "56150",
      "action": "skipped",
      "reason": "missing_price_usd"
    },
    {
      "codigo": "56865",
      "action": "skipped",
      "reason": "missing_price_usd"
    },
    {
      "codigo": "57593",
      "action": "skipped",
      "reason": "missing_price_usd"
    },
    {
      "codigo": "57066",
      "action": "skipped",
      "reason": "missing_price_usd"
    },
    {
      "codigo": "54703",
      "action": "skipped",
      "reason": "missing_price_usd"
    },
    {
      "codigo": "55039",
      "action": "skipped",
      "reason": "missing_price_usd"
    },
    {
      "codigo": "54702",
      "action": "skipped",
      "reason": "missing_price_usd"
    },
    {
      "codigo": "51981",
      "action": "skipped",
      "reason": "missing_price_usd"
    },
    {
      "codigo": "51979",
      "action": "skipped",
      "reason": "missing_price_usd"
    },
    {
      "codigo": "51978",
      "action": "skipped",
      "reason": "missing_price_usd"
    },
    {
      "codigo": "51976",
      "action": "skipped",
      "reason": "missing_price_usd"
    },
    {
      "codigo": "51977",
      "action": "skipped",
      "reason": "missing_price_usd"
    },
    {
      "codigo": "48721",
      "action": "skipped",
      "reason": "missing_price_usd"
    },
    {
      "codigo": "47778",
      "action": "skipped",
      "reason": "missing_price_usd"
    },
    {
      "codigo": "48368",
      "action": "skipped",
      "reason": "missing_price_usd"
    },
    {
      "codigo": "48068",
      "action": "skipped",
      "reason": "missing_price_usd"
    },
    {
      "codigo": "51609",
      "action": "skipped",
      "reason": "missing_price_usd"
    },
    {
      "codigo": "51517",
      "action": "skipped",
      "reason": "missing_price_usd"
    },
    {
      "codigo": "53992",
      "action": "skipped",
      "reason": "missing_price_usd"
    },
    {
      "codigo": "50808",
      "action": "skipped",
      "reason": "missing_price_usd"
    },
    {
      "codigo": "53236",
      "action": "skipped",
      "reason": "missing_price_usd"
    },
    {
      "codigo": "48039",
      "action": "skipped",
      "reason": "missing_price_usd"
    },
    {
      "codigo": "47566",
      "action": "skipped",
      "reason": "missing_price_usd"
    },
    {
      "codigo": "49045",
      "action": "skipped",
      "reason": "missing_price_usd"
    },
    {
      "codigo": "57673",
      "action": "skipped",
      "reason": "missing_price_usd"
    },
    {
      "codigo": "57287",
      "action": "skipped",
      "reason": "missing_price_usd"
    },
    {
      "codigo": "57484",
      "action": "skipped",
      "reason": "missing_price_usd"
    },
    {
      "codigo": "57289",
      "action": "skipped",
      "reason": "missing_price_usd"
    },
    {
      "codigo": "55077",
      "action": "skipped",
      "reason": "missing_price_usd"
    },
    {
      "codigo": "56447",
      "action": "skipped",
      "reason": "missing_price_usd"
    },
    {
      "codigo": "57085",
      "action": "skipped",
      "reason": "missing_price_usd"
    },
    {
      "codigo": "57413",
      "action": "skipped",
      "reason": "missing_price_usd"
    },
    {
      "codigo": "57086",
      "action": "skipped",
      "reason": "missing_price_usd"
    },
    {
      "codigo": "57414",
      "action": "skipped",
      "reason": "missing_price_usd"
    },
    {
      "codigo": "57281",
      "action": "skipped",
      "reason": "missing_price_usd"
    },
    {
      "codigo": "57361",
      "action": "skipped",
      "reason": "missing_price_usd"
    },
    {
      "codigo": "57360",
      "action": "skipped",
      "reason": "missing_price_usd"
    },
    {
      "codigo": "57359",
      "action": "skipped",
      "reason": "missing_price_usd"
    },
    {
      "codigo": "56408",
      "action": "skipped",
      "reason": "missing_price_usd"
    },
    {
      "codigo": "55331",
      "action": "skipped",
      "reason": "missing_price_usd"
    },
    {
      "codigo": "57156",
      "action": "skipped",
      "reason": "missing_price_usd"
    },
    {
      "codigo": "57370",
      "action": "skipped",
      "reason": "missing_price_usd"
    },
    {
      "codigo": "57376",
      "action": "skipped",
      "reason": "missing_price_usd"
    },
    {
      "codigo": "57377",
      "action": "skipped",
      "reason": "missing_price_usd"
    },
    {
      "codigo": "57378",
      "action": "skipped",
      "reason": "missing_price_usd"
    },
    {
      "codigo": "57379",
      "action": "skipped",
      "reason": "missing_price_usd"
    },
    {
      "codigo": "57375",
      "action": "skipped",
      "reason": "missing_price_usd"
    },
    {
      "codigo": "57374",
      "action": "skipped",
      "reason": "missing_price_usd"
    },
    {
      "codigo": "57371",
      "action": "skipped",
      "reason": "missing_price_usd"
    },
    {
      "codigo": "57373",
      "action": "skipped",
      "reason": "missing_price_usd"
    },
    {
      "codigo": "57372",
      "action": "skipped",
      "reason": "missing_price_usd"
    },
    {
      "codigo": "57369",
      "action": "skipped",
      "reason": "missing_price_usd"
    },
    {
      "codigo": "56796",
      "action": "skipped",
      "reason": "missing_price_usd"
    },
    {
      "codigo": "56799",
      "action": "skipped",
      "reason": "missing_price_usd"
    },
    {
      "codigo": "57158",
      "action": "skipped",
      "reason": "missing_price_usd"
    },
    {
      "codigo": "57669",
      "action": "skipped",
      "reason": "missing_price_usd"
    },
    {
      "codigo": "57665",
      "action": "skipped",
      "reason": "missing_price_usd"
    },
    {
      "codigo": "57670",
      "action": "skipped",
      "reason": "missing_price_usd"
    },
    {
      "codigo": "57667",
      "action": "skipped",
      "reason": "missing_price_usd"
    },
    {
      "codigo": "57668",
      "action": "skipped",
      "reason": "missing_price_usd"
    },
    {
      "codigo": "56712",
      "action": "skipped",
      "reason": "missing_price_usd"
    },
    {
      "codigo": "56795",
      "action": "skipped",
      "reason": "missing_price_usd"
    },
    {
      "codigo": "57283",
      "action": "skipped",
      "reason": "missing_price_usd"
    },
    {
      "codigo": "57403",
      "action": "skipped",
      "reason": "missing_price_usd"
    },
    {
      "codigo": "57939",
      "action": "skipped",
      "reason": "missing_price_usd"
    },
    {
      "codigo": "57938",
      "action": "skipped",
      "reason": "missing_price_usd"
    },
    {
      "codigo": "57937",
      "action": "skipped",
      "reason": "missing_price_usd"
    },
    {
      "codigo": "57940",
      "action": "skipped",
      "reason": "missing_price_usd"
    },
    {
      "codigo": "57941",
      "action": "skipped",
      "reason": "missing_price_usd"
    },
    {
      "codigo": "57738",
      "action": "skipped",
      "reason": "missing_price_usd"
    },
    {
      "codigo": "57737",
      "action": "skipped",
      "reason": "missing_price_usd"
    },
    {
      "codigo": "57736",
      "action": "skipped",
      "reason": "missing_price_usd"
    },
    {
      "codigo": "57735",
      "action": "skipped",
      "reason": "missing_price_usd"
    },
    {
      "codigo": "57030",
      "action": "skipped",
      "reason": "missing_price_usd"
    },
    {
      "codigo": "57931",
      "action": "skipped",
      "reason": "missing_price_usd"
    },
    {
      "codigo": "57932",
      "action": "skipped",
      "reason": "missing_price_usd"
    },
    {
      "codigo": "57247",
      "action": "skipped",
      "reason": "missing_price_usd"
    },
    {
      "codigo": "57226",
      "action": "skipped",
      "reason": "missing_price_usd"
    },
    {
      "codigo": "57225",
      "action": "skipped",
      "reason": "missing_price_usd"
    },
    {
      "codigo": "57224",
      "action": "skipped",
      "reason": "missing_price_usd"
    },
    {
      "codigo": "57217",
      "action": "skipped",
      "reason": "missing_price_usd"
    },
    {
      "codigo": "57216",
      "action": "skipped",
      "reason": "missing_price_usd"
    },
    {
      "codigo": "57213",
      "action": "skipped",
      "reason": "missing_price_usd"
    },
    {
      "codigo": "57214",
      "action": "skipped",
      "reason": "missing_price_usd"
    },
    {
      "codigo": "57215",
      "action": "skipped",
      "reason": "missing_price_usd"
    },
    {
      "codigo": "57223",
      "action": "skipped",
      "reason": "missing_price_usd"
    },
    {
      "codigo": "56804",
      "action": "skipped",
      "reason": "missing_price_usd"
    },
    {
      "codigo": "55571",
      "action": "skipped",
      "reason": "missing_price_usd"
    },
    {
      "codigo": "55360",
      "action": "skipped",
      "reason": "missing_price_usd"
    },
    {
      "codigo": "55734",
      "action": "skipped",
      "reason": "missing_price_usd"
    },
    {
      "codigo": "55218",
      "action": "skipped",
      "reason": "missing_price_usd"
    },
    {
      "codigo": "56872",
      "action": "skipped",
      "reason": "missing_price_usd"
    },
    {
      "codigo": "57563",
      "action": "skipped",
      "reason": "missing_price_usd"
    },
    {
      "codigo": "57645",
      "action": "skipped",
      "reason": "missing_price_usd"
    },
    {
      "codigo": "56915",
      "action": "skipped",
      "reason": "missing_price_usd"
    },
    {
      "codigo": "57523",
      "action": "skipped",
      "reason": "missing_price_usd"
    },
    {
      "codigo": "56673",
      "action": "skipped",
      "reason": "missing_price_usd"
    },
    {
      "codigo": "56346",
      "action": "skipped",
      "reason": "missing_price_usd"
    },
    {
      "codigo": "57014",
      "action": "skipped",
      "reason": "missing_price_usd"
    },
    {
      "codigo": "55627",
      "action": "skipped",
      "reason": "missing_price_usd"
    },
    {
      "codigo": "57120",
      "action": "skipped",
      "reason": "missing_price_usd"
    },
    {
      "codigo": "57119",
      "action": "skipped",
      "reason": "missing_price_usd"
    },
    {
      "codigo": "57118",
      "action": "skipped",
      "reason": "missing_price_usd"
    },
    {
      "codigo": "57116",
      "action": "skipped",
      "reason": "missing_price_usd"
    },
    {
      "codigo": "57115",
      "action": "skipped",
      "reason": "missing_price_usd"
    },
    {
      "codigo": "57114",
      "action": "skipped",
      "reason": "missing_price_usd"
    },
    {
      "codigo": "57113",
      "action": "skipped",
      "reason": "missing_price_usd"
    },
    {
      "codigo": "57112",
      "action": "skipped",
      "reason": "missing_price_usd"
    },
    {
      "codigo": "57264",
      "action": "skipped",
      "reason": "missing_price_usd"
    },
    {
      "codigo": "57278",
      "action": "skipped",
      "reason": "missing_price_usd"
    },
    {
      "codigo": "57063",
      "action": "skipped",
      "reason": "missing_price_usd"
    },
    {
      "codigo": "57968",
      "action": "skipped",
      "reason": "missing_price_usd"
    },
    {
      "codigo": "57280",
      "action": "skipped",
      "reason": "missing_price_usd"
    },
    {
      "codigo": "56745",
      "action": "skipped",
      "reason": "missing_price_usd"
    },
    {
      "codigo": "57165",
      "action": "skipped",
      "reason": "missing_price_usd"
    },
    {
      "codigo": "57089",
      "action": "skipped",
      "reason": "missing_price_usd"
    },
    {
      "codigo": "57088",
      "action": "skipped",
      "reason": "missing_price_usd"
    },
    {
      "codigo": "57091",
      "action": "skipped",
      "reason": "missing_price_usd"
    },
    {
      "codigo": "57025",
      "action": "skipped",
      "reason": "missing_price_usd"
    },
    {
      "codigo": "55415",
      "action": "skipped",
      "reason": "missing_price_usd"
    },
    {
      "codigo": "51529",
      "action": "skipped",
      "reason": "missing_price_usd"
    },
    {
      "codigo": "55725",
      "action": "skipped",
      "reason": "missing_price_usd"
    },
    {
      "codigo": "56976",
      "action": "skipped",
      "reason": "missing_price_usd"
    },
    {
      "codigo": "55455",
      "action": "skipped",
      "reason": "missing_price_usd"
    },
    {
      "codigo": "55888",
      "action": "skipped",
      "reason": "missing_price_usd"
    },
    {
      "codigo": "55889",
      "action": "skipped",
      "reason": "missing_price_usd"
    },
    {
      "codigo": "55890",
      "action": "skipped",
      "reason": "missing_price_usd"
    },
    {
      "codigo": "55891",
      "action": "skipped",
      "reason": "missing_price_usd"
    },
    {
      "codigo": "55892",
      "action": "skipped",
      "reason": "missing_price_usd"
    },
    {
      "codigo": "55052",
      "action": "skipped",
      "reason": "missing_price_usd"
    },
    {
      "codigo": "56680",
      "action": "skipped",
      "reason": "missing_price_usd"
    },
    {
      "codigo": "58015",
      "action": "skipped",
      "reason": "missing_price_usd"
    },
    {
      "codigo": "57566",
      "action": "skipped",
      "reason": "missing_price_usd"
    },
    {
      "codigo": "54856",
      "action": "skipped",
      "reason": "missing_price_usd"
    },
    {
      "codigo": "57441",
      "action": "skipped",
      "reason": "missing_price_usd"
    },
    {
      "codigo": "57079",
      "action": "skipped",
      "reason": "missing_price_usd"
    },
    {
      "codigo": "45155",
      "action": "skipped",
      "reason": "missing_price_usd"
    },
    {
      "codigo": "54748",
      "action": "skipped",
      "reason": "missing_price_usd"
    },
    {
      "codigo": "54728",
      "action": "skipped",
      "reason": "missing_price_usd"
    },
    {
      "codigo": "54779",
      "action": "skipped",
      "reason": "missing_price_usd"
    },
    {
      "codigo": "54565",
      "action": "skipped",
      "reason": "missing_price_usd"
    },
    {
      "codigo": "57071",
      "action": "skipped",
      "reason": "missing_price_usd"
    },
    {
      "codigo": "57244",
      "action": "skipped",
      "reason": "missing_price_usd"
    },
    {
      "codigo": "57245",
      "action": "skipped",
      "reason": "missing_price_usd"
    },
    {
      "codigo": "56442",
      "action": "skipped",
      "reason": "missing_price_usd"
    },
    {
      "codigo": "57871",
      "action": "skipped",
      "reason": "missing_price_usd"
    },
    {
      "codigo": "57870",
      "action": "skipped",
      "reason": "missing_price_usd"
    },
    {
      "codigo": "57644",
      "action": "skipped",
      "reason": "missing_price_usd"
    },
    {
      "codigo": "57192",
      "action": "skipped",
      "reason": "missing_price_usd"
    },
    {
      "codigo": "57191",
      "action": "skipped",
      "reason": "missing_price_usd"
    },
    {
      "codigo": "57082",
      "action": "skipped",
      "reason": "missing_price_usd"
    },
    {
      "codigo": "55781",
      "action": "skipped",
      "reason": "missing_price_usd"
    },
    {
      "codigo": "57081",
      "action": "skipped",
      "reason": "missing_price_usd"
    },
    {
      "codigo": "57080",
      "action": "skipped",
      "reason": "missing_price_usd"
    },
    {
      "codigo": "56279",
      "action": "skipped",
      "reason": "missing_price_usd"
    },
    {
      "codigo": "57727",
      "action": "skipped",
      "reason": "missing_price_usd"
    },
    {
      "codigo": "56864",
      "action": "skipped",
      "reason": "missing_price_usd"
    },
    {
      "codigo": "56738",
      "action": "skipped",
      "reason": "missing_price_usd"
    },
    {
      "codigo": "56758",
      "action": "skipped",
      "reason": "missing_price_usd"
    },
    {
      "codigo": "56735",
      "action": "skipped",
      "reason": "missing_price_usd"
    },
    {
      "codigo": "56762",
      "action": "skipped",
      "reason": "missing_price_usd"
    },
    {
      "codigo": "56760",
      "action": "skipped",
      "reason": "missing_price_usd"
    },
    {
      "codigo": "57277",
      "action": "skipped",
      "reason": "missing_price_usd"
    },
    {
      "codigo": "57275",
      "action": "skipped",
      "reason": "missing_price_usd"
    },
    {
      "codigo": "57419",
      "action": "skipped",
      "reason": "missing_price_usd"
    },
    {
      "codigo": "57549",
      "action": "skipped",
      "reason": "missing_price_usd"
    },
    {
      "codigo": "54433",
      "action": "skipped",
      "reason": "missing_price_usd"
    },
    {
      "codigo": "57822",
      "action": "skipped",
      "reason": "missing_price_usd"
    },
    {
      "codigo": "56927",
      "action": "skipped",
      "reason": "missing_price_usd"
    },
    {
      "codigo": "56928",
      "action": "skipped",
      "reason": "missing_price_usd"
    },
    {
      "codigo": "56925",
      "action": "skipped",
      "reason": "missing_price_usd"
    },
    {
      "codigo": "57352",
      "action": "skipped",
      "reason": "missing_price_usd"
    },
    {
      "codigo": "57548",
      "action": "skipped",
      "reason": "missing_price_usd"
    },
    {
      "codigo": "56855",
      "action": "skipped",
      "reason": "missing_price_usd"
    },
    {
      "codigo": "48192",
      "action": "skipped",
      "reason": "missing_price_usd"
    },
    {
      "codigo": "50390",
      "action": "skipped",
      "reason": "missing_price_usd"
    },
    {
      "codigo": "56363",
      "action": "skipped",
      "reason": "missing_price_usd"
    },
    {
      "codigo": "57946",
      "action": "skipped",
      "reason": "missing_price_usd"
    },
    {
      "codigo": "57945",
      "action": "skipped",
      "reason": "missing_price_usd"
    },
    {
      "codigo": "57944",
      "action": "skipped",
      "reason": "missing_price_usd"
    },
    {
      "codigo": "57943",
      "action": "skipped",
      "reason": "missing_price_usd"
    },
    {
      "codigo": "57942",
      "action": "skipped",
      "reason": "missing_price_usd"
    },
    {
      "codigo": "57836",
      "action": "skipped",
      "reason": "missing_price_usd"
    },
    {
      "codigo": "57823",
      "action": "skipped",
      "reason": "missing_price_usd"
    },
    {
      "codigo": "57805",
      "action": "skipped",
      "reason": "missing_price_usd"
    },
    {
      "codigo": "57756",
      "action": "skipped",
      "reason": "missing_price_usd"
    },
    {
      "codigo": "57753",
      "action": "skipped",
      "reason": "missing_price_usd"
    },
    {
      "codigo": "57609",
      "action": "skipped",
      "reason": "missing_price_usd"
    },
    {
      "codigo": "57608",
      "action": "skipped",
      "reason": "missing_price_usd"
    },
    {
      "codigo": "57594",
      "action": "skipped",
      "reason": "missing_price_usd"
    },
    {
      "codigo": "57571",
      "action": "skipped",
      "reason": "missing_price_usd"
    },
    {
      "codigo": "57568",
      "action": "skipped",
      "reason": "missing_price_usd"
    },
    {
      "codigo": "57546",
      "action": "skipped",
      "reason": "missing_price_usd"
    },
    {
      "codigo": "57545",
      "action": "skipped",
      "reason": "missing_price_usd"
    },
    {
      "codigo": "57544",
      "action": "skipped",
      "reason": "missing_price_usd"
    },
    {
      "codigo": "57543",
      "action": "skipped",
      "reason": "missing_price_usd"
    },
    {
      "codigo": "57536",
      "action": "skipped",
      "reason": "missing_price_usd"
    },
    {
      "codigo": "57531",
      "action": "skipped",
      "reason": "missing_price_usd"
    },
    {
      "codigo": "57530",
      "action": "skipped",
      "reason": "missing_price_usd"
    },
    {
      "codigo": "57528",
      "action": "skipped",
      "reason": "missing_price_usd"
    },
    {
      "codigo": "57524",
      "action": "skipped",
      "reason": "missing_price_usd"
    },
    {
      "codigo": "57522",
      "action": "skipped",
      "reason": "missing_price_usd"
    },
    {
      "codigo": "57521",
      "action": "skipped",
      "reason": "missing_price_usd"
    },
    {
      "codigo": "57512",
      "action": "skipped",
      "reason": "missing_price_usd"
    },
    {
      "codigo": "57505",
      "action": "skipped",
      "reason": "missing_price_usd"
    },
    {
      "codigo": "57504",
      "action": "skipped",
      "reason": "missing_price_usd"
    },
    {
      "codigo": "57503",
      "action": "skipped",
      "reason": "missing_price_usd"
    },
    {
      "codigo": "57499",
      "action": "skipped",
      "reason": "missing_price_usd"
    },
    {
      "codigo": "57496",
      "action": "skipped",
      "reason": "missing_price_usd"
    },
    {
      "codigo": "57490",
      "action": "skipped",
      "reason": "missing_price_usd"
    },
    {
      "codigo": "57399",
      "action": "skipped",
      "reason": "missing_price_usd"
    },
    {
      "codigo": "57382",
      "action": "skipped",
      "reason": "missing_price_usd"
    },
    {
      "codigo": "57327",
      "action": "skipped",
      "reason": "missing_price_usd"
    },
    {
      "codigo": "57276",
      "action": "skipped",
      "reason": "missing_price_usd"
    },
    {
      "codigo": "57274",
      "action": "skipped",
      "reason": "missing_price_usd"
    },
    {
      "codigo": "57273",
      "action": "skipped",
      "reason": "missing_price_usd"
    },
    {
      "codigo": "57271",
      "action": "skipped",
      "reason": "missing_price_usd"
    },
    {
      "codigo": "57270",
      "action": "skipped",
      "reason": "missing_price_usd"
    },
    {
      "codigo": "57268",
      "action": "skipped",
      "reason": "missing_price_usd"
    },
    {
      "codigo": "57267",
      "action": "skipped",
      "reason": "missing_price_usd"
    },
    {
      "codigo": "57266",
      "action": "skipped",
      "reason": "missing_price_usd"
    },
    {
      "codigo": "57265",
      "action": "skipped",
      "reason": "missing_price_usd"
    },
    {
      "codigo": "57254",
      "action": "skipped",
      "reason": "missing_price_usd"
    },
    {
      "codigo": "57246",
      "action": "skipped",
      "reason": "missing_price_usd"
    },
    {
      "codigo": "57141",
      "action": "skipped",
      "reason": "missing_price_usd"
    },
    {
      "codigo": "57084",
      "action": "skipped",
      "reason": "missing_price_usd"
    },
    {
      "codigo": "57043",
      "action": "skipped",
      "reason": "missing_price_usd"
    },
    {
      "codigo": "57029",
      "action": "skipped",
      "reason": "missing_price_usd"
    },
    {
      "codigo": "57028",
      "action": "skipped",
      "reason": "missing_price_usd"
    },
    {
      "codigo": "56993",
      "action": "skipped",
      "reason": "missing_price_usd"
    },
    {
      "codigo": "56988",
      "action": "skipped",
      "reason": "missing_price_usd"
    },
    {
      "codigo": "56986",
      "action": "skipped",
      "reason": "missing_price_usd"
    },
    {
      "codigo": "56985",
      "action": "skipped",
      "reason": "missing_price_usd"
    },
    {
      "codigo": "56984",
      "action": "skipped",
      "reason": "missing_price_usd"
    },
    {
      "codigo": "56983",
      "action": "skipped",
      "reason": "missing_price_usd"
    },
    {
      "codigo": "56982",
      "action": "skipped",
      "reason": "missing_price_usd"
    },
    {
      "codigo": "56981",
      "action": "skipped",
      "reason": "missing_price_usd"
    },
    {
      "codigo": "56980",
      "action": "skipped",
      "reason": "missing_price_usd"
    },
    {
      "codigo": "56979",
      "action": "skipped",
      "reason": "missing_price_usd"
    },
    {
      "codigo": "56978",
      "action": "skipped",
      "reason": "missing_price_usd"
    },
    {
      "codigo": "56977",
      "action": "skipped",
      "reason": "missing_price_usd"
    },
    {
      "codigo": "56903",
      "action": "skipped",
      "reason": "missing_price_usd"
    },
    {
      "codigo": "56901",
      "action": "skipped",
      "reason": "missing_price_usd"
    },
    {
      "codigo": "56858",
      "action": "skipped",
      "reason": "missing_price_usd"
    },
    {
      "codigo": "56847",
      "action": "skipped",
      "reason": "missing_price_usd"
    },
    {
      "codigo": "56815",
      "action": "skipped",
      "reason": "missing_price_usd"
    },
    {
      "codigo": "56798",
      "action": "skipped",
      "reason": "missing_price_usd"
    },
    {
      "codigo": "56797",
      "action": "skipped",
      "reason": "missing_price_usd"
    },
    {
      "codigo": "56764",
      "action": "skipped",
      "reason": "missing_price_usd"
    },
    {
      "codigo": "56759",
      "action": "skipped",
      "reason": "missing_price_usd"
    },
    {
      "codigo": "56746",
      "action": "skipped",
      "reason": "missing_price_usd"
    },
    {
      "codigo": "56740",
      "action": "skipped",
      "reason": "missing_price_usd"
    },
    {
      "codigo": "56739",
      "action": "skipped",
      "reason": "missing_price_usd"
    },
    {
      "codigo": "56729",
      "action": "skipped",
      "reason": "missing_price_usd"
    },
    {
      "codigo": "56728",
      "action": "skipped",
      "reason": "missing_price_usd"
    },
    {
      "codigo": "56723",
      "action": "skipped",
      "reason": "missing_price_usd"
    },
    {
      "codigo": "56716",
      "action": "skipped",
      "reason": "missing_price_usd"
    },
    {
      "codigo": "56699",
      "action": "skipped",
      "reason": "missing_price_usd"
    },
    {
      "codigo": "56693",
      "action": "skipped",
      "reason": "missing_price_usd"
    },
    {
      "codigo": "56691",
      "action": "skipped",
      "reason": "missing_price_usd"
    },
    {
      "codigo": "56687",
      "action": "skipped",
      "reason": "missing_price_usd"
    },
    {
      "codigo": "56684",
      "action": "skipped",
      "reason": "missing_price_usd"
    },
    {
      "codigo": "56644",
      "action": "skipped",
      "reason": "missing_price_usd"
    },
    {
      "codigo": "56625",
      "action": "skipped",
      "reason": "missing_price_usd"
    },
    {
      "codigo": "56527",
      "action": "skipped",
      "reason": "missing_price_usd"
    },
    {
      "codigo": "56526",
      "action": "skipped",
      "reason": "missing_price_usd"
    },
    {
      "codigo": "56518",
      "action": "skipped",
      "reason": "missing_price_usd"
    },
    {
      "codigo": "56502",
      "action": "skipped",
      "reason": "missing_price_usd"
    },
    {
      "codigo": "56501",
      "action": "skipped",
      "reason": "missing_price_usd"
    },
    {
      "codigo": "56500",
      "action": "skipped",
      "reason": "missing_price_usd"
    },
    {
      "codigo": "56499",
      "action": "skipped",
      "reason": "missing_price_usd"
    },
    {
      "codigo": "56497",
      "action": "skipped",
      "reason": "missing_price_usd"
    },
    {
      "codigo": "56495",
      "action": "skipped",
      "reason": "missing_price_usd"
    },
    {
      "codigo": "56490",
      "action": "skipped",
      "reason": "missing_price_usd"
    },
    {
      "codigo": "56477",
      "action": "skipped",
      "reason": "missing_price_usd"
    },
    {
      "codigo": "56476",
      "action": "skipped",
      "reason": "missing_price_usd"
    },
    {
      "codigo": "56472",
      "action": "skipped",
      "reason": "missing_price_usd"
    },
    {
      "codigo": "56450",
      "action": "skipped",
      "reason": "missing_price_usd"
    },
    {
      "codigo": "56406",
      "action": "skipped",
      "reason": "missing_price_usd"
    },
    {
      "codigo": "56404",
      "action": "skipped",
      "reason": "missing_price_usd"
    },
    {
      "codigo": "56403",
      "action": "skipped",
      "reason": "missing_price_usd"
    },
    {
      "codigo": "56401",
      "action": "skipped",
      "reason": "missing_price_usd"
    },
    {
      "codigo": "56384",
      "action": "skipped",
      "reason": "missing_price_usd"
    },
    {
      "codigo": "56365",
      "action": "skipped",
      "reason": "missing_price_usd"
    },
    {
      "codigo": "56364",
      "action": "skipped",
      "reason": "missing_price_usd"
    },
    {
      "codigo": "56362",
      "action": "skipped",
      "reason": "missing_price_usd"
    },
    {
      "codigo": "56344",
      "action": "skipped",
      "reason": "missing_price_usd"
    },
    {
      "codigo": "56343",
      "action": "skipped",
      "reason": "missing_price_usd"
    },
    {
      "codigo": "56342",
      "action": "skipped",
      "reason": "missing_price_usd"
    },
    {
      "codigo": "56340",
      "action": "skipped",
      "reason": "missing_price_usd"
    },
    {
      "codigo": "56339",
      "action": "skipped",
      "reason": "missing_price_usd"
    },
    {
      "codigo": "56338",
      "action": "skipped",
      "reason": "missing_price_usd"
    },
    {
      "codigo": "56337",
      "action": "skipped",
      "reason": "missing_price_usd"
    },
    {
      "codigo": "56336",
      "action": "skipped",
      "reason": "missing_price_usd"
    },
    {
      "codigo": "56335",
      "action": "skipped",
      "reason": "missing_price_usd"
    },
    {
      "codigo": "56334",
      "action": "skipped",
      "reason": "missing_price_usd"
    },
    {
      "codigo": "56330",
      "action": "skipped",
      "reason": "missing_price_usd"
    },
    {
      "codigo": "56329",
      "action": "skipped",
      "reason": "missing_price_usd"
    },
    {
      "codigo": "56328",
      "action": "skipped",
      "reason": "missing_price_usd"
    },
    {
      "codigo": "56313",
      "action": "skipped",
      "reason": "missing_price_usd"
    },
    {
      "codigo": "56291",
      "action": "skipped",
      "reason": "missing_price_usd"
    },
    {
      "codigo": "56290",
      "action": "skipped",
      "reason": "missing_price_usd"
    },
    {
      "codigo": "56288",
      "action": "skipped",
      "reason": "missing_price_usd"
    },
    {
      "codigo": "56278",
      "action": "skipped",
      "reason": "missing_price_usd"
    },
    {
      "codigo": "56252",
      "action": "skipped",
      "reason": "missing_price_usd"
    },
    {
      "codigo": "56238",
      "action": "skipped",
      "reason": "missing_price_usd"
    },
    {
      "codigo": "56233",
      "action": "skipped",
      "reason": "missing_price_usd"
    },
    {
      "codigo": "19197",
      "action": "created",
      "productId": "69f3d7c443593ae9f97aadb9"
    },
    {
      "codigo": "18337",
      "action": "created",
      "productId": "69f3d7c443593ae9f97aadbc"
    },
    {
      "codigo": "18952",
      "action": "created",
      "productId": "69f3d7c543593ae9f97aadd6"
    },
    {
      "codigo": "18694",
      "action": "created",
      "productId": "69f3d7c543593ae9f97aadf1"
    },
    {
      "codigo": "19706",
      "action": "created",
      "productId": "69f3d7c543593ae9f97aae0d"
    },
    {
      "codigo": "18338",
      "action": "created",
      "productId": "69f3d7c643593ae9f97aae3e"
    },
    {
      "codigo": "56222",
      "action": "created",
      "productId": "69f3d7c843593ae9f97aae59"
    },
    {
      "codigo": "56221",
      "action": "created",
      "productId": "69f3d7c843593ae9f97aae74"
    },
    {
      "codigo": "56220",
      "action": "created",
      "productId": "69f3d7c843593ae9f97aae8f"
    },
    {
      "codigo": "17813",
      "action": "created",
      "productId": "69f3d7c843593ae9f97aaeaa"
    },
    {
      "codigo": "17660",
      "action": "created",
      "productId": "69f3d7c943593ae9f97aaec5"
    },
    {
      "codigo": "17539",
      "action": "created",
      "productId": "69f3d7ca43593ae9f97aaee0"
    },
    {
      "codigo": "56218",
      "action": "created",
      "productId": "69f3d7ca43593ae9f97aaefb"
    },
    {
      "codigo": "56219",
      "action": "created",
      "productId": "69f3d7ca43593ae9f97aaf00"
    },
    {
      "codigo": "56217",
      "action": "created",
      "productId": "69f3d7cb43593ae9f97aaf3b"
    },
    {
      "codigo": "56225",
      "action": "created",
      "productId": "69f3d7cb43593ae9f97aaf3f"
    },
    {
      "codigo": "56227",
      "action": "created",
      "productId": "69f3d7cb43593ae9f97aaf64"
    },
    {
      "codigo": "56229",
      "action": "created",
      "productId": "69f3d7cb43593ae9f97aaf86"
    },
    {
      "codigo": "56215",
      "action": "created",
      "productId": "69f3d7cb43593ae9f97aafca"
    },
    {
      "codigo": "56226",
      "action": "created",
      "productId": "69f3d7cc43593ae9f97aaff7"
    },
    {
      "codigo": "56216",
      "action": "created",
      "productId": "69f3d7cc43593ae9f97ab024"
    },
    {
      "codigo": "56213",
      "action": "created",
      "productId": "69f3d7cc43593ae9f97ab052"
    },
    {
      "codigo": "56212",
      "action": "created",
      "productId": "69f3d7cc43593ae9f97ab056"
    },
    {
      "codigo": "56214",
      "action": "created",
      "productId": "69f3d7cd43593ae9f97ab0af"
    },
    {
      "codigo": "56190",
      "action": "created",
      "productId": "69f3d7cd43593ae9f97ab0e5"
    },
    {
      "codigo": "56211",
      "action": "created",
      "productId": "69f3d7cd43593ae9f97ab0e3"
    },
    {
      "codigo": "56189",
      "action": "created",
      "productId": "69f3d7ce43593ae9f97ab14b"
    },
    {
      "codigo": "56191",
      "action": "created",
      "productId": "69f3d7ce43593ae9f97ab14d"
    },
    {
      "codigo": "56182",
      "action": "created",
      "productId": "69f3d7d243593ae9f97ab1b3"
    },
    {
      "codigo": "56183",
      "action": "created",
      "productId": "69f3d7d443593ae9f97ab1e9"
    },
    {
      "codigo": "56178",
      "action": "created",
      "productId": "69f3d7d443593ae9f97ab1ee"
    },
    {
      "codigo": "56151",
      "action": "created",
      "productId": "69f3d7d443593ae9f97ab256"
    },
    {
      "codigo": "56145",
      "action": "created",
      "productId": "69f3d7d543593ae9f97ab28f"
    },
    {
      "codigo": "56146",
      "action": "created",
      "productId": "69f3d7d543593ae9f97ab291"
    },
    {
      "codigo": "56179",
      "action": "created",
      "productId": "69f3d7d543593ae9f97ab2fb"
    },
    {
      "codigo": "56079",
      "action": "created",
      "productId": "69f3d7d743593ae9f97ab334"
    },
    {
      "codigo": "56078",
      "action": "created",
      "productId": "69f3d7d843593ae9f97ab36d"
    },
    {
      "codigo": "55977",
      "action": "created",
      "productId": "69f3d7d843593ae9f97ab3a7"
    },
    {
      "codigo": "55908",
      "action": "created",
      "productId": "69f3d7d943593ae9f97ab3e1"
    },
    {
      "codigo": "56093",
      "action": "created",
      "productId": "69f3d7da43593ae9f97ab41c"
    },
    {
      "codigo": "56069",
      "action": "created",
      "productId": "69f3d7da43593ae9f97ab421"
    },
    {
      "codigo": "56050",
      "action": "created",
      "productId": "69f3d7db43593ae9f97ab492"
    },
    {
      "codigo": "56052",
      "action": "created",
      "productId": "69f3d7dc43593ae9f97ab4d1"
    },
    {
      "codigo": "55816",
      "action": "created",
      "productId": "69f3d7dc43593ae9f97ab4d4"
    },
    {
      "codigo": "56049",
      "action": "created",
      "productId": "69f3d7dc43593ae9f97ab4d7"
    },
    {
      "codigo": "55801",
      "action": "created",
      "productId": "69f3d7dc43593ae9f97ab4da"
    },
    {
      "codigo": "55800",
      "action": "created",
      "productId": "69f3d7dd43593ae9f97ab5b9"
    },
    {
      "codigo": "55799",
      "action": "created",
      "productId": "69f3d7dd43593ae9f97ab5f4"
    },
    {
      "codigo": "56077",
      "action": "created",
      "productId": "69f3d7de43593ae9f97ab62f"
    },
    {
      "codigo": "55842",
      "action": "created",
      "productId": "69f3d7de43593ae9f97ab66a"
    },
    {
      "codigo": "55819",
      "action": "created",
      "productId": "69f3d7de43593ae9f97ab6a7"
    },
    {
      "codigo": "55798",
      "action": "created",
      "productId": "69f3d7de43593ae9f97ab6a9"
    },
    {
      "codigo": "55792",
      "action": "created",
      "productId": "69f3d7e143593ae9f97ab71d"
    },
    {
      "codigo": "55757",
      "action": "created",
      "productId": "69f3d7e143593ae9f97ab71f"
    },
    {
      "codigo": "55748",
      "action": "created",
      "productId": "69f3d7e243593ae9f97ab791"
    },
    {
      "codigo": "55747",
      "action": "created",
      "productId": "69f3d7e443593ae9f97ab7cc"
    },
    {
      "codigo": "55787",
      "action": "created",
      "productId": "69f3d7e443593ae9f97ab807"
    },
    {
      "codigo": "55789",
      "action": "created",
      "productId": "69f3d7e443593ae9f97ab843"
    },
    {
      "codigo": "55763",
      "action": "created",
      "productId": "69f3d7e543593ae9f97ab848"
    },
    {
      "codigo": "55749",
      "action": "created",
      "productId": "69f3d7e543593ae9f97ab8bb"
    },
    {
      "codigo": "55760",
      "action": "created",
      "productId": "69f3d7e543593ae9f97ab8f9"
    },
    {
      "codigo": "55788",
      "action": "created",
      "productId": "69f3d7e543593ae9f97ab8fb"
    },
    {
      "codigo": "55771",
      "action": "created",
      "productId": "69f3d7e643593ae9f97ab970"
    },
    {
      "codigo": "55726",
      "action": "created",
      "productId": "69f3d7ea43593ae9f97ab9ad"
    },
    {
      "codigo": "55728",
      "action": "created",
      "productId": "69f3d7ea43593ae9f97ab9ea"
    },
    {
      "codigo": "55744",
      "action": "created",
      "productId": "69f3d7eb43593ae9f97aba27"
    },
    {
      "codigo": "55727",
      "action": "created",
      "productId": "69f3d7eb43593ae9f97aba64"
    },
    {
      "codigo": "55730",
      "action": "created",
      "productId": "69f3d7ec43593ae9f97abaa1"
    },
    {
      "codigo": "55738",
      "action": "created",
      "productId": "69f3d7ec43593ae9f97abae0"
    },
    {
      "codigo": "55736",
      "action": "created",
      "productId": "69f3d7ed43593ae9f97abb1f"
    },
    {
      "codigo": "55745",
      "action": "created",
      "productId": "69f3d7ed43593ae9f97abb5e"
    },
    {
      "codigo": "55741",
      "action": "created",
      "productId": "69f3d7ed43593ae9f97abb9d"
    },
    {
      "codigo": "55746",
      "action": "created",
      "productId": "69f3d7ee43593ae9f97abbdc"
    },
    {
      "codigo": "55723",
      "action": "created",
      "productId": "69f3d7ef43593ae9f97abc1b"
    },
    {
      "codigo": "55458",
      "action": "created",
      "productId": "69f3d7f043593ae9f97abc5a"
    },
    {
      "codigo": "55682",
      "action": "created",
      "productId": "69f3d7f143593ae9f97abc99"
    },
    {
      "codigo": "55670",
      "action": "created",
      "productId": "69f3d7f143593ae9f97abc9e"
    },
    {
      "codigo": "55720",
      "action": "created",
      "productId": "69f3d7f143593ae9f97abd19"
    },
    {
      "codigo": "55429",
      "action": "created",
      "productId": "69f3d7f243593ae9f97abd59"
    },
    {
      "codigo": "55615",
      "action": "created",
      "productId": "69f3d7f243593ae9f97abd99"
    },
    {
      "codigo": "55414",
      "action": "created",
      "productId": "69f3d7f343593ae9f97abddb"
    },
    {
      "codigo": "55631",
      "action": "created",
      "productId": "69f3d7f343593ae9f97abddd"
    },
    {
      "codigo": "55552",
      "action": "created",
      "productId": "69f3d7f343593ae9f97abe59"
    },
    {
      "codigo": "55449",
      "action": "created",
      "productId": "69f3d7f443593ae9f97abe99"
    },
    {
      "codigo": "55450",
      "action": "created",
      "productId": "69f3d7f443593ae9f97abed9"
    },
    {
      "codigo": "55375",
      "action": "created",
      "productId": "69f3d7f843593ae9f97abf1a"
    },
    {
      "codigo": "55412",
      "action": "created",
      "productId": "69f3d7f843593ae9f97abf1e"
    },
    {
      "codigo": "55372",
      "action": "created",
      "productId": "69f3d7f843593ae9f97abf9c"
    },
    {
      "codigo": "55162",
      "action": "created",
      "productId": "69f3d7f843593ae9f97abf9f"
    },
    {
      "codigo": "55373",
      "action": "created",
      "productId": "69f3d7f843593ae9f97abfa2"
    },
    {
      "codigo": "55160",
      "action": "created",
      "productId": "69f3d7f943593ae9f97ac059"
    },
    {
      "codigo": "55159",
      "action": "created",
      "productId": "69f3d7f943593ae9f97ac099"
    },
    {
      "codigo": "55186",
      "action": "created",
      "productId": "69f3d7f943593ae9f97ac0d9"
    },
    {
      "codigo": "55193",
      "action": "created",
      "productId": "69f3d7fa43593ae9f97ac119"
    },
    {
      "codigo": "55180",
      "action": "created",
      "productId": "69f3d7fb43593ae9f97ac159"
    },
    {
      "codigo": "55158",
      "action": "created",
      "productId": "69f3d7fc43593ae9f97ac199"
    },
    {
      "codigo": "55157",
      "action": "created",
      "productId": "69f3d7fd43593ae9f97ac1d9"
    },
    {
      "codigo": "55103",
      "action": "created",
      "productId": "69f3d80043593ae9f97ac21c"
    },
    {
      "codigo": "55102",
      "action": "created",
      "productId": "69f3d80043593ae9f97ac21e"
    },
    {
      "codigo": "55104",
      "action": "created",
      "productId": "69f3d80043593ae9f97ac225"
    },
    {
      "codigo": "55101",
      "action": "created",
      "productId": "69f3d80043593ae9f97ac264"
    },
    {
      "codigo": "55086",
      "action": "created",
      "productId": "69f3d80143593ae9f97ac322"
    },
    {
      "codigo": "55049",
      "action": "created",
      "productId": "69f3d80143593ae9f97ac364"
    },
    {
      "codigo": "55019",
      "action": "created",
      "productId": "69f3d80143593ae9f97ac3a6"
    },
    {
      "codigo": "54945",
      "action": "created",
      "productId": "69f3d80243593ae9f97ac3e8"
    },
    {
      "codigo": "54983",
      "action": "created",
      "productId": "69f3d80343593ae9f97ac42a"
    },
    {
      "codigo": "54914",
      "action": "created",
      "productId": "69f3d80443593ae9f97ac46c"
    },
    {
      "codigo": "54857",
      "action": "created",
      "productId": "69f3d80543593ae9f97ac4ae"
    },
    {
      "codigo": "54834",
      "action": "created",
      "productId": "69f3d80543593ae9f97ac4f0"
    },
    {
      "codigo": "54838",
      "action": "created",
      "productId": "69f3d80743593ae9f97ac533"
    },
    {
      "codigo": "54895",
      "action": "created",
      "productId": "69f3d80743593ae9f97ac536"
    },
    {
      "codigo": "54837",
      "action": "created",
      "productId": "69f3d80843593ae9f97ac5b6"
    },
    {
      "codigo": "54802",
      "action": "created",
      "productId": "69f3d80943593ae9f97ac5f9"
    },
    {
      "codigo": "54804",
      "action": "created",
      "productId": "69f3d80943593ae9f97ac5fd"
    },
    {
      "codigo": "54795",
      "action": "created",
      "productId": "69f3d80943593ae9f97ac63f"
    },
    {
      "codigo": "54580",
      "action": "created",
      "productId": "69f3d80a43593ae9f97ac6be"
    },
    {
      "codigo": "54536",
      "action": "created",
      "productId": "69f3d80a43593ae9f97ac700"
    },
    {
      "codigo": "54535",
      "action": "created",
      "productId": "69f3d80b43593ae9f97ac745"
    },
    {
      "codigo": "54544",
      "action": "created",
      "productId": "69f3d80b43593ae9f97ac747"
    },
    {
      "codigo": "54534",
      "action": "created",
      "productId": "69f3d80c43593ae9f97ac7c9"
    },
    {
      "codigo": "54541",
      "action": "created",
      "productId": "69f3d80d43593ae9f97ac80c"
    },
    {
      "codigo": "54530",
      "action": "created",
      "productId": "69f3d80e43593ae9f97ac84f"
    },
    {
      "codigo": "54542",
      "action": "created",
      "productId": "69f3d80e43593ae9f97ac893"
    },
    {
      "codigo": "54538",
      "action": "created",
      "productId": "69f3d80e43593ae9f97ac897"
    },
    {
      "codigo": "54527",
      "action": "created",
      "productId": "69f3d80f43593ae9f97ac918"
    },
    {
      "codigo": "54372",
      "action": "created",
      "productId": "69f3d81043593ae9f97ac95b"
    },
    {
      "codigo": "54507",
      "action": "created",
      "productId": "69f3d81143593ae9f97ac99f"
    },
    {
      "codigo": "54497",
      "action": "created",
      "productId": "69f3d81243593ae9f97ac9e4"
    },
    {
      "codigo": "54432",
      "action": "created",
      "productId": "69f3d81243593ae9f97ac9e8"
    },
    {
      "codigo": "54370",
      "action": "created",
      "productId": "69f3d81243593ae9f97aca6d"
    },
    {
      "codigo": "54371",
      "action": "created",
      "productId": "69f3d81243593ae9f97aca6f"
    },
    {
      "codigo": "54332",
      "action": "created",
      "productId": "69f3d81343593ae9f97acaf3"
    },
    {
      "codigo": "54391",
      "action": "created",
      "productId": "69f3d81343593ae9f97acb39"
    },
    {
      "codigo": "54362",
      "action": "created",
      "productId": "69f3d81343593ae9f97acb3c"
    },
    {
      "codigo": "53268",
      "action": "created",
      "productId": "69f3d81443593ae9f97acb7f"
    },
    {
      "codigo": "43225",
      "action": "created",
      "productId": "69f3d81543593ae9f97acc03"
    },
    {
      "codigo": "43226",
      "action": "created",
      "productId": "69f3d81643593ae9f97acc47"
    },
    {
      "codigo": "54243",
      "action": "created",
      "productId": "69f3d81643593ae9f97acc8b"
    },
    {
      "codigo": "43224",
      "action": "created",
      "productId": "69f3d81743593ae9f97accd3"
    },
    {
      "codigo": "54230",
      "action": "created",
      "productId": "69f3d81743593ae9f97accd1"
    },
    {
      "codigo": "54309",
      "action": "created",
      "productId": "69f3d81743593ae9f97acd57"
    },
    {
      "codigo": "53011",
      "action": "created",
      "productId": "69f3d81843593ae9f97acd9c"
    },
    {
      "codigo": "54232",
      "action": "created",
      "productId": "69f3d81a43593ae9f97acde1"
    },
    {
      "codigo": "54209",
      "action": "created",
      "productId": "69f3d81b43593ae9f97ace26"
    },
    {
      "codigo": "39994",
      "action": "created",
      "productId": "69f3d81b43593ae9f97ace6b"
    },
    {
      "codigo": "54208",
      "action": "created",
      "productId": "69f3d81c43593ae9f97aceb1"
    },
    {
      "codigo": "48983",
      "action": "created",
      "productId": "69f3d81d43593ae9f97aceb5"
    },
    {
      "codigo": "52871",
      "action": "created",
      "productId": "69f3d81d43593ae9f97acf3a"
    },
    {
      "codigo": "53950",
      "action": "created",
      "productId": "69f3d81d43593ae9f97acf7f"
    },
    {
      "codigo": "53949",
      "action": "created",
      "productId": "69f3d81d43593ae9f97acfc4"
    },
    {
      "codigo": "53445",
      "action": "created",
      "productId": "69f3d81e43593ae9f97ad00a"
    },
    {
      "codigo": "47023",
      "action": "created",
      "productId": "69f3d81e43593ae9f97ad00e"
    },
    {
      "codigo": "53897",
      "action": "created",
      "productId": "69f3d82143593ae9f97ad094"
    },
    {
      "codigo": "53895",
      "action": "created",
      "productId": "69f3d82143593ae9f97ad097"
    },
    {
      "codigo": "53302",
      "action": "created",
      "productId": "69f3d82243593ae9f97ad11d"
    },
    {
      "codigo": "53793",
      "action": "created",
      "productId": "69f3d82343593ae9f97ad162"
    },
    {
      "codigo": "53304",
      "action": "created",
      "productId": "69f3d82343593ae9f97ad167"
    },
    {
      "codigo": "52511",
      "action": "created",
      "productId": "69f3d82443593ae9f97ad1ec"
    },
    {
      "codigo": "53773",
      "action": "created",
      "productId": "69f3d82443593ae9f97ad232"
    },
    {
      "codigo": "53775",
      "action": "created",
      "productId": "69f3d82443593ae9f97ad279"
    },
    {
      "codigo": "53300",
      "action": "created",
      "productId": "69f3d82543593ae9f97ad27d"
    },
    {
      "codigo": "53753",
      "action": "created",
      "productId": "69f3d82643593ae9f97ad30c"
    },
    {
      "codigo": "53713",
      "action": "created",
      "productId": "69f3d82743593ae9f97ad358"
    },
    {
      "codigo": "52892",
      "action": "created",
      "productId": "69f3d82943593ae9f97ad3a5"
    },
    {
      "codigo": "52894",
      "action": "created",
      "productId": "69f3d82a43593ae9f97ad3f2"
    },
    {
      "codigo": "53562",
      "action": "created",
      "productId": "69f3d82a43593ae9f97ad443"
    },
    {
      "codigo": "53527",
      "action": "created",
      "productId": "69f3d82a43593ae9f97ad447"
    },
    {
      "codigo": "53564",
      "action": "created",
      "productId": "69f3d82a43593ae9f97ad445"
    },
    {
      "codigo": "53437",
      "action": "created",
      "productId": "69f3d82b43593ae9f97ad526"
    },
    {
      "codigo": "53413",
      "action": "created",
      "productId": "69f3d82b43593ae9f97ad573"
    },
    {
      "codigo": "53366",
      "action": "created",
      "productId": "69f3d82c43593ae9f97ad5c0"
    },
    {
      "codigo": "53580",
      "action": "created",
      "productId": "69f3d82d43593ae9f97ad60d"
    },
    {
      "codigo": "53326",
      "action": "created",
      "productId": "69f3d83043593ae9f97ad65a"
    },
    {
      "codigo": "53206",
      "action": "created",
      "productId": "69f3d83043593ae9f97ad6a7"
    },
    {
      "codigo": "53247",
      "action": "created",
      "productId": "69f3d83143593ae9f97ad6f4"
    },
    {
      "codigo": "53360",
      "action": "created",
      "productId": "69f3d83143593ae9f97ad743"
    },
    {
      "codigo": "53301",
      "action": "created",
      "productId": "69f3d83143593ae9f97ad745"
    },
    {
      "codigo": "53285",
      "action": "created",
      "productId": "69f3d83143593ae9f97ad793"
    },
    {
      "codigo": "53245",
      "action": "created",
      "productId": "69f3d83143593ae9f97ad828"
    },
    {
      "codigo": "53233",
      "action": "created",
      "productId": "69f3d83243593ae9f97ad875"
    },
    {
      "codigo": "53315",
      "action": "created",
      "productId": "69f3d83343593ae9f97ad8c2"
    },
    {
      "codigo": "53232",
      "action": "created",
      "productId": "69f3d83543593ae9f97ad90f"
    },
    {
      "codigo": "53203",
      "action": "created",
      "productId": "69f3d83643593ae9f97ad95c"
    },
    {
      "codigo": "53184",
      "action": "created",
      "productId": "69f3d83743593ae9f97ad9a9"
    },
    {
      "codigo": "53092",
      "action": "created",
      "productId": "69f3d83743593ae9f97ad9f6"
    },
    {
      "codigo": "53183",
      "action": "created",
      "productId": "69f3d83843593ae9f97ada43"
    },
    {
      "codigo": "53072",
      "action": "created",
      "productId": "69f3d83843593ae9f97ada91"
    },
    {
      "codigo": "53181",
      "action": "created",
      "productId": "69f3d83843593ae9f97ada94"
    },
    {
      "codigo": "37878",
      "action": "created",
      "productId": "69f3d83843593ae9f97adb2a"
    },
    {
      "codigo": "53018",
      "action": "created",
      "productId": "69f3d83943593ae9f97adb77"
    },
    {
      "codigo": "53005",
      "action": "created",
      "productId": "69f3d83b43593ae9f97adbc4"
    },
    {
      "codigo": "48733",
      "action": "created",
      "productId": "69f3d83c43593ae9f97adc13"
    },
    {
      "codigo": "48031",
      "action": "created",
      "productId": "69f3d83c43593ae9f97adc15"
    },
    {
      "codigo": "52893",
      "action": "created",
      "productId": "69f3d83c43593ae9f97adcab"
    },
    {
      "codigo": "48009",
      "action": "created",
      "productId": "69f3d83e43593ae9f97adcf8"
    },
    {
      "codigo": "52862",
      "action": "created",
      "productId": "69f3d83f43593ae9f97add45"
    },
    {
      "codigo": "52870",
      "action": "created",
      "productId": "69f3d83f43593ae9f97add94"
    },
    {
      "codigo": "52866",
      "action": "created",
      "productId": "69f3d83f43593ae9f97add96"
    },
    {
      "codigo": "52726",
      "action": "created",
      "productId": "69f3d84043593ae9f97ade2c"
    },
    {
      "codigo": "52934",
      "action": "created",
      "productId": "69f3d84043593ae9f97ade31"
    },
    {
      "codigo": "52855",
      "action": "created",
      "productId": "69f3d84143593ae9f97adec6"
    },
    {
      "codigo": "52852",
      "action": "created",
      "productId": "69f3d84243593ae9f97adf13"
    },
    {
      "codigo": "52841",
      "action": "created",
      "productId": "69f3d84443593ae9f97adf60"
    },
    {
      "codigo": "45373",
      "action": "created",
      "productId": "69f3d84543593ae9f97adfad"
    },
    {
      "codigo": "51134",
      "action": "created",
      "productId": "69f3d84543593ae9f97adffd"
    },
    {
      "codigo": "45249",
      "action": "created",
      "productId": "69f3d84543593ae9f97ae000"
    },
    {
      "codigo": "52696",
      "action": "created",
      "productId": "69f3d84543593ae9f97ae003"
    },
    {
      "codigo": "52659",
      "action": "created",
      "productId": "69f3d84543593ae9f97ae09a"
    },
    {
      "codigo": "52673",
      "action": "created",
      "productId": "69f3d84543593ae9f97ae134"
    },
    {
      "codigo": "52464",
      "action": "created",
      "productId": "69f3d84543593ae9f97ae136"
    },
    {
      "codigo": "52661",
      "action": "created",
      "productId": "69f3d84643593ae9f97ae1ce"
    },
    {
      "codigo": "51537",
      "action": "created",
      "productId": "69f3d84643593ae9f97ae21c"
    },
    {
      "codigo": "45575",
      "action": "created",
      "productId": "69f3d84843593ae9f97ae26a"
    },
    {
      "codigo": "52360",
      "action": "created",
      "productId": "69f3d84943593ae9f97ae2b8"
    },
    {
      "codigo": "52452",
      "action": "created",
      "productId": "69f3d84b43593ae9f97ae306"
    },
    {
      "codigo": "52363",
      "action": "created",
      "productId": "69f3d84b43593ae9f97ae354"
    },
    {
      "codigo": "52396",
      "action": "created",
      "productId": "69f3d84c43593ae9f97ae3a2"
    },
    {
      "codigo": "51168",
      "action": "created",
      "productId": "69f3d84d43593ae9f97ae3f2"
    },
    {
      "codigo": "52330",
      "action": "created",
      "productId": "69f3d84d43593ae9f97ae3f4"
    },
    {
      "codigo": "52405",
      "action": "created",
      "productId": "69f3d84e43593ae9f97ae492"
    },
    {
      "codigo": "52385",
      "action": "created",
      "productId": "69f3d84e43593ae9f97ae490"
    },
    {
      "codigo": "52389",
      "action": "error",
      "error": "E11000 duplicate key error collection: Eccomercejm.products index: slug_1 dup key: { slug: \"consola-nintendo-switch-2-256gb-negro-juego-mario-kart-world-bee-s-kb6la-e6g\" }"
    },
    {
      "codigo": "52280",
      "action": "created",
      "productId": "69f3d84f43593ae9f97ae576"
    },
    {
      "codigo": "52276",
      "action": "created",
      "productId": "69f3d85043593ae9f97ae5c4"
    },
    {
      "codigo": "52207",
      "action": "created",
      "productId": "69f3d85143593ae9f97ae613"
    },
    {
      "codigo": "45248",
      "action": "created",
      "productId": "69f3d85243593ae9f97ae617"
    },
    {
      "codigo": "52206",
      "action": "created",
      "productId": "69f3d85243593ae9f97ae6b0"
    },
    {
      "codigo": "52201",
      "action": "created",
      "productId": "69f3d85243593ae9f97ae6fe"
    },
    {
      "codigo": "52110",
      "action": "created",
      "productId": "69f3d85443593ae9f97ae74f"
    },
    {
      "codigo": "52116",
      "action": "created",
      "productId": "69f3d85443593ae9f97ae751"
    },
    {
      "codigo": "52149",
      "action": "created",
      "productId": "69f3d85443593ae9f97ae7eb"
    },
    {
      "codigo": "52098",
      "action": "created",
      "productId": "69f3d85543593ae9f97ae83a"
    },
    {
      "codigo": "52073",
      "action": "created",
      "productId": "69f3d85643593ae9f97ae889"
    },
    {
      "codigo": "51990",
      "action": "created",
      "productId": "69f3d85843593ae9f97ae8d8"
    },
    {
      "codigo": "51908",
      "action": "created",
      "productId": "69f3d85843593ae9f97ae927"
    },
    {
      "codigo": "45021",
      "action": "created",
      "productId": "69f3d85943593ae9f97ae976"
    },
    {
      "codigo": "40562",
      "action": "created",
      "productId": "69f3d85a43593ae9f97ae9c5"
    },
    {
      "codigo": "47569",
      "action": "created",
      "productId": "69f3d85a43593ae9f97aea14"
    },
    {
      "codigo": "50807",
      "action": "created",
      "productId": "69f3d85b43593ae9f97aea63"
    },
    {
      "codigo": "51794",
      "action": "created",
      "productId": "69f3d85b43593ae9f97aeab2"
    },
    {
      "codigo": "51709",
      "action": "created",
      "productId": "69f3d85c43593ae9f97aeb01"
    },
    {
      "codigo": "51791",
      "action": "created",
      "productId": "69f3d85c43593ae9f97aeb50"
    },
    {
      "codigo": "51707",
      "action": "created",
      "productId": "69f3d85f43593ae9f97aeba1"
    },
    {
      "codigo": "36364",
      "action": "created",
      "productId": "69f3d86043593ae9f97aebf2"
    },
    {
      "codigo": "51708",
      "action": "created",
      "productId": "69f3d86043593ae9f97aec43"
    },
    {
      "codigo": "51704",
      "action": "created",
      "productId": "69f3d86043593ae9f97aec48"
    },
    {
      "codigo": "51706",
      "action": "created",
      "productId": "69f3d86143593ae9f97aece5"
    },
    {
      "codigo": "51703",
      "action": "created",
      "productId": "69f3d86143593ae9f97aed36"
    },
    {
      "codigo": "51623",
      "action": "created",
      "productId": "69f3d86243593ae9f97aed88"
    },
    {
      "codigo": "51494",
      "action": "created",
      "productId": "69f3d86243593ae9f97aeddc"
    },
    {
      "codigo": "36362",
      "action": "created",
      "productId": "69f3d86343593ae9f97aee31"
    },
    {
      "codigo": "44473",
      "action": "created",
      "productId": "69f3d86443593ae9f97aee86"
    },
    {
      "codigo": "50283",
      "action": "created",
      "productId": "69f3d86543593ae9f97aeedb"
    },
    {
      "codigo": "44472",
      "action": "created",
      "productId": "69f3d86643593ae9f97aef30"
    },
    {
      "codigo": "51484",
      "action": "created",
      "productId": "69f3d86643593ae9f97aef85"
    },
    {
      "codigo": "51489",
      "action": "created",
      "productId": "69f3d86643593ae9f97aefda"
    },
    {
      "codigo": "51479",
      "action": "created",
      "productId": "69f3d86843593ae9f97af02f"
    },
    {
      "codigo": "51486",
      "action": "created",
      "productId": "69f3d86943593ae9f97af084"
    },
    {
      "codigo": "51451",
      "action": "created",
      "productId": "69f3d86a43593ae9f97af0d9"
    },
    {
      "codigo": "51445",
      "action": "created",
      "productId": "69f3d86a43593ae9f97af12e"
    },
    {
      "codigo": "51446",
      "action": "created",
      "productId": "69f3d86a43593ae9f97af186"
    },
    {
      "codigo": "50902",
      "action": "created",
      "productId": "69f3d86c43593ae9f97af1de"
    },
    {
      "codigo": "40715",
      "action": "created",
      "productId": "69f3d86c43593ae9f97af236"
    },
    {
      "codigo": "51434",
      "action": "created",
      "productId": "69f3d86d43593ae9f97af28e"
    },
    {
      "codigo": "51433",
      "action": "created",
      "productId": "69f3d86d43593ae9f97af2e6"
    },
    {
      "codigo": "51285",
      "action": "created",
      "productId": "69f3d86e43593ae9f97af33e"
    },
    {
      "codigo": "51202",
      "action": "created",
      "productId": "69f3d86e43593ae9f97af396"
    },
    {
      "codigo": "51257",
      "action": "created",
      "productId": "69f3d86f43593ae9f97af39b"
    },
    {
      "codigo": "51256",
      "action": "created",
      "productId": "69f3d86f43593ae9f97af448"
    },
    {
      "codigo": "51203",
      "action": "created",
      "productId": "69f3d86f43593ae9f97af44a"
    },
    {
      "codigo": "51175",
      "action": "created",
      "productId": "69f3d86f43593ae9f97af4f6"
    },
    {
      "codigo": "50039",
      "action": "created",
      "productId": "69f3d87143593ae9f97af54e"
    },
    {
      "codigo": "51201",
      "action": "created",
      "productId": "69f3d87243593ae9f97af5a6"
    },
    {
      "codigo": "49946",
      "action": "created",
      "productId": "69f3d87343593ae9f97af5fe"
    },
    {
      "codigo": "51055",
      "action": "created",
      "productId": "69f3d87343593ae9f97af656"
    },
    {
      "codigo": "51054",
      "action": "created",
      "productId": "69f3d87543593ae9f97af6ae"
    },
    {
      "codigo": "51053",
      "action": "created",
      "productId": "69f3d87643593ae9f97af707"
    },
    {
      "codigo": "51051",
      "action": "created",
      "productId": "69f3d87643593ae9f97af70b"
    },
    {
      "codigo": "50945",
      "action": "created",
      "productId": "69f3d87643593ae9f97af7b6"
    },
    {
      "codigo": "49718",
      "action": "created",
      "productId": "69f3d87743593ae9f97af80e"
    },
    {
      "codigo": "50947",
      "action": "created",
      "productId": "69f3d87743593ae9f97af866"
    },
    {
      "codigo": "50919",
      "action": "created",
      "productId": "69f3d87743593ae9f97af86b"
    },
    {
      "codigo": "50940",
      "action": "created",
      "productId": "69f3d87843593ae9f97af917"
    },
    {
      "codigo": "50941",
      "action": "created",
      "productId": "69f3d87843593ae9f97af91a"
    },
    {
      "codigo": "50918",
      "action": "created",
      "productId": "69f3d87a43593ae9f97af9c6"
    },
    {
      "codigo": "50916",
      "action": "created",
      "productId": "69f3d87c43593ae9f97afa1e"
    },
    {
      "codigo": "50913",
      "action": "created",
      "productId": "69f3d87d43593ae9f97afa77"
    },
    {
      "codigo": "50888",
      "action": "created",
      "productId": "69f3d87d43593ae9f97afad0"
    },
    {
      "codigo": "50915",
      "action": "created",
      "productId": "69f3d87d43593ae9f97afb29"
    },
    {
      "codigo": "50887",
      "action": "created",
      "productId": "69f3d87e43593ae9f97afb82"
    },
    {
      "codigo": "49651",
      "action": "created",
      "productId": "69f3d87e43593ae9f97afbdb"
    },
    {
      "codigo": "50814",
      "action": "created",
      "productId": "69f3d87f43593ae9f97afc34"
    },
    {
      "codigo": "50779",
      "action": "created",
      "productId": "69f3d87f43593ae9f97afc8e"
    },
    {
      "codigo": "50829",
      "action": "created",
      "productId": "69f3d87f43593ae9f97afce6"
    },
    {
      "codigo": "50499",
      "action": "created",
      "productId": "69f3d87f43593ae9f97afd3f"
    },
    {
      "codigo": "50813",
      "action": "created",
      "productId": "69f3d88043593ae9f97afd98"
    },
    {
      "codigo": "50356",
      "action": "created",
      "productId": "69f3d88343593ae9f97afdf3"
    },
    {
      "codigo": "43600",
      "action": "created",
      "productId": "69f3d88343593ae9f97afdf5"
    },
    {
      "codigo": "44941",
      "action": "created",
      "productId": "69f3d88343593ae9f97afea5"
    },
    {
      "codigo": "49176",
      "action": "created",
      "productId": "69f3d88443593ae9f97afeff"
    },
    {
      "codigo": "50635",
      "action": "created",
      "productId": "69f3d88443593ae9f97aff59"
    },
    {
      "codigo": "50421",
      "action": "created",
      "productId": "69f3d88543593ae9f97affb3"
    },
    {
      "codigo": "50162",
      "action": "created",
      "productId": "69f3d88543593ae9f97b000d"
    },
    {
      "codigo": "50355",
      "action": "created",
      "productId": "69f3d88643593ae9f97b0067"
    },
    {
      "codigo": "49458",
      "action": "created",
      "productId": "69f3d88643593ae9f97b00c1"
    },
    {
      "codigo": "50336",
      "action": "created",
      "productId": "69f3d88643593ae9f97b00c6"
    },
    {
      "codigo": "49951",
      "action": "created",
      "productId": "69f3d88943593ae9f97b0175"
    },
    {
      "codigo": "49953",
      "action": "created",
      "productId": "69f3d88a43593ae9f97b01cf"
    },
    {
      "codigo": "49949",
      "action": "created",
      "productId": "69f3d88a43593ae9f97b0229"
    },
    {
      "codigo": "49948",
      "action": "created",
      "productId": "69f3d88b43593ae9f97b0283"
    },
    {
      "codigo": "49947",
      "action": "created",
      "productId": "69f3d88b43593ae9f97b02dd"
    },
    {
      "codigo": "49854",
      "action": "created",
      "productId": "69f3d88b43593ae9f97b0337"
    },
    {
      "codigo": "49940",
      "action": "created",
      "productId": "69f3d88c43593ae9f97b0394"
    },
    {
      "codigo": "49851",
      "action": "created",
      "productId": "69f3d88c43593ae9f97b0397"
    },
    {
      "codigo": "49941",
      "action": "created",
      "productId": "69f3d88c43593ae9f97b0399"
    },
    {
      "codigo": "49939",
      "action": "created",
      "productId": "69f3d88d43593ae9f97b049f"
    },
    {
      "codigo": "49938",
      "action": "created",
      "productId": "69f3d88e43593ae9f97b04f9"
    },
    {
      "codigo": "49814",
      "action": "created",
      "productId": "69f3d89043593ae9f97b0553"
    },
    {
      "codigo": "49812",
      "action": "created",
      "productId": "69f3d89143593ae9f97b05ad"
    },
    {
      "codigo": "27713",
      "action": "created",
      "productId": "69f3d89143593ae9f97b0607"
    },
    {
      "codigo": "49734",
      "action": "created",
      "productId": "69f3d89243593ae9f97b0661"
    },
    {
      "codigo": "49674",
      "action": "created",
      "productId": "69f3d89243593ae9f97b06bb"
    },
    {
      "codigo": "49688",
      "action": "created",
      "productId": "69f3d89243593ae9f97b0715"
    },
    {
      "codigo": "49683",
      "action": "created",
      "productId": "69f3d89343593ae9f97b076f"
    },
    {
      "codigo": "49545",
      "action": "created",
      "productId": "69f3d89343593ae9f97b07c9"
    },
    {
      "codigo": "49544",
      "action": "created",
      "productId": "69f3d89443593ae9f97b0823"
    },
    {
      "codigo": "48335",
      "action": "created",
      "productId": "69f3d89443593ae9f97b087d"
    },
    {
      "codigo": "33059",
      "action": "created",
      "productId": "69f3d89743593ae9f97b08d7"
    },
    {
      "codigo": "49461",
      "action": "created",
      "productId": "69f3d89743593ae9f97b0931"
    },
    {
      "codigo": "48334",
      "action": "created",
      "productId": "69f3d89743593ae9f97b098b"
    },
    {
      "codigo": "49510",
      "action": "created",
      "productId": "69f3d89843593ae9f97b09e5"
    },
    {
      "codigo": "49375",
      "action": "created",
      "productId": "69f3d89843593ae9f97b0a3f"
    },
    {
      "codigo": "48143",
      "action": "created",
      "productId": "69f3d89943593ae9f97b0a9b"
    },
    {
      "codigo": "49460",
      "action": "created",
      "productId": "69f3d89943593ae9f97b0a9d"
    },
    {
      "codigo": "49366",
      "action": "created",
      "productId": "69f3d89943593ae9f97b0b4d"
    },
    {
      "codigo": "49316",
      "action": "created",
      "productId": "69f3d89a43593ae9f97b0ba7"
    },
    {
      "codigo": "38192",
      "action": "created",
      "productId": "69f3d89b43593ae9f97b0c05"
    },
    {
      "codigo": "49309",
      "action": "created",
      "productId": "69f3d89b43593ae9f97b0c03"
    },
    {
      "codigo": "49302",
      "action": "created",
      "productId": "69f3d89d43593ae9f97b0cb6"
    },
    {
      "codigo": "49254",
      "action": "created",
      "productId": "69f3d89d43593ae9f97b0cba"
    },
    {
      "codigo": "42195",
      "action": "created",
      "productId": "69f3d89e43593ae9f97b0d69"
    },
    {
      "codigo": "49098",
      "action": "created",
      "productId": "69f3d89e43593ae9f97b0dc7"
    },
    {
      "codigo": "49153",
      "action": "created",
      "productId": "69f3d89e43593ae9f97b0dc5"
    },
    {
      "codigo": "49253",
      "action": "created",
      "productId": "69f3d89f43593ae9f97b0e77"
    },
    {
      "codigo": "48539",
      "action": "created",
      "productId": "69f3d8a043593ae9f97b0ed1"
    },
    {
      "codigo": "29007",
      "action": "created",
      "productId": "69f3d8a143593ae9f97b0f2b"
    },
    {
      "codigo": "48984",
      "action": "created",
      "productId": "69f3d8a243593ae9f97b0f85"
    },
    {
      "codigo": "48972",
      "action": "created",
      "productId": "69f3d8a243593ae9f97b0fe0"
    },
    {
      "codigo": "48964",
      "action": "created",
      "productId": "69f3d8a543593ae9f97b103b"
    },
    {
      "codigo": "48921",
      "action": "created",
      "productId": "69f3d8a543593ae9f97b1096"
    },
    {
      "codigo": "48776",
      "action": "created",
      "productId": "69f3d8a543593ae9f97b10f3"
    },
    {
      "codigo": "48794",
      "action": "created",
      "productId": "69f3d8a543593ae9f97b10f5"
    },
    {
      "codigo": "48971",
      "action": "created",
      "productId": "69f3d8a643593ae9f97b11a7"
    },
    {
      "codigo": "48738",
      "action": "created",
      "productId": "69f3d8a643593ae9f97b1204"
    },
    {
      "codigo": "48743",
      "action": "created",
      "productId": "69f3d8a643593ae9f97b1206"
    },
    {
      "codigo": "48658",
      "action": "created",
      "productId": "69f3d8a743593ae9f97b12b8"
    },
    {
      "codigo": "48639",
      "action": "created",
      "productId": "69f3d8a943593ae9f97b1313"
    },
    {
      "codigo": "48643",
      "action": "created",
      "productId": "69f3d8aa43593ae9f97b136e"
    },
    {
      "codigo": "48635",
      "action": "created",
      "productId": "69f3d8aa43593ae9f97b13c9"
    },
    {
      "codigo": "48560",
      "action": "created",
      "productId": "69f3d8ab43593ae9f97b1424"
    },
    {
      "codigo": "48538",
      "action": "created",
      "productId": "69f3d8ab43593ae9f97b147f"
    },
    {
      "codigo": "48638",
      "action": "created",
      "productId": "69f3d8ab43593ae9f97b14da"
    },
    {
      "codigo": "47085",
      "action": "created",
      "productId": "69f3d8ab43593ae9f97b1535"
    },
    {
      "codigo": "48584",
      "action": "created",
      "productId": "69f3d8ac43593ae9f97b1590"
    },
    {
      "codigo": "48594",
      "action": "created",
      "productId": "69f3d8ad43593ae9f97b15ec"
    },
    {
      "codigo": "48556",
      "action": "created",
      "productId": "69f3d8ad43593ae9f97b15f0"
    },
    {
      "codigo": "48536",
      "action": "created",
      "productId": "69f3d8ae43593ae9f97b16a1"
    },
    {
      "codigo": "48513",
      "action": "created",
      "productId": "69f3d8ae43593ae9f97b16fd"
    },
    {
      "codigo": "48537",
      "action": "created",
      "productId": "69f3d8ae43593ae9f97b1701"
    },
    {
      "codigo": "48283",
      "action": "created",
      "productId": "69f3d8af43593ae9f97b17b2"
    },
    {
      "codigo": "43950",
      "action": "created",
      "productId": "69f3d8b043593ae9f97b180f"
    },
    {
      "codigo": "48208",
      "action": "created",
      "productId": "69f3d8b043593ae9f97b1816"
    },
    {
      "codigo": "48206",
      "action": "created",
      "productId": "69f3d8b043593ae9f97b1814"
    },
    {
      "codigo": "48435",
      "action": "created",
      "productId": "69f3d8b243593ae9f97b1922"
    },
    {
      "codigo": "48316",
      "action": "created",
      "productId": "69f3d8b343593ae9f97b1980"
    },
    {
      "codigo": "48315",
      "action": "created",
      "productId": "69f3d8b343593ae9f97b1984"
    },
    {
      "codigo": "48119",
      "action": "created",
      "productId": "69f3d8b343593ae9f97b1a39"
    },
    {
      "codigo": "41205",
      "action": "created",
      "productId": "69f3d8b343593ae9f97b1a96"
    },
    {
      "codigo": "48057",
      "action": "created",
      "productId": "69f3d8b443593ae9f97b1af3"
    },
    {
      "codigo": "48111",
      "action": "created",
      "productId": "69f3d8b643593ae9f97b1b51"
    },
    {
      "codigo": "48110",
      "action": "created",
      "productId": "69f3d8b643593ae9f97b1b55"
    },
    {
      "codigo": "48029",
      "action": "created",
      "productId": "69f3d8b643593ae9f97b1c0a"
    },
    {
      "codigo": "48035",
      "action": "created",
      "productId": "69f3d8b743593ae9f97b1c67"
    },
    {
      "codigo": "48026",
      "action": "created",
      "productId": "69f3d8b843593ae9f97b1cc4"
    },
    {
      "codigo": "48019",
      "action": "created",
      "productId": "69f3d8b843593ae9f97b1d21"
    },
    {
      "codigo": "48025",
      "action": "created",
      "productId": "69f3d8b943593ae9f97b1d7e"
    },
    {
      "codigo": "48014",
      "action": "created",
      "productId": "69f3d8b943593ae9f97b1ddb"
    },
    {
      "codigo": "48020",
      "action": "created",
      "productId": "69f3d8b943593ae9f97b1e38"
    },
    {
      "codigo": "47989",
      "action": "created",
      "productId": "69f3d8ba43593ae9f97b1e95"
    },
    {
      "codigo": "47999",
      "action": "created",
      "productId": "69f3d8ba43593ae9f97b1ef2"
    },
    {
      "codigo": "47998",
      "action": "created",
      "productId": "69f3d8bc43593ae9f97b1f4f"
    },
    {
      "codigo": "46621",
      "action": "created",
      "productId": "69f3d8bc43593ae9f97b1fac"
    },
    {
      "codigo": "47850",
      "action": "created",
      "productId": "69f3d8bc43593ae9f97b2009"
    },
    {
      "codigo": "47960",
      "action": "created",
      "productId": "69f3d8bd43593ae9f97b2066"
    },
    {
      "codigo": "47661",
      "action": "created",
      "productId": "69f3d8bd43593ae9f97b20c3"
    },
    {
      "codigo": "42782",
      "action": "created",
      "productId": "69f3d8bf43593ae9f97b2121"
    },
    {
      "codigo": "47821",
      "action": "created",
      "productId": "69f3d8bf43593ae9f97b2125"
    },
    {
      "codigo": "47933",
      "action": "created",
      "productId": "69f3d8c043593ae9f97b21da"
    },
    {
      "codigo": "47612",
      "action": "created",
      "productId": "69f3d8c043593ae9f97b2237"
    },
    {
      "codigo": "47663",
      "action": "created",
      "productId": "69f3d8c043593ae9f97b2294"
    },
    {
      "codigo": "47819",
      "action": "created",
      "productId": "69f3d8c143593ae9f97b22f2"
    },
    {
      "codigo": "47581",
      "action": "created",
      "productId": "69f3d8c143593ae9f97b2350"
    },
    {
      "codigo": "47660",
      "action": "created",
      "productId": "69f3d8c243593ae9f97b23ae"
    },
    {
      "codigo": "47406",
      "action": "created",
      "productId": "69f3d8c243593ae9f97b240d"
    },
    {
      "codigo": "47413",
      "action": "created",
      "productId": "69f3d8c243593ae9f97b2411"
    },
    {
      "codigo": "47645",
      "action": "created",
      "productId": "69f3d8c243593ae9f97b246f"
    },
    {
      "codigo": "47420",
      "action": "created",
      "productId": "69f3d8c443593ae9f97b2526"
    },
    {
      "codigo": "47382",
      "action": "created",
      "productId": "69f3d8c443593ae9f97b2584"
    },
    {
      "codigo": "47350",
      "action": "created",
      "productId": "69f3d8c543593ae9f97b25e2"
    },
    {
      "codigo": "47354",
      "action": "created",
      "productId": "69f3d8c643593ae9f97b2640"
    },
    {
      "codigo": "47357",
      "action": "created",
      "productId": "69f3d8c643593ae9f97b269e"
    },
    {
      "codigo": "47364",
      "action": "created",
      "productId": "69f3d8c743593ae9f97b26ff"
    },
    {
      "codigo": "45919",
      "action": "created",
      "productId": "69f3d8c743593ae9f97b2702"
    },
    {
      "codigo": "47391",
      "action": "created",
      "productId": "69f3d8c743593ae9f97b2705"
    },
    {
      "codigo": "46746",
      "action": "created",
      "productId": "69f3d8c843593ae9f97b2816"
    },
    {
      "codigo": "47329",
      "action": "created",
      "productId": "69f3d8c843593ae9f97b2874"
    },
    {
      "codigo": "47323",
      "action": "created",
      "productId": "69f3d8c843593ae9f97b28d2"
    },
    {
      "codigo": "47198",
      "action": "created",
      "productId": "69f3d8c943593ae9f97b2930"
    },
    {
      "codigo": "42852",
      "action": "created",
      "productId": "69f3d8ca43593ae9f97b298f"
    },
    {
      "codigo": "46741",
      "action": "created",
      "productId": "69f3d8cb43593ae9f97b29ee"
    },
    {
      "codigo": "46706",
      "action": "created",
      "productId": "69f3d8cb43593ae9f97b2a4d"
    },
    {
      "codigo": "47144",
      "action": "created",
      "productId": "69f3d8cc43593ae9f97b2aac"
    },
    {
      "codigo": "46619",
      "action": "created",
      "productId": "69f3d8cc43593ae9f97b2b0c"
    },
    {
      "codigo": "47137",
      "action": "created",
      "productId": "69f3d8cc43593ae9f97b2b10"
    },
    {
      "codigo": "46624",
      "action": "created",
      "productId": "69f3d8cc43593ae9f97b2bc9"
    },
    {
      "codigo": "46745",
      "action": "created",
      "productId": "69f3d8cd43593ae9f97b2c28"
    },
    {
      "codigo": "47022",
      "action": "created",
      "productId": "69f3d8ce43593ae9f97b2c87"
    },
    {
      "codigo": "45213",
      "action": "created",
      "productId": "69f3d8cf43593ae9f97b2ce6"
    },
    {
      "codigo": "46546",
      "action": "created",
      "productId": "69f3d8d143593ae9f97b2d45"
    },
    {
      "codigo": "46170",
      "action": "created",
      "productId": "69f3d8d143593ae9f97b2d4c"
    },
    {
      "codigo": "46547",
      "action": "created",
      "productId": "69f3d8d143593ae9f97b2d4e"
    },
    {
      "codigo": "46545",
      "action": "created",
      "productId": "69f3d8d243593ae9f97b2e07"
    },
    {
      "codigo": "46193",
      "action": "created",
      "productId": "69f3d8d243593ae9f97b2e67"
    },
    {
      "codigo": "46192",
      "action": "created",
      "productId": "69f3d8d243593ae9f97b2e6b"
    },
    {
      "codigo": "46544",
      "action": "created",
      "productId": "69f3d8d343593ae9f97b2f81"
    },
    {
      "codigo": "46169",
      "action": "created",
      "productId": "69f3d8d343593ae9f97b2f84"
    },
    {
      "codigo": "46519",
      "action": "created",
      "productId": "69f3d8d343593ae9f97b3040"
    },
    {
      "codigo": "46186",
      "action": "created",
      "productId": "69f3d8d543593ae9f97b30a0"
    },
    {
      "codigo": "46039",
      "action": "created",
      "productId": "69f3d8d543593ae9f97b3100"
    },
    {
      "codigo": "45976",
      "action": "created",
      "productId": "69f3d8d643593ae9f97b3160"
    },
    {
      "codigo": "45815",
      "action": "created",
      "productId": "69f3d8d743593ae9f97b31c6"
    },
    {
      "codigo": "46084",
      "action": "created",
      "productId": "69f3d8d743593ae9f97b31c8"
    },
    {
      "codigo": "45904",
      "action": "created",
      "productId": "69f3d8d743593ae9f97b31ca"
    },
    {
      "codigo": "46063",
      "action": "created",
      "productId": "69f3d8d843593ae9f97b32ea"
    },
    {
      "codigo": "45746",
      "action": "created",
      "productId": "69f3d8d843593ae9f97b334e"
    },
    {
      "codigo": "46040",
      "action": "created",
      "productId": "69f3d8d943593ae9f97b33b2"
    },
    {
      "codigo": "45986",
      "action": "created",
      "productId": "69f3d8d943593ae9f97b3416"
    },
    {
      "codigo": "45903",
      "action": "created",
      "productId": "69f3d8d943593ae9f97b347a"
    },
    {
      "codigo": "45548",
      "action": "created",
      "productId": "69f3d8db43593ae9f97b34de"
    },
    {
      "codigo": "31915",
      "action": "created",
      "productId": "69f3d8db43593ae9f97b3544"
    },
    {
      "codigo": "45653",
      "action": "created",
      "productId": "69f3d8db43593ae9f97b3546"
    },
    {
      "codigo": "45771",
      "action": "created",
      "productId": "69f3d8db43593ae9f97b35ab"
    },
    {
      "codigo": "45346",
      "action": "created",
      "productId": "69f3d8db43593ae9f97b360e"
    },
    {
      "codigo": "45702",
      "action": "created",
      "productId": "69f3d8dd43593ae9f97b36d2"
    },
    {
      "codigo": "44871",
      "action": "created",
      "productId": "69f3d8de43593ae9f97b3736"
    },
    {
      "codigo": "45156",
      "action": "created",
      "productId": "69f3d8de43593ae9f97b379a"
    },
    {
      "codigo": "44951",
      "action": "created",
      "productId": "69f3d8de43593ae9f97b37fe"
    },
    {
      "codigo": "44622",
      "action": "created",
      "productId": "69f3d8de43593ae9f97b3862"
    },
    {
      "codigo": "44713",
      "action": "created",
      "productId": "69f3d8df43593ae9f97b38c8"
    },
    {
      "codigo": "43955",
      "action": "created",
      "productId": "69f3d8df43593ae9f97b38ca"
    },
    {
      "codigo": "44614",
      "action": "created",
      "productId": "69f3d8e043593ae9f97b398e"
    },
    {
      "codigo": "40454",
      "action": "created",
      "productId": "69f3d8e143593ae9f97b39f2"
    },
    {
      "codigo": "44772",
      "action": "created",
      "productId": "69f3d8e143593ae9f97b3a56"
    },
    {
      "codigo": "39339",
      "action": "created",
      "productId": "69f3d8e243593ae9f97b3aba"
    },
    {
      "codigo": "43698",
      "action": "created",
      "productId": "69f3d8e343593ae9f97b3b1e"
    },
    {
      "codigo": "44598",
      "action": "created",
      "productId": "69f3d8e443593ae9f97b3b85"
    },
    {
      "codigo": "44615",
      "action": "created",
      "productId": "69f3d8e443593ae9f97b3b88"
    },
    {
      "codigo": "44379",
      "action": "created",
      "productId": "69f3d8e443593ae9f97b3b8c"
    },
    {
      "codigo": "44444",
      "action": "created",
      "productId": "69f3d8e443593ae9f97b3bee"
    },
    {
      "codigo": "43540",
      "action": "created",
      "productId": "69f3d8e543593ae9f97b3cb3"
    },
    {
      "codigo": "43599",
      "action": "created",
      "productId": "69f3d8e543593ae9f97b3d76"
    },
    {
      "codigo": "43426",
      "action": "created",
      "productId": "69f3d8e643593ae9f97b3dda"
    },
    {
      "codigo": "44209",
      "action": "created",
      "productId": "69f3d8e643593ae9f97b3e3e"
    },
    {
      "codigo": "43697",
      "action": "created",
      "productId": "69f3d8e643593ae9f97b3ea2"
    },
    {
      "codigo": "43537",
      "action": "created",
      "productId": "69f3d8e743593ae9f97b3f07"
    },
    {
      "codigo": "43230",
      "action": "created",
      "productId": "69f3d8e743593ae9f97b3f6a"
    },
    {
      "codigo": "42886",
      "action": "created",
      "productId": "69f3d8e843593ae9f97b3fce"
    },
    {
      "codigo": "42885",
      "action": "created",
      "productId": "69f3d8e843593ae9f97b4032"
    },
    {
      "codigo": "42644",
      "action": "created",
      "productId": "69f3d8ea43593ae9f97b4097"
    },
    {
      "codigo": "42963",
      "action": "created",
      "productId": "69f3d8ea43593ae9f97b409b"
    },
    {
      "codigo": "42871",
      "action": "created",
      "productId": "69f3d8ea43593ae9f97b415e"
    },
    {
      "codigo": "42944",
      "action": "created",
      "productId": "69f3d8ea43593ae9f97b41c2"
    },
    {
      "codigo": "42604",
      "action": "created",
      "productId": "69f3d8ea43593ae9f97b4226"
    },
    {
      "codigo": "42942",
      "action": "created",
      "productId": "69f3d8ec43593ae9f97b428a"
    },
    {
      "codigo": "42106",
      "action": "created",
      "productId": "69f3d8ec43593ae9f97b42ee"
    },
    {
      "codigo": "41999",
      "action": "created",
      "productId": "69f3d8ed43593ae9f97b4352"
    },
    {
      "codigo": "42805",
      "action": "created",
      "productId": "69f3d8ed43593ae9f97b43b6"
    },
    {
      "codigo": "42338",
      "action": "created",
      "productId": "69f3d8ed43593ae9f97b441b"
    },
    {
      "codigo": "24344",
      "action": "created",
      "productId": "69f3d8ee43593ae9f97b4480"
    },
    {
      "codigo": "42093",
      "action": "created",
      "productId": "69f3d8ef43593ae9f97b44e5"
    },
    {
      "codigo": "41781",
      "action": "created",
      "productId": "69f3d8f043593ae9f97b454a"
    },
    {
      "codigo": "41955",
      "action": "created",
      "productId": "69f3d8f043593ae9f97b45af"
    },
    {
      "codigo": "41742",
      "action": "created",
      "productId": "69f3d8f043593ae9f97b4614"
    },
    {
      "codigo": "41869",
      "action": "created",
      "productId": "69f3d8f043593ae9f97b4679"
    },
    {
      "codigo": "41810",
      "action": "created",
      "productId": "69f3d8f143593ae9f97b46e0"
    },
    {
      "codigo": "41630",
      "action": "created",
      "productId": "69f3d8f143593ae9f97b46e2"
    },
    {
      "codigo": "41632",
      "action": "created",
      "productId": "69f3d8f243593ae9f97b47a8"
    },
    {
      "codigo": "41643",
      "action": "created",
      "productId": "69f3d8f243593ae9f97b480d"
    },
    {
      "codigo": "41552",
      "action": "created",
      "productId": "69f3d8f343593ae9f97b4872"
    },
    {
      "codigo": "41481",
      "action": "created",
      "productId": "69f3d8f443593ae9f97b48d7"
    },
    {
      "codigo": "31471",
      "action": "created",
      "productId": "69f3d8f443593ae9f97b493c"
    },
    {
      "codigo": "41629",
      "action": "created",
      "productId": "69f3d8f443593ae9f97b49a3"
    },
    {
      "codigo": "41480",
      "action": "created",
      "productId": "69f3d8f443593ae9f97b49a5"
    },
    {
      "codigo": "41627",
      "action": "created",
      "productId": "69f3d8f443593ae9f97b4a0c"
    },
    {
      "codigo": "36432",
      "action": "created",
      "productId": "69f3d8f543593ae9f97b4a0f"
    },
    {
      "codigo": "33343",
      "action": "created",
      "productId": "69f3d8f643593ae9f97b4b35"
    },
    {
      "codigo": "31495",
      "action": "created",
      "productId": "69f3d8f743593ae9f97b4b9a"
    },
    {
      "codigo": "40776",
      "action": "created",
      "productId": "69f3d8f743593ae9f97b4bff"
    },
    {
      "codigo": "27232",
      "action": "created",
      "productId": "69f3d8f743593ae9f97b4c64"
    },
    {
      "codigo": "41212",
      "action": "created",
      "productId": "69f3d8f943593ae9f97b4cc9"
    },
    {
      "codigo": "41213",
      "action": "created",
      "productId": "69f3d8f943593ae9f97b4d2e"
    },
    {
      "codigo": "39815",
      "action": "created",
      "productId": "69f3d8f943593ae9f97b4d94"
    },
    {
      "codigo": "40660",
      "action": "created",
      "productId": "69f3d8f943593ae9f97b4df8"
    },
    {
      "codigo": "41219",
      "action": "created",
      "productId": "69f3d8fa43593ae9f97b4e5d"
    },
    {
      "codigo": "40655",
      "action": "created",
      "productId": "69f3d8fa43593ae9f97b4ec2"
    },
    {
      "codigo": "40790",
      "action": "created",
      "productId": "69f3d8fa43593ae9f97b4f27"
    },
    {
      "codigo": "40653",
      "action": "created",
      "productId": "69f3d8fb43593ae9f97b4f8c"
    },
    {
      "codigo": "40651",
      "action": "created",
      "productId": "69f3d8fc43593ae9f97b4ff1"
    },
    {
      "codigo": "40313",
      "action": "created",
      "productId": "69f3d8fd43593ae9f97b5056"
    },
    {
      "codigo": "40619",
      "action": "created",
      "productId": "69f3d8fd43593ae9f97b50bb"
    },
    {
      "codigo": "40539",
      "action": "created",
      "productId": "69f3d8fe43593ae9f97b5120"
    },
    {
      "codigo": "40563",
      "action": "created",
      "productId": "69f3d8ff43593ae9f97b5185"
    },
    {
      "codigo": "40376",
      "action": "created",
      "productId": "69f3d8ff43593ae9f97b51ea"
    },
    {
      "codigo": "40281",
      "action": "created",
      "productId": "69f3d8ff43593ae9f97b5250"
    },
    {
      "codigo": "40079",
      "action": "created",
      "productId": "69f3d8ff43593ae9f97b5254"
    },
    {
      "codigo": "40128",
      "action": "created",
      "productId": "69f3d90043593ae9f97b5319"
    },
    {
      "codigo": "39808",
      "action": "created",
      "productId": "69f3d90043593ae9f97b537e"
    },
    {
      "codigo": "39781",
      "action": "created",
      "productId": "69f3d90143593ae9f97b53e5"
    },
    {
      "codigo": "40240",
      "action": "created",
      "productId": "69f3d90143593ae9f97b53e7"
    },
    {
      "codigo": "35226",
      "action": "created",
      "productId": "69f3d90243593ae9f97b54ad"
    },
    {
      "codigo": "39553",
      "action": "created",
      "productId": "69f3d90243593ae9f97b5512"
    },
    {
      "codigo": "39550",
      "action": "created",
      "productId": "69f3d90343593ae9f97b5577"
    },
    {
      "codigo": "39996",
      "action": "created",
      "productId": "69f3d90343593ae9f97b55dc"
    },
    {
      "codigo": "39552",
      "action": "created",
      "productId": "69f3d90443593ae9f97b5641"
    },
    {
      "codigo": "27878",
      "action": "created",
      "productId": "69f3d90443593ae9f97b56a6"
    },
    {
      "codigo": "39322",
      "action": "created",
      "productId": "69f3d90543593ae9f97b570b"
    },
    {
      "codigo": "39363",
      "action": "created",
      "productId": "69f3d90543593ae9f97b5772"
    },
    {
      "codigo": "39749",
      "action": "created",
      "productId": "69f3d90543593ae9f97b5776"
    },
    {
      "codigo": "39097",
      "action": "created",
      "productId": "69f3d90543593ae9f97b583d"
    },
    {
      "codigo": "39201",
      "action": "created",
      "productId": "69f3d90643593ae9f97b58a3"
    },
    {
      "codigo": "31411",
      "action": "created",
      "productId": "69f3d90743593ae9f97b5909"
    },
    {
      "codigo": "39023",
      "action": "created",
      "productId": "69f3d90743593ae9f97b596f"
    },
    {
      "codigo": "38993",
      "action": "created",
      "productId": "69f3d90843593ae9f97b59d5"
    },
    {
      "codigo": "38692",
      "action": "created",
      "productId": "69f3d90843593ae9f97b5a3b"
    },
    {
      "codigo": "39002",
      "action": "created",
      "productId": "69f3d90943593ae9f97b5aa2"
    },
    {
      "codigo": "38303",
      "action": "created",
      "productId": "69f3d90943593ae9f97b5aa6"
    },
    {
      "codigo": "39015",
      "action": "created",
      "productId": "69f3d90a43593ae9f97b5b6d"
    },
    {
      "codigo": "38495",
      "action": "created",
      "productId": "69f3d90a43593ae9f97b5bd3"
    },
    {
      "codigo": "38037",
      "action": "created",
      "productId": "69f3d90b43593ae9f97b5c39"
    },
    {
      "codigo": "38095",
      "action": "created",
      "productId": "69f3d90b43593ae9f97b5c9f"
    },
    {
      "codigo": "37967",
      "action": "created",
      "productId": "69f3d90c43593ae9f97b5d05"
    },
    {
      "codigo": "38256",
      "action": "created",
      "productId": "69f3d90d43593ae9f97b5d70"
    },
    {
      "codigo": "37752",
      "action": "created",
      "productId": "69f3d90d43593ae9f97b5d72"
    },
    {
      "codigo": "37965",
      "action": "created",
      "productId": "69f3d90e43593ae9f97b5e40"
    },
    {
      "codigo": "37309",
      "action": "created",
      "productId": "69f3d90e43593ae9f97b5ea9"
    },
    {
      "codigo": "37864",
      "action": "created",
      "productId": "69f3d90f43593ae9f97b5eae"
    },
    {
      "codigo": "37717",
      "action": "created",
      "productId": "69f3d90f43593ae9f97b5f7b"
    },
    {
      "codigo": "37663",
      "action": "created",
      "productId": "69f3d91043593ae9f97b5fe4"
    },
    {
      "codigo": "37188",
      "action": "created",
      "productId": "69f3d91043593ae9f97b604d"
    },
    {
      "codigo": "37672",
      "action": "created",
      "productId": "69f3d91043593ae9f97b60b6"
    },
    {
      "codigo": "36866",
      "action": "created",
      "productId": "69f3d91143593ae9f97b611f"
    },
    {
      "codigo": "37157",
      "action": "created",
      "productId": "69f3d91243593ae9f97b6188"
    },
    {
      "codigo": "36681",
      "action": "created",
      "productId": "69f3d91243593ae9f97b61f1"
    },
    {
      "codigo": "36680",
      "action": "created",
      "productId": "69f3d91343593ae9f97b625a"
    },
    {
      "codigo": "36830",
      "action": "created",
      "productId": "69f3d91343593ae9f97b625f"
    },
    {
      "codigo": "36736",
      "action": "created",
      "productId": "69f3d91543593ae9f97b632c"
    },
    {
      "codigo": "36612",
      "action": "created",
      "productId": "69f3d91643593ae9f97b6395"
    },
    {
      "codigo": "36640",
      "action": "created",
      "productId": "69f3d91643593ae9f97b6400"
    },
    {
      "codigo": "36405",
      "action": "created",
      "productId": "69f3d91643593ae9f97b6402"
    },
    {
      "codigo": "36610",
      "action": "created",
      "productId": "69f3d91743593ae9f97b64d0"
    },
    {
      "codigo": "36639",
      "action": "created",
      "productId": "69f3d91743593ae9f97b6539"
    },
    {
      "codigo": "36637",
      "action": "created",
      "productId": "69f3d91743593ae9f97b65a2"
    },
    {
      "codigo": "36571",
      "action": "created",
      "productId": "69f3d91843593ae9f97b660c"
    },
    {
      "codigo": "36569",
      "action": "created",
      "productId": "69f3d91843593ae9f97b6610"
    },
    {
      "codigo": "26153",
      "action": "created",
      "productId": "69f3d91a43593ae9f97b66dd"
    },
    {
      "codigo": "26152",
      "action": "created",
      "productId": "69f3d91b43593ae9f97b6746"
    },
    {
      "codigo": "36363",
      "action": "created",
      "productId": "69f3d91b43593ae9f97b67af"
    },
    {
      "codigo": "35900",
      "action": "created",
      "productId": "69f3d91c43593ae9f97b6818"
    },
    {
      "codigo": "35493",
      "action": "created",
      "productId": "69f3d91c43593ae9f97b6881"
    },
    {
      "codigo": "31825",
      "action": "created",
      "productId": "69f3d91d43593ae9f97b68eb"
    },
    {
      "codigo": "33950",
      "action": "created",
      "productId": "69f3d91d43593ae9f97b68ef"
    },
    {
      "codigo": "34852",
      "action": "created",
      "productId": "69f3d91d43593ae9f97b69bc"
    },
    {
      "codigo": "35106",
      "action": "created",
      "productId": "69f3d91d43593ae9f97b6a25"
    },
    {
      "codigo": "35189",
      "action": "created",
      "productId": "69f3d91e43593ae9f97b6a8e"
    },
    {
      "codigo": "35724",
      "action": "created",
      "productId": "69f3d91e43593ae9f97b6af8"
    },
    {
      "codigo": "35341",
      "action": "created",
      "productId": "69f3d91e43593ae9f97b6afc"
    },
    {
      "codigo": "34997",
      "action": "created",
      "productId": "69f3d91f43593ae9f97b6bc9"
    },
    {
      "codigo": "34996",
      "action": "created",
      "productId": "69f3d92043593ae9f97b6c32"
    },
    {
      "codigo": "8095",
      "action": "created",
      "productId": "69f3d92243593ae9f97b6c9b"
    },
    {
      "codigo": "34470",
      "action": "created",
      "productId": "69f3d92243593ae9f97b6d05"
    },
    {
      "codigo": "32785",
      "action": "created",
      "productId": "69f3d92243593ae9f97b6d09"
    },
    {
      "codigo": "553",
      "action": "created",
      "productId": "69f3d92343593ae9f97b6d71"
    },
    {
      "codigo": "33773",
      "action": "created",
      "productId": "69f3d92343593ae9f97b6e3f"
    },
    {
      "codigo": "34516",
      "action": "created",
      "productId": "69f3d92343593ae9f97b6ea8"
    },
    {
      "codigo": "34291",
      "action": "created",
      "productId": "69f3d92543593ae9f97b6f11"
    },
    {
      "codigo": "33762",
      "action": "created",
      "productId": "69f3d92543593ae9f97b6f16"
    },
    {
      "codigo": "33634",
      "action": "created",
      "productId": "69f3d92643593ae9f97b6fe3"
    },
    {
      "codigo": "32256",
      "action": "created",
      "productId": "69f3d92643593ae9f97b704c"
    },
    {
      "codigo": "30624",
      "action": "created",
      "productId": "69f3d92743593ae9f97b70b5"
    },
    {
      "codigo": "32239",
      "action": "created",
      "productId": "69f3d92743593ae9f97b711f"
    },
    {
      "codigo": "33637",
      "action": "created",
      "productId": "69f3d92843593ae9f97b7123"
    },
    {
      "codigo": "31826",
      "action": "created",
      "productId": "69f3d92943593ae9f97b71f0"
    },
    {
      "codigo": "32432",
      "action": "created",
      "productId": "69f3d92943593ae9f97b725a"
    },
    {
      "codigo": "31240",
      "action": "created",
      "productId": "69f3d92943593ae9f97b725f"
    },
    {
      "codigo": "29120",
      "action": "created",
      "productId": "69f3d92943593ae9f97b72c6"
    },
    {
      "codigo": "30427",
      "action": "created",
      "productId": "69f3d92943593ae9f97b732f"
    },
    {
      "codigo": "30272",
      "action": "created",
      "productId": "69f3d92b43593ae9f97b73fd"
    },
    {
      "codigo": "29910",
      "action": "created",
      "productId": "69f3d92c43593ae9f97b7466"
    },
    {
      "codigo": "30100",
      "action": "created",
      "productId": "69f3d92c43593ae9f97b74cf"
    },
    {
      "codigo": "27891",
      "action": "created",
      "productId": "69f3d92c43593ae9f97b753a"
    },
    {
      "codigo": "30109",
      "action": "created",
      "productId": "69f3d92c43593ae9f97b753c"
    },
    {
      "codigo": "28493",
      "action": "created",
      "productId": "69f3d92d43593ae9f97b760a"
    },
    {
      "codigo": "27619",
      "action": "created",
      "productId": "69f3d92d43593ae9f97b7673"
    },
    {
      "codigo": "29006",
      "action": "created",
      "productId": "69f3d92e43593ae9f97b76dc"
    },
    {
      "codigo": "25872",
      "action": "created",
      "productId": "69f3d92f43593ae9f97b7745"
    },
    {
      "codigo": "26746",
      "action": "created",
      "productId": "69f3d92f43593ae9f97b77ae"
    },
    {
      "codigo": "25802",
      "action": "created",
      "productId": "69f3d93043593ae9f97b7817"
    },
    {
      "codigo": "28197",
      "action": "created",
      "productId": "69f3d93043593ae9f97b7880"
    },
    {
      "codigo": "27522",
      "action": "created",
      "productId": "69f3d93143593ae9f97b78e9"
    },
    {
      "codigo": "25972",
      "action": "created",
      "productId": "69f3d93143593ae9f97b7952"
    },
    {
      "codigo": "26471",
      "action": "created",
      "productId": "69f3d93243593ae9f97b79bb"
    },
    {
      "codigo": "24881",
      "action": "created",
      "productId": "69f3d93243593ae9f97b7a24"
    },
    {
      "codigo": "25916",
      "action": "created",
      "productId": "69f3d93343593ae9f97b7a8d"
    },
    {
      "codigo": "26193",
      "action": "created",
      "productId": "69f3d93343593ae9f97b7af6"
    },
    {
      "codigo": "26456",
      "action": "created",
      "productId": "69f3d93443593ae9f97b7b5f"
    },
    {
      "codigo": "25965",
      "action": "created",
      "productId": "69f3d93443593ae9f97b7bc8"
    },
    {
      "codigo": "24265",
      "action": "created",
      "productId": "69f3d93543593ae9f97b7c31"
    },
    {
      "codigo": "23345",
      "action": "created",
      "productId": "69f3d93743593ae9f97b7c9a"
    },
    {
      "codigo": "24297",
      "action": "created",
      "productId": "69f3d93743593ae9f97b7d03"
    },
    {
      "codigo": "24264",
      "action": "created",
      "productId": "69f3d93743593ae9f97b7d6c"
    },
    {
      "codigo": "23906",
      "action": "created",
      "productId": "69f3d93843593ae9f97b7dd6"
    },
    {
      "codigo": "23734",
      "action": "created",
      "productId": "69f3d93943593ae9f97b7e40"
    },
    {
      "codigo": "22535",
      "action": "created",
      "productId": "69f3d93943593ae9f97b7eaa"
    },
    {
      "codigo": "19327",
      "action": "created",
      "productId": "69f3d93b43593ae9f97b7ee1"
    },
    {
      "codigo": "19329",
      "action": "created",
      "productId": "69f3d93b43593ae9f97b7f18"
    },
    {
      "codigo": "19325",
      "action": "created",
      "productId": "69f3d93b43593ae9f97b7f4f"
    },
    {
      "codigo": "19328",
      "action": "created",
      "productId": "69f3d93c43593ae9f97b7f86"
    },
    {
      "codigo": "58124",
      "action": "updated",
      "productId": "69f379947cdf7fb086a40928"
    },
    {
      "codigo": "14497",
      "action": "created",
      "productId": "69f3d93c43593ae9f97b7ff2"
    },
    {
      "codigo": "13931",
      "action": "created",
      "productId": "69f3d93e43593ae9f97b8029"
    },
    {
      "codigo": "16743",
      "action": "created",
      "productId": "69f3d93e43593ae9f97b8060"
    },
    {
      "codigo": "14899",
      "action": "created",
      "productId": "69f3d93e43593ae9f97b8097"
    },
    {
      "codigo": "55194",
      "action": "created",
      "productId": "69f3d93f43593ae9f97b80ce"
    },
    {
      "codigo": "13310",
      "action": "created",
      "productId": "69f3d94043593ae9f97b8105"
    },
    {
      "codigo": "56444",
      "action": "created",
      "productId": "69f3d94043593ae9f97b813c"
    },
    {
      "codigo": "55668",
      "action": "updated",
      "productId": "69f379987cdf7fb086a40a90"
    },
    {
      "codigo": "58069",
      "action": "updated",
      "productId": "69f379977cdf7fb086a40a65"
    },
    {
      "codigo": "57892",
      "action": "updated",
      "productId": "69f379f27cdf7fb086a4181a"
    },
    {
      "codigo": "58090",
      "action": "updated",
      "productId": "69f379947cdf7fb086a40941"
    },
    {
      "codigo": "58102",
      "action": "updated",
      "productId": "69f379957cdf7fb086a4095a"
    },
    {
      "codigo": "57715",
      "action": "updated",
      "productId": "69f3799b7cdf7fb086a40ae6"
    },
    {
      "codigo": "57553",
      "action": "updated",
      "productId": "69f3799c7cdf7fb086a40b15"
    },
    {
      "codigo": "58106",
      "action": "updated",
      "productId": "69f3276a6078808f7c01a5e7"
    },
    {
      "codigo": "58110",
      "action": "updated",
      "productId": "69f379957cdf7fb086a4098c"
    },
    {
      "codigo": "54786",
      "action": "updated",
      "productId": "69f3799c7cdf7fb086a40b13"
    },
    {
      "codigo": "58065",
      "action": "updated",
      "productId": "69f3799d7cdf7fb086a40b69"
    },
    {
      "codigo": "58066",
      "action": "updated",
      "productId": "69f3799e7cdf7fb086a40b97"
    },
    {
      "codigo": "58107",
      "action": "updated",
      "productId": "69f3276a6078808f7c01a615"
    },
    {
      "codigo": "55862",
      "action": "updated",
      "productId": "69f3799f7cdf7fb086a40bc5"
    },
    {
      "codigo": "57894",
      "action": "updated",
      "productId": "69f379a07cdf7fb086a40bf3"
    },
    {
      "codigo": "55872",
      "action": "updated",
      "productId": "69f379a37cdf7fb086a40c21"
    },
    {
      "codigo": "52478",
      "action": "updated",
      "productId": "69f379a47cdf7fb086a40c7d"
    },
    {
      "codigo": "55114",
      "action": "updated",
      "productId": "69f379a47cdf7fb086a40c4f"
    },
    {
      "codigo": "53734",
      "action": "updated",
      "productId": "69f379a57cdf7fb086a40cab"
    },
    {
      "codigo": "57969",
      "action": "updated",
      "productId": "69f379a97cdf7fb086a40d35"
    },
    {
      "codigo": "52087",
      "action": "updated",
      "productId": "69f379a67cdf7fb086a40cd9"
    },
    {
      "codigo": "57812",
      "action": "updated",
      "productId": "69f379ab7cdf7fb086a40d91"
    },
    {
      "codigo": "58022",
      "action": "updated",
      "productId": "69f379aa7cdf7fb086a40d63"
    },
    {
      "codigo": "52368",
      "action": "updated",
      "productId": "69f379a97cdf7fb086a40d07"
    },
    {
      "codigo": "55976",
      "action": "updated",
      "productId": "69f379ae7cdf7fb086a40e1b"
    },
    {
      "codigo": "58024",
      "action": "updated",
      "productId": "69f379ad7cdf7fb086a40dbf"
    },
    {
      "codigo": "54288",
      "action": "updated",
      "productId": "69f379af7cdf7fb086a40e49"
    },
    {
      "codigo": "56997",
      "action": "updated",
      "productId": "69f379ad7cdf7fb086a40ded"
    },
    {
      "codigo": "55134",
      "action": "updated",
      "productId": "69f379b27cdf7fb086a40ea9"
    },
    {
      "codigo": "55426",
      "action": "updated",
      "productId": "69f379b17cdf7fb086a40e77"
    },
    {
      "codigo": "55778",
      "action": "updated",
      "productId": "69f379b27cdf7fb086a40ea7"
    },
    {
      "codigo": "57455",
      "action": "updated",
      "productId": "69f379b57cdf7fb086a40f2f"
    },
    {
      "codigo": "54549",
      "action": "updated",
      "productId": "69f379b47cdf7fb086a40f01"
    },
    {
      "codigo": "49372",
      "action": "updated",
      "productId": "69f379b77cdf7fb086a40fbd"
    },
    {
      "codigo": "53833",
      "action": "updated",
      "productId": "69f379b77cdf7fb086a40f8b"
    },
    {
      "codigo": "52366",
      "action": "updated",
      "productId": "69f379b87cdf7fb086a40fef"
    },
    {
      "codigo": "55291",
      "action": "updated",
      "productId": "69f379b77cdf7fb086a40f5d"
    },
    {
      "codigo": "55287",
      "action": "updated",
      "productId": "69f379ba7cdf7fb086a41021"
    },
    {
      "codigo": "58026",
      "action": "updated",
      "productId": "69f379c07cdf7fb086a4111c"
    },
    {
      "codigo": "58029",
      "action": "updated",
      "productId": "69f379c07cdf7fb086a41120"
    },
    {
      "codigo": "54861",
      "action": "updated",
      "productId": "69f379bf7cdf7fb086a410b7"
    },
    {
      "codigo": "49060",
      "action": "updated",
      "productId": "69f379be7cdf7fb086a41053"
    },
    {
      "codigo": "52805",
      "action": "updated",
      "productId": "69f379be7cdf7fb086a41085"
    },
    {
      "codigo": "56264",
      "action": "updated",
      "productId": "69f379bf7cdf7fb086a410e9"
    },
    {
      "codigo": "55135",
      "action": "updated",
      "productId": "69f379c27cdf7fb086a41183"
    },
    {
      "codigo": "58025",
      "action": "updated",
      "productId": "69f379c57cdf7fb086a411b9"
    },
    {
      "codigo": "55391",
      "action": "updated",
      "productId": "69f379c67cdf7fb086a411ef"
    },
    {
      "codigo": "58033",
      "action": "updated",
      "productId": "69f379c87cdf7fb086a41260"
    },
    {
      "codigo": "57949",
      "action": "updated",
      "productId": "69f379c87cdf7fb086a4125c"
    },
    {
      "codigo": "51965",
      "action": "updated",
      "productId": "69f379ce7cdf7fb086a412fd"
    },
    {
      "codigo": "55855",
      "action": "updated",
      "productId": "69f379cb7cdf7fb086a412c7"
    },
    {
      "codigo": "55260",
      "action": "updated",
      "productId": "69f379d27cdf7fb086a4139f"
    },
    {
      "codigo": "55874",
      "action": "updated",
      "productId": "69f379cf7cdf7fb086a41333"
    },
    {
      "codigo": "53704",
      "action": "updated",
      "productId": "69f379d57cdf7fb086a41441"
    },
    {
      "codigo": "46801",
      "action": "updated",
      "productId": "69f379d17cdf7fb086a41369"
    },
    {
      "codigo": "54051",
      "action": "updated",
      "productId": "69f379d27cdf7fb086a413d5"
    },
    {
      "codigo": "55436",
      "action": "updated",
      "productId": "69f379d37cdf7fb086a4140b"
    },
    {
      "codigo": "52635",
      "action": "updated",
      "productId": "69f379d87cdf7fb086a41477"
    },
    {
      "codigo": "55782",
      "action": "updated",
      "productId": "69f379d97cdf7fb086a414ad"
    },
    {
      "codigo": "55353",
      "action": "updated",
      "productId": "69f379da7cdf7fb086a41519"
    },
    {
      "codigo": "53152",
      "action": "updated",
      "productId": "69f379d97cdf7fb086a414e3"
    },
    {
      "codigo": "55548",
      "action": "updated",
      "productId": "69f379dc7cdf7fb086a41585"
    },
    {
      "codigo": "57555",
      "action": "updated",
      "productId": "69f379db7cdf7fb086a4154f"
    },
    {
      "codigo": "57429",
      "action": "updated",
      "productId": "69f379df7cdf7fb086a415bb"
    },
    {
      "codigo": "56259",
      "action": "updated",
      "productId": "69f379e17cdf7fb086a415f1"
    },
    {
      "codigo": "56672",
      "action": "updated",
      "productId": "69f379e37cdf7fb086a4165d"
    },
    {
      "codigo": "55873",
      "action": "updated",
      "productId": "69f379e27cdf7fb086a41627"
    },
    {
      "codigo": "57810",
      "action": "updated",
      "productId": "69f379e77cdf7fb086a416c9"
    },
    {
      "codigo": "55295",
      "action": "updated",
      "productId": "69f379eb7cdf7fb086a4176c"
    },
    {
      "codigo": "56741",
      "action": "updated",
      "productId": "69f379e97cdf7fb086a41735"
    },
    {
      "codigo": "54922",
      "action": "updated",
      "productId": "69f379ed7cdf7fb086a417a7"
    },
    {
      "codigo": "57896",
      "action": "updated",
      "productId": "69f379ed7cdf7fb086a417a5"
    },
    {
      "codigo": "57893",
      "action": "updated",
      "productId": "69f379f07cdf7fb086a41816"
    },
    {
      "codigo": "57876",
      "action": "updated",
      "productId": "69f379f37cdf7fb086a41822"
    },
    {
      "codigo": "55423",
      "action": "updated",
      "productId": "69f379ee7cdf7fb086a41812"
    },
    {
      "codigo": "57874",
      "action": "updated",
      "productId": "69f379f37cdf7fb086a4181e"
    },
    {
      "codigo": "54147",
      "action": "updated",
      "productId": "69f379e57cdf7fb086a41693"
    },
    {
      "codigo": "57875",
      "action": "updated",
      "productId": "69f379f47cdf7fb086a41826"
    },
    {
      "codigo": "57873",
      "action": "created",
      "productId": "69f3d98243593ae9f97b91a3"
    },
    {
      "codigo": "57869",
      "action": "created",
      "productId": "69f3d98443593ae9f97b91dc"
    },
    {
      "codigo": "57731",
      "action": "created",
      "productId": "69f3d98443593ae9f97b9215"
    },
    {
      "codigo": "57837",
      "action": "created",
      "productId": "69f3d98543593ae9f97b924e"
    },
    {
      "codigo": "57789",
      "action": "created",
      "productId": "69f3d98543593ae9f97b9287"
    },
    {
      "codigo": "57730",
      "action": "created",
      "productId": "69f3d98543593ae9f97b92c0"
    },
    {
      "codigo": "57732",
      "action": "created",
      "productId": "69f3d98743593ae9f97b92f9"
    },
    {
      "codigo": "57718",
      "action": "created",
      "productId": "69f3d98743593ae9f97b9332"
    },
    {
      "codigo": "57729",
      "action": "created",
      "productId": "69f3d98743593ae9f97b936b"
    },
    {
      "codigo": "57714",
      "action": "created",
      "productId": "69f3d98843593ae9f97b93a4"
    },
    {
      "codigo": "57717",
      "action": "created",
      "productId": "69f3d98943593ae9f97b93dd"
    },
    {
      "codigo": "57760",
      "action": "created",
      "productId": "69f3d98943593ae9f97b9416"
    },
    {
      "codigo": "57676",
      "action": "created",
      "productId": "69f3d98a43593ae9f97b944f"
    },
    {
      "codigo": "57631",
      "action": "created",
      "productId": "69f3d98c43593ae9f97b9488"
    },
    {
      "codigo": "57529",
      "action": "created",
      "productId": "69f3d98c43593ae9f97b94c1"
    },
    {
      "codigo": "57601",
      "action": "created",
      "productId": "69f3d98d43593ae9f97b94fa"
    },
    {
      "codigo": "57438",
      "action": "created",
      "productId": "69f3d98e43593ae9f97b9533"
    },
    {
      "codigo": "57430",
      "action": "created",
      "productId": "69f3d98f43593ae9f97b956c"
    },
    {
      "codigo": "57427",
      "action": "created",
      "productId": "69f3d99043593ae9f97b95a5"
    },
    {
      "codigo": "57426",
      "action": "created",
      "productId": "69f3d99143593ae9f97b95df"
    },
    {
      "codigo": "57431",
      "action": "created",
      "productId": "69f3d99343593ae9f97b9619"
    },
    {
      "codigo": "57309",
      "action": "created",
      "productId": "69f3d99343593ae9f97b9653"
    },
    {
      "codigo": "57313",
      "action": "created",
      "productId": "69f3d99443593ae9f97b968d"
    },
    {
      "codigo": "57303",
      "action": "created",
      "productId": "69f3d99543593ae9f97b96c8"
    },
    {
      "codigo": "57302",
      "action": "created",
      "productId": "69f3d99543593ae9f97b96cc"
    },
    {
      "codigo": "57135",
      "action": "created",
      "productId": "69f3d99643593ae9f97b973b"
    },
    {
      "codigo": "57134",
      "action": "created",
      "productId": "69f3d99743593ae9f97b9775"
    },
    {
      "codigo": "57297",
      "action": "created",
      "productId": "69f3d99843593ae9f97b97af"
    },
    {
      "codigo": "57130",
      "action": "created",
      "productId": "69f3d99943593ae9f97b97e9"
    },
    {
      "codigo": "56970",
      "action": "created",
      "productId": "69f3d99a43593ae9f97b9823"
    },
    {
      "codigo": "57129",
      "action": "created",
      "productId": "69f3d99a43593ae9f97b985d"
    },
    {
      "codigo": "56664",
      "action": "created",
      "productId": "69f3d99c43593ae9f97b9897"
    },
    {
      "codigo": "57034",
      "action": "created",
      "productId": "69f3d99c43593ae9f97b98d1"
    },
    {
      "codigo": "56914",
      "action": "created",
      "productId": "69f3d99c43593ae9f97b990b"
    },
    {
      "codigo": "57033",
      "action": "created",
      "productId": "69f3d99d43593ae9f97b9945"
    },
    {
      "codigo": "56554",
      "action": "created",
      "productId": "69f3d99e43593ae9f97b997f"
    },
    {
      "codigo": "56432",
      "action": "created",
      "productId": "69f3d99f43593ae9f97b99b9"
    },
    {
      "codigo": "56649",
      "action": "created",
      "productId": "69f3d9a043593ae9f97b99f3"
    },
    {
      "codigo": "56256",
      "action": "created",
      "productId": "69f3d9a043593ae9f97b9a2d"
    },
    {
      "codigo": "55959",
      "action": "created",
      "productId": "69f3d9a143593ae9f97b9a67"
    },
    {
      "codigo": "56248",
      "action": "created",
      "productId": "69f3d9a243593ae9f97b9aa1"
    },
    {
      "codigo": "56064",
      "action": "created",
      "productId": "69f3d9a343593ae9f97b9adb"
    },
    {
      "codigo": "55957",
      "action": "created",
      "productId": "69f3d9a343593ae9f97b9b15"
    },
    {
      "codigo": "56265",
      "action": "created",
      "productId": "69f3d9a443593ae9f97b9b50"
    },
    {
      "codigo": "56261",
      "action": "created",
      "productId": "69f3d9a443593ae9f97b9b8a"
    },
    {
      "codigo": "55683",
      "action": "created",
      "productId": "69f3d9a643593ae9f97b9bc4"
    },
    {
      "codigo": "55549",
      "action": "created",
      "productId": "69f3d9a643593ae9f97b9bfe"
    },
    {
      "codigo": "55480",
      "action": "created",
      "productId": "69f3d9a743593ae9f97b9c38"
    },
    {
      "codigo": "55448",
      "action": "created",
      "productId": "69f3d9a743593ae9f97b9c3d"
    },
    {
      "codigo": "55481",
      "action": "created",
      "productId": "69f3d9a843593ae9f97b9cad"
    },
    {
      "codigo": "55621",
      "action": "created",
      "productId": "69f3d9a843593ae9f97b9cb1"
    },
    {
      "codigo": "55946",
      "action": "created",
      "productId": "69f3d9a843593ae9f97b9cea"
    },
    {
      "codigo": "55446",
      "action": "created",
      "productId": "69f3d9aa43593ae9f97b9d5a"
    },
    {
      "codigo": "55434",
      "action": "created",
      "productId": "69f3d9ab43593ae9f97b9d94"
    },
    {
      "codigo": "55390",
      "action": "created",
      "productId": "69f3d9ac43593ae9f97b9dd0"
    },
    {
      "codigo": "55379",
      "action": "created",
      "productId": "69f3d9ac43593ae9f97b9e0b"
    },
    {
      "codigo": "55352",
      "action": "created",
      "productId": "69f3d9ad43593ae9f97b9e46"
    },
    {
      "codigo": "55378",
      "action": "created",
      "productId": "69f3d9ad43593ae9f97b9e82"
    },
    {
      "codigo": "55307",
      "action": "created",
      "productId": "69f3d9ae43593ae9f97b9ebd"
    },
    {
      "codigo": "55241",
      "action": "created",
      "productId": "69f3d9b043593ae9f97b9ef8"
    },
    {
      "codigo": "55296",
      "action": "created",
      "productId": "69f3d9b043593ae9f97b9f33"
    },
    {
      "codigo": "54912",
      "action": "created",
      "productId": "69f3d9b143593ae9f97b9f6e"
    },
    {
      "codigo": "55143",
      "action": "created",
      "productId": "69f3d9b243593ae9f97b9fa9"
    },
    {
      "codigo": "47949",
      "action": "updated",
      "productId": "69f379e87cdf7fb086a416ff"
    },
    {
      "codigo": "54911",
      "action": "created",
      "productId": "69f3d9b343593ae9f97ba01d"
    },
    {
      "codigo": "54761",
      "action": "created",
      "productId": "69f3d9b443593ae9f97ba058"
    },
    {
      "codigo": "54807",
      "action": "created",
      "productId": "69f3d9b643593ae9f97ba093"
    },
    {
      "codigo": "54810",
      "action": "created",
      "productId": "69f3d9b743593ae9f97ba0ce"
    },
    {
      "codigo": "54723",
      "action": "created",
      "productId": "69f3d9b843593ae9f97ba109"
    },
    {
      "codigo": "54697",
      "action": "created",
      "productId": "69f3d9b843593ae9f97ba145"
    },
    {
      "codigo": "54736",
      "action": "created",
      "productId": "69f3d9b843593ae9f97ba149"
    },
    {
      "codigo": "54695",
      "action": "created",
      "productId": "69f3d9b843593ae9f97ba1ba"
    },
    {
      "codigo": "54529",
      "action": "created",
      "productId": "69f3d9b943593ae9f97ba1f5"
    },
    {
      "codigo": "54726",
      "action": "created",
      "productId": "69f3d9b943593ae9f97ba232"
    },
    {
      "codigo": "54457",
      "action": "created",
      "productId": "69f3d9b943593ae9f97ba234"
    },
    {
      "codigo": "54415",
      "action": "created",
      "productId": "69f3d9ba43593ae9f97ba2a6"
    },
    {
      "codigo": "54266",
      "action": "created",
      "productId": "69f3d9bc43593ae9f97ba2e1"
    },
    {
      "codigo": "54135",
      "action": "created",
      "productId": "69f3d9bd43593ae9f97ba31c"
    },
    {
      "codigo": "52657",
      "action": "created",
      "productId": "69f3d9be43593ae9f97ba357"
    },
    {
      "codigo": "46890",
      "action": "created",
      "productId": "69f3d9be43593ae9f97ba393"
    },
    {
      "codigo": "54326",
      "action": "created",
      "productId": "69f3d9bf43593ae9f97ba397"
    },
    {
      "codigo": "54134",
      "action": "created",
      "productId": "69f3d9bf43593ae9f97ba408"
    },
    {
      "codigo": "54148",
      "action": "created",
      "productId": "69f3d9c043593ae9f97ba443"
    },
    {
      "codigo": "52663",
      "action": "created",
      "productId": "69f3d9c143593ae9f97ba47e"
    },
    {
      "codigo": "53826",
      "action": "created",
      "productId": "69f3d9c243593ae9f97ba4b9"
    },
    {
      "codigo": "53590",
      "action": "created",
      "productId": "69f3d9c243593ae9f97ba4f5"
    },
    {
      "codigo": "53561",
      "action": "created",
      "productId": "69f3d9c243593ae9f97ba4f9"
    },
    {
      "codigo": "53560",
      "action": "created",
      "productId": "69f3d9c543593ae9f97ba56a"
    },
    {
      "codigo": "53818",
      "action": "created",
      "productId": "69f3d9c543593ae9f97ba5a5"
    },
    {
      "codigo": "53249",
      "action": "created",
      "productId": "69f3d9c643593ae9f97ba5e0"
    },
    {
      "codigo": "51936",
      "action": "created",
      "productId": "69f3d9c643593ae9f97ba61b"
    },
    {
      "codigo": "52995",
      "action": "created",
      "productId": "69f3d9c743593ae9f97ba656"
    },
    {
      "codigo": "53544",
      "action": "created",
      "productId": "69f3d9c843593ae9f97ba691"
    },
    {
      "codigo": "52840",
      "action": "created",
      "productId": "69f3d9c843593ae9f97ba6cc"
    },
    {
      "codigo": "52937",
      "action": "created",
      "productId": "69f3d9c943593ae9f97ba707"
    },
    {
      "codigo": "52931",
      "action": "created",
      "productId": "69f3d9ca43593ae9f97ba742"
    },
    {
      "codigo": "45855",
      "action": "created",
      "productId": "69f3d9cc43593ae9f97ba77d"
    },
    {
      "codigo": "52779",
      "action": "created",
      "productId": "69f3d9cc43593ae9f97ba782"
    },
    {
      "codigo": "52404",
      "action": "created",
      "productId": "69f3d9cd43593ae9f97ba7f7"
    },
    {
      "codigo": "52406",
      "action": "created",
      "productId": "69f3d9cd43593ae9f97ba7f5"
    },
    {
      "codigo": "52256",
      "action": "created",
      "productId": "69f3d9cd43593ae9f97ba869"
    },
    {
      "codigo": "52383",
      "action": "created",
      "productId": "69f3d9ce43593ae9f97ba8a5"
    },
    {
      "codigo": "52476",
      "action": "created",
      "productId": "69f3d9ce43593ae9f97ba8a9"
    },
    {
      "codigo": "52284",
      "action": "created",
      "productId": "69f3d9cf43593ae9f97ba91c"
    },
    {
      "codigo": "52248",
      "action": "created",
      "productId": "69f3d9d143593ae9f97ba958"
    },
    {
      "codigo": "52247",
      "action": "created",
      "productId": "69f3d9d343593ae9f97ba994"
    },
    {
      "codigo": "47308",
      "action": "created",
      "productId": "69f3d9d443593ae9f97ba9d0"
    },
    {
      "codigo": "52144",
      "action": "created",
      "productId": "69f3d9d443593ae9f97baa0c"
    },
    {
      "codigo": "51617",
      "action": "created",
      "productId": "69f3d9d443593ae9f97baa48"
    },
    {
      "codigo": "52226",
      "action": "created",
      "productId": "69f3d9d543593ae9f97baa88"
    },
    {
      "codigo": "51618",
      "action": "created",
      "productId": "69f3d9d543593ae9f97baa86"
    },
    {
      "codigo": "52078",
      "action": "created",
      "productId": "69f3d9d643593ae9f97baafc"
    },
    {
      "codigo": "52255",
      "action": "created",
      "productId": "69f3d9d643593ae9f97bab38"
    },
    {
      "codigo": "51596",
      "action": "created",
      "productId": "69f3d9d643593ae9f97bab74"
    },
    {
      "codigo": "50252",
      "action": "created",
      "productId": "69f3d9d743593ae9f97babb0"
    },
    {
      "codigo": "44081",
      "action": "created",
      "productId": "69f3d9d943593ae9f97babec"
    },
    {
      "codigo": "51093",
      "action": "created",
      "productId": "69f3d9db43593ae9f97bac28"
    },
    {
      "codigo": "51016",
      "action": "created",
      "productId": "69f3d9db43593ae9f97bac64"
    },
    {
      "codigo": "50254",
      "action": "created",
      "productId": "69f3d9db43593ae9f97baca0"
    },
    {
      "codigo": "50251",
      "action": "created",
      "productId": "69f3d9db43593ae9f97bacdc"
    },
    {
      "codigo": "49416",
      "action": "created",
      "productId": "69f3d9dc43593ae9f97bad18"
    },
    {
      "codigo": "49417",
      "action": "created",
      "productId": "69f3d9dd43593ae9f97bad54"
    },
    {
      "codigo": "49067",
      "action": "created",
      "productId": "69f3d9de43593ae9f97bad90"
    },
    {
      "codigo": "48611",
      "action": "created",
      "productId": "69f3d9df43593ae9f97badcc"
    },
    {
      "codigo": "49018",
      "action": "created",
      "productId": "69f3d9e043593ae9f97bae08"
    },
    {
      "codigo": "49883",
      "action": "created",
      "productId": "69f3d9e143593ae9f97bae46"
    },
    {
      "codigo": "47979",
      "action": "created",
      "productId": "69f3d9e143593ae9f97bae48"
    },
    {
      "codigo": "48993",
      "action": "created",
      "productId": "69f3d9e243593ae9f97baebd"
    },
    {
      "codigo": "46552",
      "action": "created",
      "productId": "69f3d9e343593ae9f97baefc"
    },
    {
      "codigo": "46551",
      "action": "created",
      "productId": "69f3d9e343593ae9f97baefe"
    },
    {
      "codigo": "48900",
      "action": "created",
      "productId": "69f3d9e343593ae9f97baf76"
    },
    {
      "codigo": "48897",
      "action": "created",
      "productId": "69f3d9e343593ae9f97bafb4"
    },
    {
      "codigo": "30785",
      "action": "created",
      "productId": "69f3d9e443593ae9f97baff3"
    },
    {
      "codigo": "44414",
      "action": "created",
      "productId": "69f3d9e443593ae9f97baff6"
    },
    {
      "codigo": "46513",
      "action": "created",
      "productId": "69f3d9e443593ae9f97bb06e"
    },
    {
      "codigo": "46512",
      "action": "created",
      "productId": "69f3d9e543593ae9f97bb072"
    },
    {
      "codigo": "21381",
      "action": "created",
      "productId": "69f3d9e643593ae9f97bb076"
    },
    {
      "codigo": "38379",
      "action": "created",
      "productId": "69f3d9e643593ae9f97bb07a"
    },
    {
      "codigo": "43886",
      "action": "created",
      "productId": "69f3d9e743593ae9f97bb07e"
    },
    {
      "codigo": "37905",
      "action": "created",
      "productId": "69f3d9e843593ae9f97bb082"
    },
    {
      "codigo": "38696",
      "action": "created",
      "productId": "69f3d9e943593ae9f97bb086"
    },
    {
      "codigo": "42151",
      "action": "created",
      "productId": "69f3d9e943593ae9f97bb08b"
    },
    {
      "codigo": "38695",
      "action": "created",
      "productId": "69f3d9e943593ae9f97bb08e"
    },
    {
      "codigo": "23185",
      "action": "created",
      "productId": "69f3d9ea43593ae9f97bb092"
    }
  ],
  "mirrorSummary": {
    "durationMs": 5157434,
    "productsCreated": 877,
    "productsUpdated": 657,
    "productsSkipped": 2914,
    "productsErrors": 1,
    "imageImportFailures": 0,
    "skippedByReason": {
      "missing_price_usd": 2914
    },
    "pruneReport": {
      "deactivatedCategories": 0,
      "deactivatedSubcategories": 0,
      "trimmedSpecDefinitions": 0,
      "skipped": false
    },
    "exportFrontendReport": {
      "ok": true,
      "path": "/Users/josiasnicolas02gmail.com/Documents/Zennelectronica/frontend/src/helpers/productCategory.js",
      "count": 15
    }
  }
}
[run-sync] Fin 2026-04-30T22:38:35.233Z
