Páginas principales,Clics,Impresiones,CTR,Posición
https://www.zenn.com.py/,89,526,16.92%,3.21
https://www.zenn.com.py/producto/reloj-smartwatch-tv-dub-dbsw01-4gb-de-ram-64gb-wi-fi-lte-negro,20,118,16.95%,5.8
https://www.zenn.com.py/producto/calculadora-cientifica-casio-fx-991la-cw-negro,17,140,12.14%,5.46
https://www.zenn.com.py/producto/impresora-3d-bambu-lab-p2s-pf004-usa007-combo-ams-multi-color-600mms-110v-gris,13,126,10.32%,7.96
https://www.zenn.com.py/producto/notebook-hp-15-fc0027ca-amd-ryzen-7-7730u-pantalla-touch-full-hd-156-16gb-de-ram-512gb-ssd,12,551,2.18%,6.39
https://www.zenn.com.py/producto/control-redragon-g831-wargrip-para-android-pc-ps5-wireless-negro,12,218,5.5%,6.46
https://www.zenn.com.py/producto/procesador-amd-ryzen-7-5800x3d-10th-anniversary-edition-socket-am4-34ghz-100mb,12,97,12.37%,7.72
https://www.zenn.com.py/producto/central-multimedia-ecopower-ep-6996-628-bluetooth-fm-gps-usb-rca-control,11,218,5.05%,6.61
https://www.zenn.com.py/producto/xiaomi-pencil-focus-pen-bhr9413cn-blanco-mi-pad,11,132,8.33%,7.8
https://www.zenn.com.py/producto/notebook-hp-omnibook-3-ai-17-df0575cl-intel-core-ultra-7-355-pantalla-touch-full-hd-173-16,11,100,11%,6.4
https://www.zenn.com.py/producto/gabinete-gamer-corsair-air-5400-series-cc-9011319-ww-mid-tower-3-cooler-argb-branco,11,48,22.92%,4.46
https://www.zenn.com.py/producto/celular-caterpillar-b28-pantalla-24-dual-sim-lte-negro,10,245,4.08%,7.79
https://www.zenn.com.py/producto/control-redragon-g832-kaiser-para-android-pc-ps5-wireless-negro,9,216,4.17%,6.96
https://www.zenn.com.py/producto/notebook-dell-15-ldc15250-5434blk-pus-intel-core-i5-1334u-pantalla-touch-full-hd-156-8gb-d,9,211,4.27%,5.94
https://www.zenn.com.py/producto/procesador-amd-ryzen-5-5500x3d-socket-am4-40-ghz-99mb,9,76,11.84%,10.68
https://www.zenn.com.py/categoria-producto?category=notebook_y_computadoras,8,370,2.16%,24.83
https://www.zenn.com.py/producto/mini-pc-raspberry-pi-4-starter-kit-4gb-de-ram,8,97,8.25%,6.9
https://www.zenn.com.py/producto/procesador-intel-core-i7-4790-socket-lga-1150-36ghz-8mb-oem,8,62,12.9%,8.74
https://www.zenn.com.py/producto/blulory-tv-stick-g1-4k-wifi-android-blanco,7,115,6.09%,4.77
https://www.zenn.com.py/producto/tablet-cidea-cm517-plus-8gb-de-ram-256gb-pantalla-7-5g-lte-naranja-pencil-auricular,7,88,7.95%,2.95
https://www.zenn.com.py/producto/consola-valve-steam-machine-512gb-negro-v005624-00,7,63,11.11%,3.11
https://www.zenn.com.py/producto/calculadora-cientifica-casio-fx-570la-cw-classwiz-negro,7,52,13.46%,6.04
https://www.zenn.com.py/producto/tablet-mox-mo-tp732-pro-8gb-de-ram-256gb-pantalla-7-dual-sim-negro,6,181,3.31%,5.83
https://www.zenn.com.py/producto/tablet-mox-mo-tp1082-pro-8gb-de-ram-512gb-pantalla101-dual-sim-5g-azul-capa-auricular-tecl,6,163,3.68%,5.33
https://www.zenn.com.py/producto/mouse-gamer-ajazz-aj139-v2-mc-nacodexx-wireless-negro-985591,6,125,4.8%,7.05
https://www.zenn.com.py/producto/monitor-gamer-xiaomi-g27qi-2026-p27qdb-rggl-27-qhd-2k-ips-200hz-1ms-negro,6,114,5.26%,7.53
https://www.zenn.com.py/producto/tablet-mox-mo-tk138-kids-6gb-de-ram-128gb-pantalla-7-wi-fi-rosa,6,103,5.83%,4.72
https://www.zenn.com.py/producto/placa-madre-msi-b550-gaming-wi-fi-6e-socket-am4-ddr4,6,73,8.22%,7.03
https://www.zenn.com.py/producto/placa-madre-macrovip-mv-b75v2-socket-lga-1155-vga-ddr3,6,63,9.52%,4.83
https://www.zenn.com.py/producto/teclado-gamer-ajazz-af82-nacodexx-usb-rgb-ingles-negro-gris-987793,6,48,12.5%,4.9
https://www.zenn.com.py/producto/placa-madre-keepdata-x99-kdxdragonfly-socket-lga-2011-v3-ddr4,6,43,13.95%,3.33
https://www.zenn.com.py/producto/notebook-lenovo-thinkpad-t480-intel-core-i5-8350u-pantalla-full-hd-14-8gb-de-ram-256gb-ssd,6,41,14.63%,4.61
https://www.zenn.com.py/producto/notebook-dell-latitude-5420-intel-core-i5-1145g7-pantalla-full-hd-140-16gb-de-ram-256gb-ss,6,40,15%,6.62
https://www.zenn.com.py/producto/pulsera-inteligente-garmin-cirqa-smart-band-s-m-negro-010-04675-10,6,38,15.79%,7.79
https://www.zenn.com.py/producto/filamento-para-impresora-3d-elegoo-pla-10kg-175mm-blanco,6,18,33.33%,15
https://www.zenn.com.py/producto/notebook-hp-omnibook-3-ai-17-dg0107dx-intel-core-ultra-7-255u-pantalla-full-hd-173-16gb-de,5,185,2.7%,7.32
https://www.zenn.com.py/producto/notebook-lenovo-v14-g5-irl-intel-core-7-240h-pantalla-full-hd-140-16gb-de-ram-1tb-ssd-win1,5,144,3.47%,7.71
https://www.zenn.com.py/producto/cooler-para-procesador-thermalright-peerless-assassin-120-se-black-120mm-negro,5,118,4.24%,6.66
https://www.zenn.com.py/producto/tablet-cidea-cm10017-ultra-8gb-de-ram-1tb-tela-10-5g-lte-negro-pencil-teclado-mouse-capa-a,5,95,5.26%,6.88
https://www.zenn.com.py/producto/tarjeta-grafica-msi-frieren-edition-oc-16gb-geforce-rtx5070ti-gddr7-912-v531-682-kit-tecla,5,90,5.56%,5.03
https://www.zenn.com.py/producto/patineta-eletrico-hye-x10pro-11-negro,5,82,6.1%,6.9
https://www.zenn.com.py/producto/tablet-cidea-cm10017-ultra-8gb-de-ram-1tb-pantalla-10-5g-lte-naranja-pencil-teclado-mouse,5,81,6.17%,5.73
https://www.zenn.com.py/producto/tv-smart-jvc-lt-100km958-100-ultra-hd-4k-qd-mini-led-google-tv,5,79,6.33%,7.82
https://www.zenn.com.py/producto/placa-madre-macrovip-mv-h61v2-socket-lga-1155-vga-ddr3,5,71,7.04%,6.55
https://www.zenn.com.py/producto/cargador-portatil-xiaomi-212w-hypercharge-power-bank-bhr9970gl-p03mi-25000mah-usb-usb-c-ne,5,64,7.81%,6.38
https://www.zenn.com.py/producto/ssd-samsung-m2-2tb-990-pro-nvme-mz-v9p2t0bam,5,62,8.06%,6.16
https://www.zenn.com.py/producto/receptor-digital-fta-globalsat-gs130-iks-sks-negro,5,61,8.2%,4.8
https://www.zenn.com.py/categoria-producto?category=placas_madres&subcategory=mb_intel__22_01,5,58,8.62%,11.79
https://www.zenn.com.py/producto/placa-madre-keepdata-b75-kdgnv-socket-lga-1155-vga-ddr3,5,57,8.77%,5
https://www.zenn.com.py/producto/notebook-gamer-msi-raider-hx-ai-a2xwig-420us-intel-core-ultra-9-285hx-pantalla-qhd-18-32gb,5,56,8.93%,5.61
https://www.zenn.com.py/producto/adaptador-ps2-usb-20-macho,5,51,9.8%,6.39
https://www.zenn.com.py/producto/camara-de-vigilancia-tp-link-tapo-c545d-outdoor-wifi-2k-blanco,5,45,11.11%,6.58
https://www.zenn.com.py/producto/notebook-hp-elitebook-x360-1040-g8-intel-core-i7-1165g7-pantalla-touch-full-hd-14-16gb-de-1,5,38,13.16%,2.95
https://www.zenn.com.py/producto/control-para-amazon-fire-tv-alexa-voice-remote-pro-negro,5,36,13.89%,7.31
https://www.zenn.com.py/producto/impresora-3d-bambu-lab-pf001-u-us-p1s-500mms-bivolt-gris,5,35,14.29%,8.8
https://www.zenn.com.py/producto/auricular-qcy-melobuds-pro-tws-earbuds-anc-bluetooth-negro-bh24ht08a,5,32,15.62%,5.47
https://www.zenn.com.py/producto/reloj-inteligente-amazfit-balance3-a2566-stainless-stel,5,27,18.52%,4.74
https://www.zenn.com.py/producto/placa-madre-keepdata-x79-kdxdragonfly-socket-lga-2011-ddr3,5,18,27.78%,6.17
https://www.zenn.com.py/producto/adaptador-wifi-bluetooth-50-tp-link-archer-tx50e-pci-express-dual-band-24ghz-5ghz-3000mbps,5,15,33.33%,9.67
https://www.zenn.com.py/producto/celular-xiaomi-poco-f8-pro-12gb-de-ram-512gb-pantalla-659-dual-sim-5g-azul-global,5,15,33.33%,19.53
https://www.zenn.com.py/producto/tablet-cidea-cm517-air-8gb-de-ram-256gb-pantalla-7-wi-fi-5g-plata,4,196,2.04%,5.03
https://www.zenn.com.py/producto/notebook-hp-14-dq6104dx-intel-celeron-n150-pantalla-hd-140-4gb-de-ram-128gb-ufs-w11-morado,4,155,2.58%,6.64
https://www.zenn.com.py/producto/notebook-gamer-alienware-15-lda15265-7348blk-pus-amd-ryzen-7-260-pantalla-wuxga-153-16gb-d,4,148,2.7%,7.73
https://www.zenn.com.py/producto/notebook-acer-aspire-lite-al15-36p-32xp-intel-core-3-n350-pantalla-fhd-ips-166-8gb-de-ram,4,139,2.88%,7.83
https://www.zenn.com.py/producto/notebook-acer-gadget-e10-etbook-yoga-cwi557-intel-core-i3-1315u-pantalla-touch-25k-134-8gb,4,129,3.1%,7.18
https://www.zenn.com.py/producto/notebook-lenovo-ideapad-slim-3-15ahp10-amd-ryzen-7-8840hs-pantalla-touch-wuxga-153-16gb-de,4,115,3.48%,9.11
https://www.zenn.com.py/producto/notebook-gamer-lenovo-loq-essential-15irx11-intel-core-i7-13650hx-pantalla-full-hd-156-win,4,110,3.64%,7.62
https://www.zenn.com.py/producto/gabinete-gamer-macrovip-max-aqua-series-mini-tower-5-cooler-rgb-negro-mv-tcxm275f5b,4,106,3.77%,5.49
https://www.zenn.com.py/producto/procesador-amd-ryzen-7-7800x3d-socket-am5-42ghz-104mb,4,97,4.12%,8.51
https://www.zenn.com.py/producto/notebook-lenovo-ideapad-5-2-en-1-16iru9-intel-core-5-120u-pantalla-touch-wuxga-160-16gb-de,4,92,4.35%,9.09
https://www.zenn.com.py/producto/notebook-hp-omnibook-5-ai-16-cd0070wm-intel-core-ultra-7-355u-pantalla-touch-2k-160-16gb-d,4,86,4.65%,6.58
https://www.zenn.com.py/producto/notebook-hp-15-fd2747nr-intel-core-ultra-7-255h-pantalla-touch-full-hd-156-16gb-de-ram-512,4,83,4.82%,7.95
https://www.zenn.com.py/producto/impresora-3d-bambu-lab-pf002-asa005-a1-combo-ams-lite-bivolt-negro,4,81,4.94%,9.31
https://www.zenn.com.py/producto/procesador-intel-core-i7-3770-socket-lga-1155-340ghz-8mb-oem,4,78,5.13%,5.28
https://www.zenn.com.py/producto/pulsera-inteligente-google-fitbit-air-gw9c8-azul,4,75,5.33%,8.24
https://www.zenn.com.py/producto/auricular-havit-h619bt-headband-bluetooth-negro,4,71,5.63%,5.61
https://www.zenn.com.py/producto/teclado-gamer-mecanico-ajazz-nk68-nacodexx-mini-usb-red-ingles-negro-987007,4,70,5.71%,5.26
https://www.zenn.com.py/producto/mouse-gamer-logitech-pro-x2-superstrike-wireless-blanco-910-007700,4,63,6.35%,6.43
https://www.zenn.com.py/producto/impresora-3d-creality-k1-max-bivolt-negro-gris,4,58,6.9%,8.71
https://www.zenn.com.py/producto/boligrafo-con-camara-espia-quanta-qtcc80-negro,4,58,6.9%,8.97
https://www.zenn.com.py/producto/mouse-logitech-mobi-fold-bluetooth-negro-910-007601,4,49,8.16%,5.35
https://www.zenn.com.py/producto/headset-gamer-redragon-h858-arrow-pro-carbon-wireless-negro,4,46,8.7%,6.35
https://www.zenn.com.py/producto/notebook-samsung-galaxy-book-6-pro-np940xjg-kg2us-intel-core-ultra-7-356h-pantalla-touch-a,4,41,9.76%,8.68
https://www.zenn.com.py/producto/placa-madre-keepdata-h310-kdgnv-socket-lga-1151-vga-ddr4,4,39,10.26%,4.56
https://www.zenn.com.py/producto/tablet-fujitsu-arrows-tab-q5010-4gb-de-ram-64gb-pantalla-101-wi-fi-negro-teclado-reacondic,4,37,10.81%,5.22
https://www.zenn.com.py/producto/tv-smart-neo-qled-43-samsung-qn43qn90fap-4k-hdr10hdmiusbwifibtlantizenbivolt-preto,4,36,11.11%,9.22
https://www.zenn.com.py/producto/gabinete-mtek-mk309-mini-itx-fuente-200w-negro,4,34,11.76%,5.82
https://www.zenn.com.py/producto/fuente-de-alimetacion-aigo-vk550-550w-atx-no-modular,4,32,12.5%,3.12
https://www.zenn.com.py/producto/impresora-3d-creality-k1c-2025-bivolt-negro,4,32,12.5%,4.97
https://www.zenn.com.py/producto/notebook-hp-elite-dragonfly-g3-intel-core-i5-1245u-pantalla-touch-wuxga-135-16gb-de-ram-25,4,31,12.9%,4.84
https://www.zenn.com.py/producto/notebook-lenovo-thinkpad-e16-gen-3-intel-core-ultra-7-255-pantalla-wuxga-160-16gb-de-ram-5,4,31,12.9%,5.35
https://www.zenn.com.py/producto/impresora-3d-creality-k2-plus-bivolt-negro,4,30,13.33%,5.8
https://www.zenn.com.py/producto/hd-externo-seagate-24tb-expansion-35-stkp24000400-negro-garantia-br,4,27,14.81%,5.48
https://www.zenn.com.py/producto/speaker-satellite-as-91001-gaming-rgb-usb-35mm-negro-gris,4,27,14.81%,6.85
https://www.zenn.com.py/producto/deshumidificador-xiaomi-humidifier-lite-220v-blanco-dm-cs13bfa5b,4,25,16%,6.92
https://www.zenn.com.py/producto/monitor-ftx-q2201-m22vhdbzl-22-full-hd-75hz-5ms-negro,4,23,17.39%,3.26
https://www.zenn.com.py/producto/impresora-termica-portatil-de-etiquetas-satellite-a-l134-mini-sticker-bluetooth-blanco,4,23,17.39%,3.83
https://www.zenn.com.py/producto/tablet-microsoft-surface-go-2-1926-4gb-de-ram-64gb-pantalla-105-wi-fi-plata-reacondicionad,4,21,19.05%,6.76
https://www.zenn.com.py/producto/teclado-gamer-mecanico-redragon-artemis-pro-k719gf-rgb-pro-wireless-rgb-ingles-preto-branc,4,21,19.05%,7.38
https://www.zenn.com.py/producto/triciclo-electrico-bain-x20-bluetooth-speaker-led-85-camouflaged-blue,4,20,20%,3.6
https://www.zenn.com.py/producto/caja-fuerte-digital-satellite-a-cf2503-16l-negro,4,19,21.05%,5.11
https://www.zenn.com.py/producto/tablet-lenovo-yoga-plus-tb520fu-16gb-de-ram-256gb-pantalla-127-tidal-teal-teclado-pencil-z,4,18,22.22%,9.06
https://www.zenn.com.py/producto/kit-de-herramientas-xiaomi-mi-precision-screwdriver-bhr4680gl-gris,4,14,28.57%,9.79
https://www.zenn.com.py/producto/soporte-para-tarjeta-grafica-lian-li-vg4-5-v4x-vertical-negro-cable-riser-pcie-50,4,11,36.36%,7.91
https://www.zenn.com.py/producto/notebook-gamer-rog-strix-g16-g614fr-ds96-amd-ryzen-9-9955hx3d-pantalla-wqxga-160-32gb-de-r,4,9,44.44%,8.56
https://www.zenn.com.py/producto/calculadora-con-bobina-casio-fr-2650rc-12-digitos-bivolt-blanco,4,9,44.44%,10.56
https://www.zenn.com.py/producto/servidor-nas-storage-synology-diskstation-ds425-intel-celeron-j4125-de-20ghz-4-bahias-usb,4,7,57.14%,5.86
https://www.zenn.com.py/producto/notebook-hp-14-dq6102dx-intel-celeron-n150-pantalla-hd-140-4gb-de-ram-128gb-ufs-w11-azul-i,3,371,0.81%,6.78
https://www.zenn.com.py/producto/notebook-gamer-alienware-15-lda15260-7823blk-pus-intel-core-7-240h-pantalla-wuxga-153-16gb,3,195,1.54%,7.54
https://www.zenn.com.py/producto/celular-caterpillar-b68-pantalla-24-dual-sim-lte-negro-naranja,3,121,2.48%,7.02
https://www.zenn.com.py/producto/headset-gamer-onikuma-gt887-wireless-negro,3,106,2.83%,9.22
https://www.zenn.com.py/producto/placa-madre-asrock-b550-rock-wi-fi-socket-am4-ddr4,3,97,3.09%,6.23
https://www.zenn.com.py/producto/placa-madre-msi-b550m-pro-vdh-wi-fi-socket-am4-vga-ddr4,3,93,3.23%,7.56
https://www.zenn.com.py/producto/notebook-hp-omnibook-5-ai-16-cd0075cl-intel-core-ultra-7-355-pantalla-touch-2k-160-24gb-de,3,87,3.45%,6.4
https://www.zenn.com.py/producto/notebook-hp-15-fd0335nr-intel-core-i5-1334u-pantalla-touch-full-hd-156-12gb-de-ram-512gb-s,3,85,3.53%,8.82
https://www.zenn.com.py/producto/memoria-ram-macrovip-max-ddr4-8gb-3200mhz-mvx32n168,3,75,4%,5.77
https://www.zenn.com.py/producto/celular-caterpillar-b40-pantalla-24-dual-sim-lte-negro,3,71,4.23%,5.59
https://www.zenn.com.py/producto/notebook-hp-omnibook-x-ai-14-ka0095cl-intel-core-ultra-9-386h-pantalla-touch-oled-3k-uwva,3,70,4.29%,4.74
https://www.zenn.com.py/producto/6a10213b64599f95bbefe713,3,69,4.35%,9.38
https://www.zenn.com.py/producto/auricular-qcy-t13-anc-tws-earbuds-bluetooth-blanco,3,67,4.48%,7.09
https://www.zenn.com.py/producto/xiaomi-pencil-redmi-smart-pen-blanco-redmi-pad-pro,3,66,4.55%,7.03
https://www.zenn.com.py/producto/cooler-para-notebook-satellite-a-cp30-rgb-usb-10-hasta-17-negro,3,64,4.69%,4.41
https://www.zenn.com.py/producto/monitor-gamer-msi-mag-275qf-e20-27-wqhd-ips-200hz-05ms-negro,3,62,4.84%,5.82
https://www.zenn.com.py/producto/notebook-asus-vivobook-f1504va-ws51-intel-core-i5-1334u-pantalla-full-hd-156-16gb-de-ram-5,3,61,4.92%,6.28
https://www.zenn.com.py/producto/mouse-gamer-ajazz-aj179p-mc-nacodexx-wireless-blanco-985867,3,59,5.08%,6.9
https://www.zenn.com.py/producto/cooler-para-procesador-thermalright-phantom-spirit-120-se-tl-c12b-v2-120mm-negro,3,59,5.08%,8.29
https://www.zenn.com.py/producto/monitor-msi-pro-mp271-e14a-27-full-hd-ips-144hz-1ms-negro,3,57,5.26%,6.44
https://www.zenn.com.py/producto/mouse-gamer-ajazz-aj179p-nacodexx-wireless-negro-983337,3,54,5.56%,6
https://www.zenn.com.py/producto/placa-madre-star-h61-socket-lga-1155-vga-ddr3,3,53,5.66%,10.32
https://www.zenn.com.py/producto/celular-realme-p4-power-5g-rmx5107-8gb-de-ram-256gb-pantalla-68-dual-sim-5g-power-plata-an,3,52,5.77%,9.54
https://www.zenn.com.py/producto/procesador-intel-core-i7-6700-socket-lga-1151-340ghz-8mb-oem,3,51,5.88%,6.96
https://www.zenn.com.py/producto/ssd-externo-sandisk-4tb-portatil-extreme-pro-negro-sdssde81-4t00-g25,3,47,6.38%,7.06
https://www.zenn.com.py/producto/reloj-garmin-forerunner-970-blanco-010-02969-01,3,47,6.38%,8.87
https://www.zenn.com.py/producto/notebook-asus-zenbook-s16-um5606wa-s16r3651tb-amd-ryzen-ai-9-365-pantalla-touch-oled-wq-16,3,46,6.52%,9.26
https://www.zenn.com.py/producto/speaker-xiaomi-mi-sound-party-mdz-39-db-bluetooth-negro,3,46,6.52%,10.48
https://www.zenn.com.py/producto/gaveta-mtek-en-410nvsc-aluminium-ssd-m2-usb-c-32-negro,3,45,6.67%,7.82
https://www.zenn.com.py/producto/boligrafo-xiaomi-mi-high-capacity-gel-pen-mjzxb02wchw-negro-10-piezas,3,43,6.98%,5.44
https://www.zenn.com.py/producto/headset-gamer-logitech-g321-lightspeed-wireless-bluetooth-negro-981-001562,3,40,7.5%,7.2
https://www.zenn.com.py/producto/auricular-qcy-h3s-bh25h3sa-wireless-gris,3,38,7.89%,6.84
https://www.zenn.com.py/producto/auricular-gamer-razer-blackshark-v2-pro-esports-wireless-negro-rz04-04530100-r3u1,3,37,8.11%,6.84
https://www.zenn.com.py/producto/notebook-hp-omnibook-x-flip-ai-14-kb0023dx-intel-core-ultra-7-355-pantalla-touch-2k-140-16,3,37,8.11%,7.76
https://www.zenn.com.py/producto/camara-de-vigilancia-4life-flg3p-vigione-outdoor-wi-fi-25k-blanco,3,37,8.11%,10.43
https://www.zenn.com.py/producto/gabinete-gamer-macrovip-max-series-mid-tower-1-cooler-rgb-negro-mv-tcxa303f1b,3,36,8.33%,4.42
https://www.zenn.com.py/producto/hd-externo-toshiba-1tb-canvio-basics-25-hdtb510xk3aa-negro,3,35,8.57%,7.71
https://www.zenn.com.py/producto/teclado-gamer-mecanico-ajazz-ak820-max-plus-nacodexx-flying-fish-wireless-rgb-ingles-gray,3,34,8.82%,3.82
https://www.zenn.com.py/producto/placa-madre-keepdata-b85-kdgnv-socket-lga-1150-vga-ddr3,3,34,8.82%,4.21
https://www.zenn.com.py/producto/mouse-gamer-ajazz-aj199-nacodexx-wireless-negro-987144,3,32,9.38%,6.75
https://www.zenn.com.py/producto/auricular-realme-rma2502-buds-t500-pro-bluetooth-amarillo,3,31,9.68%,7.32
https://www.zenn.com.py/producto/headset-gamer-qcy-heroad-vt200-pro-con-cable-negro-gris-bh25h8gma,3,30,10%,6.87
https://www.zenn.com.py/producto/notebook-hp-omnibook-x-flip-ai-16-cb0023dx-intel-core-ultra-7-355-pantalla-touch-2k-160-16,3,30,10%,6.87
https://www.zenn.com.py/producto/notebook-gamer-msi-vector-16-hx-ai-a2xwhg-285us-intel-core-ultra-7-255hx-pantalla-qhd-16-3,3,29,10.34%,5.62
https://www.zenn.com.py/producto/mini-pc-bmax-b4-turbo-intel-core-n150-de-36ghz-16gb-de-ram-512gb-ssd-negro,3,28,10.71%,3.71
https://www.zenn.com.py/producto/tablet-cidea-cm8800-ultra-8gb-de-ram-1tb-pantalla-10-5g-lte-negro-pencil-teclado-mouse-cap,3,28,10.71%,6.71
https://www.zenn.com.py/producto/notebook-asus-vivobook-s-14-s5406sa-wh79-intel-core-ultra-7-258v-pantalla-oled-wuxga-140-3,3,28,10.71%,7.04
https://www.zenn.com.py/producto/ssd-msi-spatium-s270-240gb-25-sata-3,3,27,11.11%,7.7
https://www.zenn.com.py/producto/auricular-xiaomi-redmi-buds-8-pro-bluetooth-cloud-blanco-bhr08gjgl,3,25,12%,8.48
https://www.zenn.com.py/producto/notebook-gamer-lenovo-legion-7-16iax10-intel-core-ultra-7-255hx-pantalla-wqxga-oled-160-32,3,25,12%,9.84
https://www.zenn.com.py/producto/nobreak-siera-ups2000-interactiva-2000va-1200w-220v,3,24,12.5%,9
https://www.zenn.com.py/producto/ssd-kingston-1tb-kc600-25-sata-3-skc6001024g,3,23,13.04%,6.43
https://www.zenn.com.py/producto/notebook-lenovo-v14-g4-iru-intel-core-i7-13620h-pantalla-full-hd-140-16gb-de-ram-512gb-ssd-1,3,22,13.64%,3.77
https://www.zenn.com.py/producto/monitor-gamer-macrovip-max-mv-dmx24fhw-24-full-hd-180hz-1ms-blanco,3,22,13.64%,5.09
https://www.zenn.com.py/producto/servidor-nas-storage-synology-diskstation-ds925-amd-ryzen-v1500b-de-22ghz-4-bahias-usb-32,3,22,13.64%,5.55
https://www.zenn.com.py/producto/speaker-xiaomi-07g-smart-lite-qbh4238eu-alexa-bluetooth-negro,3,22,13.64%,5.64
https://www.zenn.com.py/producto/camara-de-vigilancia-tp-link-tapo-c246d-indoor-outdoor-wifi-dual-2k-blanco,3,21,14.29%,7.52
https://www.zenn.com.py/producto/auricular-qcy-crossky-r70-bluetooth-gris-bh24ct02a,3,20,15%,7.1
https://www.zenn.com.py/producto/procesador-intel-core-i7-7700k-socket-lga-1151-36ghz-8mb-oem,3,19,15.79%,5.37
https://www.zenn.com.py/producto/disco-duro-seagate-8tb-iron-wolf-pro-35-sata-3-7200rpm-st8000nt001-garantia-br,3,19,15.79%,5.63
https://www.zenn.com.py/producto/adaptador-para-microfono-lightning-macho-a-usb-c-hembra,3,18,16.67%,3.89
https://www.zenn.com.py/producto/notebook-lenovo-thinkpad-t480-intel-core-i7-8650u-pantalla-full-hd-14-8gb-de-ram-256gb-ssd,3,16,18.75%,2.31
https://www.zenn.com.py/producto/reloj-despertador-de-mesa-satellite-ac-t12w-bamboo,3,16,18.75%,12.06
https://www.zenn.com.py/producto/aire-condicionado-split-blackdecker-18k-t-kit-18000btu-220v-60hz-inverter-r32,3,15,20%,5.07
https://www.zenn.com.py/producto/hd-seagate-24tb-iron-wolf-pro-35-sata-3-7200rpm-st24000nt002-garantia-br,3,14,21.43%,3.14
https://www.zenn.com.py/producto/mini-pc-gmktec-nucbox-g11-amd-ryzen-r2514-de-37ghz-16gb-de-ram-256gb-ssd-win11pro,3,14,21.43%,5.14
https://www.zenn.com.py/producto/disco-duro-seagate-16tb-exos-x24-enterprise-35-sata-3-7200rpm-st16000nm001h-garantia-br,3,11,27.27%,7.82
https://www.zenn.com.py/producto/soundbar-redragon-gs570-darknets-bluetooth-rgb-negro,3,11,27.27%,8.09
https://www.zenn.com.py/producto/ssd-kingston-m2-500gb-nv3-nvme-snv3s500g,3,11,27.27%,12.27
https://www.zenn.com.py/producto/reloj-garmin-instinct-e-rugged-negro-gris-010-02933-00,3,10,30%,5.3
https://www.zenn.com.py/producto/cooler-para-gabinete-darkflash-c6ms-14x14-led-rgb-negro-kit-con-3,3,9,33.33%,4.11
https://www.zenn.com.py/producto/router-ubiquiti-unifi-cloud-gateway-ucg-fiber-10g-sfp-25gbe-poe,3,8,37.5%,5
https://www.zenn.com.py/producto/mousepad-razer-gigantus-v2-pro-l-speed-gaming-500x480-4mm-rz02-05490900-r3u1,3,6,50%,5.83
https://www.zenn.com.py/producto/procesador-intel-core-i3-4360-socket-lga-1150-37ghz-4mb-oem,3,5,60%,6
https://www.zenn.com.py/producto/auricular-satellite-ae-ai521-tws-earphones-bluetooth-negro,2,278,0.72%,5.32
https://www.zenn.com.py/producto/placa-madre-star-mw-h81g573-socket-lga-1150-vga-ddr3,2,194,1.03%,6.33
https://www.zenn.com.py/producto/celular-honor-x5c-nla-lx1-nfc-4gb-de-ram-128gb-pantalla-674-dual-sim-lte-midnight-negro,2,183,1.09%,6.6
https://www.zenn.com.py/producto/notebook-gamer-asus-tuf-a16-fa607nuq-ws73-amd-ryzen-7-170-pantalla-wuxga-160-16gb-de-ram-5,2,176,1.14%,8.08
https://www.zenn.com.py/producto/nb-acer-aspire-14-ai-a14-52m-51s1-core-ultra-5-226v-21ghz16gb512gb-ssd14wuxga-ipsw11ingles,2,153,1.31%,7.62
https://www.zenn.com.py/producto/notebook-dell-15-ldc15250-7427blk-pus-intel-core-i7-1355u-pantalla-touch-full-hd-156-16gb,2,124,1.61%,8.33
https://www.zenn.com.py/producto/notebook-hp-omnibook-3-ai-16-bz0010wm-snapdragon-x-x1-26-100-pantalla-2k-ips-160-16gb-de-r,2,115,1.74%,7.63
https://www.zenn.com.py/producto/receptor-digital-fta-globalsat-gs120-pro-max-iks-sks-negro,2,114,1.75%,7.82
https://www.zenn.com.py/producto/notebook-lenovo-ideapad-slim-3-15itn9-intel-n150-pantalla-full-hd-156-8gb-de-ram-128gb-ufs,2,101,1.98%,7.16
https://www.zenn.com.py/producto/tv-smart-led-40-samsung-lh40befmvgpxzp-fhdhdmiusbwifilanbivolt-preto,2,95,2.11%,7.83
https://www.zenn.com.py/producto/receptor-digital-fta-alphasat-tx-ai-kvm-edition-iks-sks-negro,2,84,2.38%,6.04
https://www.zenn.com.py/producto/notebook-hp-250rt-g9-intel-n150-pantalla-hd-156-8gb-de-ram-256gb-ssd-freedos-gris-oscuro-e,2,84,2.38%,7.75
https://www.zenn.com.py/producto/notebook-gamer-lenovo-loq-essential-15arp11-amd-ryzen-7-170-pantalla-full-hd-156-win11home,2,83,2.41%,5.46
https://www.zenn.com.py/producto/tv-smart-quanta-qtwtv32-32-hd-led-negro,2,82,2.44%,8.13
https://www.zenn.com.py/producto/tv-smart-ecopower-ep-tv065-65-ultra-hd-4k-led-negro,2,80,2.5%,7.03
https://www.zenn.com.py/producto/tablet-mox-mo-tk138-kids-6gb-de-ram-128gb-pantalla-7-wi-fi-azul,2,75,2.67%,5.05
https://www.zenn.com.py/producto/tarjeta-de-video-star-radeon-4gb-radeon-hd7670-ddr5-hd7670-graphic,2,75,2.67%,6.2
https://www.zenn.com.py/producto/notebook-gamer-rog-zephyrus-g16-gu605cp-g16u95070-intel-core-ultra-9-285h-pantalla-oled-wq,2,74,2.7%,9.57
https://www.zenn.com.py/producto/notebook-lenovo-ideapad-slim-3-15arp10-amd-ryzen-7-170-pantalla-touch-full-hd-153-16gb-de,2,70,2.86%,9.04
https://www.zenn.com.py/producto/notebook-gamer-asus-tuf-a15-fa506ncg-hn807w-amd-ryzen-7-7445hs-pantalla-full-hd-156-8gb-de,2,69,2.9%,8.17
https://www.zenn.com.py/producto/tv-smart-quanta-qtgtv55-55-ultra-hd-4k-led-negro,2,68,2.94%,9.06
https://www.zenn.com.py/producto/notebook-gamer-asus-tuf-f16-fx607vu-es51-intel-core-5-210h-pantalla-wuxga-16-8gb-de-ram-51,2,65,3.08%,6.37
https://www.zenn.com.py/producto/monitor-gamer-gigabyte-gs24f14-24-full-hd-ips-144hz-1ms-negro,2,65,3.08%,6.75
https://www.zenn.com.py/producto/reloj-inteligente-xiaomi-redmi-watch-6-lite-m2565w1-steel-gris,2,63,3.17%,7.32
https://www.zenn.com.py/categoria-producto?category=impresoras_y_suministros,2,60,3.33%,46.82
https://www.zenn.com.py/producto/reloj-inteligente-havit-m9052-negro,2,58,3.45%,5.95
https://www.zenn.com.py/producto/teclado-gamer-mecanico-onikuma-mt706-wireless-rgb-ingles-negro,2,57,3.51%,6.95
https://www.zenn.com.py/producto/mini-pc-gmktec-nucbox-g3-pro-intel-core-i3-10110u-de-21ghz-8gb-de-ram-256gb-ssd-win11-pro,2,56,3.57%,5.71
https://www.zenn.com.py/producto/placa-madre-goline-gl-h110m-gd3-socket-lga-1151-vga-ddr3,2,55,3.64%,5.09
https://www.zenn.com.py/producto/gabinete-gamer-macrovip-max-aqua-series-mid-tower-5-cooler-rgb-blanco-mv-tcxu2001f5w,2,53,3.77%,5.62
https://www.zenn.com.py/producto/tv-smart-xiaomi-s-pro-mini-led-2026-l55mb-sph-55-ultra-hd-4k-qd-mini-led-google-tv,2,53,3.77%,10.77
https://www.zenn.com.py/producto/notebook-lenovo-ideapad-1-15amn7-amd-ryzen-5-7520u-pantalla-full-hd-156-8gb-de-ram-256gb-s,2,52,3.85%,6.65
https://www.zenn.com.py/producto/patineta-electrico-interbras-x-scooter-cross-10-negro,2,52,3.85%,8.35
https://www.zenn.com.py/producto/notebook-gamer-msi-crosshair-16-hx-e14wgk-038us-intel-core-i9-14900hx-pantalla-qhd-16-16gb,2,51,3.92%,7
https://www.zenn.com.py/producto/terminal-de-reconocimiento-facial-hikvision-ds-k1t343mfwx-negro,2,49,4.08%,9.35
https://www.zenn.com.py/producto/notebook-dell-15-ldc15255-7322blk-pus-amd-ryzen-7-7730u-pantalla-touch-full-hd-156-16gb-de,2,47,4.26%,7.96
https://www.zenn.com.py/producto/tablet-cidea-cm936-8gb-de-ram-512gb-pantalla-9-negro-auricular,2,46,4.35%,5.26
https://www.zenn.com.py/producto/gaveta-mtek-en-35k3509ca-sata-35-ssd-hdd-usb-c-31-negro,2,45,4.44%,5.42
https://www.zenn.com.py/producto/auricular-xiaomi-redmi-buds-8-pro-bluetooth-obsidian-negro-bhr08gogl,2,45,4.44%,8.27
https://www.zenn.com.py/producto/mouse-gamer-redragon-m618-lit-azzmach-wireless-bluetooth-negro,2,44,4.55%,5.59
https://www.zenn.com.py/producto/notebook-hp-omnibook-3-16-bu0007dx-intel-core-ultra-7-255u-pantalla-touch-2k-160-16gb-de-r,2,44,4.55%,9.82
https://www.zenn.com.py/categoria-producto?category=procesadores&subcategory=cpu_intel__24_01,2,43,4.65%,14.3
https://www.zenn.com.py/producto/reloj-inteligente-blulory-u88dd-kids-lte-rosa,2,42,4.76%,5.1
https://www.zenn.com.py/producto/impresora-3d-bambu-lab-pf001-usa001-p1s-combo-ams-bivolt-gris,2,42,4.76%,6.12
https://www.zenn.com.py/producto/notebook-gamer-hp-victus-15-fa2082wm-intel-core-i5-13420h-pantalla-full-hd-156-16gb-de-ram,2,42,4.76%,15.12
https://www.zenn.com.py/producto/moto-electrica-blulory-milan-pro-rosa-blanco,2,41,4.88%,6.56
https://www.zenn.com.py/producto/notebook-gamer-hp-victus-15-fa2104tx-intel-core-i7-13620h-pantalla-full-hd-156-16gb-de-ram,2,41,4.88%,6.61
https://www.zenn.com.py/producto/pantalla-multimedia-dub-dbcp01-para-vehiculo-4gb-de-ram-64gb-wi-fi-negro,2,41,4.88%,7.02
https://www.zenn.com.py/producto/ssd-sandisk-m2-1tb-plus-nvme-sdssda3n-1t00-g26,2,41,4.88%,8.9
https://www.zenn.com.py/categoria-producto?category=tarjetas_graficas,2,41,4.88%,14.12
https://www.zenn.com.py/producto/notebook-gamer-alienware-16-aurora-lac16250-7193blu-pus-intel-core-7-240h-pantalla-25k-16,2,40,5%,7.15
https://www.zenn.com.py/producto/notebook-gamer-acer-predator-triton-14-ai-pt14-52t-972d-intel-core-ultra-9-288v-pantalla-o,2,39,5.13%,5.28
https://www.zenn.com.py/producto/hd-externo-seagate-8tb-expansion-35-stkp8000400-negro,2,39,5.13%,8.56
https://www.zenn.com.py/producto/ssd-macrovip-m2-256gb-gold-nvme-mvgld256gb,2,38,5.26%,6.87
https://www.zenn.com.py/producto/speaker-redragon-gs520-pro-anvil-pro-rgb-bluetooth-usb-sd-aux-negro,2,38,5.26%,7.5
https://www.zenn.com.py/producto/notebook-gamer-alienware-16x-aurora-lac16251-intel-core-ultra-9-275hx-pantalla-qhd-16-32gb,2,38,5.26%,7.84
https://www.zenn.com.py/producto/cooler-para-procesador-keepdata-dragonfly-kd-p2rgb-rgb-120mm,2,37,5.41%,3.95
https://www.zenn.com.py/producto/tv-smart-jvc-lt-43kb758-43-ultra-hd-4k-qled-google-tv-negro,2,37,5.41%,7.35
https://www.zenn.com.py/producto/notebook-asus-zenbook-s14-ux5406aa-zbs1490-intel-core-ultra-9-386h-pantalla-touch-oled-wq,2,37,5.41%,7.49
https://www.zenn.com.py/producto/tablet-cidea-cm9800-ultra-8gb-de-ram-1tb-pantalla-10-5g-lte-azul-pencil-teclado-mouse-capa,2,36,5.56%,5.86
https://www.zenn.com.py/producto/proyector-acer-x1329-4800-lumens-negro,2,36,5.56%,7.31
https://www.zenn.com.py/producto/mouse-gamer-redragon-m998-ult-ebony-ultra-wireless-rgb-negro,2,35,5.71%,6.43
https://www.zenn.com.py/producto/proyector-acer-x1228h-4500-lumens-negro,2,35,5.71%,6.94
https://www.zenn.com.py/producto/kit-de-alarma-hikvision-ds-pa201p-kit-16wb-ax-home-wireless-16-zonas-blanco,2,35,5.71%,7.8
https://www.zenn.com.py/producto/monitor-macrovip-mv-dm22fh-22-full-hd-ips-75hz-5ms-negro,2,33,6.06%,5.12
https://www.zenn.com.py/producto/kit-gamer-redragon-essentials-s148-teclado-mouse-mousepad-auricular-rgb-ingles-negro,2,33,6.06%,5.52
https://www.zenn.com.py/producto/monitor-lg-swing-touch-32u889sa-w-32-4k-ips-5ms-blanco,2,33,6.06%,5.64
https://www.zenn.com.py/producto/reloj-inteligente-realme-watch-s5-rmw2502-rock-gris,2,33,6.06%,6.06
https://www.zenn.com.py/producto/tablet-cidea-cm10500-ultra-8gb-de-ram-1tb-pantalla-105-azul-teclado-auricular-capa,2,32,6.25%,6.41
https://www.zenn.com.py/producto/adaptador-lightning-macho-para-usb-c-hembra-otg,2,32,6.25%,6.59
https://www.zenn.com.py/producto/placa-madre-msi-b550m-a-pro-socket-am4-ddr4,2,32,6.25%,7.22
https://www.zenn.com.py/producto/cooler-para-procesador-macrovip-mv-cpc3r-rgb-pwm-tower-120mm-negro,2,31,6.45%,3.87
https://www.zenn.com.py/producto/speaker-redragon-gs590-kaidas-gaming-rgb-bluetooth-usb-35mm-negro,2,31,6.45%,4.39
https://www.zenn.com.py/producto/celular-motorola-g86-power-5g-xt2527-6-8-gb-de-ram-256gb-pantalla-667-dual-sim-5g-pantone,2,31,6.45%,8.97
https://www.zenn.com.py/producto/auricular-qcy-t13-pro-tws-earbuds-bluetooth-blanco-bh26ht23a,2,30,6.67%,6.87
https://www.zenn.com.py/producto/notebook-hp-omnibook-3-16-bu0170wm-intel-core-ultra-7-255u-pantalla-2k-160-16gb-de-ram-1tb,2,30,6.67%,6.87
https://www.zenn.com.py/producto/speaker-amazon-echo-studio-alexa-bluetooth-graphite,2,30,6.67%,8.17
https://www.zenn.com.py/producto/notebook-hp-omnibook-7-17-dc0373cl-intel-core-ultra-7-258v-pantalla-touch-full-hd-173-32gb,2,30,6.67%,8.4
https://www.zenn.com.py/producto/procesador-amd-ryzen-5-3400g-socket-am4-37ghz-6mb,2,29,6.9%,6.52
https://www.zenn.com.py/producto/cooler-para-procesador-msi-mag-corefrozr-aa13-argb-120mm-negro,2,29,6.9%,6.69
https://www.zenn.com.py/producto/reloj-inteligente-amazfit-active-max-a2557-negro,2,29,6.9%,9.62
https://www.zenn.com.py/producto/memoria-ram-para-notebook-crucial-ddr5-16gb-5600mhz-ct16g56c46s5,2,29,6.9%,9.72
https://www.zenn.com.py/producto/notebook-gamer-lenovo-legion-9-18iax10-intel-core-ultra-9-275hx-pantalla-wquxga-180-32gb-d,2,28,7.14%,5.89
https://www.zenn.com.py/producto/router-hikvision-ds-3wr30x-dual-band-24ghz-5ghz-4-antenas-negro,2,28,7.14%,6.25
https://www.zenn.com.py/producto/notebook-gamer-acer-predator-helios-neo-16s-ai-phn16s-71-91aw-intel-core-ultra-9-275hx-pan,2,28,7.14%,6.71
https://www.zenn.com.py/producto/celular-hotwav-x100-gt-nfc-8gb-de-ram-256gb-pantalla-69-dual-sim-lte-midnight-black-global,2,28,7.14%,7.86
https://www.zenn.com.py/producto/procesador-intel-core-i7-870-socket-lga-1156-293ghz-8mb-oem,2,27,7.41%,3.85
https://www.zenn.com.py/producto/base-volante-direct-drive-fanatec-clubsport-dd-15nm-pcps4ps5-preto-csddus,2,27,7.41%,6.15
https://www.zenn.com.py/producto/procesador-intel-core-i5-9500-socket-lga-1151-30ghz-9mb-oem,2,27,7.41%,6.78
https://www.zenn.com.py/producto/monitor-msi-pro-mp242-e14a-238-full-hd-ips-led-144hz-1ms-negro,2,27,7.41%,9.3
https://www.zenn.com.py/producto/tablet-blackview-zeno-10-5g-6gb-de-ram-128gb-pantalla-11-shadow-black-pencil-capa-mouse-te,2,26,7.69%,4.88
https://www.zenn.com.py/producto/cerradura-digital-satellite-sl-75-smart-door-lock-negro,2,26,7.69%,7.54
https://www.zenn.com.py/producto/teclado-gamer-mecanico-ajazz-nk68-nacodexx-mini-usb-red-ingles-blanco-986994,2,25,8%,4.6
https://www.zenn.com.py/producto/procesador-intel-core-i5-8600-socket-lga-1151-31ghz-9mb-oem,2,25,8%,5.4
https://www.zenn.com.py/producto/ssd-keepdata-m2-1tb-nvme-kdnv1t-j12,2,25,8%,6.48
https://www.zenn.com.py/producto/notebook-dell-precision-7780-intel-core-i9-13950hx-pantalla-full-hd-173-128gb-de-ram-4tb-s,2,25,8%,8.08
https://www.zenn.com.py/producto/reloj-inteligente-amazfit-active-2-a2437-premium-negro-leather,2,25,8%,8.64
https://www.zenn.com.py/producto/aspirador-portatil-xiaomi-mi-vacuum-cleaner-g20-lite-c203-blanco,2,25,8%,9.04
https://www.zenn.com.py/producto/monitor-gamer-macrovip-max-mv-dmx27fh2-27-full-hd-240hz-1ms-negro,2,24,8.33%,3.5
https://www.zenn.com.py/producto/placa-madre-macrovip-mv-a520v2-socket-am4-vga-ddr4,2,24,8.33%,3.75
https://www.zenn.com.py/producto/reloj-despertador-de-mesa-satellite-ac-t21-negro,2,24,8.33%,5.17
https://www.zenn.com.py/producto/ssd-western-digital-m2-2230-2tb-black-sn770m-nvme-wds200t3x0g-00chy0,2,24,8.33%,6.5
https://www.zenn.com.py/producto/teclado-gamer-mecanico-redragon-k607p-kbs-aps-pro-wireless-rgb-blue-ingles-negro,2,24,8.33%,6.83
https://www.zenn.com.py/producto/silla-gamer-redragon-c313-br-heth-negro-rojo,2,24,8.33%,7
https://www.zenn.com.py/producto/reloj-inteligente-mibro-watch-gt-xpaw026-dark-tarnish,2,24,8.33%,7.25
https://www.zenn.com.py/producto/videoportero-hikvision-ds-kh6110-we1-ip-touch-43-negro,2,24,8.33%,7.38
https://www.zenn.com.py/producto/aire-acondicionado-split-maryland-mr-ac12000in-kit-12000btu-220v-60hz-inverter-r-32-eco,2,23,8.7%,6.26
https://www.zenn.com.py/producto/amazon-fire-tv-stick-hd-8gb-wi-fi-6-alexa-negro,2,23,8.7%,8.35
https://www.zenn.com.py/producto/procesador-intel-core-i7-9700-socket-lga-1151-30ghz-12mb-oem,2,23,8.7%,13.26
https://www.zenn.com.py/producto/placa-madre-keepdata-h511-kdgnv-socket-lga-1200-ddr4,2,22,9.09%,5.05
https://www.zenn.com.py/producto/patineta-electrico-xiaomi-scooter-lite-negro-ddhbc14lq,2,22,9.09%,5.45
https://www.zenn.com.py/producto/gabinete-gamer-gamdias-atlas-m4-mid-tower-4-cooler-argb-negro,2,22,9.09%,8.23
https://www.zenn.com.py/producto/plancha-para-el-cabello-ftx-hs2-162-air-straight-220v-azul,2,22,9.09%,8.27
https://www.zenn.com.py/producto/tv-smart-xiaomi-a-pro-qled-65-l65mb-apph-2026-ultra-hd-4k-google-tv,2,22,9.09%,10.36
https://www.zenn.com.py/producto/teclado-gamer-mecanico-satellite-k62-usb-rgb-espanol-negro,2,21,9.52%,5.86
https://www.zenn.com.py/producto/triciclo-electrico-hye-tr02-bluetooth-speaker-led-85-white-black-comic,2,21,9.52%,6.81
https://www.zenn.com.py/producto/headset-gamer-ajazz-ahm09-max-wireless-negro-gris-986857,2,21,9.52%,6.9
https://www.zenn.com.py/producto/auricular-gamer-corsair-hs80-max-premium-rgb-wireless-steel-gris-ca-9011295-na,2,21,9.52%,7.29
https://www.zenn.com.py/producto/mini-pc-asus-nuc-14-essential-nuc14mnk1500001-twin-lake-n150-de-29ghz-memoria-y-hd-no-incl,2,21,9.52%,7.76
https://www.zenn.com.py/producto/maquina-de-cocinar-huevos-quanta-qtmch400-cheffegg-220v-negro-plata-4-en-1,2,21,9.52%,9.52
https://www.zenn.com.py/producto/desktop-all-in-one-3nstar-k21-i511w-8-240-kiosk-pos-system-intel-core-i5-pantalla-touch-21,2,20,10%,5.3
https://www.zenn.com.py/producto/notebook-hp-elitebook-x360-1040-g8-intel-core-i7-1165g7-pantalla-touch-full-hd-14-16gb-de,2,20,10%,5.8
https://www.zenn.com.py/producto/estabilizador-de-energia-st-2000-2000w-110-220v,2,20,10%,6.15
https://www.zenn.com.py/producto/headset-gamer-onikuma-tx603-tws-space-bear-bluetooth-rosa,2,20,10%,6.2
https://www.zenn.com.py/producto/notebook-hp-elitebook-840-g5-intel-core-i5-8350u-pantalla-full-hd-14-8gb-de-ram-256gb-ssd,2,20,10%,6.45
https://www.zenn.com.py/producto/aire-condicionado-split-blackdecker-12k-t-kit-12000btu-220v-60hz-inverter-r32,2,20,10%,6.55
https://www.zenn.com.py/producto/auricular-realme-rma2418-buds-clip-bluetooth-dorado-titanium,2,20,10%,12.35
https://www.zenn.com.py/producto/tarjeta-de-memoria-micro-sd-keepdata-rush-c10-u3-v30-a2-256gb-kdmsdc10u3v30a2256g,2,19,10.53%,5.79
https://www.zenn.com.py/producto/gabinete-gamer-darkflash-hm1-art-ultra-micro-atx-blanco,2,19,10.53%,5.84
https://www.zenn.com.py/producto/notebook-hp-zbook-firefly-14-g8-intel-core-i5-1145g7-pantalla-full-hd-14-16gb-de-ram-256gb,2,19,10.53%,6
https://www.zenn.com.py/producto/patineta-electrica-xiaomi-scooter-5-negro-ddhbc38zm,2,19,10.53%,6.21
https://www.zenn.com.py/producto/apple-iphone-17e-mhrq4lla-a3575-256gb-esim-soft-pink,2,19,10.53%,7.68
https://www.zenn.com.py/producto/ssd-macrovip-256gb-25-sata-3-mv256gb,2,19,10.53%,7.89
https://www.zenn.com.py/producto/gabinete-gamer-ftx-ftx-tankwh-blanco,2,19,10.53%,11.16
https://www.zenn.com.py/producto/filamento-para-impresora-3d-elegoo-pla-10kg-175mm-naranja,2,19,10.53%,11.89
https://www.zenn.com.py/producto/tablet-cidea-cm517b-8gb-de-ram-256gb-pantalla-7-5g-lte-dorado-pencil-auricular,2,18,11.11%,4.94
https://www.zenn.com.py/producto/pendrive-lexar-jumpdrive-v40-16gb-usb-20-negro-ljdv40-16gab,2,18,11.11%,5
https://www.zenn.com.py/producto/celular-samsung-galaxy-a37-5g-a376b-6gb-de-ram-128gb-pantalla-67-dual-sim-5g-awesome-gray,2,18,11.11%,5.06
https://www.zenn.com.py/producto/gabinete-gamer-corsair-3200d-cc-9011344-ww-mid-tower-3-cooler-negro,2,18,11.11%,5.83
https://www.zenn.com.py/producto/tablet-cidea-cm517b-8gb-de-ram-256gb-pantalla-7-5g-lte-plata-pencil-auricular,2,18,11.11%,6.56
https://www.zenn.com.py/producto/speaker-mox-mo-ms15-bluetooth-usb-fm-negro,2,18,11.11%,6.89
https://www.zenn.com.py/producto/gabitene-gamer-lian-li-a3-matx-wdg-mff-negro,2,18,11.11%,6.94
https://www.zenn.com.py/producto/teclado-gamer-mecanico-ajazz-ak820-pro-nacodexx-wireless-rgb-flying-fish-ingles-blanco-mor,2,18,11.11%,7
https://www.zenn.com.py/producto/control-redragon-g710-rift-para-ps3-pc-usb-negro,2,18,11.11%,7.44
https://www.zenn.com.py/producto/notebook-acer-aspire-go-15-ag15-42p-r3gm-amd-ryzen-7-7730u-pantalla-full-hd-156-32gb-de-ra,2,18,11.11%,8.72
https://www.zenn.com.py/producto/soundbar-jbl-bar-1000mk2-71-bluetooth-usb-hdmi-alexa-negro,2,18,11.11%,9.11
https://www.zenn.com.py/producto/placa-madre-macrovip-mv-h510-v3-socket-lga-1200-vga-ddr4,2,17,11.76%,2.76
https://www.zenn.com.py/producto/gabinete-gamer-satellite-k2402-e-atx-4-cooler-blanco,2,17,11.76%,4.29
https://www.zenn.com.py/producto/mouse-gamer-razer-naga-v2-hyperspeed-wireless-negro-rz01-03600100-r3u1,2,17,11.76%,4.29
https://www.zenn.com.py/producto/notebook-lenovo-thinkpad-t15-gen-2-intel-core-i7-1185g7-pantalla-full-hd-156-16gb-de-ram-5,2,17,11.76%,4.35
https://www.zenn.com.py/producto/notebook-dell-14-ld14260-7229blk-pus-intel-core-ultra-7-255u-pantalla-full-hd-14-16gb-de-r,2,17,11.76%,4.47
https://www.zenn.com.py/producto/fuente-de-alimentacion-aigo-warrior-ak700-700w-atx-no-modular-rgb,2,17,11.76%,4.82
https://www.zenn.com.py/producto/teclado-mouse-redragon-bs-7162-max-ergonomic-wireless-ingles-negro,2,17,11.76%,6.06
https://www.zenn.com.py/categoria-producto?category=cooler,2,17,11.76%,7.35
https://www.zenn.com.py/producto/placa-madre-msi-pro-z690-p-ddr4-socket-lga-1700-ddr4,2,17,11.76%,7.47
https://www.zenn.com.py/producto/estabilizador-gimbal-ecopower-ep-t203-escritorio-auto-face-tracking-360-negro,2,16,12.5%,4.31
https://www.zenn.com.py/producto/apple-macbook-air-mdvd4lla-a3448-m5-10-core-pantalla-retina-153-16gb-de-ram-512gb-ssd-star,2,16,12.5%,5.56
https://www.zenn.com.py/producto/auricular-jbl-tune-680nc-bluetooth-blanco,2,16,12.5%,6.25
https://www.zenn.com.py/producto/ssd-externo-sandisk-4tb-portatil-extreme-negro-sdssde61-4t00-g25,2,16,12.5%,7.31
https://www.zenn.com.py/producto/teclado-gamer-magnetico-redragon-k617rgb-m-fizz-mini-usb-rgb-ingles-negro,2,16,12.5%,8.5
https://www.zenn.com.py/producto/cinta-adhesiva-para-rotuladora-quanta-qtbla128-negro,2,16,12.5%,10.75
https://www.zenn.com.py/producto/gabinete-gamer-satellite-k899-atx-10-cooler-blanco,2,15,13.33%,3.8
https://www.zenn.com.py/producto/microfono-razer-seiren-v3-mini-white-edition-blanco-rz19-05050300-r3u1,2,15,13.33%,3.93
https://www.zenn.com.py/producto/mouse-gamer-razer-viper-v4-pro-wireless-blanco-rz01-05630200-r3u1,2,15,13.33%,4.13
https://www.zenn.com.py/producto/mini-pc-kamrui-hyper-h2-intel-core-i5-14450hx-de-24ghz-16gb-de-ram-512gb-ssd-win11pro-plat,2,15,13.33%,6.27
https://www.zenn.com.py/producto/notebook-asus-vivobook-x1504va-bq4373w-intel-core-5-120u-pantalla-full-hd-156-8gb-de-ram-5,2,15,13.33%,7.67
https://www.zenn.com.py/producto/teclado-gamer-mecanico-redragon-k617-rgb-fizz-mini-usb-red-ingles-gris-blanco,2,15,13.33%,7.8
https://www.zenn.com.py/producto/ssd-western-digital-500gb-western-green-25-sata-3-wds500g5g0a,2,15,13.33%,8.67
https://www.zenn.com.py/producto/stream-deck-elgato-neo-10gbj9901-blanco-8-teclas,2,15,13.33%,9.53
https://www.zenn.com.py/producto/monitor-gamer-xiaomi-g34wqi-c34wqda-rggl-34-wqhd-led-curvo-180hz-1ms-negro,2,15,13.33%,10.27
https://www.zenn.com.py/producto/sandwichera-ftx-sm2-750-mini-grill-elite-220v-negro-3-en-1,2,15,13.33%,10.4
https://www.zenn.com.py/producto/teclado-mouse-havit-kb247cm-sp-usb-espanol-negro,2,14,14.29%,2.86
https://www.zenn.com.py/producto/procesador-intel-core-i7-8700k-socket-lga-1151-37ghz-12mb-oem,2,14,14.29%,4.43
https://www.zenn.com.py/producto/control-razer-wolverine-v3-pro-wireless-para-xbox-pc-blanco-rz06-05200200-r3u1,2,14,14.29%,5.57
https://www.zenn.com.py/producto/headset-gamer-razer-kraken-v4-rgb-wireless-negro-rz04-05170100-r3u1,2,14,14.29%,6.07
https://www.zenn.com.py/producto/memoria-ram-corsair-vengeance-rgb-ddr5-32gb-2x16gb-6200mhz-negro-cmh32gx5m2e6200c36,2,14,14.29%,6.79
https://www.zenn.com.py/producto/placa-madre-asus-rog-strix-b550-f-gaming-wi-fi-socket-am4-ddr4,2,14,14.29%,8.29
https://www.zenn.com.py/categoria-producto?category=electronicos&subcategory=cofres_y_gavetas_de_dinero__33_12_03,2,14,14.29%,9.14
https://www.zenn.com.py/producto/cable-adaptador-usb-30-para-f3-sata-hd-ssd-25,2,14,14.29%,12
https://www.zenn.com.py/producto/kit-gamer-redragon-essentials-s147-teclado-mouse-mousepad-auricular-rgb-espanol-negro,2,13,15.38%,4.46
https://www.zenn.com.py/producto/memoria-ram-para-notebook-macrovip-ddr4-8gb-2400mhz-mv24s178,2,13,15.38%,5.92
https://www.zenn.com.py/producto/mouse-havit-ms45wb-vertical-wireless-bluetooth-blanco,2,13,15.38%,7.46
https://www.zenn.com.py/producto/filamento-para-impresora-3d-creality-hyper-luminous-pla-10kg-175mm-rosa,2,13,15.38%,8.69
https://www.zenn.com.py/producto/tv-smart-lg-65ua8050psa-65-ultra-hd-4k-led-webos-negro,2,13,15.38%,8.77
https://www.zenn.com.py/producto/reloj-inteligente-blulory-rs5-2026-rosa,2,13,15.38%,10.08
https://www.zenn.com.py/producto/monitor-portatil-duplo-bak-bk-p1561-b-156-full-hd-lcd-negro,2,13,15.38%,10.38
https://www.zenn.com.py/producto/mouse-gamer-redragon-m921-rgb-azzinoth-usb-rgb-negro,2,12,16.67%,4.58
https://www.zenn.com.py/producto/roteador-ubnt-cloud-key-unifi-uck-g2-ssd,2,12,16.67%,5.75
https://www.zenn.com.py/producto/adaptador-wifi-satellite-aw-3001-usb-24ghz-150mbps,2,12,16.67%,5.92
https://www.zenn.com.py/producto/filamento-para-impresora-3d-elegoo-pla-10kg-175mm-blanco-1,2,12,16.67%,6.08
https://www.zenn.com.py/producto/notebook-gamer-rog-zephyrus-g14-ga403wr-g14r95070ti-amd-ryzen-ai-9-hx-370-pantalla-oled-wq,2,12,16.67%,6.92
https://www.zenn.com.py/producto/placa-madre-asus-tuf-gaming-b850-e-wi-fi-socket-am5-ddr5,2,12,16.67%,7.33
https://www.zenn.com.py/producto/reloj-inteligente-mibro-watch-gt-xpaw026-plata,2,12,16.67%,8.08
https://www.zenn.com.py/producto/router-tp-link-deco-be22-whole-home-mesh-be3600-dual-band-24ghz-5ghz-wi-fi-7-blanco,2,12,16.67%,9.08
https://www.zenn.com.py/producto/extensor-de-red-tp-link-tl-wpa4220-kit-powerline-av600,2,12,16.67%,9.42
https://www.zenn.com.py/producto/kit-de-herramientas-satellite-a-ks63-precision-screwdriver-set-gris,2,11,18.18%,3.18
https://www.zenn.com.py/producto/microfono-boya-boya-by-v10-wireless-1tx-rx-usb-c-negro,2,11,18.18%,3.64
https://www.zenn.com.py/producto/hd-seagate-2tb-pipeline-35-sata-3-5900rpm-pull-st2000vm003,2,11,18.18%,4.55
https://www.zenn.com.py/producto/tela-lcd-p-cooler-thermalright-trofeo-vision-916-preto,2,11,18.18%,5.18
https://www.zenn.com.py/producto/tarjeta-de-memoria-micro-sd-keepdata-neox-c10-xc-i-u3-v30-a1-128gb-kdmsdc10u3v30a1128g,2,11,18.18%,5.45
https://www.zenn.com.py/producto/notebook-gamer-lenovo-legion-pro-5-16iax10-intel-core-ultra-7-255hx-pantalla-oled-wqxga-16-2,2,11,18.18%,6.73
https://www.zenn.com.py/producto/cable-usb-macho-a-mini-usb-macho-080cm,2,11,18.18%,15.27
https://www.zenn.com.py/producto/memoria-ram-para-notebook-keepdata-ddr4-16gb-2666mhz-kd26s1916g,2,10,20%,5.2
https://www.zenn.com.py/producto/projetor-epson-eb-l210w-powerlite-laser-4500-lumens-wxgahdmivgausblanrs-232-branco,2,10,20%,6
https://www.zenn.com.py/producto/hd-western-digital-8tb-wd-purple-surveillance-35-sata-3-5640rpm-wd85purz-garantia-br,2,10,20%,6.1
https://www.zenn.com.py/producto/proyector-xiaomi-wanbo-led-x5-pro-1100-lumens-dark-azul,2,10,20%,6.6
https://www.zenn.com.py/producto/tablet-oukitel-rt8-6gb256gb-preto-wifi-11,2,10,20%,7
https://www.zenn.com.py/producto/auricular-jbl-tune-t780nc-pure-bass-bluetooth-azul,2,10,20%,8.6
https://www.zenn.com.py/producto/disco-duro-toshiba-6tb-s300-surveillance-35-sata-3-5400rpm-hdwt860uzsva,2,9,22.22%,5.11
https://www.zenn.com.py/producto/kit-teclado-mox-mo-k351-wireless-mouse-mousepad-espanol-negro,2,9,22.22%,6.67
https://www.zenn.com.py/producto/nobreak-aps-power-2kvas-2kva-1800w-220v,2,9,22.22%,6.78
https://www.zenn.com.py/producto/placa-madre-macrovip-mv-x99-socket-lga-2011-ddr3,2,8,25%,4.12
https://www.zenn.com.py/producto/auricular-qcy-h3s-bh25h3sa-wireless-negro,2,8,25%,4.75
https://www.zenn.com.py/producto/hd-externo-western-digital-4tb-wd-elements-25-wdbu6y0040bbk-wesn-negro,2,8,25%,5.12
https://www.zenn.com.py/producto/placa-madre-msi-meg-z890-ace-socket-lga-1851-ddr5,2,8,25%,5.12
https://www.zenn.com.py/producto/silla-gamer-quanta-qtsg3-blaze-verde,2,8,25%,5.88
https://www.zenn.com.py/producto/gabinete-gamer-gamdias-aura-gc9m-elite-argb-mini-tower-3-cooler-argb-negro,2,8,25%,6.25
https://www.zenn.com.py/producto/auricular-gamer-redragon-h510w-zeus-2-con-cable-blanco,2,8,25%,9.12
https://www.zenn.com.py/producto/camara-de-vigilancia-tp-link-tapo-c425-kit-outdoor-painel-solar-2k-qhd-blanco,2,8,25%,9.38
https://www.zenn.com.py/producto/impresora-epson-l8050-ecotank-wifi-bivolt-negro,2,8,25%,24
https://www.zenn.com.py/producto/lampara-led-jortan-jt-xm200w-solar-200w-ip67-negro,2,7,28.57%,4.86
https://www.zenn.com.py/producto/headset-gamer-redragon-lamia-2-h320rgb-1-rgb-con-cable-negro,2,7,28.57%,7
https://www.zenn.com.py/producto/pendrive-sandisk-g46-ultra-dual-drive-go-256gb-usb-31-type-c-negro,2,7,28.57%,9.86
https://www.zenn.com.py/producto/modulo-minigbic-sfp-b35l-r10d-125g-10km-bidi-lc-ddm-tx1310-rx1550nm,2,7,28.57%,11
https://www.zenn.com.py/producto/celular-motorola-edge-60-fusion-xt2503-4-8gb-de-ram-256gb-pantalla-67-dual-sim-5g-pantone-1,2,7,28.57%,11.57
https://www.zenn.com.py/producto/memoria-ram-macrovip-ddr3-2gb-1333mhz-mv13n92,2,6,33.33%,2.5
https://www.zenn.com.py/producto/water-cooler-para-procesador-darkflash-twister-dx-120-v26-120mm-argb-rosa,2,6,33.33%,3
https://www.zenn.com.py/producto/monitor-portatil-msi-pro-mp165-e6-156-full-hd-ips-60hz-4ms-negro,2,6,33.33%,3.5
https://www.zenn.com.py/producto/adaptador-wifi-tp-link-tl-wn821n-atheros-usb-24ghz-300mbps,2,6,33.33%,5.67
https://www.zenn.com.py/producto/tv-hye-hye24athz-24-hd-led-negro,2,6,33.33%,6.67
https://www.zenn.com.py/producto/microfono-dji-mic-3-receiver-wireless-negro,2,6,33.33%,7.33
https://www.zenn.com.py/producto/speaker-xiaomi-l05g-smart-ir-control-bluetooth-negro,2,6,33.33%,10.17
https://www.zenn.com.py/categoria-producto?category=placas_madre&subcategory=placas_madre_amd__22_02,2,6,33.33%,12.17
https://www.zenn.com.py/producto/monitor-gamer-lg-ultragear-39gx90sa-w-39-wqhd-oled-curvo-240hz-003ms-blanco,2,5,40%,4.2
https://www.zenn.com.py/producto/soporte-gamer-fanatec-para-simulador-de-corrida-clubsport-gt-cockpit-kit-expansion-negro-c,2,5,40%,4.6
https://www.zenn.com.py/producto/cargador-portatil-xiaomi-wpc02zm-stand-20w-wireless-negro,2,5,40%,19
https://www.zenn.com.py/producto/tablet-cidea-cm8300-ultra-8gb-de-ram-1tb-pantalla-101-5g-lte-verde-pencil-teclado-mouse-ca,2,4,50%,3.5
https://www.zenn.com.py/producto/ssd-adata-m2-4tb-xpg-gammix-s70-blade-nvme-agammixs70b-4t-cs,2,4,50%,4.25
https://www.zenn.com.py/producto/tablet-xiaomi-redmi-pad-2-pro-8gb-de-ram-256gb-pantalla-121-plata,2,4,50%,10.25
https://www.zenn.com.py/producto/boquilla-de-impresion-para-impresora-3d-creality-silicon-carbide-nozzle-para-k1c-ender-3-v,2,3,66.67%,4.33
https://www.zenn.com.py/producto/cable-xiaomi-sjx12zm-usb-c-macho-a-usb-macho-15m-blanco,2,2,100%,14.5
https://www.zenn.com.py/producto/notebook-hp-14-dq6105dx-intel-celeron-n150-pantalla-hd-140-4gb-de-ram-128gb-ufs-w11-rose-g,1,313,0.32%,7.6
https://www.zenn.com.py/producto/auricular-satellite-ae-ai631-tws-earphones-bluetooth-negro,1,276,0.36%,6.04
https://www.zenn.com.py/producto/notebook-gamer-acer-nitro-v-16-ai-anv16-61-r0yw-amd-ryzen-ai-7-350-pantalla-wuxga-16-16gb,1,229,0.44%,6.72
https://www.zenn.com.py/producto/notebook-hp-15-fd0153wm-intel-core-i5-1334u-pantalla-full-hd-156-8gb-de-ram-512gb-ssd-win1,1,200,0.5%,9.09
https://www.zenn.com.py/producto/consola-portatil-game-smartfy-gp01t-64gb-blanco,1,159,0.63%,5.69
https://www.zenn.com.py/producto/notebook-lenovo-ideapad-slim-3-15iru8-intel-core-i5-1335u-pantalla-full-hd-156-16gb-de-ram,1,135,0.74%,8.13
https://www.zenn.com.py/categoria-producto?category=almacenamiento&subcategory=memoria_ram_pc__21_01_01,1,129,0.78%,10.67
https://www.zenn.com.py/producto/notebook-gamer-asus-tuf-a18-fa808um-is74-amd-ryzen-7-260-pantalla-wuxga-180-16gb-de-ram-1t,1,116,0.86%,7.88
https://www.zenn.com.py/producto/gabinete-gamer-macrovip-max-aqua-series-mini-tower-5-cooler-rgb-blanco-mv-tcxm275f5w,1,113,0.88%,6.15
https://www.zenn.com.py/categoria-producto?category=notebook_y_computadoras&subcategory=notebook__20_03,1,110,0.91%,9.81
https://www.zenn.com.py/producto/notebook-acer-aspire-14-ai-a14-52mt-94h5-intel-core-9-288v-pantalla-touch-wuxga-14-32gb-de,1,108,0.93%,6.94
https://www.zenn.com.py/categoria-producto?category=celulares_y_tablets&subcategory=smartphones_y_celulares__32_01,1,102,0.98%,10.22
https://www.zenn.com.py/producto/impresora-multifuncional-laser-monocromatica-brother-dcp-l1652w-wifi-220v-negro,1,100,1%,7.42
https://www.zenn.com.py/producto/headset-gamer-onikuma-gt805-rgb-wireless-negro,1,96,1.04%,7.35
https://www.zenn.com.py/promociones,1,92,1.09%,5.01
https://www.zenn.com.py/producto/notebook-hp-15-fd0230wm-intel-core-i3-n305-pantalla-touch-full-hd-156-8gb-de-ram-256gb-ssd,1,90,1.11%,8.1
https://www.zenn.com.py/producto/notebook-lenovo-ideapad-5-2-en-1-16ahp9-amd-ryzen-7-8845hs-pantalla-touch-wuxga-160-16gb-d,1,89,1.12%,8.1
https://www.zenn.com.py/producto/apple-iphone-16-pro-mymh3lla-a3083-256gb-swap-grade-a-white-titanium-americano,1,88,1.14%,5.4
https://www.zenn.com.py/producto/notebook-hp-omnibook-x-flip-ai-16-cb0043dx-intel-core-ultra-9-386h-pantalla-touch-3k-160-3,1,87,1.15%,8.18
https://www.zenn.com.py/producto/moto-electrica-blulory-u8-blanco,1,81,1.23%,6.77
https://www.zenn.com.py/producto/notebook-asus-vivobook-x1605va-mb2774w-intel-core-9-270h-pantalla-wuxga-160-16gb-de-ram-1t,1,81,1.23%,12.74
https://www.zenn.com.py/producto/notebook-dell-16-ldc16251-7247slv-pus-intel-core-7-150u-pantalla-touch-full-hd-16-32gb-de,1,80,1.25%,8.82
https://www.zenn.com.py/producto/notebook-hp-omnibook-3-ai-15-fn0505nr-amd-ryzen-ai-5-340-pantalla-touch-full-hd-156-16gb-d,1,78,1.28%,8.81
https://www.zenn.com.py/producto/notebook-gamer-alienware-15-lda15265-5263blk-pus-amd-ryzen-5-220-pantalla-wuxga-153-16gb-d,1,77,1.3%,7.39
https://www.zenn.com.py/producto/notebook-hp-omnibook-3-16-by0205dx-amd-ryzen-5-40-pantalla-touch-2k-ips-160-16gb-de-ram-25,1,76,1.32%,7.39
https://www.zenn.com.py/producto/notebook-lenovo-ideapad-slim-3-15iru8-intel-core-i5-1334u-pantalla-full-hd-156-8gb-de-ram,1,76,1.32%,7.76
https://www.zenn.com.py/producto/receptor-iptv-alphaplay-plus-2gb-de-ram-16gb-4k-negro,1,74,1.35%,6.09
https://www.zenn.com.py/producto/notebook-hp-omnibook-x-ai-17-dd0057nr-intel-core-ultra-7-256v-pantalla-touch-full-hd-173-1,1,71,1.41%,7.48
https://www.zenn.com.py/producto/speaker-ecopower-ep-2225-led-bluetooth-usb-fm-tf-negro,1,69,1.45%,8.68
https://www.zenn.com.py/producto/tv-smart-jvc-lt-75km958-75-ultra-hd-4k-qd-mini-led-google-tv-negro,1,69,1.45%,8.93
https://www.zenn.com.py/producto/monitor-gamer-xiaomi-mi-a27i-2026-p27fda-ragl-27-full-hd-ips-144hz-6ms-negro,1,68,1.47%,8.51
https://www.zenn.com.py/producto/gabinete-gamer-gamdias-aura-gc9m-elite-argb-wh-mini-tower-3-cooler-argb-blanco,1,67,1.49%,7.09
https://www.zenn.com.py/categoria-producto?category=monitores,1,67,1.49%,22.04
https://www.zenn.com.py/producto/moto-electrica-blulory-milan-pro-gris-blanco,1,66,1.52%,5.95
https://www.zenn.com.py/producto/notebook-gamer-lenovo-legion-5-15irx10-intel-core-i9-14900hx-pantalla-oled-151-16gb-de-ram,1,64,1.56%,7.86
https://www.zenn.com.py/producto/control-redragon-g820-darkflame-para-android-pc-ps4-wireless-negro,1,63,1.59%,6.78
https://www.zenn.com.py/producto/tarjeta-grafica-zotac-gaming-amp-extreme-infinity-32gb-geforce-rtx5090-gddr7-zt-b50900b-10,1,63,1.59%,7.06
https://www.zenn.com.py/producto/apple-macbook-air-mdh74lla-a3449-m5-10-core-tela-retina-136-16gb-de-ram-512gb-ssd-silver-2,1,63,1.59%,8.16
https://www.zenn.com.py/producto/notebook-gamer-acer-nitro-v-16-anv16-72-933f-intel-core-9-270h-pantalla-wuxga-16-32gb-de-r,1,63,1.59%,8.25
https://www.zenn.com.py/producto/notebook-hp-14-em0002wm-amd-athlon-7120u-pantalla-hd-140-4gb-de-ram-128gb-ssd-win11-azul-p,1,62,1.61%,9
https://www.zenn.com.py/producto/ssd-externo-sandisk-1tb-portatil-negro-sdssde30-1t00-g26,1,61,1.64%,7.15
https://www.zenn.com.py/producto/notebook-hp-15-fd0153wm-intel-core-5-120u-pantalla-full-hd-156-8gb-de-ram-512gb-ssd-win11h,1,60,1.67%,7.37
https://www.zenn.com.py/producto/notebook-hp-15-fd0183wm-intel-core-i7-1355u-tela-full-hd-156-16gb-de-ram-1tb-ssd-win11home,1,60,1.67%,7.67
https://www.zenn.com.py/producto/notebook-hp-omnibook-3-16-bu0305dx-intel-core-ultra-5-225u-pantalla-touch-2k-160-8gb-de-ra,1,59,1.69%,7.76
https://www.zenn.com.py/producto/monitor-gamer-xiaomi-mi-g24i-p24fda-rggl-238-full-hd-lcd-200hz-1ms-negro,1,59,1.69%,8.31
https://www.zenn.com.py/producto/teclado-gamer-mecanico-onikuma-mt706-wireless-rgb-ingles-blanco,1,58,1.72%,7.79
https://www.zenn.com.py/producto/adaptador-extender-hdmi-rj45-30m,1,58,1.72%,8.67
https://www.zenn.com.py/producto/notebook-asus-vivobook-f1504vap-nb71t-intel-core-7-150u-pantalla-touch-full-hd-156-8gb-de,1,57,1.75%,7.37
https://www.zenn.com.py/categoria-producto?category=almacenamiento&subcategory=tarjetas_sd_micro_sd_y_stick__21_01_03,1,57,1.75%,19.07
https://www.zenn.com.py/producto/tablet-cidea-cm86-kids-8gb-de-ram-256gb-pantalla-7-wi-fi-morado,1,56,1.79%,6.96
https://www.zenn.com.py/producto/procesador-intel-core-i5-8500-socket-lga-1151-3ghz-9mb-oem,1,55,1.82%,5.82
https://www.zenn.com.py/producto/tablet-cidea-cm824-ultra-8gb-de-ram-512gb-pantalla-8-wi-fi-5g-negro,1,55,1.82%,6.22
https://www.zenn.com.py/producto/tablet-cidea-cm517-plus-8gb-de-ram-256gb-pantalla-7-5g-lte-negro-pencil-auricular,1,55,1.82%,6.29
https://www.zenn.com.py/producto/hd-seagate-8tb-skyhawk-ai-surveillance-35-sata-3-7200rpm-st8000ve001-garantia-br,1,55,1.82%,6.53
https://www.zenn.com.py/producto/notebook-hp-omnibook-3-ai-17-dg0117dx-intel-core-ultra-7-255u-pantalla-full-hd-173-16gb-de,1,55,1.82%,8.2
https://www.zenn.com.py/producto/consola-nintendo-switch-2-256gb-negro-bee-001-usa,1,55,1.82%,9.62
https://www.zenn.com.py/producto/notebook-gamer-alienware-16x-aurora-lac16251-9582blu-pus-intel-core-ultra-9-275hx-pantalla,1,54,1.85%,5.69
https://www.zenn.com.py/producto/speaker-satellite-as-628bl-bluetooth-usb-negro,1,54,1.85%,7.48
https://www.zenn.com.py/producto/notebook-gamer-asus-tuf-a16-fa608uh-rv017w-amd-ryzen-7-260-pantalla-wuxga-160-16gb-de-ram,1,54,1.85%,8.2
https://www.zenn.com.py/producto/tv-smart-xiaomi-s-mini-led-2026-l85mc-sph-85-ultra-hd-4k-qd-mini-led-google-tv,1,53,1.89%,7.91
https://www.zenn.com.py/producto/notebook-gamer-alienware-16x-aurora-lac16251-9300blu-pus-intel-core-ultra-9-290hx-plus-pan,1,52,1.92%,7.98
https://www.zenn.com.py/producto/gabinete-gamer-macrovip-max-aqua-series-mid-tower-5-cooler-rgb-negro-mv-tcxu2001f5b,1,51,1.96%,4.86
https://www.zenn.com.py/producto/apple-iphone-17-mg684ja-a3519-256gb-esim-white,1,51,1.96%,6.14
https://www.zenn.com.py/producto/apple-iphone-13-pro-mlr53lla-a2483-128gb-sierra-blue-swap-grade-a,1,51,1.96%,6.78
https://www.zenn.com.py/producto/aspiradora-xiaomi-mi-robot-vacuum-h50-pro-ov42gl-110v-blanco-bhr081dus,1,51,1.96%,7.9
https://www.zenn.com.py/producto/procesador-amd-athlon-3000g-socket-am4-35ghz-5mb,1,51,1.96%,9.71
https://www.zenn.com.py/producto/moto-electrica-blulory-u2-negro,1,50,2%,7.36
https://www.zenn.com.py/producto/teclado-gamer-mecanico-redragon-k745-rgb-antonium-108-usb-rgb-ingles-negro,1,49,2.04%,6.82
https://www.zenn.com.py/producto/procesador-intel-core-i7-8700-socket-lga-1151-320ghz-8mb-oem,1,49,2.04%,6.84
https://www.zenn.com.py/producto/celular-realme-p4-lite-rmx5377-4gb-de-ram-256gb-pantalla-68-dual-sim-lte-titan-gris-anatel,1,48,2.08%,3.81
https://www.zenn.com.py/producto/notebook-gamer-msi-crosshair-a16-hx-d8wfkg-090us-amd-ryzen-9-8940hx-pantalla-qhd-16-16gb-d,1,48,2.08%,7.6
https://www.zenn.com.py/producto/apple-iphone-16-pro-max-myw53lla-a3084-256gb-desert-titanium-swap-grade-a,1,48,2.08%,8.65
https://www.zenn.com.py/producto/tv-smart-bak-bk-50s-50-ultra-hd-4k-led-negro,1,47,2.13%,6.6
https://www.zenn.com.py/producto/speaker-redragon-gs816-beth-bluetooth-aux-35mm-marron,1,47,2.13%,6.77
https://www.zenn.com.py/producto/tv-smart-bak-bk-43s-43-full-hd-led-negro,1,46,2.17%,7.02
https://www.zenn.com.py/producto/fuente-de-alimentacion-corsair-rm750e-rme-750w-atx-modular-cybenetics-platinum-cp-9020295,1,45,2.22%,6.58
https://www.zenn.com.py/producto/notebook-gamer-hp-victus-15-fb3113dx-amd-ryzen-5-7535hs-pantalla-full-hd-156-8gb-de-ram-51,1,45,2.22%,7.44
https://www.zenn.com.py/producto/monitor-xiaomi-mi-a24i-2026-p24fda-ragl-238-full-hd-led-144hz-6ms-negro,1,45,2.22%,8.02
https://www.zenn.com.py/producto/horno-electrico-mox-mo-f482-2200w-48l-220v-negro,1,45,2.22%,9.18
https://www.zenn.com.py/producto/monitor-gamer-macrovip-max-mv-dmx27fhw2-27-full-hd-240hz-1ms-blanco,1,44,2.27%,5.61
https://www.zenn.com.py/producto/tablet-lenovo-yoga-tab-tb710fu-12gb-de-ram-256gb-pantalla-111-luna-gris-teclado-pencil-zag,1,44,2.27%,6.82
https://www.zenn.com.py/producto/cafetera-xiaomi-semi-automatic-espresso-machine-220v-plata-bhr9798eu,1,44,2.27%,7.45
https://www.zenn.com.py/producto/ssd-western-digital-m2-1tb-western-green-sn3000-nvme-wds100t4g0e,1,43,2.33%,6.74
https://www.zenn.com.py/producto/teclado-gamer-onikuma-mt902-wireless-rgb-ingles-blanco,1,43,2.33%,8
https://www.zenn.com.py/producto/cooler-para-procesador-thermalright-peerless-assassin-120-vision-max-argb-black-120mm-negr,1,43,2.33%,8.09
https://www.zenn.com.py/producto/carregador-de-bateria-ecopower-ep-c879-12000mah-2-saidas-usbtype-cmicro-usb-branco-sgarant,1,43,2.33%,9.56
https://www.zenn.com.py/producto/gabinete-gamer-darkflash-dk431-glass-atx-4-cooler-argb-blanco,1,42,2.38%,6.88
https://www.zenn.com.py/producto/apple-iphone-13-mlml3lla-a2482-128gb-midnight-swap-grade-a,1,42,2.38%,7.86
https://www.zenn.com.py/producto/tablet-cidea-cm66-kids-8gb-de-ram-256gb-pantalla-7-brown,1,41,2.44%,5.85
https://www.zenn.com.py/producto/tv-smart-marson-mwb65-65-ultra-hd-4k-led-negro,1,41,2.44%,7.46
https://www.zenn.com.py/producto/consola-sony-playstation-5-slim-cfi-2115-a01x-1tb-bivolt-blanco-juego-fortnite-flowering-c,1,40,2.5%,6.75
https://www.zenn.com.py/producto/6a045bc502d100d862859969,1,39,2.56%,6.1
https://www.zenn.com.py/producto/proyector-acer-x1128i-4800-lumens-negro,1,39,2.56%,6.74
https://www.zenn.com.py/producto/webcam-elgato-facecam-10wac9901-1080p60-full-hd-negro,1,39,2.56%,7.46
https://www.zenn.com.py/producto/placa-madre-macrovip-mv-b450-socket-am4-vga-ddr4,1,38,2.63%,3.68
https://www.zenn.com.py/producto/procesador-intel-core-i7-7700-socket-lga-1151-36ghz-8mb-oem,1,38,2.63%,6.79
https://www.zenn.com.py/producto/notebook-samsung-galaxy-book4-edge-np750xqb-ka2us-snapdragon-x-x1-26-100-pantalla-full-hd,1,38,2.63%,7.66
https://www.zenn.com.py/producto/control-sony-dualsense-para-ps5-midnight-negro-cfi-zct2w-1,1,38,2.63%,8.37
https://www.zenn.com.py/producto/placa-madre-goline-gl-h110m-gd4-socket-lga-1151-vga-ddr4,1,37,2.7%,4.27
https://www.zenn.com.py/producto/mini-pc-beelink-ser3-amd-ryzen-3-3200u-de-26ghz-8gb-de-ram-480gb-ssd-win11pro-navy-blue,1,37,2.7%,6.08
https://www.zenn.com.py/producto/notebook-gamer-hp-omen-16-slim-16-an0075cl-intel-core-ultra-9-285h-pantalla-2k-160-32gb-de,1,37,2.7%,6.97
https://www.zenn.com.py/producto/teclado-gamer-redragon-k526-wl-rm104-volcano-wireless-rgb-ingles-negro,1,37,2.7%,7.86
https://www.zenn.com.py/producto/procesador-intel-core-i5-6500-socket-lga-1151-32ghz-6mb-oem,1,36,2.78%,5.56
https://www.zenn.com.py/producto/headset-gamer-ajazz-ahm08-max-wireless-negro-gris-986925,1,36,2.78%,6.42
https://www.zenn.com.py/producto/notebook-acer-swift-go-16-ai-sfg16-i71t-79q6-intel-core-ultra-7-355-pantalla-touch-oled-wu,1,36,2.78%,7.31
https://www.zenn.com.py/producto/auricular-jbl-tune-flex-perfect-fit-tws-bluetooh-blanco,1,36,2.78%,8.69
https://www.zenn.com.py/producto/adaptador-conector-hdmi-doble-hembra,1,36,2.78%,9.17
https://www.zenn.com.py/producto/teclado-gamer-redragon-k526wb-pro-rm104-pro-volcano-wireless-rgb-ingles-blanco,1,35,2.86%,5.54
https://www.zenn.com.py/producto/placa-madre-goline-gl-b75m-g-socket-lga-1155-vga-ddr3,1,35,2.86%,6.03
https://www.zenn.com.py/producto/cooler-para-notebook-satellite-a-cp40-usb-9-hasta-17-negro,1,35,2.86%,6.09
https://www.zenn.com.py/producto/memoria-ram-macrovip-max-ddr4-16gb-3200mhz-mvx32n1616,1,35,2.86%,6.2
https://www.zenn.com.py/producto/monitor-samsung-ls24f320ga-24-full-hd-ips-120hz-5ms-negro,1,35,2.86%,7.26
https://www.zenn.com.py/producto/notebook-gamer-msi-katana-15-hx-b14wgk-293us-intel-core-i7-14650hx-pantalla-qhd-156-16gb-d,1,35,2.86%,7.89
https://www.zenn.com.py/producto/tv-smart-jvc-lt-40kb758-40-full-hd-qled-google-tv-negro,1,35,2.86%,9.09
https://www.zenn.com.py/producto/tv-bak-bk-20d-20-hd-led-negro,1,35,2.86%,9.29
https://www.zenn.com.py/producto/teclado-gamer-magnetico-redragon-k721wrb-rgb-m-stormhunter-usb-rgb-ingles-blanco-rojo,1,34,2.94%,5
https://www.zenn.com.py/producto/processador-intel-core-i5-8400-socket-lga-1151-28ghz-9mb-oem,1,34,2.94%,5.59
https://www.zenn.com.py/producto/gabinete-gamer-satellite-k884-mid-tower-1-cooler-negro,1,34,2.94%,7.62
https://www.zenn.com.py/producto/auricular-qcy-t13-tws-earbuds-bluetooth-blanco,1,34,2.94%,8.15
https://www.zenn.com.py/producto/reloj-inteligente-haylou-iron-neo-hf014-negro,1,34,2.94%,8.41
https://www.zenn.com.py/producto/placa-madre-star-h310-socket-lga-1151-vga-ddr4,1,33,3.03%,4.73
https://www.zenn.com.py/producto/memoria-ram-corsair-vengeance-ddr5-32gb-2x16gb-6000mhz-negro-gris-cmk32gx5m2b6000z30,1,33,3.03%,5.3
https://www.zenn.com.py/producto/proyector-blulory-led-t6-max-1200-lumens-blanco,1,33,3.03%,5.33
https://www.zenn.com.py/producto/mini-pc-geekom-a7-max-amd-ryzen-9-7940hs-de-40ghz-16gb-de-ram-1tb-ssd,1,33,3.03%,5.91
https://www.zenn.com.py/producto/triciclo-electrico-hye-tr02-bluetooth-speaker-led-85-ice-fire,1,33,3.03%,5.94
https://www.zenn.com.py/producto/mouse-gamer-redragon-m998-std-1k-ebony-standard-wireless-rgb-negro,1,33,3.03%,6.48
https://www.zenn.com.py/producto/teclado-gamer-mecanico-ajazz-ak820-nacodexx-usb-rgb-moon-yellow-ingles-gris-blanco,1,33,3.03%,6.7
https://www.zenn.com.py/producto/cargador-portatil-xiaomi-magnetic-wpb1007z-10000mah-usb-c-negro-bhr08p9gl,1,33,3.03%,6.79
https://www.zenn.com.py/categoria-producto?category=almacenamiento&subcategory=disco_duro_interno__21_02_01,1,33,3.03%,6.94
https://www.zenn.com.py/producto/relogio-inteligente-xiaomi-watch-s5-m2530w1-preto,1,33,3.03%,7.33
https://www.zenn.com.py/producto/gabinete-gamer-satellite-k8502-micro-atx-3-cooler-blanco,1,33,3.03%,7.48
https://www.zenn.com.py/producto/teclado-gamer-mecanico-redragon-k689wbb-rgb-wyvern-usb-rgb-ingles-blanco-negro,1,33,3.03%,7.91
https://www.zenn.com.py/producto/rastreador-honor-choice-hd-p16-6-litag-mili-bluetooth-blanco,1,33,3.03%,8.18
https://www.zenn.com.py/producto/desktop-all-in-one-3nstar-p415-09w-8240-pos-system-intel-core-n95-pantalla-touch-15-8gb-de,1,33,3.03%,8.82
https://www.zenn.com.py/producto/teclado-gamer-ajazz-af82-nacodexx-wireless-rgb-ingles-negro-gris-987823,1,32,3.12%,4.78
https://www.zenn.com.py/producto/nobreak-aps-power-3kvasrt-3kva-2700w-220v,1,32,3.12%,4.81
https://www.zenn.com.py/producto/notebook-lenovo-thinkpad-x1-carbon-gen-13-aura-edition-intel-core-ultra-7-258u-pantalla-wu,1,32,3.12%,5.16
https://www.zenn.com.py/producto/tablet-lenovo-xiaoxin-11-tb335fc-6gb-de-ram-128gb-pantalla-11-luna-gris,1,32,3.12%,5.16
https://www.zenn.com.py/producto/cooler-para-gabinete-aigo-am12-pro-12x12-argb-negro-kit-con-3,1,32,3.12%,5.34
https://www.zenn.com.py/producto/fuente-de-alimentacion-msi-mag-a650gn-ii-650w-atx-nao-modular-80-plus-gold,1,32,3.12%,6.22
https://www.zenn.com.py/producto/tv-smart-xiaomi-s-mini-led-98-2026-l98mc-sph-98-ultra-hd-4k-qd-mini-led-google-tv,1,32,3.12%,6.44
https://www.zenn.com.py/producto/memoria-ram-para-notebook-keepdata-ddr4-8gb-3200mhz-kd32s228g,1,32,3.12%,6.81
https://www.zenn.com.py/producto/cooler-para-procesador-thermalright-peerless-assassin-120-se-argb,1,32,3.12%,7.03
https://www.zenn.com.py/producto/adaptador-tomada-americano-para-padron-brasil-negro,1,32,3.12%,7.09
https://www.zenn.com.py/producto/mini-pc-acer-gadget-e10-etbox1-cwi607-intel-core-i5-13500h-de-26ghz-16gb-de-ram-512gb-ssd,1,32,3.12%,7.34
https://www.zenn.com.py/producto/monitor-msi-g242l-e14-238-full-hd-led-144hz-1ms-negro,1,32,3.12%,7.84
https://www.zenn.com.py/producto/camara-de-vigilancia-hikvision-ds-2ce10df0t-lpfs-color-vu-outdoor-28mm-2mp-blanco,1,32,3.12%,7.88
https://www.zenn.com.py/producto/notebook-hp-15-fd0113dx-intel-core-i3-n305-pantalla-hd-156-8gb-de-ram-128gb-ufs-win11home,1,32,3.12%,12.41
https://www.zenn.com.py/producto/celular-xiaomi-poco-x8-pro-8gb-de-ram-512gb-tela-659-dual-sim-5g-branco-global,1,32,3.12%,19.84
https://www.zenn.com.py/producto/teclado-mouse-gamer-redragon-essentials-s151w-usb-rgb-ingles-blanco,1,31,3.23%,3.65
https://www.zenn.com.py/producto/mousepad-satellite-a-pad09w-rgb-gaming-80x30-negro,1,31,3.23%,5
https://www.zenn.com.py/producto/teclado-gamer-mecanico-aula-f75-wireless-rgb-ingles-blanco-azul,1,31,3.23%,5.61
https://www.zenn.com.py/producto/ssd-patriot-m2-512gb-p300-nvme-p300p512gm28,1,31,3.23%,6.45
https://www.zenn.com.py/producto/ssd-macrovip-480gb-25-sata-3-mv480gb,1,31,3.23%,6.68
https://www.zenn.com.py/producto/speaker-jbl-partybox-720-bivolt-negro,1,31,3.23%,7
https://www.zenn.com.py/producto/reloj-garmin-forerunner-170-music-negro-010-03920-10,1,31,3.23%,7.19
https://www.zenn.com.py/producto/impresora-monocromatica-pantum-laser-bp5100dw-wifi-110v-blanco,1,31,3.23%,8.16
https://www.zenn.com.py/producto/speaker-satellite-as-677u-usb-negro,1,31,3.23%,8.16
https://www.zenn.com.py/producto/notebook-gamer-asus-tuf-a15-fa506ncq-hn013w-amd-ryzen-7-170-pantalla-full-hd-156-16gb-de-r,1,31,3.23%,8.32
https://www.zenn.com.py/producto/tv-smart-hye-hye32athq-32-hd-led-negro,1,31,3.23%,8.71
https://www.zenn.com.py/producto/procesador-intel-core-i5-9400f-socket-lga-1151-29ghz-9mb-oem,1,31,3.23%,9.94
https://www.zenn.com.py/producto/teclado-mouse-satellite-ak-762g-wireless-espanol-negro-plata,1,30,3.33%,4.67
https://www.zenn.com.py/producto/teclado-mouse-satellite-ak-731-mini-wireless-portugues-negro,1,30,3.33%,5.07
https://www.zenn.com.py/producto/tarjeta-de-video-asus-rog-astral-oc-32gb-geforce-rtx5090-gddr7-rog-astral-rtx5090-o32g-gam,1,30,3.33%,5.47
https://www.zenn.com.py/producto/teclado-gamer-mecanico-satellite-gk-51-usb-rgb-ingles-negro,1,30,3.33%,5.6
https://www.zenn.com.py/producto/procesador-intel-core-i3-3240-socket-lga-1155-34ghz-3mb-oem,1,30,3.33%,6.83
https://www.zenn.com.py/producto/tarjeta-de-video-asrock-challenger-oc-10gb-intel-arc-b570-gddr6-90-ga5kzz-00uanf,1,30,3.33%,7.1
https://www.zenn.com.py/producto/ssd-externo-sandisk-1tb-portatil-extreme-v2-negro-sdssde61-1t00-g25,1,30,3.33%,7.9
https://www.zenn.com.py/producto/mini-pc-hp-pro-mini-260-g9-intel-core-i5-1334u-de-13ghz-8gb-de-ram-512gb-ssd-freedos-negro,1,30,3.33%,10.37
https://www.zenn.com.py/producto/gabinete-gamer-gamdias-aura-gc10m-v2-argb-mini-tower-3-cooler-argb-negro,1,29,3.45%,6.48
https://www.zenn.com.py/producto/ssd-externo-sandisk-500gb-portatil-extreme-negro-sdssde61-500g-g25,1,29,3.45%,6.72
https://www.zenn.com.py/producto/tablet-doogee-t10w-4gb-de-ram-128gb-pantalla-101-ice-blu,1,29,3.45%,6.83
https://www.zenn.com.py/producto/notebook-lenovo-v15-g4-abp-amd-ryzen-7-7730u-pantalla-full-hd-156-16gb-de-ram-1tb-ssd-win1,1,29,3.45%,6.86
https://www.zenn.com.py/producto/notebook-gamer-hp-omen-16-16-am0073dx-intel-core-ultra-7-255h-pantalla-2k-160-16gb-de-ram,1,29,3.45%,9.1
https://www.zenn.com.py/producto/monitor-portatil-satellite-a-dm1501-156-full-hd-negro,1,29,3.45%,10.69
https://www.zenn.com.py/producto/tarjeta-de-video-biostar-4gb-radeon-rx560-gddr5-va5615rf41-xbara-bs2,1,28,3.57%,5.04
https://www.zenn.com.py/producto/notebook-gamer-msi-crosshair-18-hx-ai-a2xwgkg-012us-intel-core-ultra-9-275hx-pantalla-qhd,1,28,3.57%,5.68
https://www.zenn.com.py/producto/teclado-gamer-mecanico-redragon-k652gg-rgb-pro-azure-wireless-red-ingles-gris,1,28,3.57%,6.68
https://www.zenn.com.py/producto/procesador-intel-core-i7-6700k-socket-lga-1151-34ghz-8mb-oem,1,28,3.57%,7.07
https://www.zenn.com.py/producto/tarjeta-de-video-star-nvidia-4gb-geforce-gtx960m-gddr5-gtx960-4gb-128bit-d5,1,28,3.57%,7.07
https://www.zenn.com.py/producto/limpiador-de-vidrios-quanta-qtlvr31-bivolt-blanco,1,28,3.57%,7.11
https://www.zenn.com.py/producto/auricular-haylou-hq5-anc-tws-bluetooth-negro,1,28,3.57%,7.79
https://www.zenn.com.py/producto/camera-de-seguranca-hikvision-ds-2cd1043g2-liu-hd-40mpip6728mm-branco,1,28,3.57%,7.86
https://www.zenn.com.py/producto/silla-gamer-quanta-qtsg3-blaze-negro,1,28,3.57%,7.89
https://www.zenn.com.py/producto/tablet-cidea-cm8300-ultra-8gb-de-ram-1tb-pantalla-101-morado-pencil-teclado-auricular-capa,1,28,3.57%,8.11
https://www.zenn.com.py/producto/notebook-asus-vivobook-16-f1605va-ws96-intel-core-i9-13900h-pantalla-wuxga-160-16gb-de-ram,1,28,3.57%,8.61
https://www.zenn.com.py/categoria-producto?category=placas_madres&subcategory=mb_amd__22_02,1,28,3.57%,10.46
https://www.zenn.com.py/producto/notebook-asus-vivobook-s16-m3607ha-rp064w-amd-ryzen-9-270-pantalla-wuxga-160-16gb-de-ram-1,1,28,3.57%,11.39
https://www.zenn.com.py/producto/monitor-gamer-gigabyte-gs27qca-27-qhd-curvo-va-180hz-1ms-negro,1,27,3.7%,4.48
https://www.zenn.com.py/producto/colector-de-datos-ftx-cd564-2d-4gb-de-ram-64gb-pantalla-55-4g-negro,1,27,3.7%,6.3
https://www.zenn.com.py/producto/notebook-gamer-msi-vector-16-hx-ai-a2xwig-400us-intel-core-ultra-9-275hx-tela-qhd-16-16gb,1,27,3.7%,6.85
https://www.zenn.com.py/producto/teclado-gamer-redragon-k521-rgb-netherbane-usb-rgb-ingles-negro,1,27,3.7%,6.96
https://www.zenn.com.py/producto/cooler-para-procesador-thermalright-phantom-spirit-120-evo-argb-tl-k12-120mm-negro,1,27,3.7%,7.04
https://www.zenn.com.py/producto/teclado-gamer-mecanico-redragon-k740bg-rgb-dharma-98-usb-rgb-ingles-negro-verde,1,27,3.7%,7.26
https://www.zenn.com.py/producto/monitor-gamer-samsung-odyssey-g55c-ls27cg552en-27-qhd-led-curvo-165hz-1ms-negro,1,27,3.7%,7.37
https://www.zenn.com.py/producto/auricular-haylou-flowbuds-n55-tws-bluetooth-blanco,1,27,3.7%,7.48
https://www.zenn.com.py/producto/bicicleta-electrica-bluhan-ebike-v8-pro-negro,1,27,3.7%,7.89
https://www.zenn.com.py/producto/notebook-asus-chromebook-plus-cx3402cva-ws388t-gr-intel-core-i3-1315u-pantalla-full-hd-140,1,27,3.7%,7.96
https://www.zenn.com.py/producto/notebook-dell-15-dc15250-intel-core-i5-1334u-pantalla-full-hd-156-8gb-de-ram-512gb-ssd-win,1,27,3.7%,8.04
https://www.zenn.com.py/producto/tv-smart-ecopower-ep-tv075-75-ultra-hd-4k-led-negro,1,27,3.7%,8.07
https://www.zenn.com.py/producto/memoria-ram-corsair-vengeance-rgb-64gb-2x32gb-5600mhz-gris-cmh64gx5m2d5600z40,1,27,3.7%,8.89
https://www.zenn.com.py/producto/notebook-hp-250r-g10-intel-core-5-120u-pantalla-hd-156-16gb-de-ram-512gb-ssd-freedos-gris,1,27,3.7%,9.19
https://www.zenn.com.py/categoria-producto?category=cooler&subcategory=water_cooler__25_01,1,27,3.7%,9.48
https://www.zenn.com.py/producto/soundbar-jbl-cinema-31-sb510-bluetooth-usb-hdmi-negro,1,27,3.7%,10.07
https://www.zenn.com.py/producto/notebook-gamer-acer-nitro-v-15-anv15-52-50fg-intel-core-i5-13420h-pantalla-full-hd-156-16g,1,27,3.7%,11.07
https://www.zenn.com.py/producto/celular-xiaomi-poco-f6-pro-12gb-de-ram-512gb-pantalla-667-dual-sim-5g-negro-global,1,27,3.7%,15.85
https://www.zenn.com.py/producto/auricular-hye-h1pro-headphone-sport-tws-bluetooth-negro,1,26,3.85%,5.92
https://www.zenn.com.py/producto/cable-de-red-utp-cat6-305m-azul-prismatic-prm-l501,1,26,3.85%,5.96
https://www.zenn.com.py/producto/tablet-cidea-cm8800-ultra-8gb-de-ram-1tb-tela-10-5g-lte-dorado-pencil-teclado-mouse-capa-a,1,26,3.85%,6.85
https://www.zenn.com.py/producto/notebook-asus-vivobook-go-e1504fa-ws51-amd-ryzen-5-40-tela-full-hd-156-8gb-de-ram-512gb-ss,1,26,3.85%,8.04
https://www.zenn.com.py/producto/notebook-asus-zenbook-ux8406ca-is99t-intel-core-ultra-9-285h-pantalla-oled-wuxga-140-32gb,1,26,3.85%,8.15
https://www.zenn.com.py/producto/hd-sata3-24tb-toshiba-n300-pro-nas-7200rpm-512mb-hdwg82exzstb-garantia-py,1,26,3.85%,8.23
https://www.zenn.com.py/producto/celular-xiaomi-poco-m8s-5g-6gb-de-ram-128gb-pantalla-69-dual-sim-5g-white-global,1,26,3.85%,10.58
https://www.zenn.com.py/producto/microfono-hollyland-lark-a1-lavalier-combo-wireless-lightning-usb-c-charcoal,1,26,3.85%,10.77
https://www.zenn.com.py/producto/tv-smart-quanta-qtwtv50-50-ultra-hd-4k-led-negro,1,26,3.85%,12.54
https://www.zenn.com.py/producto/memoria-ram-adata-xpg-gammix-d10-ddr4-8gb-3200mhz-negro-ax4u32008g16a-sb10,1,25,4%,4.56
https://www.zenn.com.py/producto/teclado-gamer-mecanico-ajazz-ak680-max-abs-nacodexx-mini-usb-rgb-ingles-negro-984648,1,25,4%,5.48
https://www.zenn.com.py/producto/bicicleta-electrica-bluhan-ebike-v8-max-negro,1,25,4%,6.76
https://www.zenn.com.py/producto/auricular-qcy-t13-tws-earbuds-bluetooth-negro,1,25,4%,6.92
https://www.zenn.com.py/producto/teclado-gamer-mecanico-ajazz-ak680-max-nacodexx-mini-usb-rgb-ingles-negro-gris-984662,1,25,4%,7
https://www.zenn.com.py/producto/placa-madre-gigabyte-b550m-gaming-x-wi-fi-6-socket-am4-ddr4,1,25,4%,7.2
https://www.zenn.com.py/producto/notebook-asus-e510-ka-bq1203w-intel-celeron-n4500-pantalla-full-hd-156-4gb-de-ram-128gb-em,1,25,4%,7.64
https://www.zenn.com.py/producto/tv-box-mxq-plus-128gb-de-ram-512gb-5g-8k-negro,1,25,4%,8.44
https://www.zenn.com.py/producto/cafetera-nappo-nec-241-espresso-1l-1400w-220v-beige,1,25,4%,11.12
https://www.zenn.com.py/producto/monitor-macrovip-mv-dm27fh-27-full-hd-100hz-1ms-negro,1,24,4.17%,4.38
https://www.zenn.com.py/producto/gabinete-gamer-thermaltake-the-tower-600-mid-tower-negro-ca-1z1-00m1wn-00,1,24,4.17%,5.17
https://www.zenn.com.py/producto/tv-smart-jvc-lt-50km558-50-ultra-hd-4k-led-google-tv-negro,1,24,4.17%,5.79
https://www.zenn.com.py/categoria-producto?category=electronicos&subcategory=toca_radio_y_toca_cd_dvd__33_09_01,1,24,4.17%,6.21
https://www.zenn.com.py/producto/filamento-para-impresora-3d-creality-hp-asa-10kg-175mm-negro,1,24,4.17%,6.5
https://www.zenn.com.py/producto/notebook-gamer-asus-rog-strix-g16-g615jpr-as96-intel-core-i9-14900hx-pantalla-wuxga-160-32,1,24,4.17%,6.58
https://www.zenn.com.py/producto/tarjeta-de-memoria-micro-sd-sandisk-extreme-go-128gb-v30-a2-4k-uhd-sdsqxgn-128g-gn6mn,1,24,4.17%,7.08
https://www.zenn.com.py/producto/disco-duro-externo-toshiba-2tb-canvio-ready-25-hdtp320xk3aa-negro,1,24,4.17%,7.12
https://www.zenn.com.py/producto/camara-de-vigilancia-mini-espia-satellite-a-w13-indoor-wi-fi-hd-negro,1,24,4.17%,7.46
https://www.zenn.com.py/producto/tarjeta-de-video-gigabyte-gaming-oc-wf-8gb-radeon-rx7600-gddr6-gv-r76gaming-oc-8gd,1,24,4.17%,8.62
https://www.zenn.com.py/producto/tarjeta-grafica-msi-mlg-edition-oc-16gb-geforce-rtx5070ti-gddr7-912-v531-602,1,24,4.17%,8.71
https://www.zenn.com.py/producto/control-remoto-universal-con-teclado-air-mouse-krab-kb3-negro,1,24,4.17%,8.88
https://www.zenn.com.py/producto/fuente-para-cctv-visualarm-vsa-12v2ap-12v-2a-negro,1,23,4.35%,4.7
https://www.zenn.com.py/producto/hd-externo-toshiba-2tb-canvio-basics-25-hdtb520xk3aa-negro,1,23,4.35%,5.48
https://www.zenn.com.py/producto/placa-madre-goline-gl-h310m-g-socket-lga-1151-vga-ddr4,1,23,4.35%,5.48
https://www.zenn.com.py/producto/mouse-gamer-ajazz-aj199-nacodexx-wireless-rosa-azul-989315,1,23,4.35%,5.65
https://www.zenn.com.py/producto/tablet-cidea-cm89-kids-8gb-de-ram-256gb-pantalla-7-rosa,1,23,4.35%,5.87
https://www.zenn.com.py/producto/tv-smart-xiaomi-s-mini-led-2026-hdl75mc-sph-75-ultra-hd-4k-qd-mini-led-google-tv,1,23,4.35%,6.48
https://www.zenn.com.py/producto/nobreak-ups-ftx-o2000-online-2000va-2000w-220v,1,23,4.35%,6.52
https://www.zenn.com.py/producto/cerradura-digital-satellite-sl-82m-smart-door-lock-3d-face-negro,1,23,4.35%,7.09
https://www.zenn.com.py/producto/notebook-gamer-acer-predator-helios-18-ai-ph18-73-962w-intel-core-ultra-9-275hx-tela-wquxg,1,23,4.35%,8
https://www.zenn.com.py/producto/procesador-intel-core-i3-6100-socket-lga-1151-37ghz-3mb-oem,1,23,4.35%,8.04
https://www.zenn.com.py/producto/tv-smart-xiaomi-s-mini-led-2026-l65mc-sph-65-ultra-hd-4k-qd-mini-led-google-tv,1,23,4.35%,8.04
https://www.zenn.com.py/producto/router-tp-link-aginet-ex520-ax3000-dual-band-24ghz-5ghz-wi-fi-6-4-antenas-negro,1,23,4.35%,8.26
https://www.zenn.com.py/producto/monitor-xiaomi-mi-a27qi-2026-p27qda-ragl-27-qhd-2k-ips-120hz-6ms-negro,1,23,4.35%,9.04
https://www.zenn.com.py/producto/cargador-portatil-xiaomi-pb2067-20000mah-usb-usb-c-67w-tan-bhr08o7gl,1,23,4.35%,9.13
https://www.zenn.com.py/producto/headset-gamer-ajazz-ahm10-max-rgb-wireless-negro-rojo-988370,1,22,4.55%,4.36
https://www.zenn.com.py/producto/tablet-lenovo-xiaoxin-11-tb335fc-8gb-de-ram-128gb-pantalla-11-luna-gris,1,22,4.55%,4.82
https://www.zenn.com.py/producto/freidora-electrica-krab-kbfv40-4l-110v-negro,1,22,4.55%,5
https://www.zenn.com.py/producto/patineta-electrica-con-asiento-hye-s11-pro-10-negro,1,22,4.55%,5.77
https://www.zenn.com.py/producto/notebook-gamer-rog-strix-g18-g815lp-is96-intel-core-ultra-9-275hx-pantalla-wqxga-180-32gb,1,22,4.55%,5.91
https://www.zenn.com.py/producto/monitor-lg-ultrafine-evo-32u990a-s-32-6k-nano-ips-60hz-5ms-gris,1,22,4.55%,6.32
https://www.zenn.com.py/producto/tablet-cidea-cm9800-ultra-8gb-de-ram-1tb-tela-10-5g-lte-plata-pencil-teclado-mouse-capa-au,1,22,4.55%,6.41
https://www.zenn.com.py/producto/punto-de-acesso-wireless-tp-link-omada-eap245-ac1750-dual-band-24ghz-5ghz-mu-mimo-blanco-t,1,22,4.55%,6.45
https://www.zenn.com.py/producto/triciclo-electrico-hye-tr01-bluetooth-speaker-led-65-ice-fire,1,22,4.55%,6.5
https://www.zenn.com.py/producto/console-nintendo-switch-2-256gb-negro-bee-s-kb6aa-u6g,1,22,4.55%,7.5
https://www.zenn.com.py/producto/notebook-gamer-hp-omen-16-slim-16-an0119nr-intel-core-ultra-9-285h-pantalla-wqxga-160-16gb,1,22,4.55%,8.18
https://www.zenn.com.py/producto/monitor-gamer-gigabyte-gs25f2a-25-full-hd-ips-240hz-1ms-negro,1,22,4.55%,9.09
https://www.zenn.com.py/producto/receptor-digital-fta-duosat-vortex-iks-sks-negro,1,22,4.55%,9.45
https://www.zenn.com.py/producto/hub-switch-hikvision-ds-3e1510p-eim-8-portas-poe-101001000mbps,1,22,4.55%,10.45
https://www.zenn.com.py/producto/memoria-ram-kingston-fury-beast-ddr5-16gb-6000mhz-negro-kf560c36bbe2-16,1,22,4.55%,12.86
https://www.zenn.com.py/producto/camara-de-vigilancia-4life-fld7g-360-smart-outdoor-wi-fi-25k-4mp-blanco,1,22,4.55%,17.86
https://www.zenn.com.py/producto/placa-madre-star-a520-socket-am4-ddr4,1,21,4.76%,5.38
https://www.zenn.com.py/producto/nobreak-siera-ups650-interactiva-650va-360w-220v,1,21,4.76%,5.48
https://www.zenn.com.py/producto/apple-iphone-17-pro-max-mfxj4lla-a3257-256gb-esim-deep-blue,1,21,4.76%,5.76
https://www.zenn.com.py/producto/mini-pc-gmktec-nucbox-g5-intel-n97-de-36ghz-12gb-de-ram-256gb-ssd-win11pro,1,21,4.76%,5.95
https://www.zenn.com.py/producto/notebook-hp-probook-430-g7-intel-core-i3-10110u-pantalla-full-hd-133-8gb-de-ram-256gb-ssd,1,21,4.76%,6
https://www.zenn.com.py/producto/notebook-dell-latitude-7430-intel-core-i5-1245u-pantalla-full-hd-14-16gb-de-ram-512gb-ssd,1,21,4.76%,6.57
https://www.zenn.com.py/producto/notebook-asus-vivobook-16-flip-tp3607sa-ps77t-intel-core-ultra-7-258v-pantalla-tactil-oled,1,21,4.76%,6.81
https://www.zenn.com.py/producto/silla-gamer-quanta-qtsg3-blaze-rojo,1,21,4.76%,6.86
https://www.zenn.com.py/producto/notebook-asus-vivobook-14-flip-tp3407sa-ds74t-intel-core-ultra-7-256v-pantalla-touch-oled,1,21,4.76%,7.29
https://www.zenn.com.py/producto/notebook-gamer-acer-predator-helios-neo-16s-ai-phn16s-71-98rf-intel-core-ultra-9-275hx-pan,1,21,4.76%,7.48
https://www.zenn.com.py/producto/impresora-termica-portatil-de-etiquetas-satellite-a-l122-mini-sticker-bluetooth-blanco,1,21,4.76%,7.76
https://www.zenn.com.py/producto/webcam-logitech-videoconferencia-meetup-expansion-mic-4k-uhd-960-001201,1,21,4.76%,7.76
https://www.zenn.com.py/producto/cafetera-xiaomi-semi-automatic-espresso-machine-110v-plata-bhr9797us,1,21,4.76%,7.86
https://www.zenn.com.py/producto/compresor-de-ar-xiaomi-mi-portable-electric-2-pro-mjcqb07pqw-negro-bhr9099gl,1,21,4.76%,8.38
https://www.zenn.com.py/producto/memoria-ram-para-notebook-keepdata-ddr4-8gb-2400mhz-kd24s178g,1,21,4.76%,8.9
https://www.zenn.com.py/producto/notebook-acer-gadget-e10-etbook-se-cwi514-intel-celeron-n4020-pantalla-full-hd-14-8gb-de-r,1,21,4.76%,9.1
https://www.zenn.com.py/producto/procesador-amd-ryzen-5-7600x3d-socket-am5-41ghz-102mb,1,21,4.76%,10.86
https://www.zenn.com.py/producto/toner-para-impresora-brother-tn116-negro,1,20,5%,2.4
https://www.zenn.com.py/producto/pc-montado-intel-core-i7-3770-de-34ghz-16gb-de-ram-480gb-ssd-mouse-teclado-preto,1,20,5%,4.4
https://www.zenn.com.py/producto/headset-gamer-ajazz-ahm09-max-wireless-gris-blanco-986956,1,20,5%,4.85
https://www.zenn.com.py/producto/procesador-intel-core-i5-3570-socket-lga-1155-34ghz-6mb-oem,1,20,5%,4.95
https://www.zenn.com.py/producto/ssd-samsung-m2-2tb-9100-pro-nvme-mz-vap2t0bam,1,20,5%,5.25
https://www.zenn.com.py/producto/cable-adaptador-conversor-usb-para-serial-adaptador-serial-hembra-paralelo-macho,1,20,5%,5.7
https://www.zenn.com.py/producto/hd-seagate-6tb-skyhawk-35-sata-3-5400rpm-st6000vx009-garantia-br,1,20,5%,5.75
https://www.zenn.com.py/producto/gabinete-gamer-darkflash-dk150-atx-3-cooler-rgb-blanco,1,20,5%,6
https://www.zenn.com.py/producto/nobreak-ups-ftx-o1000-online-1000va-1000w-220v,1,20,5%,6.2
https://www.zenn.com.py/producto/mouse-gamer-redragon-m997-pro-1k-pridm-pro-wireless-negro,1,20,5%,6.35
https://www.zenn.com.py/producto/apple-iphone-17-pro-mg7l4lla-a3256-256gb-esim-cosmic-orange,1,20,5%,6.8
https://www.zenn.com.py/producto/cooler-para-procesador-thermalright-assassin-x-120-r-digital-argb-120mm-negro,1,20,5%,6.8
https://www.zenn.com.py/producto/apple-macbook-pro-mde14lla-a3434-m5-10-core-pantalla-retina-142-16gb-de-ram-1tb-ssd-space,1,20,5%,6.95
https://www.zenn.com.py/producto/cargador-portatil-xiaomi-p16zm-10000mah-225w-2usb-usb-c-light-gris,1,20,5%,6.95
https://www.zenn.com.py/producto/tarjeta-de-video-biostar-1gb-geforce-g210-ddr3-vn2103nhg6-tb1rl-bs2,1,20,5%,7.9
https://www.zenn.com.py/producto/mini-pc-gmktec-nucbox-k10-intel-core-i9-13900hk-de-26ghz-32gb-de-ram-1tb-ssd-win11pro,1,20,5%,8.35
https://www.zenn.com.py/producto/reloj-despertador-de-mesa-satellite-ac-t31-negro,1,20,5%,11.65
https://www.zenn.com.py/producto/ssd-externo-sandisk-2tb-portatil-extreme-negro-sdssde61-2too-g25,1,20,5%,12.05
https://www.zenn.com.py/producto/tarjeta-grafica-macrovip-max-12gb-geforce-rtx3060-gddr6-mv-rtx306012gd6,1,19,5.26%,3.37
https://www.zenn.com.py/producto/notebook-hp-elitebook-840-g8-intel-core-i5-1145g7-pantalla-full-hd-14-16gb-de-ram-512gb-ss,1,19,5.26%,4.05
https://www.zenn.com.py/producto/ssd-patriot-480gb-burst-elite-25-sata-3-pbe480gs25ssdr,1,19,5.26%,4.47
https://www.zenn.com.py/producto/auricular-qcy-h2-pro-headset-cloud-wireless-blanco-bh23h2b,1,19,5.26%,5.47
https://www.zenn.com.py/producto/procesador-intel-core-i3-4330-socket-lga-1150-350ghz-3mb-oem,1,19,5.26%,5.89
https://www.zenn.com.py/producto/patineta-electrica-con-asiento-hye-s12-pro-10-rojo,1,19,5.26%,6
https://www.zenn.com.py/producto/ssd-patriot-1tb-p220-25-sata-3-p220s1tb25,1,19,5.26%,6.11
https://www.zenn.com.py/producto/memoria-ram-para-notebook-macrovip-ddr4-16gb-2666mhz-mv26s1916,1,19,5.26%,6.16
https://www.zenn.com.py/producto/mini-pc-nvidia-dgx-spark-bundle-gb10-grace-20-nucleos-arm-128gb-de-ram-1tb-ssd,1,19,5.26%,6.32
https://www.zenn.com.py/producto/tv-smart-samsung-qn55q7f5ag-55-ultra-hd-4k-qled-negro,1,19,5.26%,6.53
https://www.zenn.com.py/producto/disco-duro-seagate-2tb-barracuda-35-sata-3-5900rpm-pull-st32000542as,1,19,5.26%,7.32
https://www.zenn.com.py/producto/aspirador-xiaomi-dust-mite-vacuum-cleaner-2-pro-e401hw-220v-blanco-bhr08lxeu,1,19,5.26%,7.53
https://www.zenn.com.py/producto/mini-pc-beelink-eqr5-amd-ryzen-5-5500u-de-21ghz-16gb-de-ram-480gb-ssd-win11pro-milky-gris,1,19,5.26%,7.53
https://www.zenn.com.py/producto/gabinete-gamer-darkflash-ds5000-mesh-mid-tower-negro,1,19,5.26%,7.68
https://www.zenn.com.py/producto/router-tp-link-tl-mr100-3g-4g-2-antenas-negro,1,19,5.26%,7.84
https://www.zenn.com.py/producto/pendrive-sandisk-z50-cruzer-blade-16gb-usb-20-negro-rojo,1,19,5.26%,8.26
https://www.zenn.com.py/producto/placa-madre-msi-pro-a620am-b-evo-socket-am5-ddr5,1,19,5.26%,8.47
https://www.zenn.com.py/producto/procesador-intel-core-i7-2600-socket-lga-1155-34ghz-8mb-oem,1,19,5.26%,9.79
https://www.zenn.com.py/producto/tv-smart-jvc-lt-43km358-43-full-hd-led-google-tv-negro,1,19,5.26%,10.79
https://www.zenn.com.py/producto/speaker-mox-mo-ms14-bluetooth-usb-sd-rojo,1,18,5.56%,4.72
https://www.zenn.com.py/producto/speaker-mox-mo-t1221-12-bluetooth-aux-usb-fm-tf-led-negro,1,18,5.56%,6.11
https://www.zenn.com.py/producto/mini-pc-msi-cubi-n-adl-020bus-intel-celeron-n100-memoria-y-hd-no-incluidos,1,18,5.56%,6.22
https://www.zenn.com.py/producto/filtro-de-linea-satellite-a-r282u-8-tomadas-2-usb-usb-c-2m,1,18,5.56%,6.28
https://www.zenn.com.py/producto/impresora-fotografica-epson-surecolor-sc-p900-bivolt-negro,1,18,5.56%,6.72
https://www.zenn.com.py/producto/notebook-hp-omnibook-5-16-bc1052wm-amd-ryzen-5-8540u-tela-2k-160-8gb-de-ram-512gb-ssd-win1,1,18,5.56%,6.89
https://www.zenn.com.py/producto/notebook-acer-aspire-14-ai-a14-52m-72fh-intel-core-ultra-7-256v-pantalla-wuxga-14-16gb-de,1,18,5.56%,7.17
https://www.zenn.com.py/producto/tablet-cidea-cm8800-ultra-8gb-de-ram-1tb-pantalla-10-5g-lte-azul-pencil-teclado-mouse-capa,1,18,5.56%,7.72
https://www.zenn.com.py/producto/procesador-intel-core-i5-7500-socket-lga-1151-34ghz-6mb-oem,1,18,5.56%,8.28
https://www.zenn.com.py/producto/tarjeta-de-memoria-micro-sd-sandisk-extreme-v30-a2-u3-512gb-4k-uhd-sdsqxav-512g-gn6ma,1,18,5.56%,8.39
https://www.zenn.com.py/producto/reloj-inteligente-amazfit-bip-max-a2568-plata,1,18,5.56%,8.44
https://www.zenn.com.py/producto/procesador-intel-core-i3-2100-socket-lga-1155-31ghz-3mb-oem,1,18,5.56%,8.61
https://www.zenn.com.py/producto/notebook-hp-probook-4-g1ah-16-amd-ryzen-5-220-pantalla-full-hd-16-16gb-de-ram-512gb-ssd-wi,1,18,5.56%,8.83
https://www.zenn.com.py/producto/camara-de-vigilancia-ip-ezviz-cs-h9c-5mp5mp-home-dual-outdoor-wi-fi-3k-360-blanco,1,18,5.56%,9.56
https://www.zenn.com.py/producto/monitor-gamer-xiaomi-mi-g-pro-27qi-p27qda-rgpgl-27-qhd-mini-led-180hz-1ms-blanco,1,18,5.56%,10.33
https://www.zenn.com.py/producto/router-tp-link-archer-ax23-ax1800-dual-band-24ghz-5ghz-wi-fi-6-4-antenas-negro,1,18,5.56%,12.89
https://www.zenn.com.py/producto/headset-gamer-corsair-void-v2-wireless-negro-ca-9011379-ww,1,17,5.88%,4.24
https://www.zenn.com.py/producto/mini-pc-bmax-b4-mini-intel-n95-de-17ghz-12gb-de-ram-256gb-ssd-win11,1,17,5.88%,4.47
https://www.zenn.com.py/producto/mini-pc-gmktec-nucbox-g5s-intel-celeron-n5095-de-20ghz-8gb-de-ram-128gb-ssd-win11pro,1,17,5.88%,5.12
https://www.zenn.com.py/producto/placa-madre-asrock-b550m-phantom-gaming-4-socket-am4-ddr4,1,17,5.88%,5.59
https://www.zenn.com.py/producto/gaveta-mtek-en-25k809ca-sata-25-ssd-hdd-usb-c-31-negro,1,17,5.88%,5.65
https://www.zenn.com.py/producto/mouse-gamer-redragon-m916-plus-king-plus-wireless-bluetooth-negro,1,17,5.88%,5.88
https://www.zenn.com.py/producto/memoria-ram-corsair-vengeance-rgb-ddr5-32gb-2x16gb-6000mhz-negro-cmh32gx5m2b6000c30,1,17,5.88%,6.12
https://www.zenn.com.py/producto/celular-xiaomi-redmi-17-4gb-de-ram-256gb-pantalla-69-dual-sim-lte-lotus-purple-global,1,17,5.88%,6.88
https://www.zenn.com.py/producto/impresora-multifuncional-laser-brother-color-dcp-l3560cdw-wifi-220v-blanco,1,17,5.88%,6.88
https://www.zenn.com.py/producto/reloj-inteligente-haylou-vibe-ls30-negro,1,17,5.88%,7.06
https://www.zenn.com.py/producto/tablet-lenovo-xiaoxin-11-tb335fc-8gb-de-ram-256gb-pantalla-11-luna-gris,1,17,5.88%,7.06
https://www.zenn.com.py/producto/cooler-para-procesador-thermalright-peerless-assassin-120-vision-argb-black-120mm-negro,1,17,5.88%,7.18
https://www.zenn.com.py/producto/impresora-3d-creality-ender-3-v3-se-bivolt-negro,1,17,5.88%,7.24
https://www.zenn.com.py/producto/lampara-led-satellite-a-emb02-smart-6500k-blanco,1,17,5.88%,7.24
https://www.zenn.com.py/producto/apple-macbook-pro-mde54lla-a3434-m5-10-core-pantalla-retina-142-16gb-de-ram-1tb-ssd-silver,1,17,5.88%,7.29
https://www.zenn.com.py/producto/ssd-western-digital-m2-1tb-blue-sn5100-nvme-wds100t5b0e,1,17,5.88%,7.53
https://www.zenn.com.py/producto/case-mtek-en-2507ua-sata-25-hd-ssd-usb-30-negro,1,17,5.88%,7.71
https://www.zenn.com.py/producto/notebook-asus-zenbook-ux3607oa-zba16x0-snapdragon-x2e94100-pantalla-touch-oled-wq-160-48gb,1,17,5.88%,9
https://www.zenn.com.py/producto/auricular-jbl-live-680nc-bluetooth-champagne,1,17,5.88%,9.06
https://www.zenn.com.py/producto/ssd-externo-sandisk-1tb-extreme-ps5-portatil-usb-c-32-blanco-sdssde62p-1t00-g25,1,17,5.88%,9.35
https://www.zenn.com.py/producto/reloj-despertador-de-mesa-satellite-ac-t13w-marron,1,17,5.88%,9.94
https://www.zenn.com.py/producto/headset-gamer-onikuma-b2-wireless-negro,1,17,5.88%,10.41
https://www.zenn.com.py/producto/silla-gamer-redragon-gaia-c211-br-negro-rojo,1,17,5.88%,10.47
https://www.zenn.com.py/producto/cargador-portatil-ecopower-ep-c850-12000mah-usb-type-c-lightning-negro,1,17,5.88%,10.82
https://www.zenn.com.py/categoria-producto?category=electronicos&subcategory=calculadoras__33_12_01,1,17,5.88%,18.41
https://www.zenn.com.py/producto/celular-lg-b220-pantalla-145-dual-sim-3g-negro,1,16,6.25%,4.44
https://www.zenn.com.py/producto/reflector-de-luz-satellite-a-mk800r-rgb-negro-tripode,1,16,6.25%,4.44
https://www.zenn.com.py/producto/hd-seagate-4tb-iron-wolf-nas-35-sata-3-5400rpm-st4000vn006-garantia-br,1,16,6.25%,4.75
https://www.zenn.com.py/producto/mouse-ftx-mw73-wireless-negro,1,16,6.25%,4.81
https://www.zenn.com.py/producto/headset-gamer-redragon-h888-luce-wireless-negro,1,16,6.25%,5.62
https://www.zenn.com.py/producto/headset-gamer-razer-blackshark-v3-x-hyperspeed-wireless-negro-rz04-05420400-r3ua,1,16,6.25%,6
https://www.zenn.com.py/producto/cargador-portatil-xiaomi-pb1067-10000mah-usb-usb-c-67w-tan-bhr08o0gl,1,16,6.25%,6.38
https://www.zenn.com.py/producto/tarjeta-de-memoria-micro-sd-keepdata-neox-c10-xc-i-u3-v30-a1-64gb-kdmsdc10u3v30a164g,1,16,6.25%,6.75
https://www.zenn.com.py/producto/cooler-para-procesador-thermalright-phantom-spirit-120-se-120mm-negro-tl-c12b-v2,1,16,6.25%,7
https://www.zenn.com.py/producto/lampara-led-amazon-echo-glow-multicolor-smart-wi-fi-alexa-blanco,1,16,6.25%,7
https://www.zenn.com.py/producto/ssd-keepdata-240gb-25-sata-3-10x-kds240g-l21,1,16,6.25%,7.06
https://www.zenn.com.py/producto/mini-pc-beelink-ser5-max-amd-ryzen-7-7735hs-de-32ghz-24gb-de-ram-1tb-ssd-win11pro-negro,1,16,6.25%,7.56
https://www.zenn.com.py/producto/pendrive-sandisk-z50-cruzer-blade-64gb-usb-20-negro-rojo,1,16,6.25%,7.88
https://www.zenn.com.py/producto/auricular-jbl-live-buds-4-perfect-fit-tws-bluetooth-plata,1,16,6.25%,9.31
https://www.zenn.com.py/producto/teclado-gamer-magnetico-redragon-k617rgb-mp-fizz-mini-usb-rgb-ingles-negro,1,16,6.25%,10.75
https://www.zenn.com.py/producto/apple-watch-se2-mxej3hna-44mm-s-m-gps-aluminium-sport-band-midnight,1,15,6.67%,3.6
https://www.zenn.com.py/producto/triciclo-electrico-bain-x20-bluetooth-speaker-led-85-hip-hop,1,15,6.67%,3.93
https://www.zenn.com.py/producto/teclado-gamer-magnetico-ajazz-ak680-max-nacodexx-mini-usb-rgb-ingles-azul-984716,1,15,6.67%,4.8
https://www.zenn.com.py/producto/mouse-gamer-redragon-m923-wl-stealth-wireless-bluetooth-rgb-negro,1,15,6.67%,5.2
https://www.zenn.com.py/producto/notebook-asus-vivobook-go-e1404ga-nk238w-intel-core-i3-n305-pantalla-full-hd-140-8gb-de-ra,1,15,6.67%,5.4
https://www.zenn.com.py/producto/silla-gamer-empoli-em-g02-titan-negro-rojo-hesx0123,1,15,6.67%,5.6
https://www.zenn.com.py/producto/triciclo-electrico-hye-tr02-bluetooth-speaker-led-85-blue-orange,1,15,6.67%,5.73
https://www.zenn.com.py/producto/headset-gamer-satellite-gh-330-rgb-con-cable-negro,1,15,6.67%,5.8
https://www.zenn.com.py/producto/placa-madre-asus-tuf-gaming-b650e-plus-wi-fi-socket-am5-ddr5,1,15,6.67%,6.2
https://www.zenn.com.py/producto/mini-pc-gmktec-nucbox-g10-amd-ryzen-5-3500u-de-24ghz-16gb-de-ram-512gb-ssd-win11pro,1,15,6.67%,6.47
https://www.zenn.com.py/producto/teclado-gamer-razer-huntsman-v3-pro-tkl-8khz-analog-optical-usb-rgb-ingles-blanco-rz03-055,1,15,6.67%,6.47
https://www.zenn.com.py/producto/tablet-cidea-cm9800-ultra-8gb-de-ram-1tb-pantalla-10-5g-lte-negro-pencil-teclado-mouse-cap,1,15,6.67%,6.53
https://www.zenn.com.py/producto/tarjeta-de-video-star-8gb-radeon-rx-590-gddr5-star-rx590,1,15,6.67%,6.6
https://www.zenn.com.py/producto/procesador-intel-core-i3-8100-socket-lga-1151-36ghz-6mb-oem,1,15,6.67%,6.93
https://www.zenn.com.py/producto/placa-madre-msi-b850-gaming-plus-wi-fi-pz-socket-am5-ddr5,1,15,6.67%,7
https://www.zenn.com.py/producto/headset-gamer-corsair-hs55-surround-v2-con-cable-blanco-gris-ca-9011390-ww,1,15,6.67%,7.2
https://www.zenn.com.py/producto/tablet-cidea-cm9800-ultra-8gb-de-ram-1tb-pantalla-10-5g-lte-naranja-pencil-teclado-mouse-c,1,15,6.67%,7.2
https://www.zenn.com.py/producto/antena-para-tv-digital-quanta-qtant0260-interno-vhf-uhf-negro,1,15,6.67%,7.73
https://www.zenn.com.py/producto/pendrive-sandisk-ultra-dual-drive-go-128gb-usb-c-usb-32-negro-sdddc3-128g-g46,1,15,6.67%,7.73
https://www.zenn.com.py/producto/apple-watch-s11-meqw4lwa-42mm-s-m-gps-space-gray-aluminium-black-sport-band,1,15,6.67%,8.27
https://www.zenn.com.py/producto/notebook-gamer-lenovo-legion-pro-5-16irx10-intel-core-i7-14650hx-pantalla-wqxga-160-16gb-d,1,15,6.67%,8.47
https://www.zenn.com.py/producto/memoria-ram-corsair-vengeance-rgb-ddr5-96gb-2x48gb-7200mhz-negro-cmh96gx5m2b7200c40,1,15,6.67%,9
https://www.zenn.com.py/producto/headset-gamer-redragon-h878bg-skuld-pro-wireless-negro-gris,1,15,6.67%,13.67
https://www.zenn.com.py/producto/notebook-gamer-acer-nitro-v-15-anv15-52-57bb-intel-core-i5-13420h-pantalla-full-hd-156-16g,1,15,6.67%,15.8
https://www.zenn.com.py/producto/speaker-jbl-boombox-4-bluetooth-negro,1,15,6.67%,26.47
https://www.zenn.com.py/producto/monitor-macrovip-mv-dm23fhw2-238-full-hd-100hz-1ms-blanco,1,14,7.14%,3.29
https://www.zenn.com.py/producto/triciclo-electrico-bain-x20-bluetooth-speaker-led-85-ice-fire,1,14,7.14%,3.93
https://www.zenn.com.py/producto/fuente-de-alimentacion-asrock-pro-650b-v2-650w-atx-no-modular-80-plus-bronze-bivolt-negro,1,14,7.14%,4
https://www.zenn.com.py/producto/silla-gamer-razer-iskur-v2-gris-rz38-04900300-r3u1,1,14,7.14%,4.86
https://www.zenn.com.py/producto/cable-krab-kbac30-usb-c-macho-a-usb-macho-1m-blanco,1,14,7.14%,5
https://www.zenn.com.py/producto/headset-gamer-satellite-ae-304-rgb-con-cable-negro,1,14,7.14%,5.43
https://www.zenn.com.py/producto/notebook-gamer-rog-zephyrus-g14-ga403ww-g14r95080-amd-ryzen-ai-9-hx-370-pantalla-oled-wqxg,1,14,7.14%,5.43
https://www.zenn.com.py/producto/hub-switch-tp-link-tl-sg3210-2sfp-8-puertos-101001000mbps,1,14,7.14%,5.64
https://www.zenn.com.py/producto/notebook-gamer-lenovo-legion-5-15iax10-intel-core-ultra-7-255hx-pantalla-oled-151-16gb-de,1,14,7.14%,5.64
https://www.zenn.com.py/producto/disco-duro-western-digital-2tb-wd-blue-35-sata-3-7200rpm-wd20ezbx,1,14,7.14%,6
https://www.zenn.com.py/producto/hd-seagate-3tb-constellation-es3-35-sas-3-7200rpm-st3000nm0023,1,14,7.14%,6
https://www.zenn.com.py/producto/ssd-patriot-m2-256gb-p300-nvme-p300p256gm28,1,14,7.14%,6.07
https://www.zenn.com.py/producto/disco-duro-western-digital-1tb-wd-blue-35-sata3-7200rpm-pull-wd10ezex,1,14,7.14%,6.29
https://www.zenn.com.py/producto/nb-hp-elitebook-840-g5-i7-8650u-190ghz8gb256gb-ssd14fhdw11ingles-recondicionado-oem-s-cx-5,1,14,7.14%,6.36
https://www.zenn.com.py/producto/cooler-para-procesador-thermalright-assassin-x-120-refined-se-120mm-negro,1,14,7.14%,6.57
https://www.zenn.com.py/producto/memoria-ram-para-notebook-keepdata-ddr5-16gb-4800mhz-kd48s4016g,1,14,7.14%,6.79
https://www.zenn.com.py/producto/pendrive-kingston-exodia-512gb-usb-32-negro-dtxg2512gb,1,14,7.14%,7.07
https://www.zenn.com.py/producto/auricular-xiaomi-earphones-con-cable-negro-m2413e1,1,14,7.14%,7.21
https://www.zenn.com.py/producto/notebook-lenovo-yoga-7-2-in-1-16ill10-intel-core-ultra-7-256v-pantalla-touch-wuxga-160-16g,1,14,7.14%,7.29
https://www.zenn.com.py/producto/teclado-mouse-satellite-ak-732g-wireless-espanol-negro,1,14,7.14%,7.36
https://www.zenn.com.py/producto/impresora-3d-creality-ender-3-v2-neo-bivolt-negro,1,14,7.14%,7.5
https://www.zenn.com.py/producto/silla-gamer-empoli-em-g02-titan-negro-azul-hesx0124,1,14,7.14%,7.5
https://www.zenn.com.py/producto/tarjeta-de-video-asus-prime-16gb-geforce-rtx5070ti-gddr7-prime-rtx5070ti-16g,1,14,7.14%,7.64
https://www.zenn.com.py/producto/tv-smart-led-65-samsung-un65u7900fd-crystal-4k-uhdhdrhdmiusbwifibtlantizenbivolt-preto,1,14,7.14%,8.79
https://www.zenn.com.py/producto/impresora-epson-wf-c5310-workforce-pro-wifi-bivolt-blanco,1,14,7.14%,9.5
https://www.zenn.com.py/producto/monitor-gamer-gigabyte-go27q24g-27-qhd-woled-240hz-003ms-negro,1,14,7.14%,10
https://www.zenn.com.py/producto/notebook-acer-aspire-go-15-ag15-21pt-r5gq-amd-ryzen-5-7520u-pantalla-touch-full-hd-156-8gb,1,14,7.14%,10.29
https://www.zenn.com.py/producto/notebook-acer-aspire-go-16-ag16-71pt-95lk-intel-core-i9-13900h-pantalla-touch-wuxga-16-32g,1,14,7.14%,10.36
https://www.zenn.com.py/producto/mochila-para-notebook-targus-intellect-plus-156-negro-tsb967di-70,1,14,7.14%,10.43
https://www.zenn.com.py/producto/consola-sony-playstation-5-slim-cfi-2116-b01y-825gb-digital-edition-220v-blanco,1,14,7.14%,11.07
https://www.zenn.com.py/producto/ssd-western-digital-m2-2tb-sn350-green-nvme-wds200t3g0c,1,14,7.14%,11.07
https://www.zenn.com.py/producto/monitor-gamer-lg-ultragear-27gx704a-b-27-qhd-oled-2k-240hz-003ms-negro,1,14,7.14%,11.29
https://www.zenn.com.py/producto/control-volante-logitech-g923-true-force-racing-ps4-ps5-941-000147,1,14,7.14%,12.5
https://www.zenn.com.py/producto/speaker-jbl-boombox-3-bluetooth-negro,1,14,7.14%,45.29
https://www.zenn.com.py/producto/hub-switch-16p-ubnt-usw-pro-max-16-poe-br-180w-unifi-switch-210g-12gb-poe,1,13,7.69%,4
https://www.zenn.com.py/producto/purificador-de-aire-xiaomi-mi-smart-air-purifier-elite-y-600-alexa-google-bivolt-blanco,1,13,7.69%,4.77
https://www.zenn.com.py/producto/monitor-msi-pro-mp272l-27-full-hd-ips-100hz-1ms-negro,1,13,7.69%,4.85
https://www.zenn.com.py/producto/memoria-ram-adata-xpg-armax-ddr5-5600mhz-16gb-5600mhz-negro-ax5u5600c4616g-sambk,1,13,7.69%,5.54
https://www.zenn.com.py/producto/reloj-inteligente-kolke-kvr-713-negro,1,13,7.69%,5.77
https://www.zenn.com.py/producto/cargador-magnetico-xiaomi-mdy-14-en-stand-pro-wireless-50w-blanco,1,13,7.69%,6
https://www.zenn.com.py/producto/tarjeta-grafica-asus-ats-oc-gtiii-12gb-radeon-rx9070gre-gddr6-ats-rx9070gre-o12g-90yv0mw0,1,13,7.69%,6
https://www.zenn.com.py/producto/aspirador-ecovacs-deebot-t30-pro-omni-ddx14-floor-cleaning-robot-220v-blanco,1,13,7.69%,6.08
https://www.zenn.com.py/producto/disco-duro-western-digital-4tb-wd-purple-35-sata-3-5400rpm-wd43purz,1,13,7.69%,6.08
https://www.zenn.com.py/producto/mini-pc-beelink-sei13-pro-intel-core-i7-13620h-de-150ghz-32gb-de-ram-500gb-win11-frost-pla,1,13,7.69%,6.38
https://www.zenn.com.py/producto/teclado-gamer-mecanico-satellite-gk-501-usb-rgb-portugues-negro,1,13,7.69%,6.54
https://www.zenn.com.py/producto/silla-de-oficina-milano-lvs-223-negro,1,13,7.69%,6.77
https://www.zenn.com.py/producto/filtro-de-linea-satellite-a-r382u-8-tomadas-2-usb-usb-c-2m,1,13,7.69%,6.85
https://www.zenn.com.py/producto/procesador-intel-core-i5-14400-socket-lga-1700-25ghz-20mb-oem,1,13,7.69%,6.85
https://www.zenn.com.py/producto/ssd-macrovip-120gb-25-sata-3-mv120gb,1,13,7.69%,6.92
https://www.zenn.com.py/producto/case-satellite-ax-233-sata-25-hd-usb-30-negro,1,13,7.69%,7.23
https://www.zenn.com.py/producto/cctv-de-vigilancia-dvr-hikvision-ds-7104hghi-m1-turbo-hd-7100-4ch-720p-blanco-mouse,1,13,7.69%,7.69
https://www.zenn.com.py/producto/maleta-para-notebook-satellite-a-kp40-154-negro,1,13,7.69%,7.85
https://www.zenn.com.py/producto/mini-pc-beelink-ser10-max-amd-ryzen-9-hx470-de-33ghz-32gb-de-ram-1tb-ssd-win11pro-frost-pl,1,13,7.69%,7.85
https://www.zenn.com.py/producto/tablet-samsung-galaxy-tab-s11-x730-12gb-de-ram-256gb-pantalla-11-gris-pencil,1,13,7.69%,7.85
https://www.zenn.com.py/producto/water-cooler-para-procesador-corsair-nautilus-240-rs-argb-240mm-negro-cw-9060092-ww,1,13,7.69%,7.85
https://www.zenn.com.py/producto/gabinete-gamer-corsair-cc-9011314-ww-frame-4500x-rs-r-mid-tower-3-cooler-argb-negro,1,13,7.69%,7.92
https://www.zenn.com.py/producto/procesador-intel-core-i5-14400-socket-lga-1700-25ghz-20mb,1,13,7.69%,7.92
https://www.zenn.com.py/producto/apple-watch-se3-meh54lwa-40mm-m-l-gps-starlight-aluminium-starlight-sport-band,1,13,7.69%,8.08
https://www.zenn.com.py/producto/procesador-intel-core-i7-14700k-socket-lga-1700-56ghz-33mb,1,13,7.69%,8.62
https://www.zenn.com.py/producto/cargador-portatil-xiaomi-pb2067-20000mah-usb-usb-c-67w-ice-azul-bhr08o8gl,1,13,7.69%,8.77
https://www.zenn.com.py/producto/placa-madre-gigabyte-b550-eagle-wi-fi-6-socket-am4-ddr4,1,13,7.69%,9.54
https://www.zenn.com.py/producto/notebook-lenovo-yoga-7-2-in-1-16ahp9-amd-ryzen-7-8840hs-pantalla-touch-wuxga-160-16gb-de-r,1,13,7.69%,9.62
https://www.zenn.com.py/producto/cel-xiaomi-redmi-17-4gb256gb-preto-global-dual-sim-lte-69,1,13,7.69%,10.31
https://www.zenn.com.py/producto/memoria-ram-crucial-ddr4-16gb-3200mhz-ct16g4dfra32a,1,13,7.69%,10.38
https://www.zenn.com.py/producto/tv-smart-lg-43ut7300psa-43-ultra-hd-4k-led-negro,1,13,7.69%,10.46
https://www.zenn.com.py/categoria-producto?category=almacenamiento&subcategory=accesorios_para_disco_duro_ssd__21_05,1,13,7.69%,12.31
https://www.zenn.com.py/producto/memoria-ram-kingston-fury-renegade-ddr4-8gb-3600mhz-negro-kf436c16rb28,1,13,7.69%,12.31
https://www.zenn.com.py/producto/placa-madre-msi-b550m-pro-vdh-socket-am4-vga-ddr4,1,13,7.69%,14.62
https://www.zenn.com.py/producto/gaveta-de-dinero-3nstar-cd250-negro,1,12,8.33%,3.08
https://www.zenn.com.py/producto/cooler-para-gabinete-mtek-f-26-spectrum-dual-1200mm-rgb,1,12,8.33%,3.5
https://www.zenn.com.py/producto/lector-de-codigo-de-barras-zebra-ds2278-1d-2d-usb-c,1,12,8.33%,3.75
https://www.zenn.com.py/producto/procesador-amd-ryzen-9-9950x-socket-am5-57ghz-80mb,1,12,8.33%,4.25
https://www.zenn.com.py/producto/destornillador-electrico-satellite-a-ks351-negro,1,12,8.33%,4.58
https://www.zenn.com.py/producto/hd-seagate-32tb-exos-mozaic-enterprise-35-sata-3-7200rpm-st32000nm004k-garantia-br,1,12,8.33%,4.83
https://www.zenn.com.py/producto/taladro-electrico-satellite-a-ks22-kit-recargable-negro,1,12,8.33%,5.17
https://www.zenn.com.py/producto/controlador-para-cooler-cooler-master-a1-addressable-led-rgb-negro-mfy-acbn-nnunn-r2,1,12,8.33%,5.33
https://www.zenn.com.py/producto/servidor-nas-storage-asustor-as3304t-v2-de-14ghz-2gb-de-ram-4-bahias-usb-lan-negro,1,12,8.33%,5.33
https://www.zenn.com.py/producto/mini-pc-gmktec-nucbox-g3-pro-intel-core-i3-10110u-de-21-ghz-16gb-de-ram-512gb-ssd-win11pro,1,12,8.33%,5.5
https://www.zenn.com.py/producto/procesador-intel-core-i5-14400f-socket-lga-1700-25ghz-20mb-oem,1,12,8.33%,5.67
https://www.zenn.com.py/producto/lector-biometrico-de-tiempo-e-asistencia-zkteco-k20-negro-dorado,1,12,8.33%,5.75
https://www.zenn.com.py/producto/gabinete-gamer-darkflash-df2100-mesh-e-atx-4-cooler-rgb-blanco,1,12,8.33%,5.83
https://www.zenn.com.py/producto/notebook-gamer-acer-predator-helios-18-ai-ph18-73-90a6-intel-core-ultra-9-275hx-pantalla-w,1,12,8.33%,6.08
https://www.zenn.com.py/producto/cel-doogee-v-max-lr-16gb512gb-buttle-rust-global-dual-sim-5g-678,1,12,8.33%,6.17
https://www.zenn.com.py/producto/water-cooler-para-procesador-corsair-icue-link-titan-240-rx-lcd-240mm-rgb-blanco-cw-906102,1,12,8.33%,6.42
https://www.zenn.com.py/producto/placa-madre-asus-prime-h510m-a-r20-socket-lga-1200-vga-ddr4,1,12,8.33%,6.75
https://www.zenn.com.py/producto/adaptador-de-red-usb-20-para-rj45-satellite-a-hub42,1,12,8.33%,7.25
https://www.zenn.com.py/producto/headset-gamer-corsair-void-v2-wireless-blanco-ca-9011380-ww,1,12,8.33%,7.33
https://www.zenn.com.py/producto/silla-gamer-satellite-a-gc8603-negro-dorado,1,12,8.33%,7.5
https://www.zenn.com.py/producto/tarjeta-de-memoria-sd-sandisk-creator-v60-u3-6k-uhd-256gb-sdsdxep-256g-gncis,1,12,8.33%,7.58
https://www.zenn.com.py/producto/cargador-tomada-xiaomi-mdy-19-em-2-usb-c-usb-90w-blanco,1,12,8.33%,7.67
https://www.zenn.com.py/producto/pasta-termica-corsair-xtm60-high-performance-3g-ct-9010015-ww,1,12,8.33%,7.67
https://www.zenn.com.py/producto/cargador-tomada-xiaomi-mdy-11-bhr7757eu-225w-blanco,1,12,8.33%,7.75
https://www.zenn.com.py/producto/impresora-multifuncional-brother-laser-dcp-l2660dw-220v-negro,1,12,8.33%,8.08
https://www.zenn.com.py/producto/mini-pc-3nstar-pc087wv-8-500-industrial-intel-core-i5-12450h-de-20ghz-8gb-de-ram-500gb-ssd,1,12,8.33%,8.08
https://www.zenn.com.py/producto/mouse-satellite-a-48g-wireless-negro,1,12,8.33%,8.5
https://www.zenn.com.py/producto/reloj-inteligente-haylou-watch-4s-hf012-negro,1,12,8.33%,8.75
https://www.zenn.com.py/producto/hd-externo-seagate-26tb-expansion-35-stkp26000400-negro-garantia-br,1,12,8.33%,8.92
https://www.zenn.com.py/producto/rastreador-gps-tracker-403d-gsm-gprs-lte-5g-bloqueador-plata-negro,1,12,8.33%,9.25
https://www.zenn.com.py/producto/nobreak-apc-easy-bvg2200i-msx-2200va-1200w-220v,1,12,8.33%,10.17
https://www.zenn.com.py/producto/camara-de-seguridad-ip-xiaomi-cw500-dual-outdoor-25k-wi-fi-blanco-bhr9400us,1,12,8.33%,11.25
https://www.zenn.com.py/producto/tablet-samsung-galaxy-tab-s10-x820-12gb-de-ram-256gb-pantalla-124-moonstone-gris-pencil,1,12,8.33%,12.92
https://www.zenn.com.py/producto/procesador-intel-core-i5-10500t-socket-lga-1200-23ghz-12mb-oem,1,12,8.33%,14.08
https://www.zenn.com.py/producto/teclado-gamer-mecanico-redragon-k729sp-rgb-pro-otiim-pro-wireless-rgb-ingles-negro-gris,1,12,8.33%,14.17
https://www.zenn.com.py/producto/auricular-jbl-tune-flex-2-perfect-fit-tws-bluetooth-turquesa,1,12,8.33%,17.33
https://www.zenn.com.py/producto/tarjeta-de-video-star-nvidia-4gb-geforce-gt730-ddr3-low-profile-gt730-graphic,1,12,8.33%,23.58
https://www.zenn.com.py/producto/nobreak-aps-power-lcd-6kvas-online-dc192v-220v,1,11,9.09%,4.36
https://www.zenn.com.py/producto/notebook-lenovo-yoga-7-2-in-1-14akp10-amd-ryzen-ai-7-350-pantalla-touch-oled-wuxga-140-16g,1,11,9.09%,4.91
https://www.zenn.com.py/producto/fuente-de-alimentacion-msi-mag-a550bn-atx-no-modular-80-plus-bronze,1,11,9.09%,5.09
https://www.zenn.com.py/producto/notebook-gamer-rog-zephyrus-ga403um-g14r9hx4-amd-ryzen-9-270-pantalla-oled-wqxga-140-16gb,1,11,9.09%,5.09
https://www.zenn.com.py/producto/tarjeta-grafica-macrovip-max-6gb-geforce-gtx1660s-gddr6-mv-gtx1660s6gd6,1,11,9.09%,5.09
https://www.zenn.com.py/producto/nobreak-aps-power-850va-510w-220v,1,11,9.09%,5.18
https://www.zenn.com.py/categoria-producto?category=electronicos&subcategory=iluminacion__33_08_06,1,11,9.09%,5.27
https://www.zenn.com.py/categoria-producto?category=impresoras_y_suministros&subcategory=impresoras_3d__29_01_01,1,11,9.09%,5.27
https://www.zenn.com.py/producto/microfono-redragon-gm306-stellaris-rgb-negro,1,11,9.09%,5.45
https://www.zenn.com.py/producto/memoria-ram-corsair-vengeance-ddr5-32gb-2x16gb-6000mhz-rgb-negro-cmh32gx5m2b6000c28,1,11,9.09%,5.55
https://www.zenn.com.py/producto/memoria-ram-corsair-vengeance-lpx-ddr4-32gb-2x16gb-3200mhz-negro-cmk32gx4m2e3200c16,1,11,9.09%,5.64
https://www.zenn.com.py/producto/camara-de-vigilancia-mannatech-swd2387hy-p9-smart-wi-fi-360-blanco,1,11,9.09%,5.73
https://www.zenn.com.py/producto/hub-switch-hikvision-ds-3e0508d-o-8-portas-101001000mbps,1,11,9.09%,5.82
https://www.zenn.com.py/producto/notebook-gamer-asus-v16-v3607vm-es74-intel-core-7-240h-pantalla-wuxga-160-16gb-de-ram-512g,1,11,9.09%,6
https://www.zenn.com.py/producto/tv-smart-jvc-lt-50nq7165u-50-ultra-hd-4k-qled-negro,1,11,9.09%,6
https://www.zenn.com.py/producto/notebook-asus-vivobook-x1407qa-bs56-snapdragon-x-x126100-pantalla-wuxga-140-16gb-de-ram-51,1,11,9.09%,6.09
https://www.zenn.com.py/producto/microfono-razer-seiren-mini-rosa-rz19-03450200-r3m1,1,11,9.09%,6.18
https://www.zenn.com.py/producto/teclado-redragon-bk-7543-usb-ingles-negro,1,11,9.09%,6.18
https://www.zenn.com.py/producto/camara-de-vigilancia-satellite-a-cam001-indoor-wi-fi-blanco,1,11,9.09%,6.27
https://www.zenn.com.py/producto/notebook-gamer-alienware-16x-aurora-lac16251-9599blu-pus-intel-core-ultra-9-275hx-pantalla,1,11,9.09%,6.27
https://www.zenn.com.py/producto/placa-de-video-palit-white-oc-8gb-geforce-rtx5060ti-gddr7-ne7506tu19p1-gb2062m,1,11,9.09%,6.27
https://www.zenn.com.py/producto/notebook-hp-omnibook-5-ai-16-cg0070wm-amd-ryzen-ai-7-445-pantalla-touch-2k-160-16gb-de-ram,1,11,9.09%,6.45
https://www.zenn.com.py/producto/auricular-qcy-crossky-c10-bh24ct01a-ear-clip-bluetooth-blanco,1,11,9.09%,6.55
https://www.zenn.com.py/producto/auricular-xiaomi-redmi-buds-7s-bluetooth-verde-bhr9954cn,1,11,9.09%,6.91
https://www.zenn.com.py/producto/teclado-mouse-macrovip-mv-mk200ub-br-usb-portugues-negro,1,11,9.09%,7
https://www.zenn.com.py/producto/cafetera-nappo-nec-241j-espresso-barista-11l-1400w-220v-beige,1,11,9.09%,7.18
https://www.zenn.com.py/producto/notebook-dell-16-ldc16250-7278blk-pus-intel-core-7-150u-pantalla-touch-full-hd-16-16gb-de,1,11,9.09%,7.27
https://www.zenn.com.py/producto/tablet-xiaomi-pad-mini-12gb-de-ram-512gb-pantalla-88-gris,1,11,9.09%,7.36
https://www.zenn.com.py/producto/notebook-lenovo-thinkpad-e16-gen-3-intel-core-7-240h-pantalla-wuxga-160-16gb-de-ram-512gb,1,11,9.09%,7.45
https://www.zenn.com.py/producto/mouse-satellite-a-29-usb-negro,1,11,9.09%,7.64
https://www.zenn.com.py/producto/placa-madre-asrock-b550m-p-socket-am4-ddr4,1,11,9.09%,7.73
https://www.zenn.com.py/producto/anillo-smart-havit-m7083-bk-negro-8mm,1,11,9.09%,7.82
https://www.zenn.com.py/producto/rastreador-gps-garmin-edge-550-cycling-negro-010-03022-00,1,11,9.09%,8.09
https://www.zenn.com.py/producto/tv-smart-samsung-qn85qn70fag-85-ultra-hd-4k-neo-qled-negro,1,11,9.09%,8.18
https://www.zenn.com.py/producto/patineta-electrica-xiaomi-scooter-6-lite-negro-ddhbc26lq,1,11,9.09%,8.36
https://www.zenn.com.py/producto/notebook-gamer-hp-omen-16-ap0053dx-amd-ryzen-9-8940hx-pantalla-2k-16-32gb-de-ram-1tb-ssd-w,1,11,9.09%,9
https://www.zenn.com.py/producto/placa-madre-gigabyte-b650-eagle-socket-am5-ddr5,1,11,9.09%,9.91
https://www.zenn.com.py/producto/hub-switch-tp-link-tl-sg1016-rackmount-16-puertos-101001000mbps,1,11,9.09%,10.18
https://www.zenn.com.py/producto/memoria-ram-para-notebook-kingston-fury-impact-ddr5-16gb-6000mhz-negro-kf560s38ib-16,1,11,9.09%,11.73
https://www.zenn.com.py/producto/lector-de-codigo-de-barras-3nstar-sc415bt-wireless-bluetooth-2d-qr-negro,1,11,9.09%,12.27
https://www.zenn.com.py/producto/mini-pc-msi-cubi-5-12m-086bus-intel-core-i3-1215u-de-12ghz-memoria-y-hd-no-incluidos,1,11,9.09%,12.73
https://www.zenn.com.py/producto/tv-smart-xiaomi-a-pro-qled-75-l75mb-apph-2026-ultra-hd-4k-google-tv,1,11,9.09%,14.55
https://www.zenn.com.py/producto/memoria-ram-kingston-fury-beast-ddr4-32gb-3200mhz-rgb-negro-kf432c16bb2a32,1,11,9.09%,15
https://www.zenn.com.py/producto/camara-de-vigilancia-hikvision-ds-2ce10uf3t-e-color-vu-outdoor-28mm-4k-8mp-blanco,1,11,9.09%,16.55
https://www.zenn.com.py/producto/triciclo-electrico-bain-x20-bluetooth-speaker-led-85-blue-galaxy,1,10,10%,1.6
https://www.zenn.com.py/producto/gabinete-gamer-corsair-3200-series-cc-9011345-ww-mi-tower-3-cooler-argb-blanco,1,10,10%,3.6
https://www.zenn.com.py/producto/aire-acondicionado-split-conlux-1822060-titanium-plus-kit-18000btu-220v-60hz-wi-fi-r410a,1,10,10%,3.9
https://www.zenn.com.py/producto/sirena-hikvision-ds-ps1-e-wb-ax-pro-outdoor-wireless-blanco,1,10,10%,4.1
https://www.zenn.com.py/producto/speaker-amazon-echo-show-11-con-pantalla-11-alexa-bluetooth-blanco,1,10,10%,4.2
https://www.zenn.com.py/producto/patineta-electrico-bain-s10-pro-e-scooter-85-gris,1,10,10%,4.3
https://www.zenn.com.py/producto/fuente-de-alimentacion-aigo-vk450-450w-atx-no-modular,1,10,10%,4.5
https://www.zenn.com.py/producto/mini-pc-macrovip-nanobox-k1-mv-mpk1r57430-amd-ryzen-5-7430u-de-23ghz-memoria-y-hd-no-inclu,1,10,10%,4.5
https://www.zenn.com.py/producto/transmisor-digital-para-auto-satellite-a-mp40-fm-bluetooth-mp3-negro,1,10,10%,4.5
https://www.zenn.com.py/producto/purificador-de-ar-xiaomi-ac-m25-sc-mijia-smart-air-purifier-6-220v-branco,1,10,10%,4.7
https://www.zenn.com.py/producto/memoria-ram-macrovip-max-xmp-ddr4-8gb-3200mhz-rgb-mvx32n168r,1,10,10%,5.3
https://www.zenn.com.py/producto/aire-acondicionado-split-conlux-1222060-economy-plus-kit-12000btu-220v-60hz-wi-fi-inverter,1,10,10%,5.4
https://www.zenn.com.py/producto/punto-de-acesso-wireless-tp-link-eap115-banda-unica-24ghz-blanco-techo,1,10,10%,5.9
https://www.zenn.com.py/producto/teclado-gamer-mecanico-razer-blackwidow-v4-x-usb-rgb-ingles-negro-rz03-04700200-r3u1,1,10,10%,6.1
https://www.zenn.com.py/producto/pc-montado-intel-core-i5-2400-de-31ghz-8gb-de-ram-120gb-ssd-mouse-teclado-monitor-negro,1,10,10%,6.3
https://www.zenn.com.py/producto/camara-de-vigilancia-hikvision-ds-2cd2027g2-l-fixed-bullet-colervu-fhd-outdoor-28mm-2mp-bl,1,10,10%,6.5
https://www.zenn.com.py/producto/headset-gamer-razer-blackshark-v3-x-hyperspeed-wireless-negro-rz04-05420100-r3u1,1,10,10%,6.5
https://www.zenn.com.py/producto/hd-externo-toshiba-4tb-canvio-ready-25-hdtp340xk3ca-negro,1,10,10%,6.6
https://www.zenn.com.py/producto/taladro-electrico-satellite-a-tk85-kit-recargable-naranja,1,10,10%,6.6
https://www.zenn.com.py/producto/hub-usb-20-satellite-a-hub16-7-puertos-480mbps-negro,1,10,10%,6.7
https://www.zenn.com.py/producto/cargador-portatil-xiaomi-ultrathin-magnetic-mdy-20-eb-5000mah-15w-negro-bhr0913gl,1,10,10%,6.9
https://www.zenn.com.py/producto/impresora-epson-wf-c5890-workforce-pro-bivolt-blanco,1,10,10%,6.9
https://www.zenn.com.py/producto/hd-seagate-12tb-skyhawk-ai-surveillance-35-sata-3-7200rpm-st12000ve003-garantia-br,1,10,10%,7.2
https://www.zenn.com.py/producto/ssd-externo-sandisk-2tb-portatil-extreme-azul-sdssde61-2t00-g25b,1,10,10%,7.2
https://www.zenn.com.py/producto/notebook-lenovo-v14-g4-iru-intel-core-i7-13620h-pantalla-full-hd-140-8gb-de-ram-256gb-ssd,1,10,10%,7.4
https://www.zenn.com.py/producto/estabilizador-gimbal-ecopower-ep-t204-escritorio-auto-face-tracking-360-negro,1,10,10%,7.7
https://www.zenn.com.py/producto/auriculares-qcy-crossky-c30-bh24qt33a-bluetooth-negro,1,10,10%,7.8
https://www.zenn.com.py/producto/punto-de-acesso-tp-link-eap110-outdoor-banda-unica-24ghz-mimo-2-antenas-blanco,1,10,10%,8.2